CERS6	2.345
PLEKHG2	-1.06
CERS4	-0.265
CERS5	-0.045
CERS2	1.005
PLEKHG5	0.18
NAMPT	0.84
MAN2A2	-0.67
MAN2A1	-0.615
BCKDK	-0.49
HSPBAP1	1.755
MIER1	1.18
MIER2	0.085
MIER3	-2.105
CNPPD1	-0.64
INVS	-0.905
RABIF	-0.06
DAG1	-0.765
MYADM	-0.6
NAF1	1.625
CEBPB	-0.105
CEBPG	0.41
RGS13	-0.78
ERICH1	0.175
	-1.585
CEBPZ	0.535
ARL1	1.32
ZNF710	-3.34
RBM8A	0.0
ZNF175	0.65
EDRF1	0.93
MLLT6	1.505
	0.11
MLLT1	0.87
RTF1	-0.94
	-0.155
KIAA0355	0.24
PRAMEF8	-0.575
CRTC1	0.62
NOSIP	-1.3
SNRPD3	2.52
BTG2	0.27
SNRPD1	1.61
UPRT	-0.375
ZSWIM4	-1.11
ZSWIM5	-0.11
ZSWIM6	-0.12
RTN4IP1	-0.935
ZSWIM1	-0.405
NUPL2	1.39
ZSWIM3	0.18
NDRG2	0.65
NDRG3	-0.315
ZSWIM8	-1.335
MAK16	2.215
HM13	1.8
GGA1	-1.015
GGA3	0.385
GGA2	-4.13
	1.325
SORBS1	-1.06
TSHZ1	-1.505
XIAP	-0.795
MPLKIP	0.3
HSF1	0.655
CNBD1	-0.24
FAM104A	2.43
TRNT1	0.96
TEX9	1.325
RALGPS2	-1.705
TEX2	-0.37
LTA4H	-1.29
LMNA	-1.965
SORCS2	0.995
SUPT16H	-1.02
CMAS	-0.535
UBFD1	0.53
FKBP15	-2.315
MCL1	-3.195
PTTG1	-1.16
	-0.37
PREPL	-1.58
GPR180	1.915
SUPT6H	-1.985
SASS6	0.28
SLC27A4	0.26
CEP19	0.03
SLC27A1	1.13
IMP3	1.645
HMGXB3	-0.03
HMGXB4	-1.07
LRRK1	0.805
IMP4	1.445
TRIM39	0.45
TCOF1	-1.47
TRIM33	-0.98
TRIM32	-0.63
TRIM37	-0.07
TRIM35	-2.56
FOXO3	0.64
FOXO1	-2.76
DLAT	0.88
FOXO4	-0.58
	2.835
THAP11	1.41
BTAF1	-1.085
DBNL	-2.43
FAM114A2	1.385
ALDOA	-0.635
ALDOC	0.08
	1.475
COPE	-0.625
TESK1	0.5
NSFL1C	0.755
USP8	-1.015
C12orf57	0.205
USP1	-0.565
USP2	2.365
USP3	-1.06
USP4	-2.115
USP5	-1.545
USP7	-0.465
IL1RAP	2.345
MIS12	-0.515
NR1D2	1.755
CALR3	1.145
CARD6	1.375
FARS2	0.555
	2.03
RPL37	2.97
	2.4
	3.49
RPL30	2.36
FAM13B	0.425
BCAS2	0.625
BCAS3	-0.82
EXOSC10	-0.735
	1.09
	1.0
MTHFR	0.84
TPP1	-0.01
TPP2	-1.3
RAD50	-0.865
SFMBT1	0.65
ZZEF1	-0.855
BRF2	-1.065
BRF1	1.04
SETX	-1.74
FUCA1	-0.31
FUCA2	0.51
HIST1H4B	3.765
FARSB	0.095
FARSA	-0.07
UAP1L1	-1.475
TTBK2	0.07
LIN54	0.12
NCOR2	-0.085
NCOR1	-0.025
LYSMD3	1.48
PEBP1	1.485
MAGOHB	2.09
ABHD17B	-0.43
PPME1	-0.115
FLNA	-1.715
FLNB	-0.02
CEP164	-0.05
	-0.965
	-0.725
CNNM3	1.995
MCM3AP	-2.5
TINF2	-2.195
	-2.925
KLC1	-0.885
RALY	0.515
POLD1	-3.14
POLD2	-0.33
POLD3	-0.34
POLD4	-1.515
DUT	1.05
RALB	-0.4
RALA	-0.885
HDAC1	-0.005
HDAC3	0.095
HDAC2	0.825
HDAC5	1.74
HDAC4	0.795
HDAC7	-0.825
HDAC6	0.91
HDAC9	-2.525
HDAC8	-1.47
GSTCD	1.335
GZF1	-0.01
GMPS	1.15
DPY19L1	1.535
COG7	-1.025
C20orf194	0.97
UPF3B	-0.51
UPF3A	-0.06
STRN	-0.395
NACC2	-0.54
NACC1	0.305
CLCN3	-1.1
CLCN2	1.375
CLCN7	-0.13
CLCN6	0.605
CLCN5	0.445
	-0.595
IKZF5	1.16
IKZF1	-2.835
IKZF3	-3.81
H2AFV	-1.795
MBTD1	2.62
H2AFX	1.3
H2AFY	-1.06
SGSH	0.43
PIGY	-1.32
BANP	0.94
CNN3	0.715
CNN2	-0.815
HADHA	-1.06
SEPT10	1.55
FGF11	-1.5
CIZ1	-1.78
ASL	-2.44
IKBIP	1.005
SKP1	1.46
LMCD1	0.01
ANGEL2	-0.58
ANGEL1	1.035
SNRPD2	1.18
DNLZ	1.705
BTG1	-0.275
	0.7
BABAM1	-0.535
PHC3	0.27
PHC2	-0.585
SEC16A	-0.975
SEC16B	1.67
MED22	0.325
	1.445
ZWINT	-0.635
GOLT1B	2.585
	0.13
MED25	0.915
CSNK2A2	1.065
CSNK2A1	0.18
PIF1	-0.235
IER3IP1	1.48
ZSWIM7	0.995
TERF2IP	-1.24
RNF6	-0.495
RNF4	0.47
RNF5	0.205
RNF2	0.38
CHMP6	1.59
NET1	-1.535
NUPL1	-0.01
RECQL5	-2.035
RECQL4	0.505
SCLT1	0.18
	-0.335
GCNT1	1.6
YTHDC1	-2.335
NAIF1	-1.14
MARK4	0.075
MARK2	-0.37
MARK3	-1.195
STRIP1	0.035
NMD3	1.89
NDRG4	-0.285
EXTL2	2.0
EXTL3	-1.17
NPAT	0.295
TMEM160	0.39
TMEM165	2.605
TMEM164	0.57
TMEM167A	0.65
TMEM168	1.245
C12orf10	-0.29
TBC1D1	-0.45
DEAF1	-0.545
TBC1D5	-0.75
TBC1D7	-0.055
HNRNPDL	-0.205
SDCCAG8	-0.83
RYR1	1.81
	1.415
	1.715
ITGAV	0.295
C18orf32	1.285
IBTK	-2.03
GTF2E1	-2.27
GTF2E2	-0.55
EIF4E2	-1.09
AKIRIN2	-0.05
AKIRIN1	1.705
AP3M1	0.27
AP3M2	2.84
LIMD2	-1.95
LIMD1	-0.76
SGK1	1.205
ACSF2	-0.56
ACSF3	-0.675
ITGA4	2.325
ITGA6	1.885
SLC4A8	0.84
ZNF865	-1.17
	-0.19
AIG1	0.94
CDK13	-0.375
POLE3	1.67
	2.94
ZNF91	0.525
ZC3HC1	0.165
TPCN1	-0.505
TPCN2	-0.485
SNRPB2	0.585
GLTP	-1.895
CALR	-0.715
M6PR	1.7
NDUFS1	-1.935
EBF1	-3.31
R3HCC1L	0.69
SECISBP2	0.06
CACNA1I	0.63
CTDSPL2	1.165
IMPAD1	1.64
CMC1	-0.19
CMC2	-0.25
	1.52
GCSH	3.135
RASAL2	-1.575
XRN1	-2.11
XRN2	-0.555
ARHGAP4	0.99
ARHGAP5	0.625
POT1	-0.85
ARHGAP1	-2.01
PGAP3	0.47
AP5Z1	-0.375
DYNLRB1	0.41
RPUSD4	1.01
COL11A2	2.46
FCRLA	-0.785
TIPARP	0.56
DYNC1LI1	-0.5
DYNC1LI2	-0.475
	-0.96
DAXX	0.02
ATIC	-0.565
UTP3	-1.68
MTCH2	0.835
MTCH1	-1.065
LRIF1	1.16
ANKRD27	1.305
ANKRD26	-0.38
	0.37
CNOT8	1.365
TIAL1	0.095
CNOT3	-1.1
CNOT2	-1.34
CNOT1	-1.49
CNOT7	0.525
CNOT6	-1.295
ANKRD28	0.855
SARS2	1.09
IFT172	0.5
UVRAG	-1.235
RNF123	0.345
RNF103	1.0
NFIC	1.115
NFIB	0.13
LGR6	-1.08
TTF2	-0.085
TTYH2	0.97
TTYH3	-0.88
GRASP	0.83
HLTF	-1.41
NFIX	-1.31
TNFRSF13B	1.37
TNFRSF13C	-1.385
ZNF292	0.68
IGSF8	1.87
ZNF296	0.055
CSNK1D	-0.555
CSNK1E	-1.3
ALDH16A1	-1.885
C7orf26	0.855
COPRS	-0.735
	1.675
	2.545
SYNRG	-2.0
PKIG	-0.57
U2SURP	-1.535
PKIB	1.26
RPL14	1.28
RPL12	2.94
RPL18	2.56
OGFOD1	-0.975
OGFOD3	-0.155
OGFOD2	0.455
LYRM2	-0.33
LYRM4	1.94
LNPEP	-0.55
NUDT16	0.96
LYRM9	-0.28
KLF13	-1.73
GSS	-0.33
GSR	0.485
NUDT14	0.18
PATL1	0.81
CD300A	0.66
HK2	-1.325
HK1	-3.01
MOB3B	0.57
MOB3A	0.29
SOD2	1.925
SOD1	-0.44
GBP4	-0.93
C9orf40	2.84
LSG1	0.73
	0.665
PMS1	-0.19
PMS2	-1.105
COX7A2L	1.52
GNAS	-1.405
CSTF2T	-0.95
IVNS1ABP	0.415
TMED10	2.34
DMXL2	0.01
DMXL1	-1.11
BCL2L11	1.04
BCL2L13	0.185
BCL2L12	0.155
NFATC2IP	-0.975
EED	0.1
TPRN	-0.24
C7orf50	0.685
	1.14
SI	0.86
NAPA	0.405
CLYBL	-0.76
ID3	0.79
PGM1	-0.57
PGM3	-0.67
C6orf62	0.32
CHAF1A	-1.835
CHAF1B	0.195
RMND5A	-1.51
HMG20B	-1.29
RRNAD1	-0.76
TPD52	0.955
NIPA2	-0.25
CHTF18	-0.395
QPCTL	0.375
TRUB1	0.62
TRUB2	0.18
IDS	0.205
ZNF507	0.355
	-0.05
AMMECR1	-0.77
	-0.485
IDE	1.145
	-1.005
PXK	-2.385
HPS6	-0.07
PXN	-0.785
ACY1	1.24
QRSL1	-0.405
LYL1	-1.45
FAM149B1	-0.125
HS1BP3	0.33
MED30	1.115
MED31	0.0
SPRYD3	-0.53
SPRYD4	2.425
NF2	-0.615
NF1	-1.165
SPRYD7	1.46
	0.375
AQR	0.17
NSMCE2	0.26
	-1.09
EPS15	-0.99
PTPRU	1.875
PTPRS	1.79
PTPRR	0.44
TAZ	-0.04
POLR1C	0.565
PTPRC	-1.245
PTPRA	0.385
AACS	-1.375
PTPRJ	-0.15
RASA2	-0.31
RASA3	-2.845
PPHLN1	0.935
	0.83
KIF16B	0.565
DHODH	1.795
NPHP3	0.99
HLA-DRB5	-1.08
	0.94
	-0.09
FAM172A	0.06
MAP3K8	2.715
MAP3K2	1.88
MAP3K3	-0.93
LRRC14	-0.49
MAP3K1	-1.085
	-1.795
MAP3K4	-0.04
MAP3K5	-1.06
LTB	-4.725
LTA	-0.33
ABCA5	-0.165
ABCA2	-0.265
ABCA3	-3.06
ABCA1	-1.925
CHAMP1	-0.39
FAM32A	0.545
ZBTB2	0.06
ZBTB1	-0.785
PDCL3	0.275
ZBTB5	-0.41
	-2.175
RPF2	0.375
RFX7	0.61
RFX1	0.04
RFX2	0.84
RFX3	-0.44
APOPT1	0.595
TMEM109	2.24
FKTN	0.8
TMEM101	0.485
MYD88	-0.58
TMEM107	0.07
BORA	-0.78
TMEM104	-1.66
ASPSCR1	-1.0
IFT52	-1.135
IFT57	2.28
NKTR	0.12
ETV3	-0.705
ETV5	1.99
ETV6	-0.295
SH3BP5	-1.53
POP1	-0.97
POP7	1.25
SH3BP1	-0.885
POP5	1.3
POP4	0.77
EIF4G3	-1.11
EIF4G2	-0.22
EIF4G1	-2.69
GDE1	1.925
TCEANC	2.47
C5orf63	1.14
GLUL	-0.83
APEX2	-0.06
AKAP12	-0.17
AKAP13	-1.78
AKAP10	-0.615
AKAP11	-0.125
	0.46
TMC6	-1.32
TMC8	-1.015
SNAP47	-3.035
C6orf47	0.25
ANXA11	-0.635
ANXA10	-2.58
EFHD2	0.67
MLF2	-0.195
COX4I2	0.61
NTAN1	-1.03
HERC1	0.03
HERC3	-3.575
HERC2	-1.59
HERC4	-1.54
HERC6	-0.905
PROB1	0.03
RAB8B	0.97
RAB8A	0.045
ZCCHC17	-0.42
PCID2	0.16
ZFYVE9	-0.63
ZBED3	0.17
ALKBH7	-2.76
DNAJA2	0.115
DNAJA3	0.15
DNAJA1	-0.29
PSMA3	1.97
	1.485
WDR26	0.26
WDR24	-1.905
WDR20	1.88
PSMA7	0.435
ACER3	2.59
APOE	1.02
SMIM7	1.365
PDE6D	0.215
RAD21	-1.165
SMIM8	1.34
ESF1	-1.825
RECQL	-2.105
LACTB2	1.225
AGBL1	0.84
CRYL1	-0.27
	1.15
ZFP36	2.72
STARD9	-0.235
SRP14	0.825
STARD3	0.66
SRP19	2.4
STARD7	0.03
STARD4	-0.67
STARD5	-0.72
ANTXR2	-0.33
PDIK1L	-1.46
CDK5RAP2	-2.015
CDK5RAP3	-1.4
CDK5RAP1	0.32
PBX2	-0.79
FAM126A	0.665
FAM126B	2.84
ACAA1	-0.68
DOCK9	-0.065
DOCK2	-2.35
DOCK3	1.26
DOCK6	-0.715
PIK3C2A	0.21
DOCK4	1.255
DOCK5	0.22
LPCAT4	1.405
LPCAT3	-0.995
LPCAT1	0.465
	1.74
ASB13	1.48
DLD	-0.455
RSL24D1	1.905
MOB2	0.25
RNF25	0.53
RNF24	0.84
RNF20	-1.1
HSD17B12	1.935
ZNF317	0.3
HSD17B10	0.31
FOXK2	0.425
FOXK1	-0.655
PHLDA1	0.83
ZNF318	-1.58
ZNF319	0.195
PRR14L	-0.49
RNF128	1.77
RNF126	1.405
	2.035
RNF122	-0.54
RNF121	-0.335
IL2RA	1.16
IL2RG	0.73
TBC1D31	-1.655
KATNA1	-1.185
UTRN	-0.89
AOX1	2.84
	-1.03
	0.87
	-0.33
KCTD6	-0.93
KCTD5	3.0
ZNF275	0.445
DHX57	-0.78
KCTD9	-1.605
ZNF276	-0.215
COX20	0.855
NUP214	0.48
NUP210	-0.745
PIP4K2C	0.15
PIP4K2B	-0.23
	1.31
MRGPRE	-0.055
SLC23A2	1.105
TRDMT1	0.045
SETBP1	0.1
BBX	-1.3
	-0.29
TFB1M	-0.225
DUSP14	1.605
DUSP16	-1.38
DUSP11	-0.28
DUSP10	-1.595
DUSP12	0.35
SGPL1	0.045
RPL7A	1.57
C17orf80	0.905
	1.575
NUFIP2	0.26
GHDC	2.73
NUFIP1	1.12
GPS1	1.465
GPS2	1.095
PFKFB1	2.59
PFKFB3	-0.31
PFKFB4	0.5
CAMTA2	0.5
CAMTA1	1.895
MOB1A	-0.59
MOB1B	0.19
SLC20A2	0.225
SLC20A1	0.66
FSTL5	-0.555
TM9SF4	1.465
SCNM1	0.43
MBOAT7	-1.135
TM9SF3	1.945
TM9SF2	1.0
NUP43	2.195
LGALS1	1.02
CADM1	2.465
	1.16
ECD	-1.135
RP9	-0.205
CEP120	-0.315
	-1.75
CRYBG3	-1.18
	1.63
ATAD3A	1.505
CDC42EP3	-0.38
PLK3	2.23
PLK2	2.76
PLK4	-0.45
CDC42EP4	2.0
AKT1S1	1.44
SPTBN1	-1.48
MTBP	-0.18
NEMF	0.105
RRAD	1.08
RSAD2	0.83
RRAS	0.8
	0.695
EIF4EBP1	2.02
PDLIM5	-1.675
	1.455
ZCRB1	1.42
PDLIM2	-2.235
	-1.1
	-0.105
PPFIBP1	-0.815
PPFIBP2	0.135
GPAA1	0.49
FOPNL	0.39
SKI	1.37
	0.78
RMDN2	0.33
PNRC1	0.04
PNRC2	-0.915
RMDN1	1.32
MMGT1	0.805
CARD11	-1.88
PCSK7	-1.285
SCOC	0.47
SPTLC2	0.54
SPTLC1	0.89
FAM192A	0.36
TARDBP	0.275
ZZZ3	0.07
RAB22A	-0.195
CDK2AP2	0.785
ADI1	1.41
	0.88
RPS15A	2.455
PDK1	-0.16
PDK3	-0.15
RPRD2	0.19
GRPEL1	1.225
GRPEL2	0.56
C5orf22	0.63
CYC1	0.025
MEIS3	-0.93
MEIS2	0.28
NR1D1	-0.64
ANKRD33B	0.655
PECR	1.275
TPRKB	0.735
PTGR2	-0.79
GOLGA1	0.13
RWDD4	0.785
GOLGA3	-0.84
GOLGA4	0.535
GOLGA5	-0.465
CKLF	1.6
LMNB2	0.81
LMNB1	-1.03
RING1	-1.19
	-0.31
BMS1	-1.23
CISD2	3.035
SNAPC3	0.84
AAAS	0.215
CISD1	1.76
FAM49A	-0.275
TBK1	1.235
FAM49B	-1.06
RBFA	0.44
SNAPC1	1.265
SWT1	-0.11
MED10	0.825
CSTB	1.535
MED12	-0.96
MED13	-0.21
MED14	-0.195
	-0.345
MED16	-1.245
MED17	1.01
MED18	0.18
MED19	-0.3
SRFBP1	-0.92
BOP1	0.35
ECE2	1.14
ECE1	-0.36
VPS13D	0.16
VPS13A	-0.3
VPS13C	-1.825
VPS13B	0.165
RPTOR	-0.36
FCER2	0.045
C2CD2L	-1.165
KIF18A	-1.145
TMEM156	0.345
KIF18B	-1.065
PKMYT1	-0.96
PRKAA1	-0.175
ABCC4	0.09
ABCC5	-0.24
ABCC1	-0.165
OSCP1	0.28
TMEM127	0.375
DESI2	-0.77
TMEM123	1.065
DESI1	-0.83
WIPI2	-0.495
PUSL1	2.05
TMEM129	0.355
TACO1	0.765
NUDCD2	1.09
NUDCD3	-0.03
NUDCD1	1.3
IFT74	0.02
PREB	-0.42
IGFBP2	0.5
IGFBP5	-2.0
PREP	-1.61
L2HGDH	1.115
POFUT2	0.31
HIGD1A	1.845
PTK2B	-3.445
POFUT1	1.04
MEMO1	2.815
BRIX1	1.25
HVCN1	-1.875
SSX2IP	-1.7
C1D	1.895
NOP10	3.675
	2.04
NOP14	0.48
NOP16	1.595
ATG9A	-1.34
EFCAB14	0.595
BLNK	-1.265
OCIAD1	0.825
CCDC88A	-0.51
CCDC88B	-0.88
CCDC88C	-0.515
PLEKHM1	-2.07
PLEKHM2	-0.555
PLEKHM3	-0.86
CACFD1	0.225
BNIP2	-0.705
CDC45	-1.16
NCKAP5L	0.165
NT5DC2	0.695
CDC40	-0.26
	-0.04
MAZ	-0.87
TMA7	0.775
PSAP	0.255
MON2	-1.325
BLVRB	-2.93
TRIP4	-0.77
SLC33A1	-0.785
UBQLN2	-1.315
UBQLN1	0.045
MLH3	-0.18
UBQLN4	0.12
LTN1	-2.035
GTF2A1	-1.52
GTF2A2	0.875
ISG20	-0.28
GIPC1	-1.25
	-1.2
OTUB2	-2.42
ELAVL1	-0.33
	-0.35
CYB5B	1.215
ZDHHC2	1.135
UPF2	0.85
MDH2	-0.89
MDH1	-2.165
ZDHHC5	-0.055
DIS3L	-1.265
PACSIN2	-2.1
DNAJC8	0.01
DNAJC9	-1.03
DNAJC4	0.84
DNAJC5	-0.015
DNAJC7	0.705
DNAJC1	0.875
DNAJC2	0.315
DNAJC3	0.995
GPN3	1.085
GPN2	1.17
GPN1	0.14
MYC	2.96
MYB	0.36
FAM53A	0.78
	1.81
ROGDI	0.455
DAAM1	-1.605
RNASEH1	2.06
	-0.9
ZNF761	-0.28
PCIF1	0.09
UBR4	-1.205
SRP72	0.435
DUS1L	0.64
NTMT1	0.25
BAIAP2L1	0.83
GTF2B	-0.37
PLP2	2.335
TERT	-0.2
NBAS	-1.36
LUC7L3	1.25
LUC7L2	0.555
PLCD3	-0.195
NFU1	-0.885
SEC13	0.155
KRR1	2.64
ZNF213	1.54
SGPP1	0.675
ZNF330	-0.5
JMY	1.305
ZNF335	0.02
RNF149	0.54
SUZ12	0.08
GMIP	-1.68
RNF145	-2.19
AICDA	-5.395
RNF146	0.155
RPP38	1.075
	-0.28
	2.025
	1.655
ZNF251	-0.63
TBC1D13	-0.995
TBC1D17	-2.025
TBC1D14	0.605
TBC1D15	0.565
DLG1	0.56
DLG3	-0.525
SUPT7L	0.72
ODF2	-2.65
FASTKD5	0.24
FASTKD2	1.04
FASTKD3	-0.37
FASTKD1	0.765
ZNF217	-1.99
MMAA	1.88
UBE3D	-0.955
MMAB	-0.53
SLC45A4	-0.75
PSPC1	-1.54
TRMT10A	-0.51
TRMT10C	1.665
TRMT10B	1.46
ZRANB1	-0.93
ZRANB3	-0.64
MPC1	0.81
CAPN10	2.28
EFR3A	-0.795
CRNKL1	-2.465
EFR3B	1.16
FNBP1	-0.78
FNBP4	-0.635
ZFPM1	0.315
POU4F1	-0.23
SWI5	0.275
RBBP8	-0.645
RBBP7	-1.06
RBBP6	-0.525
RBBP5	0.97
RBBP4	-0.76
CEP104	1.46
PIK3AP1	-3.145
TOB1	-0.9
TOB2	0.37
ENC1	2.28
MRPL4	0.56
NEO1	1.105
MRPL2	1.895
MRPL3	0.57
MRPL1	0.985
AEN	1.08
MRPL9	1.4
LMTK2	-0.09
TRRAP	-1.735
	0.09
IL10RB	0.73
RABAC1	1.31
MSRB1	0.58
C1orf112	-1.21
GGPS1	1.93
ZNF385A	-1.265
CHKA	0.145
TYRO3	-1.125
HLCS	0.06
TSFM	-0.925
AFTPH	-1.205
BCDIN3D	0.875
CHCHD10	-1.05
	-1.815
CNNM4	0.765
PDHA1	0.65
OXA1L	-0.015
KIAA0100	0.95
KDM5B	-1.37
CAPG	-1.5
DYNLL1	2.445
HIRA	1.07
PRKAB1	1.76
ABHD10	0.24
WWOX	0.72
ABHD13	-0.375
INTS3	-1.71
INTS2	0.455
INTS1	-0.955
INTS7	-1.27
INTS6	1.09
INTS5	-0.32
INTS4	-2.505
INTS9	-0.695
INTS8	0.505
ADAT1	1.45
CAP1	-2.42
ADAT2	1.145
USP45	0.575
RSBN1L	-0.49
UBXN2B	0.215
UBXN2A	0.83
ATP2B1	-0.01
CNOT11	0.975
CNOT10	0.46
DPY30	2.43
CSRNP2	0.42
JKAMP	-0.25
HIF1A	-1.28
PHYH	-0.345
GINS2	-0.44
GINS3	0.935
GINS1	-0.69
GINS4	-0.01
	0.34
GGT7	0.205
FBF1	1.88
COQ6	1.025
CCDC61	-0.38
ASNA1	0.49
COQ3	-0.02
ILF2	0.19
DACT3	1.12
EBAG9	1.01
GALK1	-0.095
GALK2	-0.845
AMBRA1	-0.015
RBMX2	-0.47
ADPRH	-0.335
BANK1	-2.785
ADPRM	0.055
CRYZ	-3.005
MRPS7	0.375
MRPS6	3.165
MRPS5	1.215
MRPS2	1.72
HILPDA	1.72
WRNIP1	-1.585
LRWD1	-2.14
TULP3	-1.01
DEPDC5	-2.505
LPP	0.075
SLC12A4	-2.15
SLC12A7	1.68
KDM6A	0.635
SLC12A2	-0.695
CWC27	-1.16
CWC25	-0.6
SLC12A9	-1.4
FEM1C	1.0
FEM1A	-0.62
POU2AF1	-4.235
CRY2	0.65
MED1	1.15
VCPIP1	-0.965
ATP6V1C1	0.17
	-0.275
NUS1	2.99
PCGF1	0.46
PCGF3	1.46
	-0.175
LGMN	0.27
PCGF6	0.87
CCNDBP1	-1.37
SPATA24	1.71
GOSR2	1.13
NANS	-0.28
PRCP	1.435
DHX33	1.42
BEND3	1.22
USP47	-0.89
SFI1	2.055
	0.39
DARS2	0.325
LRRC56	0.34
LRRC57	1.495
LRRC58	0.35
LRRC59	0.18
HCCS	0.55
SLC11A2	1.385
ISY1-RAB43	-0.62
SLC11A1	0.305
SNUPN	0.815
ZC3H12A	-1.32
GDI2	-1.185
PRC1	-0.47
GDI1	-2.27
HSD17B4	-2.46
CBY1	0.01
HSD17B7	-0.23
POLQ	-1.505
THOC7	1.5
POLG	-1.11
POLE	-1.73
POLB	0.77
PLEKHO2	-0.41
POLM	-2.135
POLL	0.63
POLI	0.83
POLH	-2.125
DRAM2	3.07
RTN4	0.405
RTN3	-0.225
TIMM13	1.405
TIMM10	2.49
VRK1	-1.215
RNGTT	0.635
PA2G4	0.14
CDC6	-2.755
CDC7	-0.675
VRK2	-1.06
PRR12	-0.26
	-0.505
PRR11	-0.175
AURKA	-1.245
AURKB	-2.345
AEBP2	-0.13
PRPF3	-1.19
PRPF4	0.09
PRPF6	-2.82
SHC1	-0.65
TALDO1	-0.22
EIF2S3	0.505
PKP4	-0.65
PKP2	0.99
FAM168B	0.67
ITCH	0.265
MICAL1	-1.48
CLPTM1L	0.63
BTLA	1.165
WDR62	-1.38
USO1	-1.675
WDR60	-0.36
XPR1	-1.21
FAM72A	-0.28
VPS72	-0.35
SCAPER	-1.11
TEP1	-0.655
ACOX3	-2.055
ACOX1	-2.445
ERGIC2	0.565
TFIP11	-1.05
ERGIC1	1.78
DERL1	0.575
DERL2	0.77
ALDH9A1	-0.645
FRY	-0.88
SDHAF1	0.325
SDHAF2	0.135
	1.465
	-1.255
CLIC1	-0.73
GABARAP	-1.13
	-1.14
	-0.96
ZSCAN29	-0.89
ZSCAN25	-1.0
ZSCAN26	-1.265
ZNF569	1.74
ZSCAN21	-1.305
ZSCAN22	-0.525
LMF2	2.26
LMF1	-0.01
DUS3L	0.43
TSSC4	-0.675
ZFYVE19	0.73
ZNF687	-0.61
ZNF689	1.16
TMCO3	0.165
ZFYVE16	-0.24
TMCO6	-0.595
SREBF2	-1.77
ZMAT3	-0.61
SREBF1	-1.29
ZMAT5	0.29
ANKRD44	-2.085
ANKRD46	-0.205
	0.13
ANKRD40	-0.77
ANKRD49	1.185
MEF2C	-2.44
MEF2A	0.03
BTBD9	1.705
MEF2D	-0.93
ARID4A	-1.745
CYB561D2	0.795
BTBD1	-0.28
BTBD2	0.39
CLUH	1.35
RNF167	1.265
RNF166	2.2
RNF169	0.09
RNF168	-1.58
KIAA0825	-0.37
RABGAP1L	0.705
N4BP2L1	-0.28
EAF1	0.655
EAF2	-1.935
N4BP2L2	-1.32
RAD51D	0.095
RAD51C	-1.88
RAD51B	1.135
DNPEP	-1.405
DDX39B	-0.81
ERC1	-0.73
CHMP2B	0.175
CHMP2A	-0.38
DHX16	-0.555
DHX15	-0.67
ARFIP1	-0.28
MTHFD2	-0.875
MTHFD1	-1.245
KATNAL1	-0.63
DBF4	1.01
STIP1	-1.645
	-1.455
ALG8	0.625
ALG9	1.825
ALG2	1.965
ALG3	1.285
ALG1	0.9
ALG6	0.98
ALG5	1.755
PRIM1	-0.36
PRIM2	-1.21
GYG1	-1.385
HIF1AN	-1.08
IRF2BPL	0.39
RPP14	0.475
ACSL3	1.285
RABL6	-0.26
C19orf24	1.34
SLC30A6	2.32
SLC30A1	2.32
RABL3	1.17
MSI2	-1.255
BRPF3	-1.49
BRPF1	-0.61
CRLS1	2.39
LYST	-0.995
PCNA	-0.325
ERBB3	0.07
CNST	-1.845
HELQ	-1.215
MCTS1	1.24
SPAST	0.25
HELZ	-0.37
HIPK3	-1.54
HIPK2	-0.61
HIPK1	0.605
IRF2BP1	-1.285
	-0.465
HELB	-2.33
PCNX	1.24
B9D2	-1.87
	-0.07
LSM8	0.605
FOS	5.98
LSM4	0.195
EEF1G	1.53
LSM6	0.425
LSM1	2.12
LSM2	2.575
LSM3	0.68
GUK1	0.245
ZMYND11	0.685
	-0.195
ZNF526	-0.71
	0.4
MON1A	1.17
MON1B	-0.935
ZMYND19	-0.465
TPX2	-3.8
	-0.985
PPP1R21	-0.26
	-0.05
	-0.175
	1.95
	2.02
HIST2H2BF	0.235
HIST1H2BJ	1.49
TRAF3IP2	-0.785
TRAF3IP1	-0.28
SAC3D1	-0.405
DPH6	-1.01
TBRG1	-1.85
DNAJC25	2.37
DNAJC24	0.905
DNAJC21	0.835
APOBEC3B	0.19
HSPB11	1.925
APOBEC1	-0.83
MTMR9	-0.175
MTMR6	-0.985
MTMR4	-0.825
MTMR3	-1.57
MTMR2	1.385
MTMR1	0.18
MYL12A	0.04
CARS	-2.61
MAN1A1	-0.92
TRAIP	1.045
CHURC1	0.97
ABCB10	-0.13
RANBP3	0.08
APBA3	-0.235
	2.285
CA2	2.355
ACSS2	-0.715
ACSS1	-2.2
CYBB	-3.94
CRTC3	0.005
CRTC2	-0.45
HINT1	0.325
HINT2	-0.565
HINT3	1.43
TAMM41	1.93
HSF2	1.995
C18orf25	0.69
DRAP1	0.71
MGST2	1.16
FGFR1OP2	-1.315
PPIP5K2	-0.87
SCO2	1.34
PPIP5K1	-1.44
H2AFJ	1.905
TFEB	-0.665
ZNF646	-1.05
C19orf25	-0.47
TOLLIP	0.305
AAMP	-0.295
HYPK	0.88
NXN	-0.52
	-1.575
CCZ1	0.97
KARS	-1.35
DPY19L3	-0.16
DPY19L4	0.78
CCDC47	-0.12
CCDC43	1.615
SON	-0.01
CCDC112	0.615
PGGT1B	0.79
ACTL6A	0.445
	2.29
PSEN2	-0.245
PSEN1	0.685
GPATCH2L	1.22
XPNPEP1	-2.585
NRBP1	-1.59
	0.85
TMEM259	0.525
TMEM258	2.575
TMEM256	-0.215
TMEM251	-0.63
REXO1	-2.14
REXO2	0.155
	0.2
REXO4	0.35
NUMB	0.055
	0.615
ABCG1	0.22
MARS2	1.455
AP5M1	1.0
KDM4C	-1.075
KDM4B	-0.37
KDM4A	-1.635
RPUSD1	-0.915
RPUSD2	2.305
RPUSD3	2.105
OTUD6B	1.58
TMUB1	1.14
TMUB2	0.58
	0.18
SIMC1	1.425
KHK	-1.595
LMAN1	1.735
LMAN2	0.69
	-0.825
ARFIP2	1.435
NECAP1	-0.28
GNAQ	-0.16
	1.97
NECAP2	-0.485
NAPG	-0.635
ATP1A1	0.435
OS9	-1.07
PON2	1.995
	0.22
NSMCE1	-0.375
UTP15	1.03
	-0.245
S100A13	-1.78
UTP18	1.05
HELLS	-0.715
HYOU1	1.0
PLOD3	1.115
CYP39A1	-0.215
SCO1	1.015
CASC4	1.26
GABBR1	0.99
UGP2	-1.425
CPPED1	0.95
LEMD3	-0.895
SMYD4	-0.075
SMYD5	1.845
COX4I1	0.575
SMYD3	-1.5
DOCK11	-0.415
ENTPD7	0.295
ENTPD6	1.555
ENTPD5	-0.235
TRIT1	0.945
SNAP23	1.23
SNAP29	0.685
SH3BP5L	0.735
CCM2	-0.97
ZBTB40	1.61
ZBTB41	0.78
ZBTB43	1.375
ZBTB44	1.75
ZBTB45	-0.82
ZBTB48	2.93
ZBTB49	1.48
DYNC2H1	1.805
MOB4	3.465
GAPVD1	-0.49
PRDX6	2.24
PRDX5	-0.3
PRDX4	1.58
PRDX3	0.69
PRDX2	-0.135
PRDX1	-0.25
	1.49
KRIT1	-0.54
PANX1	-1.575
DPF2	-0.8
NDUFB6	2.155
DPF1	1.48
NKIRAS2	0.795
P4HA1	1.05
WDR41	-0.575
WDR43	2.295
WDR44	-1.545
WDR45	-1.14
WDR46	0.95
WDR47	0.445
WDR48	0.735
SERGEF	1.695
USE1	-0.16
VPS53	-1.965
VPS52	-0.925
VPS51	-0.165
	-0.03
VPS54	0.5
EGLN3	-0.22
EGLN2	-1.605
EGLN1	0.955
LNX2	-0.105
ABHD14A	2.515
ABHD14B	-0.485
TNFSF10	1.16
APEH	-2.385
TARSL2	-0.185
FAM120B	-0.46
FAM120C	0.865
FAM120A	0.03
MASTL	-0.305
PLA1A	0.26
PSMB1	-0.2
PHC1	-0.275
C19orf47	0.695
NAGPA	3.025
CEP85L	0.01
TMEM161A	-0.32
PARK7	0.945
RNF111	0.21
NXPE2	-2.525
NXPE3	-0.985
SF3B2	-1.495
STX5	-2.35
	0.965
ANAPC16	-0.14
ANAPC11	0.97
ANAPC10	1.585
ANAPC13	1.255
MAST2	1.98
MAST3	-1.495
GBE1	-0.655
PSIP1	-2.4
CAND2	-3.97
CAND1	-1.345
RNF44	0.4
	-2.35
RNF41	-0.265
RNF40	0.09
FOXA1	0.57
KPNA6	-0.61
KPNA4	1.21
KPNA3	1.67
KPNA1	1.415
FDFT1	-1.09
	-1.75
PHLDB3	-0.295
USP49	0.255
USP48	1.45
RNF185	1.865
RNF187	0.29
USP46	-0.795
RNF181	-1.065
USP40	0.305
RNF183	0.03
USP42	0.17
SKA1	0.625
SKA3	0.175
SKA2	-0.255
COQ9	-0.845
COQ5	0.79
COQ4	0.965
COQ7	0.9
OGDHL	-1.185
ILF3	-2.925
COQ2	-0.47
EIF5A2	1.99
SCP2	-0.925
DHX38	-0.695
	2.4
GNGT2	2.51
CDK20	1.145
DHX30	-0.77
ZNF212	1.295
DHX32	-0.725
GOSR1	0.84
FEM1B	-0.07
DHX35	0.205
DHX36	-0.41
DHX37	-1.09
COPS8	1.85
	2.52
	0.56
COPS3	-0.995
COPS6	-0.005
COPS4	1.19
COPS5	-1.425
SENP6	-1.415
UTP20	-0.975
DHCR24	0.45
CCNB2	-1.6
ZNF280C	-0.215
ZNF280B	2.74
ZNF280D	2.63
BLM	-0.645
GPT	0.35
NUMBL	0.88
BRCA1	-2.23
BRCA2	-0.73
ALAD	0.15
ACAP2	-0.71
ACAP3	0.67
BAZ1A	-1.435
PFN1	0.695
PFN2	-1.255
BAZ1B	-1.9
EP400	-0.66
MRPS27	0.955
URB2	0.77
URB1	0.525
C15orf39	0.105
GSTZ1	-0.35
SLC7A11	0.645
	-1.485
LIPA	1.45
LIPE	-1.41
LIPG	-0.22
GM2A	0.45
RPS6KB1	0.535
RPS6KB2	-0.52
TTK	-1.72
TRMT2A	-1.88
SAMD1	-0.58
CLSPN	-2.295
	0.505
TRMT2B	-1.18
CUL4A	-1.065
CUL4B	-0.59
TUBB2A	-1.855
NEK6	0.63
NEK7	-1.895
NEK4	0.625
NEK2	-1.52
NEK3	2.335
NEK1	-0.995
SEMA6B	0.57
NEK8	0.61
NEK9	-1.57
CCDC18	-1.56
HIST1H2AD	0.925
IDUA	0.93
SLC41A1	0.57
SLC41A2	-1.015
CEP170B	0.025
SETD1A	1.6
CHMP3	-0.715
	1.3
DHX34	0.06
ARHGEF10L	-0.035
SMURF1	-0.97
SMURF2	0.18
SDAD1	0.07
SENP8	0.45
SENP7	-2.37
CHMP7	0.06
SENP5	0.21
STAMBP	-1.11
SENP3	0.83
SENP2	0.69
SENP1	0.5
CHMP5	-0.635
IL6R	0.48
B3GNT2	-0.065
NKAP	-0.39
RPL10A	1.81
SLX4	-0.905
PNKP	-1.31
CSF1	-0.455
GLB1	0.78
APPL1	-0.885
APPL2	0.765
PNKD	-3.165
AIM2	-1.3
PRNP	1.56
DCLRE1B	0.29
PQLC2	0.455
PQLC1	0.5
DCLRE1A	0.03
ADAP1	2.3
STX8	-0.63
TRAK2	0.89
TRAK1	-0.585
STX7	-2.18
STX6	-0.82
	-1.755
MDC1	-2.45
	0.49
CTNNB1	-1.44
EDC3	0.45
AAK1	0.195
EDC4	-0.21
C17orf75	0.115
AVPI1	1.72
NICN1	1.54
ASAP1	-2.31
KAT8	1.41
NUF2	-2.455
KAT5	-1.205
HYLS1	-1.03
KAT7	-0.855
LY96	1.285
LUC7L	1.23
CORO1B	-1.63
ARHGAP31	0.815
CCDC22	0.035
CCDC25	0.325
DCLRE1C	0.29
EXTL1	-2.06
CRTAP	1.18
FCF1	1.755
LRCH1	-0.85
TIMMDC1	1.365
UXS1	1.2
ASXL1	-1.915
ASXL2	-0.135
FIBP	-0.57
	1.555
	-1.335
	-1.1
TIA1	0.28
MOAP1	-0.975
CCSAP	1.885
ARF3	-1.57
	1.315
ARF1	-0.34
ARF6	-0.49
ARF5	-1.0
ARF4	1.19
AAGAB	-1.475
RPN2	1.005
GRAMD4	-0.38
TMEM186	-0.39
PDCD6	1.12
PDCD7	-1.75
PDCD4	-0.35
KIAA0319L	-0.13
PDCD2	0.46
NDUFV3	-1.145
NDUFV2	1.06
NDUFV1	-1.97
ATP6V1G1	0.625
TXNRD2	-0.45
TXNRD3	0.605
TXNRD1	0.065
	2.205
DNASE2	-0.635
INO80	0.81
NARS	-2.785
INPP1	-0.86
OXCT1	-2.385
DYNC1H1	1.755
NARF	-0.755
TTLL5	0.84
TTLL4	0.375
TTLL1	-0.315
TTLL3	2.0
SAR1A	1.255
SAR1B	0.385
WDHD1	-2.725
SLC25A30	0.05
	0.57
TBCEL	0.675
TBC1D4	0.78
C11orf49	-1.39
NTHL1	0.315
MANBA	1.59
CDC27	0.485
CDC26	1.655
COMTD1	2.815
CDC23	-0.345
CDC20	-1.48
CLN6	0.71
CLN5	-0.88
FAR1	-1.08
MAPRE1	-0.555
NOL10	0.39
NOL12	0.8
TCF4	-2.035
AUP1	1.15
MORN1	-1.465
TCF3	-0.26
BAG3	-1.135
SLC16A1	2.98
SLC16A3	3.29
SIGLEC10	-0.015
RIF1	-0.785
TTLL12	-0.35
ZBTB22	-0.93
TIMM50	1.13
ZBTB21	0.57
UCP2	-3.31
ZBTB24	-1.475
UVSSA	0.46
	-1.305
OTUD4	2.045
OTUD3	0.45
OTUD1	-0.75
CXorf21	-0.61
EIF1AD	0.035
SAP30BP	-0.895
GPHN	-1.945
MDN1	0.29
FAM76B	-0.77
FAM76A	0.09
CCDC137	-0.105
PSD4	-1.31
TUT1	-1.4
CDON	0.395
SLC1A4	-2.095
SLC1A5	-0.965
SLC1A3	-0.19
VPS35	-1.105
VPS36	1.07
VPS39	-0.945
GEMIN2	1.23
LHPP	0.97
TET3	0.705
TET2	0.18
PDE4DIP	-1.17
ANAPC1	0.295
ANAPC2	-2.235
ANAPC5	-1.12
ANAPC4	-1.025
ANAPC7	1.155
NDUFB10	0.3
RUFY1	0.9
SLC35E4	2.115
RUFY3	-2.07
RUFY2	0.01
SAE1	0.215
C11orf95	1.05
C8orf33	0.115
SPG11	-2.19
EEF2	-0.495
SLC2A3	1.1
SLC2A1	2.085
GGACT	0.375
KCTD18	1.13
RAB3GAP2	0.775
	1.04
PLCB3	-1.04
SUPT5H	-2.235
HRAS	1.8
TIPIN	1.57
UBE2R2	-2.21
SCRIB	-0.045
GAS8	-0.33
SGSM3	0.515
SGSM2	0.5
ACOT8	-0.77
	0.225
ACOT7	-1.04
KIAA0753	0.695
ACOT2	-1.715
GAS7	1.145
PYURF	-0.24
DDT	-0.475
ZNF398	1.24
ZNF397	0.035
ZNF395	-0.02
MRPL36	2.98
MRPL37	-0.56
MRPL34	2.495
MRPL35	1.555
MRPL32	0.58
MRPL33	0.98
MRPL30	1.915
MRPL38	2.03
MRPL39	1.2
PPIL1	0.135
PPIL2	-1.875
PPIL3	0.98
PPIL4	0.565
CENPB	0.19
NUP88	-0.7
CLASP2	-0.935
CLASP1	-1.46
MTM1	-0.745
NUP85	-0.3
MSRA	-0.445
DERA	-0.735
	-2.94
	2.82
HMGN1	-0.375
NFS1	-0.12
CDKN2B	1.09
CDKN2C	0.59
CCND3	-0.515
SPECC1	0.44
CDKN2A	-0.02
CD74	-0.745
CD72	-1.465
BRCC3	-0.52
NUDT22	-1.19
GEM	2.095
FAM162A	1.89
	0.715
CETN3	0.025
CETN2	-0.76
NOP58	1.13
PEX1	-0.84
	2.455
PEX3	1.075
PEX2	0.81
PEX5	0.215
PEX7	-0.695
PEX6	-0.56
GSDMD	-0.325
	1.75
HADH	0.215
NOP56	1.9
CTPS2	-2.21
LRSAM1	-0.74
CHRAC1	0.515
ARRDC1	-1.87
ARRDC2	-0.68
YOD1	0.835
FKBP5	0.625
GNPTAB	1.005
P2RY10	1.035
RBM7	0.89
SORD	-1.75
RHBDD3	0.84
	0.025
RHBDD1	-1.11
SARNP	-0.21
TGFBR2	-1.875
TGFBR1	0.65
FKBP2	1.515
RPS7	3.35
RPS5	2.435
RPS3	2.375
RPS2	1.91
ALG11	1.0
ALG12	0.13
	0.505
ALG14	1.38
RPS9	1.385
RPS8	1.33
DRG2	-0.26
DRG1	0.34
SDF4	-0.255
SDF2	1.13
STRAP	1.03
	1.16
	0.07
ZNF367	0.14
CAPZB	-0.07
	-1.27
RSU1	0.43
WASF1	1.48
ARIH2	1.94
ARIH1	0.29
ARL8B	0.825
ARL8A	-1.465
HSP90AB1	-1.235
MEGF9	1.26
PDCL	-1.71
YIF1B	1.57
	-1.665
GSTO1	3.205
YIF1A	2.34
TRAM1	0.3
TRAM2	-2.26
TOR2A	-0.605
PBK	0.715
RAD23B	0.825
SHCBP1	-1.355
RAD23A	-0.675
SCARB2	-0.395
SCARB1	-0.51
RHOBTB2	0.51
SAYSD1	0.905
TBCK	-1.14
TBCE	-0.49
TBCD	-1.385
TBCC	-0.35
TBCB	-0.26
TBCA	1.89
TRIM8	-0.155
TMEM43	0.285
TMEM42	-0.33
TTC14	2.605
TTC17	0.995
TTC13	0.625
LMBRD2	-0.21
LMBRD1	0.355
TTC19	-0.25
IDH3A	0.905
	1.655
IDH3B	0.905
	0.445
	-1.28
LTBP4	0.965
SIPA1	-1.775
SSBP3	-0.06
TRPC4AP	-1.18
PBRM1	-2.005
OSBPL11	-0.865
SSBP2	-0.51
	1.02
GADD45A	-1.835
GADD45B	1.075
MNT	1.33
SSBP4	1.055
	2.045
	1.985
	-0.545
	1.43
	1.6
SLC25A42	0.45
NDOR1	-0.565
SLC25A44	-0.12
SLC25A46	-0.035
ECM1	1.39
TMEM216	2.34
TMEM214	-0.855
TMEM219	1.165
ARL2BP	0.575
	0.95
PPM1G	0.24
PPM1F	-1.16
	0.055
PPM1D	1.125
PPM1B	0.98
PPM1A	-0.875
RPL6	0.285
RPL7	0.815
RPL4	0.495
PPM1L	1.2
PPM1K	-0.485
RPL3	-0.045
LCOR	1.16
MECR	0.22
ALDH4A1	-0.31
ZHX2	-1.24
ZHX3	-0.62
ZHX1	-0.065
ATP6V1E1	-1.075
CNTN2	-1.605
	-1.91
PAG1	-0.98
TLE1	0.83
TLE6	0.84
TLE4	-0.825
ESPL1	-1.86
LSM11	2.59
IRGQ	-0.26
ATG3	0.53
SLC15A4	0.31
JAK2	-0.7
JAK3	-2.335
	-1.41
NAT9	-0.27
NAT1	-1.245
DNMT1	-5.915
CCPG1	0.975
ALDH7A1	-1.225
POMT1	0.95
POMT2	0.985
SDR39U1	-0.19
ATRNL1	-0.53
FAT4	-0.88
SETD3	0.07
SETD2	-1.54
SETD5	0.515
SETD7	-0.6
SETD6	0.96
WRB	0.72
WRN	-1.685
TSPAN3	1.705
TSPAN4	2.71
CSDE1	-1.62
PAICS	-0.5
ZFHX3	-0.095
ZFHX2	-1.18
BCL9	-0.465
HES1	0.64
BCL6	-3.735
HES6	-0.995
CCDC117	-0.41
CCDC115	-0.355
CSTF1	-0.365
CSTF3	-1.66
CSTF2	-0.2
VHL	-0.69
WDR81	-0.735
WDR82	0.75
WDR83	0.215
C4orf46	-0.07
WDR89	1.945
	-0.685
HDHD2	0.64
R3HDM4	-0.395
VPS16	0.31
R3HDM1	1.175
VPS11	-0.485
SF3A1	-0.28
	-2.37
SUFU	-1.34
PITPNA	0.065
PITPNB	0.23
SPRTN	0.105
RPN1	1.525
FTO	-1.695
ERCC8	0.48
RAD54B	-0.815
ERCC1	0.645
ERCC2	0.73
ERCC3	-1.095
ERCC4	-0.76
ERCC5	0.61
	1.16
SRPK3	-0.6
SCPEP1	1.555
EXD2	0.65
PPP1R16A	0.32
PPP1R16B	-1.97
FRRS1	1.96
NLRX1	-1.535
GON4L	0.92
TBCCD1	-0.46
RPAP2	0.485
RPAP3	-1.25
RPAP1	-0.71
EEF1D	1.205
NSMAF	-1.075
	0.63
ZNF622	-1.015
ZNF623	0.74
CIART	-0.355
MBTPS2	0.575
MBTPS1	-0.375
PLCL2	-0.545
AMFR	-0.05
STX12	0.98
STX17	0.735
STX16	-0.295
STX18	-0.78
GBA2	-1.83
HLA-G	-1.17
TSTA3	-0.15
TYMS	-0.96
TYMP	1.55
MRPL10	0.505
MRPL11	1.565
MRPL12	1.81
MRPL13	0.675
MRPL14	-0.635
MRPL15	0.37
MRPL16	1.305
MRPL17	0.8
MRPL18	0.93
MRPL19	0.35
CALHM2	-0.385
IER2	4.35
DTNB	-0.345
GABPA	-1.13
STAM	0.655
PRRG4	0.615
MYNN	-0.53
C11orf71	1.89
PRPF19	-0.545
PRPF18	-1.8
POLDIP3	-1.04
SDR42E1	0.5
RDM1	-1.785
STAG2	-1.83
HTATSF1	-0.94
CDCA7	0.08
SP140	-0.88
CYFIP1	-1.66
ZNF512	-0.14
CLEC12A	-2.645
CYFIP2	-3.34
ZNF513	0.05
HGS	-0.715
ACAT1	-1.315
ABR	-1.11
ZNF131	0.875
KCTD20	1.67
	0.505
CD53	-0.18
CTNNAL1	0.235
SNX5	-0.63
CD55	0.3
AHNAK	-3.135
SMCR8	-1.27
MTO1	-0.93
CELA1	0.18
MMP17	0.97
TEX30	-0.45
GMNN	-0.5
TPR	0.68
ARGLU1	1.3
CMTR2	2.465
CMTR1	-1.055
GPSM2	-0.865
GPSM1	-0.36
PEAK1	-0.015
SLC29A3	-0.22
SLC29A2	1.48
SLC29A1	1.825
NUP107	-0.295
CDKN2AIP	0.755
GSKIP	0.605
ADPGK	-0.055
ULBP1	-0.535
TOP2B	-2.555
	2.175
TOP2A	-2.81
BOD1L1	-1.455
PPARGC1B	1.685
RHBDF1	-0.13
RHBDF2	1.81
HSH2D	-0.32
SCIMP	-0.865
ARHGAP9	-0.555
	-0.05
RFK	2.01
ING5	0.415
VANGL2	0.34
ARHGAP6	-1.67
ING2	1.38
ING3	0.43
SNRNP200	-2.295
MAEA	0.775
	1.795
CSK	-2.1
	1.0
SNRK	-1.67
UBA6	0.45
UBA7	-2.04
UBA5	-0.43
UBA2	-0.695
UBA3	-0.395
UBA1	-2.94
	2.025
PWP1	1.58
NAA20	1.66
CREG1	-0.42
NAA25	1.49
SPIN1	-1.655
ERCC6L	-0.935
WARS	-0.84
RASSF1	2.88
TNIP1	-0.145
UCKL1	0.405
CLINT1	-2.185
SIN3A	-1.35
MED23	-0.23
SAP25	1.48
RASSF2	-0.75
SLTM	-1.925
NRAS	0.635
TMEM158	1.16
COASY	-0.69
RASSF4	-0.175
ELL3	-0.81
RASSF7	0.095
DMPK	-0.06
DEPDC1	-0.36
PDF	0.13
MED26	0.815
PNO1	2.86
SNRNP35	-0.335
LAMP2	1.075
LAMP1	2.89
TMEM67	0.83
TMEM64	-0.94
TMEM62	2.055
SMCHD1	-1.28
TMEM60	2.32
TMEM69	0.405
TMEM68	0.84
FOXRED2	1.4
FOXRED1	-0.72
H1F0	2.715
NRM	0.07
LITAF	-0.445
	-2.015
TTC33	0.55
TTC32	0.545
TTC37	-1.585
ST6GALNAC6	0.48
TTC38	-0.92
RARA	0.605
UFM1	3.455
BTRC	-0.46
RARS	-0.205
	2.03
MLX	-0.3
TADA1	-0.485
TADA3	-1.7
	0.705
TLCD1	0.995
PSME4	-0.66
PSME2	1.095
PSME3	1.165
NDUFB11	0.89
PSME1	-0.555
INO80D	-0.26
INO80E	1.115
INO80B	1.15
INO80C	0.115
MEA1	0.555
GNPDA2	-1.48
GNPDA1	-0.65
DAGLB	-0.45
TMEM234	1.27
TMEM237	0.835
TMEM231	2.255
ATP5G3	1.27
SCFD1	-1.495
SCFD2	0.21
ZNF451	-0.785
CNTLN	-0.045
TRMT1L	-2.925
IPMK	0.795
DVL1	1.78
AKR1B1	-0.755
THUMPD1	1.015
THUMPD3	0.205
THUMPD2	-0.32
MAML1	2.24
BMPR1A	1.77
RCBTB2	-0.625
RCBTB1	0.365
QKI	0.435
NADK2	1.24
SERP1	-0.31
TAPT1	-0.585
PPP2R5D	-1.565
PPP2R5E	-0.54
PPP2R5A	-1.825
PPP2R5B	-0.33
	0.76
UTP6	-0.43
	1.995
TMEM184B	-0.305
TMEM184C	-0.005
TFDP2	-0.45
TFDP1	0.725
MIF4GD	-0.89
SUMO3	0.355
PDS5A	-0.8
PDS5B	-0.825
RB1CC1	-1.28
ATPAF2	0.19
ATPAF1	1.32
SMNDC1	1.405
C12orf66	0.415
BCKDHB	1.35
TRAPPC10	-1.065
TRAPPC13	0.525
TRAPPC12	-1.82
VIPAS39	-1.5
TUBB	-5.035
TUBB3	-3.49
ANKRD24	1.16
TBX15	0.45
TFE3	-1.76
TCERG1	-0.46
NR2C2AP	0.32
SPATS2	0.26
IRAK2	1.26
IRAK3	1.48
IRAK1	0.955
	-0.185
IRAK4	-1.27
NIFK	1.58
NGDN	0.745
AP4S1	0.06
	-0.56
	3.035
LIG4	-3.605
PRRC2C	-1.705
NAV3	0.46
GNG5	1.955
GNG2	1.645
LIG1	-3.745
LIG3	-1.475
CLN3	1.36
CNOT4	-0.13
TNRC18	-0.81
VPS26A	0.085
TSPYL1	1.545
	-0.285
VPS26B	-0.385
CCDC171	0.06
CCDC174	-0.485
GPD2	-0.21
PLBD2	1.165
DIP2A	-1.355
DIP2B	-1.09
MAN1B1	-0.5
CDK1	-1.325
CDK2	-0.975
CDK4	0.425
CDK5	0.92
CDK6	-1.65
	1.89
CDK8	1.355
CDK9	-0.865
PRKX	-1.395
SREK1	0.035
PSMC1	-0.01
PDE4B	-1.465
SQSTM1	-0.035
FUT11	-1.09
PSMC3	-0.305
PPP3R1	0.63
SUV39H1	-1.57
MXD3	-2.305
SUV39H2	0.79
SAAL1	0.84
HCN1	3.0
PPAN	-0.085
SPPL2A	-0.4
PAPOLG	-0.555
PPP1R14B	-0.66
PAPOLA	0.035
DROSHA	0.57
SMC6	-0.545
ZNF608	-1.345
ZNF609	-0.475
ZNF605	0.83
ZNF606	0.795
FANCB	0.27
PRKAR1A	-0.305
WWP2	-2.105
LGR4	0.64
OGFRL1	0.725
ZNF787	1.6
USP28	-0.295
USP25	-2.36
USP24	-0.565
USP22	-0.27
USP20	-0.505
KIAA0895L	1.39
DSTN	1.9
ZBTB25	-0.6
CTNS	1.325
PRPF39	1.04
WDTC1	-1.84
PRPF31	-0.355
ALAS1	-0.375
BRWD3	-1.17
TYK2	-1.14
BRWD1	-1.99
AGTPBP1	-1.28
	-1.005
SMU1	0.35
FYCO1	1.87
SLC5A1	2.84
SYT11	-0.36
N4BP3	0.93
SLC5A6	1.395
RITA1	-0.72
RENBP	-1.36
CXCR5	-2.74
EIF1AY	1.495
DCTD	2.905
	-1.97
SLC19A2	0.215
UBALD1	1.99
SLC19A1	2.065
	1.535
MAN2C1	-0.615
CALCOCO1	-0.75
POPDC3	-0.905
	-3.175
CD36	-1.375
CD37	-1.415
GAN	-0.445
GAK	-0.75
SERPINB10	0.18
CITED2	-0.485
CITED1	0.165
MTA1	-0.325
GAA	-0.405
MTA3	-1.59
NCEH1	-0.45
EHD4	-2.335
EHD2	-2.725
EHD1	-0.25
TRMT61A	1.065
ZC2HC1A	0.845
SLC35A4	0.025
SLC35A5	-0.86
SLC35A1	0.195
	0.125
SLC35A3	0.715
ABL1	-1.22
ATXN7	-0.19
ABL2	0.55
ATXN2	0.255
ATXN3	-0.36
IGSF9	1.395
PLSCR3	-0.555
CLIP2	-0.685
SLC6A9	-0.69
SLC6A8	1.26
	-0.695
AURKAIP1	0.095
RPGRIP1L	0.97
MTAP	2.875
BCAP31	1.06
CCDC134	1.63
MAPK1IP1L	-0.545
CAMK2D	-2.615
PLAC8	0.5
NUP160	-1.475
CAMK2G	1.315
CAMK2A	0.34
CAMK2B	-0.33
ELAC2	1.72
UBXN8	0.875
ANKHD1	-1.605
UBXN4	0.365
UBXN6	-0.63
UBXN7	0.4
UBXN1	0.385
XKR5	-0.905
	0.795
TTPAL	0.26
PIBF1	1.165
FILIP1L	-1.75
HSD17B8	-1.035
XKR8	0.45
RINT1	0.14
ZNF189	1.54
SETDB1	-0.895
SETDB2	-0.985
ZNF180	-0.62
TMEM41B	-0.065
ATF4	-2.935
GRAP	-1.315
HAX1	1.195
BANF1	-0.165
GUSB	2.68
BHLHE40	-0.38
XKRX	-1.535
C9orf64	-1.635
ENSA	-0.945
TNFAIP8L1	0.57
FBXW8	0.515
FBXW9	1.135
DDOST	1.795
LPAR2	1.32
FBXW2	0.405
FBXW5	-0.71
FBXW7	0.09
NAA40	-1.175
PARD6B	1.47
PARD6A	0.34
SMIM20	0.65
	3.94
ARL4A	0.42
PGS1	0.0
ST7L	1.33
AHCY	0.34
TUBB4B	-4.18
AFMID	-2.065
TOMM20	2.535
TOMM22	2.045
AP1B1	-2.115
IGF2R	-0.39
RAB33B	2.01
MAP3K10	1.4
MAP3K11	-0.845
YPEL3	-0.64
MAP3K14	-0.195
GALNT4	-0.98
GALNT7	1.75
GALNT1	-0.97
PLXNB2	-2.82
NCBP1	0.09
NCBP2	2.505
	-1.15
NARS2	-1.11
SLC9A3R1	-0.13
SHISA5	-0.435
LIMS1	-0.855
KIF3B	-0.905
KIF3A	0.56
FAM45A	-1.96
NLE1	1.725
UFC1	-1.265
PSMG4	1.235
PSMG1	0.86
PSMG2	3.305
PSMG3	0.64
MALT1	-1.405
TRPV2	-1.12
XPO1	0.19
XPO5	2.04
XPO4	0.57
XPO7	0.19
XPO6	0.95
DOHH	-1.005
RCOR2	-1.775
MNAT1	0.335
UBE2G2	0.27
CRCP	1.25
PRDM15	-0.36
UBE2G1	1.0
PRDM10	-0.445
CPNE3	-2.225
SAFB	-0.955
CPNE1	-0.745
CPEB2	2.84
ISCU	1.105
PECAM1	0.32
FNTA	-0.475
FNTB	-0.055
	-0.63
	-1.305
RBM34	-2.19
SEPT9	0.26
GIT1	0.84
GIT2	-1.315
CYTH1	-1.275
SEPT7	-0.46
CYTH2	-2.2
SEPT1	1.435
RBM38	-0.695
	-0.33
TACC1	-1.955
SGCE	0.35
TACC3	-1.68
SGCB	0.74
TECR	1.87
DCTPP1	1.355
PROSER1	1.575
KMT2D	0.485
ECI2	-0.11
ECI1	-1.055
IPO8	-0.89
IPO9	-0.545
IPO7	-0.325
IPO4	0.18
IPO5	-1.195
FBXO10	-0.375
C2CD2	-0.28
YRDC	0.09
	-1.185
C2CD5	0.325
PRMT2	1.48
PRMT3	-0.665
PRMT1	0.735
PRMT6	0.35
PRMT7	-0.745
PRMT5	1.145
	-0.26
RNFT1	1.615
	1.265
TUBGCP2	-3.09
TUBGCP3	-0.45
TUBGCP4	-1.68
TUBGCP5	-0.69
TUBGCP6	0.67
STIM1	-0.615
STIM2	0.63
PAK4	-0.335
PAK2	-0.06
TANC2	-0.51
YIPF1	-0.505
HNRNPUL2	-2.365
YIPF3	0.315
ELF2	-0.355
RUVBL1	0.705
TTI2	-0.86
TTI1	0.76
RUVBL2	0.71
ELF4	-2.42
SS18	1.605
H3F3A	0.085
TNS3	1.02
RTTN	-0.88
TCEA2	0.5
EIF4B	-0.785
VWA5A	-0.795
AK6	2.615
	1.16
MAT2A	0.01
RHOG	-0.21
	-1.72
	0.11
TAPBPL	0.355
ICAM5	-0.345
VPS8	-1.045
	-0.93
ICAM2	-0.375
ICAM1	0.66
	0.315
	0.565
COQ10B	2.565
	0.975
COQ10A	-0.62
SPIB	-3.265
SPIC	-0.84
PPP1R12A	-0.625
	-0.01
PPP1R12C	0.26
MCPH1	0.9
JMJD6	0.59
ZNF667	0.34
JMJD4	0.53
ZNF668	1.045
	0.08
HIST1H1D	-1.26
SECISBP2L	-0.51
DDX20	0.345
SUSD3	-0.555
SUSD1	-0.625
SKP2	0.74
CHERP	-0.275
CAPZA2	0.685
CAPZA1	1.195
SPI1	-1.015
SERINC5	-1.055
SERINC1	1.78
SERINC3	-1.39
	-0.2
SNX30	0.365
SNX32	-0.745
CDH13	-1.09
CDH17	1.84
DLST	-1.485
CHM	0.345
MRPL54	-0.07
MRPL55	1.04
	1.16
MRPL50	1.815
MRPL51	0.345
MRPL52	2.06
MRPL53	1.835
ACLY	-2.865
	0.32
PLD4	0.165
PLD3	-0.18
	0.645
NFYC	0.355
NFYB	0.555
NFYA	1.005
SCAMP4	0.035
SCAMP2	-2.445
SCAMP3	0.575
	-0.95
SCAMP1	-0.78
PRRC1	-2.205
UNC45A	-2.39
POLR2E	1.705
GLYR1	-1.18
POLR2G	-0.99
POLR2F	3.19
POLR2A	-0.91
POLR2C	-0.04
POLR2B	1.43
POLR2M	1.215
POLR2I	1.05
POLR2H	2.77
POLR2J	2.91
ATP11C	0.715
ATP11B	-0.805
HIBCH	-0.165
GCA	0.965
GABPB1	0.415
L3HYPDH	0.84
	1.305
POLDIP2	0.53
CLEC16A	-0.365
RPS10	1.675
SUPT3H	-0.875
CD19	0.31
FBXO45	-0.28
FBXO44	-0.555
FBXO46	-1.555
RPS15	3.76
FBXO42	0.595
ERI2	0.565
ERI3	0.665
NDC1	1.265
ERI1	-0.29
BAIAP2	-0.555
VASP	-0.54
MLST8	0.48
XAB2	-1.97
CHD1L	-0.78
	-1.425
PER2	-0.16
PER1	0.715
SLC15A3	2.19
SLC35C2	-0.275
ENTHD1	2.84
SLC35C1	0.32
DBI	0.69
	1.285
C1GALT1	-0.905
WSB1	-0.995
WSB2	-0.35
DBP	-1.9
MAFG	1.72
DBT	1.005
TESK2	-0.28
RALGDS	-1.18
CBR1	0.725
RB1	0.13
PURB	0.265
PURA	-0.345
LDB1	0.075
AMMECR1L	0.485
LONP2	-2.54
LONP1	-1.155
TBC1D22B	1.235
TBC1D22A	-0.05
UFSP1	0.34
LZIC	1.21
UFSP2	1.305
ARSA	-0.915
ARSB	-0.255
COMMD3-BMI1	1.96
ARSK	-0.615
RFTN1	-0.865
FRYL	-2.595
C11orf53	0.635
YTHDC2	-1.19
UQCRC2	-1.185
PAQR3	2.3
BTD	0.065
DENND4A	-0.47
DENND4B	-2.195
DENND4C	-0.72
	-0.53
UQCRC1	-0.43
BTK	-2.275
STK19	-0.05
EXOC3	-1.37
BIRC3	0.215
STK10	-1.205
STK11	0.72
STK16	1.08
CALU	1.69
BIRC2	0.02
CBFB	-1.185
NAA60	1.405
RASAL1	-1.445
PCED1A	0.18
RASAL3	0.635
	0.87
	0.755
MBIP	0.365
PHB	2.39
PCED1B	-1.06
ATP5H	-0.22
CCDC6	0.46
CCDC9	-0.795
SLPI	1.96
HYAL2	1.855
CYLD	-1.605
ADHFE1	0.57
SAMD4B	-0.375
SHKBP1	-2.14
MYH9	-3.01
TP53BP1	-2.085
TP53BP2	-1.69
SNRNP70	0.015
OSTM1	-0.26
	2.08
SLC52A2	0.805
KIF1B	-1.365
KIF1C	-1.1
MITD1	2.075
PRDM4	0.41
PRDM2	-1.0
RANGRF	0.18
TMPO	-2.19
RAB5A	1.645
RAB5C	-0.195
SLC31A1	0.09
UNC119B	0.755
	-0.06
G6PD	-1.09
	2.03
RGS2	4.935
	1.53
NVL	-0.765
RGS9	0.18
GNPTG	2.185
PSMA2	0.955
KIF15	-1.46
PSMA1	0.15
PSMA6	0.03
KIF11	-2.23
PSMA4	-0.03
PSMA5	-0.295
MSTO1	0.625
RPL18A	1.28
	-0.695
TTC7B	0.18
CNDP2	-0.655
ATP5C1	1.185
ZDHHC17	-0.39
ZDHHC16	0.945
ZDHHC13	1.23
ZDHHC12	-0.065
NBR1	0.715
ZDHHC18	0.81
LGALS8	-1.01
FOSL1	2.28
CREM	0.515
TUBA4A	-1.09
KAT6A	-0.19
VEZT	0.495
ZNF410	-0.06
ZNF414	0.005
RBM12	-1.755
RBM10	0.9
RBM17	0.06
RBM15	-0.275
RBM14	-2.03
RBM19	1.125
RBM18	2.095
PPP2R1A	-1.67
PPP2R1B	0.905
ZFX	0.355
ARNT	-0.945
ZFR	0.63
TCP11L2	-0.645
CEP89	-1.2
N6AMT1	1.435
GFPT1	-1.645
	0.025
CEP85	-0.275
TWF1	0.765
TWF2	-0.915
PRPF38A	-0.24
PRPF38B	1.055
UBE2E1	0.555
UBE2E3	1.21
SLC25A22	0.945
SLC25A23	1.225
SLC25A20	0.53
TNKS1BP1	-0.54
PEX11G	-0.215
SLC25A25	-0.5
SLC25A28	0.105
BNIP1	2.085
EYA3	0.085
BNIP3	0.265
RGL2	0.08
PRKDC	-2.72
ETFA	-0.36
ETFB	-0.975
TFAM	0.895
LAS1L	0.94
SCAF11	-1.845
PDIA6	0.72
CTDP1	1.22
POGLUT1	0.19
HIBADH	1.355
BSCL2	-0.31
CAPN15	0.15
ESYT1	-1.49
ESYT2	1.375
PGM2	-1.61
FRAT2	0.305
MYBBP1A	0.205
ATF7	0.07
PRKD2	-1.25
PRKD3	0.025
MTFMT	1.27
BET1	0.395
TLK1	0.055
VSNL1	-0.995
TLK2	0.89
ATF1	-0.35
CGGBP1	-0.975
ETF1	0.96
ERCC6L2	0.625
GCDH	-0.825
MRE11A	0.22
ABTB1	-1.755
IL17RA	-1.52
HMG20A	-0.695
RMND5B	-0.555
OLFM4	3.24
THOC3	-0.37
THOC2	-0.54
THOC1	0.81
ZC3H12D	-3.88
THOC6	-0.47
THOC5	-2.4
B3GALT6	0.215
ACACA	-1.235
VRK3	-0.285
ACACB	1.96
WNK1	-0.69
	0.83
GMCL1	1.05
FEN1	-2.385
NCSTN	-0.395
TMEM63A	-0.705
TMEM63B	0.705
SNTB2	-0.63
PCBP2	-1.16
NCAPG2	-1.035
DMAP1	-1.25
FAM160B1	0.365
FAM160B2	0.05
	1.865
DPH1	2.91
DPH2	0.0
DPH3	0.9
DPH5	0.585
LPXN	-3.43
DPH7	-0.425
SPOP	-1.365
CMTM6	-1.575
TBRG4	0.885
MSX1	0.13
ABCC10	0.57
ZNF644	0.325
SH3TC1	1.41
PUM2	0.41
	-0.9
PUM1	0.87
TNKS2	-0.785
NPEPPS	0.155
SNX17	-0.37
SNX16	0.03
SNX15	0.35
SNX14	0.265
SNX13	-1.235
SNX12	0.06
SNX11	-1.005
SNX10	0.37
SNX19	0.44
SNX18	-0.92
MALSU1	0.21
GXYLT1	0.11
MARS	-0.34
NDC80	-2.005
STARD3NL	-0.315
RIC8B	-0.07
	-0.72
TNFRSF1B	0.67
LRR1	-0.395
MIB1	-0.79
STAT3	-2.32
PABPC1	-1.355
PABPC4	-0.88
DTD1	-0.525
DTD2	1.99
STK3	0.425
STK4	-2.005
TNRC6B	-1.23
TNRC6A	0.005
CPSF6	0.415
SAMD8	1.73
DBR1	0.095
MUL1	2.46
	0.195
DCPS	-0.455
PEPD	0.19
SERPINB9	1.065
SERPINB8	1.96
RAE1	0.225
ADA	-4.02
ARMC10	0.785
ADO	2.3
ADM	1.605
ADK	0.2
SERPINB7	-2.32
LRPPRC	-0.91
ADPRHL2	-0.77
RABEPK	0.265
PINK1	-1.9
GPBP1	0.1
BAG2	1.945
DCP2	1.02
BAG1	0.31
BAG6	-1.54
BAG4	1.15
BAG5	-0.09
INSL6	-1.13
GSAP	-0.88
SLC35E1	-0.14
SLC35E2B	1.0
LZTR1	-0.385
SAP130	0.255
FAM111A	-2.935
CCNL1	2.75
CCNL2	0.385
NUSAP1	-4.06
RAB3GAP1	-0.08
TMEM8A	2.2
TMEM9	1.56
RABEP2	-0.095
NPTXR	1.16
RABEP1	0.92
ZNF717	0.83
RPS26	3.065
RPS24	4.245
RPS25	-0.63
RPS20	2.545
RPS21	3.33
MIS18BP1	-2.225
	0.595
ESD	0.405
C7orf25	-0.86
LCP1	-1.46
NFKBIB	0.065
NFKBIA	-1.78
CHUK	-0.17
NFKBID	1.745
NFKBIE	-1.36
ARHGDIB	0.105
SMIM13	1.3
ARHGDIA	-0.51
FMNL3	-0.755
	-2.02
SNRNP40	0.37
TEX10	0.85
RNMT	0.8
BUD13	-0.815
YBEY	2.03
LSM14B	-1.415
LSM14A	-1.27
FANCG	-1.78
FANCF	-0.675
FANCE	1.215
FANCC	-0.375
NIF3L1	1.08
FANCA	-0.51
JAK1	-0.845
FANCM	0.7
FANCL	-0.705
DENND6B	2.95
AP1G2	-2.32
FANCI	-2.255
DENND6A	-1.51
APPBP2	1.025
	-0.435
CYB561	1.16
ATG4B	-0.305
MPDU1	1.615
ATG4D	-1.025
COX6B1	0.895
SNX3	0.39
SNX2	-0.58
SNX1	0.255
SNX6	-0.34
ARAP1	-1.32
SNX4	-1.7
SNX9	0.935
SNX8	-0.475
OSGEPL1	2.03
CKS1B	1.1
SEC61B	3.26
SYNE1	-1.87
IFT80	-2.14
TCF19	-2.21
IFT88	0.83
TNIP2	0.265
TGS1	0.655
STK35	0.11
STK38	-0.76
ELL2	0.18
DEPDC1B	-2.05
DDB1	-2.685
SHMT2	-2.845
SHMT1	-0.345
PIM2	-0.195
PIM3	2.32
PIM1	-1.835
C2orf76	1.31
BCL2L1	-0.665
SEC24D	-1.065
SEC24A	0.595
SEC24C	-0.885
SEC24B	1.04
	0.335
SPC25	0.02
SPC24	-0.705
MVP	-0.58
CCDC82	0.53
CCDC86	0.21
CCDC84	-0.015
TANGO6	0.055
MVD	-2.355
PDE4A	-0.37
PSMC2	0.0
MXD4	-0.18
PSMC4	0.005
PSMC5	-0.235
PSMC6	-0.34
DOLK	1.77
NR2C2	-0.55
NAAA	-0.27
ISOC2	-0.325
HSP90B1	0.295
N4BP1	0.54
CANX	0.73
N4BP2	-1.9
KCMF1	-0.94
IARS2	-0.53
CASP7	-1.975
MRPS35	1.19
MRPS34	0.125
ARL3	2.39
ARL2	-1.565
MRPS31	-0.045
MRPS30	0.33
ARL6	-0.675
	1.16
ZNF565	0.345
CLIP1	-1.215
	1.88
CRIPT	1.215
SEL1L	-1.065
CHRNB1	-0.14
THAP7	0.43
IBA57	-0.63
LARS2	0.955
AGO1	0.575
AGO3	1.94
AGO2	2.085
VBP1	-0.145
PPP2R3C	0.21
RGS14	0.53
C1QBP	2.21
ARHGAP21	1.52
ARHGAP20	0.03
ARHGAP27	-0.48
ARHGAP26	1.2
ARHGAP25	1.64
C8orf76	0.39
MSANTD4	-0.45
RGS12	0.18
ARHGAP29	1.16
CASP9	-1.32
	-0.08
BROX	-0.47
SIRT5	-0.93
DHFR	-0.17
HSPB1	-0.27
ZC3HAV1	-2.745
IFIT2	-0.28
INIP	0.735
MTHFSD	-0.595
RGS19	-1.285
DDX23	-0.725
DDX21	-1.825
TMEM38B	1.145
DDX27	0.585
DDX24	-1.825
DDX28	0.385
JDP2	0.84
DYRK1A	0.755
IWS1	-0.56
COPB1	-0.84
TUBD1	-1.665
COPB2	-1.97
NTPCR	0.765
APBB1IP	-1.23
B4GALNT1	-0.14
BIRC6	-0.715
BIRC5	-0.02
LSM12	0.765
	0.54
LSM10	0.97
EEF1B2	2.79
CTU2	0.66
APRT	1.83
CTU1	0.18
PKD2L2	0.45
TRIM46	1.54
TRIM44	-0.26
TRIM45	0.83
TRIM41	0.465
CAB39L	1.785
NFAT5	1.485
CDC34	2.52
TAF1A	0.705
ACAA2	-0.875
OSGEP	0.27
	2.85
NFKB1	-1.53
NFKB2	-2.91
CDC37	-0.2
SUN2	-0.24
SUN1	-0.025
	1.065
MTX2	1.43
MTX1	1.31
ATF5	-4.115
S100PBP	-0.72
SMARCA2	-1.41
ATF6	1.42
SMARCA4	-2.095
SMARCA5	-0.96
ATF2	2.3
PCBP4	0.18
RER1	1.23
PCBP1	-1.51
IL15RA	1.76
CMTM7	0.945
CMTM4	0.5
LIAS	0.395
GFM1	0.085
GFM2	-1.05
CARM1	1.18
HEXDC	1.16
CPSF7	-1.055
STT3B	0.37
STT3A	1.72
CPSF4	0.81
CPSF3	-1.43
CPSF2	-2.49
CPSF1	0.325
KIAA0930	0.52
ASPM	-2.56
ASPH	1.05
CHML	1.865
RRN3	0.575
TPI1	-0.82
BECN1	-0.875
SIAH2	-0.765
ATP8A1	-3.11
TCF12	-1.67
FNDC3A	2.46
SYNE2	1.385
SYNE3	-0.9
YBX1	-0.01
YBX3	1.33
	-1.0
NONO	-2.425
TRMT6	1.275
TRMT5	-0.275
GKAP1	-0.63
SIRT2	0.095
SIRT1	-0.22
	-0.64
SIRT7	-1.745
SIRT6	-1.315
RGS10	0.825
SIRT4	2.84
SOX12	1.81
RASA1	-1.735
EBNA1BP2	1.695
TAF1C	-0.915
TAF1B	-1.155
STIL	-0.91
TAF1D	2.055
PDPR	-0.79
LCMT2	-0.955
PHPT1	0.56
TICAM1	-0.885
DAZAP2	0.98
PHLPP1	-0.44
LRP6	0.92
RFWD3	-0.52
LRP8	0.415
TFPT	0.9
MVK	0.15
	0.5
ACP6	-1.7
ADD3	-1.155
ADD1	-1.65
ITM2C	-0.065
ITM2B	-0.04
TAF11	0.41
TAF10	1.505
LENG1	0.51
MAP4	-1.495
SEMA4A	0.34
SEMA4B	1.545
COPS7B	-0.3
LENG8	1.08
COPS7A	0.35
KLHL24	-3.67
AGPAT1	0.05
KLHL21	2.78
KLHL20	-0.58
RAPH1	0.11
TGDS	1.09
IL21R	-3.15
PHRF1	-2.325
KLHL28	0.075
FAM53C	0.18
DIS3L2	-0.965
HMOX1	-0.32
SPRED1	1.58
SPRED2	-1.12
HMOX2	-1.12
	-0.525
NIN	-0.555
ACP2	1.54
FAM168A	0.99
RPLP2	3.83
	-0.57
RPLP0	-0.235
MTG2	1.135
MLLT10	1.62
MTG1	-0.355
FADS1	0.505
ZBTB9	1.55
FADS2	-1.02
SLC35G1	-1.2
	-1.18
	0.675
	-0.155
	1.135
PTGIR	1.025
FAM117A	1.16
FAM117B	-0.31
CD79B	-0.56
CD79A	0.835
	-0.84
TAF12	-0.235
VAC14	0.165
MECP2	-1.105
PDP2	-1.3
PAFAH1B3	-2.165
ZW10	0.115
C21orf91	2.39
AWAT2	1.16
TAF15	0.585
CCNB1	-0.635
RRS1	0.06
ZNF263	-0.705
	-1.9
OXR1	-1.285
IQGAP1	-1.775
IQGAP3	-3.04
PDXDC1	-1.77
KIAA1211L	-1.555
SEMA4D	-0.355
INPP4B	-1.935
INPP4A	-1.12
DFNB31	-0.715
MATR3	-2.855
RASIP1	1.48
IDI1	1.48
MPST	0.135
KLHL26	-0.92
C12orf73	1.785
CABLES2	0.355
CD2BP2	-0.14
BCL11A	-0.55
NUP188	-0.92
METTL22	-0.495
	1.295
NMNAT1	0.09
C9orf85	-0.595
HINFP	-0.735
FXN	0.59
AHI1	-1.84
RAB6A	0.325
MUS81	0.495
C18orf54	-0.98
PARG	-0.7
PARN	-1.22
PARL	2.02
FIS1	-0.025
ATG2A	-0.48
ATG2B	0.755
HLA-DOB	-1.32
KNTC1	-3.145
MYL6	1.735
MYL4	0.585
PLEKHB2	1.58
DNAAF2	0.5
CSGALNACT2	-1.35
	-0.2
TOMM40	1.195
ABCA7	-0.655
VPS25	-0.41
BASP1	-0.465
ST14	1.16
TLR1	1.73
ST13	1.15
TLR4	0.465
FIZ1	-0.515
TLR9	-1.295
HARS	-0.22
BICD2	1.355
ADAMTS7	2.065
WDR90	0.055
HIST1H2BO	2.1
KIF5B	0.42
WAC	1.16
HIST1H2BF	1.235
HIST1H2BG	1.505
HIST1H2BC	3.03
HIST1H2BB	2.835
HIST1H2BI	3.36
HIST1H2BE	2.1
HIST1H2BM	2.02
WAS	-1.68
HIST1H2BL	2.88
HIST1H2BK	3.96
	1.545
RAB1B	-0.005
ARHGAP30	-1.13
HIP1R	-1.56
MTR	-0.78
ZBTB6	0.975
NACA	-0.03
CUTA	0.63
CUTC	-0.54
S1PR2	-4.29
RAB18	-0.185
PTPN9	0.705
RHOT1	1.65
RHOT2	1.99
RPF1	0.855
GOT2	0.365
PTPN2	0.55
PTPN1	-0.635
GOT1	1.495
PTPN6	-4.075
PTPN4	0.97
RRAS2	-0.28
CUEDC2	-0.465
ORC6	-0.125
ORC4	1.455
ORC5	2.375
ORC2	0.995
ORC3	-0.755
TIMM9	3.845
NPLOC4	-2.39
ASH2L	0.36
NDUFB9	1.525
NDUFB8	0.385
NDUFB7	-0.47
CEP44	0.155
NDUFB5	0.985
NDUFB3	-0.02
NDUFB2	-0.19
SMARCAL1	-1.13
DCUN1D2	0.18
DCUN1D4	0.88
DCUN1D5	-0.165
DDX3X	-1.455
SIL1	-0.265
MRPS17	1.25
MRPS16	1.035
MRPS15	0.37
NXT1	0.23
MRPS12	1.34
MRPS11	0.34
MRPS10	0.13
PLGRKT	-0.635
AP5S1	1.54
EPCAM	1.39
MLLT11	-0.345
	-1.165
CTSH	-0.485
CTSV	2.0
C12orf49	-0.005
CTSO	0.86
TMEM41A	3.53
CTSA	-0.02
CTSB	1.59
DDX42	-1.2
CTSD	3.305
KIDINS220	-1.33
DDX47	0.39
DDX46	-1.37
ERO1LB	0.17
CTSZ	1.77
CTSS	-0.75
GANAB	-0.195
MICALL1	0.175
ATAD1	0.805
ATAD2	-2.42
MAPK3	-1.35
MAPK1	0.815
MAPK6	0.68
MAPK7	0.33
MAPK8	1.0
MAPK9	-0.81
PTGES2	-0.045
KAT2A	1.035
DGAT2	2.03
C12orf65	2.3
APTX	0.535
SQLE	-1.29
SOCS5	-0.945
SOCS4	1.545
SOCS7	0.97
SOCS6	0.5
TRNAU1AP	-0.245
PARPBP	-0.995
DHRS7	-0.39
DHRS4	0.035
EIF2D	-0.425
EIF2A	0.435
DHRS1	-1.685
NEIL1	-4.39
NEIL3	-2.09
	1.995
SMARCC2	-2.405
SMARCC1	-1.28
USP31	1.75
GNA13	-1.62
GNA11	2.3
CYSLTR1	1.15
	-0.225
CDKN1B	1.81
TSEN54	0.225
USP32	-0.125
TXNIP	-0.79
SCAI	-0.54
INCENP	-3.08
OXLD1	1.81
CDS2	-0.39
	-2.29
SCAP	2.64
KLC2	0.525
NUCB1	0.88
NUCB2	-1.17
TOMM6	1.455
SBNO2	-1.52
SBNO1	0.945
	2.795
ELL	-1.165
HSPA14	-0.965
ESCO2	-1.53
ESCO1	0.055
NOL9	0.715
NOL8	0.16
TPK1	0.54
NOL7	0.265
NOL6	0.34
EFNB1	-0.64
BRI3	2.25
	1.81
CLUAP1	-1.34
POMGNT1	-1.04
SERBP1	0.64
EBPL	0.45
TTC9C	1.22
MGME1	-0.17
MCOLN1	0.255
MCOLN2	1.09
HTT	-0.84
CCL25	2.195
ICK	1.81
E2F7	-1.48
CNP	-3.62
RSF1	-0.935
BRAP	-1.695
AFF1	-0.87
CTNNBL1	-2.48
FCRL1	0.15
MPPE1	0.45
MAVS	-0.455
E2F2	-2.065
MAP4K1	-2.285
MAP4K2	-1.37
MAP4K5	0.345
E2F1	0.285
	-0.46
	-0.05
	-0.495
TRIM7	-1.32
	0.625
DTX4	1.26
BYSL	1.81
DTX1	-2.04
DTX2	-0.355
CCDC71L	1.37
	3.15
HDLBP	-2.285
EIF5	0.935
EIF6	0.57
POLA2	-0.825
POLA1	-3.19
PNPLA8	-0.67
	-0.995
CYB5R1	0.24
MYCBP	1.08
RAPGEF5	-0.02
RAPGEF6	-1.18
MTSS1	-3.855
RAPGEF1	-1.015
RAPGEF2	-0.6
VTA1	-0.02
FBL	0.555
CHIC2	-1.85
RBM6	-1.72
RBM5	-1.425
RBM3	1.38
CNIH4	3.15
ADCK5	-0.53
ADCK2	0.89
ADCK1	-0.05
FBXO22	0.475
FBXO21	0.45
FBXO25	0.305
NDE1	0.115
RPL36AL	2.37
CBFA2T2	-0.37
ASF1A	0.85
ASF1B	-1.74
TICRR	0.215
ZNF574	1.015
OSBPL1A	0.855
ALCAM	-0.995
SP2	-1.12
SP3	0.565
SP4	0.78
PRPF40A	0.075
RNF219	-0.57
SLAMF9	0.5
RNF215	-1.055
SLAMF6	0.035
RNF216	-0.005
PXMP4	-0.785
RNF213	-1.16
NSUN2	1.575
	1.94
	-0.45
	0.205
RBMX	-1.09
MRS2	-1.285
VPS37A	-0.77
TRPM5	-3.725
TRPM7	0.8
	-1.5
RAB40C	-0.93
SPR	1.12
GSE1	-0.83
KIAA0556	-1.19
OXNAD1	1.35
LACC1	0.325
	-0.045
ZNF106	-0.785
IFNAR1	0.1
IDH3G	-1.05
RLF	0.555
ABT1	1.94
MYCBP2	-0.87
	-0.355
ECHDC1	-0.925
DENND2C	1.16
DENND2A	-1.06
NOD2	-0.205
PMM2	-0.02
PMM1	0.735
SEPT11	-0.835
SEC61A1	1.035
SEC61A2	1.665
YARS2	2.095
RBMS1	0.155
JAG2	1.375
JAG1	2.795
CHST11	1.16
CHST12	0.725
BACH2	-2.51
BACH1	-0.785
ARCN1	0.38
BCCIP	1.905
SRD5A3	1.63
SRD5A1	1.255
TLN1	-5.01
UGGT1	0.32
RFXANK	-0.6
ZNF519	0.89
HAP1	-0.985
KIAA0430	-0.98
MKNK2	-1.28
MKNK1	0.83
	-0.525
ZNF394	0.175
ZNF496	0.065
NSL1	2.01
UNKL	1.43
MOV10	0.62
LRRC8C	-1.425
HLA-DQA1	-4.49
RIT1	0.8
TRIM56	-1.225
EARS2	0.485
CKAP2L	-2.46
FBXO2	-1.525
FBXO3	-1.14
FBXO4	-0.28
FBXO5	0.545
FBXO6	-1.73
FBXO7	-1.69
FBXO8	-0.845
FBXO9	0.85
SWAP70	-2.8
MROH1	-0.855
CAPNS1	-2.095
	3.005
MR1	1.81
RRP7A	0.99
TERF2	-0.28
	0.155
TERF1	0.525
	1.59
LIMK2	-0.235
LIMK1	0.78
RBPMS	0.83
RAB3D	0.03
RAB3A	-0.125
NAE1	0.32
MLF1	1.15
LENG9	-0.64
RAB11A	-0.68
OSBPL8	-0.625
OSBPL9	-1.305
CFDP1	-0.26
OSBPL2	0.05
OSBPL3	-0.965
ZNF746	-1.52
	0.61
	0.855
CBLB	-1.585
UGCG	2.37
RAB30	0.72
SAPCD1	0.725
SAPCD2	-0.365
HAPLN1	-1.44
APMAP	0.885
TNFAIP8	-0.205
TNFAIP1	1.205
TNFAIP3	-1.21
MTRF1L	0.0
	-0.345
CA13	-1.12
AKIP1	0.665
CEP68	-0.865
ARV1	-0.26
ATOX1	1.57
ALDH3A2	-1.395
FBXW11	0.54
DOT1L	0.655
	0.39
FAM98C	-0.125
FAM98B	0.4
FAM98A	-0.445
BOD1	0.18
ENPP1	-3.2
PJA1	-1.445
PJA2	-2.045
ATP6V1D	-1.16
ATP6V1F	2.54
ATP6V1A	-3.445
ATP6V1H	-1.825
	1.395
	1.24
TMEM39A	2.745
IMMT	0.37
JTB	0.71
METTL23	1.01
KIAA0232	0.42
KIAA1328	0.18
USPL1	1.575
PDPK1	0.325
REEP3	-0.41
REEP2	0.37
REEP5	-0.095
REEP4	0.445
REEP6	0.92
CRKL	-0.255
KIAA1217	-0.18
AP2A1	-1.645
IFT122	0.075
PDGFA	1.555
STAU2	-0.16
HEG1	-0.415
GTPBP2	-1.425
ATRN	0.01
BIN1	-1.065
BIN3	-1.735
BIN2	-1.095
SUCLA2	0.015
KLHDC3	1.49
	1.17
PDCD10	0.035
PDCD11	-1.19
PACS1	0.815
PACS2	-1.1
NIP7	1.625
TBL1XR1	1.925
AGAP2	-0.825
AGAP3	1.085
	-0.87
TBC1D8B	0.32
ZWILCH	1.74
HTATIP2	-0.705
KNSTRN	0.38
SIRPA	-0.26
PPM1E	-1.11
BRK1	0.21
DUSP5	-1.19
EEFSEC	0.265
ASCC1	-1.34
DUSP6	-0.38
DUSP1	0.5
DUSP3	0.315
DUSP2	-1.31
RPL8	1.575
MFGE8	0.18
IRAK1BP1	-0.89
PPM1M	0.675
ACYP1	0.275
ACYP2	0.145
PPM1J	0.83
	0.295
OGG1	0.07
STOM	2.22
GPALPP1	-0.875
DLGAP4	-1.665
CC2D1B	-1.67
	-1.065
HSCB	-0.095
SMOX	1.26
ITFG1	1.505
COA5	1.28
COA4	1.81
COA7	2.56
	1.765
COA3	0.8
PAK1IP1	0.865
TARS	-3.24
UBR2	-1.33
ACTB	0.275
TAF5L	1.655
UBR7	-0.4
UBR5	-1.31
LRBA	-0.505
VCPKMT	1.26
	1.67
HSPA12A	-0.33
EIF2S1	0.765
FAM219B	0.03
FUT8	-0.435
MIDN	-0.06
CLPX	-0.33
DSN1	0.13
YARS	-1.975
CANT1	-0.475
SDF2L1	1.205
MGRN1	-0.775
TGFBRAP1	0.93
UXT	0.165
SLC25A3	0.715
	-2.06
POLG2	0.93
SCCPDH	1.26
SLC25A5	0.79
SLC25A4	0.085
C1orf174	1.12
FTH1	2.015
CACNG6	-0.63
	1.185
RAC2	-1.08
RAC1	0.165
PPP5C	1.82
ANGPTL4	1.66
LYAR	0.42
C11orf58	1.025
CLCC1	1.2
ZNF48	-0.095
TDG	0.99
EID1	0.525
PYCR2	-0.34
PYCR1	-1.775
NMI	-0.165
LY6E	0.595
LY6D	1.51
SRF	2.08
	1.0
NFE2L2	1.03
NFE2L1	-0.37
SRI	0.5
GK5	-0.98
SRL	0.53
SRM	2.34
GNPAT	1.135
RASGRP2	-2.28
RASGRP3	-2.0
KIAA1147	0.165
DNA2	0.175
PYCRL	0.415
SPIRE1	2.42
ATPIF1	0.55
CCSER2	1.27
EMC10	-0.27
ZNF665	-0.36
KIF13B	-1.485
SDHA	-0.925
SDHC	0.36
SDHB	-0.615
SDHD	0.625
	0.365
TLE3	-0.445
RPS4Y1	1.13
LEPROT	2.64
ETAA1	-0.87
ANKS1A	1.06
ANKS3	0.36
ATP6V0D1	-1.565
GRK6	-0.36
	-3.305
ANKH	-1.06
ATP9B	-0.43
TADA2A	1.045
DCTN2	-1.01
DCTN3	0.065
DCTN1	-2.71
DCTN6	1.36
GORASP1	0.325
DCTN4	-0.78
DCTN5	0.75
DHDDS	0.0
ZNRF3	1.1
ZNRF2	0.095
SLC38A10	-2.085
	1.425
C1orf54	1.28
GLRX	-0.88
ATXN10	-2.105
C1orf52	1.625
ZNF839	-1.1
PLEKHF2	0.91
ZNF830	0.905
DUSP4	3.815
FERMT3	-0.98
ERMARD	1.145
ATXN1L	0.475
SYS1	0.18
ETS2	0.03
ETS1	-3.05
SEC22B	-0.685
SEC22A	0.88
PTPN18	-0.355
PTPN12	-0.6
P4HB	0.645
CDIP1	0.335
ZFAND2B	0.18
ZFAND2A	-0.065
ITGB1	0.685
PIGA	1.52
ITGB3	-3.435
ITGB2	-1.995
ITGB5	0.625
PIGF	3.25
PIGG	0.105
PIGH	0.64
TSR3	0.3
TSR2	3.09
PIGL	-0.26
MMS22L	-0.105
C14orf119	1.225
PIGO	0.02
PIGP	1.44
PIGQ	-0.89
PIGS	-0.84
PIGT	1.48
PIGU	2.295
CAPRIN1	-1.43
PIGX	1.43
GOPC	-3.235
	0.6
GNL3L	-3.555
DOCK8	-1.595
ZNF768	-0.985
TMX4	-0.37
TMX1	0.935
TMX3	0.325
TMX2	1.065
	0.365
CDIPT	-0.59
ARL13B	0.44
	0.955
BTF3	1.475
PPP2CA	0.405
PPP2CB	-0.34
NAGA	-0.105
	0.415
LLGL2	-0.28
LLGL1	0.02
NOC3L	0.055
C1orf35	-1.18
SCD	-0.75
PTAR1	0.31
XYLT2	0.755
XYLT1	-1.05
ANXA2	-5.02
CBLL1	0.895
KDELR2	1.64
OFD1	-0.915
KDELR1	1.295
	-2.75
RAB11FIP1	0.025
LRIG2	-0.005
MORC2	-0.785
THYN1	1.265
SLITRK1	0.5
	-0.605
	-0.87
ANXA4	-0.125
ARHGEF39	-2.05
PPP3CA	-1.845
PPP3CB	-0.56
NCLN	2.215
ARFRP1	0.26
PTBP3	-3.32
PTBP2	0.18
PTBP1	-1.075
ITPK1	-0.19
CHCHD3	0.965
CHCHD1	0.95
CHCHD6	1.12
CHCHD7	-0.75
CHCHD4	1.675
	-0.75
LMO2	-3.305
LMO4	0.79
LMO7	-1.46
	0.14
PBXIP1	-2.16
GCLM	0.1
GCLC	-0.11
ALDH2	-1.945
NHP2	2.4
FAM173A	-0.56
IFT140	-2.915
TRIM28	-1.92
TRIM24	0.085
TRIM25	0.35
TRIM26	-1.405
TRIM27	0.14
MFSD2A	2.325
CTDSP1	-0.865
ITPKC	0.175
FABP5	2.18
SART3	-0.025
SART1	-2.29
TTC5	-1.15
TTC4	-0.16
TTC7A	-1.57
TTC1	1.37
RPL7L1	0.915
NELFCD	-1.905
TTC8	1.96
DOLPP1	0.805
SUCLG1	0.09
GATAD2B	-0.475
GATAD2A	-0.305
VGLL4	1.15
LCMT1	-0.125
UBE2D3	2.205
NUP50	-0.32
	-1.455
NUP54	1.13
ATL3	-1.735
ATL2	-1.33
LDLRAP1	0.97
ZNF316	1.6
PEX26	0.54
DSCC1	-0.54
FARP2	1.27
RPL28	0.83
RPL26	4.2
RPL21	1.48
RPL23	3.58
RPL22	3.12
TRIM14	0.64
BCAR1	-0.125
BCAR3	0.5
SORL1	-2.23
STRN4	-0.26
STRN3	0.08
ATP13A1	0.72
ATP13A3	-0.61
ATP13A2	-0.52
PMVK	-1.6
RANBP10	-1.345
PKD1	-0.055
GPX1	2.98
B2M	3.385
GPX4	2.15
SULT2B1	0.18
UNC50	0.84
THEM6	-0.525
THEM4	1.65
SPG7	-0.045
UBE3B	-0.725
UBE3C	0.965
UBE3A	0.015
UQCRQ	1.645
HSPD1	1.285
UQCRHL	1.405
UQCRB	2.665
RMI2	0.295
METTL8	-0.64
METTL9	-0.17
CEP170	-0.945
METTL1	2.37
METTL2A	0.375
METTL3	-1.835
METTL4	0.995
METTL5	-0.62
METTL6	-0.265
PHF3	-0.325
FASTK	0.96
CCAR1	-0.12
CCAR2	-1.325
UBP1	0.425
COG8	-1.48
AVEN	1.335
PTRHD1	-0.12
COG3	1.115
COG2	-0.805
COG1	-0.26
SZRD1	1.535
FLI1	-1.81
COG6	0.925
COG5	0.915
COG4	-0.235
SC5D	0.48
MAGEE1	-0.88
LSM5	0.25
TPD52L2	1.06
TAP1	-1.185
UBAP2	-1.64
UBAP1	-0.06
TAP2	-0.295
KLHL42	1.595
POLE4	0.345
FLII	-1.235
POLE2	-1.28
RAB10	0.695
RAB12	0.66
	-0.73
SIKE1	1.115
GNG10	1.25
GNG12	0.215
RAB14	0.01
ATRIP	-0.335
TFRC	3.655
ARHGAP11A	-2.215
MIEN1	0.235
	0.22
HPSE	-2.585
ST7	-0.02
P2RX4	0.41
PSKH1	0.73
MPHOSPH9	0.51
MPHOSPH8	-2.39
KLF11	0.84
KLF10	0.315
	0.115
TFG	0.185
MPHOSPH6	0.04
NCL	-2.595
KCTD3	-1.465
DTL	-0.55
PHB2	1.27
ALS2	-1.73
HPS5	-1.83
HPS4	2.22
WDFY4	-1.19
HPS1	-1.43
WDFY2	0.63
HPS3	0.83
BRIP1	-1.935
LAMTOR4	0.035
LAMTOR5	1.53
ORC1	0.005
LAMTOR1	-1.66
LAMTOR2	1.095
DHX58	-1.9
FAM133B	2.09
SERPINB6	1.46
CBL	-2.4
FAM199X	1.245
ZNF277	0.31
UCK1	0.985
UCK2	1.325
APEX1	0.73
ZNF148	-0.64
ZNF143	-0.38
ZNF142	1.035
	-1.58
ZNF146	-0.61
PUS7L	0.375
SOAT1	-1.15
	1.16
IAH1	-0.88
C17orf49	0.065
LDLR	-0.555
ILVBL	-0.415
	2.34
	0.08
	-1.575
	-0.66
PPTC7	2.01
HIST1H4C	1.745
SLC7A6OS	0.96
RNASEH2A	0.88
KBTBD7	-1.23
KBTBD4	-0.94
KBTBD3	0.5
KBTBD2	-0.66
GLG1	-0.685
PIP4K2A	-0.61
KBTBD8	0.615
PRELID1	0.465
METTL7A	-0.125
RCE1	1.01
ATP7A	1.155
NEU1	-0.72
RSAD1	0.03
ZNRD1	0.325
SLC8B1	1.985
GPD1L	-0.83
IP6K2	-2.05
IP6K1	-1.185
NME6	0.57
NME7	-1.085
NME1	0.995
NME3	0.61
HAT1	0.95
ARPC5L	-0.16
EAPP	0.62
SFPQ	-1.515
SLCO4A1	-0.44
	-0.695
	-0.12
PGRMC2	1.955
PGRMC1	1.25
	1.675
HID1	0.07
	2.84
LRRCC1	0.495
BLVRA	-2.14
CARNS1	0.5
ZDHHC1	1.13
ZDHHC3	0.48
DDIT3	0.89
DDIT4	-2.98
ZDHHC4	0.165
ZDHHC7	-1.1
ZDHHC6	-0.315
ZDHHC9	0.105
ZDHHC8	-1.67
VPS18	-2.45
RAP1GDS1	-0.735
CST3	1.465
	0.24
	-0.63
GTF2F1	-1.91
GTF2F2	0.62
R3HDM2	-1.475
LRRFIP1	-0.085
	-1.81
	0.15
MLEC	-1.295
PDSS2	-0.01
PDSS1	1.3
SPTAN1	-1.2
CASD1	-0.165
HIVEP1	-0.315
HIVEP2	-2.445
DONSON	0.375
	-2.075
ZNF703	0.595
ZNF704	1.26
ZNF707	1.235
SF3A3	-1.275
REPS1	-0.475
ABHD11	1.495
ABHD12	-0.235
KCNAB2	-0.4
BBC3	0.84
	-0.515
CCT8	1.24
CCT2	0.755
CCT3	0.35
CCT7	-0.565
CCT4	-0.205
CCT5	-0.085
DTYMK	-0.09
ARPC2	-0.525
FBXO30	0.275
CREBZF	0.225
FAM129C	-1.33
ARPC4	0.88
	-0.55
NOTCH1	-1.03
NOTCH2	0.895
MEST	0.455
RPS19BP1	0.0
SKIV2L	0.325
BPHL	-1.05
	1.19
VAMP1	0.735
VAMP3	-0.145
VAMP2	1.41
VAMP4	0.485
AMER1	-0.8
CERK	-0.39
	-0.745
SEC14L1	-2.515
	-0.56
	-0.53
ISYNA1	-0.195
MYL12B	1.07
	-0.315
MCM7	-3.735
MCM6	-1.46
MCM5	-2.39
MCM4	-3.17
MCM3	-1.395
MCM2	-2.235
FADD	0.21
COX7B	3.64
MCM9	-0.3
MCM8	-1.02
NXT2	0.295
CECR2	-2.275
SPRY2	0.72
MRPS14	1.355
TMEM30A	-0.005
LMAN2L	1.44
DALRD3	0.695
FAM107B	-1.04
MEPCE	-0.085
CROT	-1.255
RNF114	0.755
RNF115	0.365
HUS1	2.275
FOXN2	-0.53
	1.465
PCMTD2	0.515
GFER	-0.57
PCMTD1	-1.44
CHORDC1	0.365
CYP51A1	-0.94
	0.315
FBXL15	-0.755
FBXL14	-0.235
FBXL17	-1.31
FBXL19	0.39
FBXL18	0.32
ZNF287	-0.28
ZNF281	-0.135
ZNF282	-1.435
KATNB1	-1.43
NUP37	0.91
NDFIP2	1.155
NDFIP1	-0.12
NIT2	0.69
NIT1	0.03
PTK2	-0.625
GLOD4	-0.945
CD2AP	-0.93
PYGB	-1.69
HECA	0.3
ODC1	-0.42
PFAS	-0.055
GRAMD3	-1.195
MTPN	1.935
MYBPC2	-0.835
DGUOK	-0.045
PDAP1	1.44
HACE1	0.5
EXT2	-0.585
LONRF1	0.9
DGAT1	1.11
TMPPE	1.07
MADD	-1.725
RNF31	0.005
BAHD1	-1.74
SPEN	0.105
KDM8	0.91
MDP1	1.49
GEMIN8	1.33
ORMDL2	1.69
ORMDL3	2.055
MAT2B	-0.01
FKBPL	-0.33
	1.56
GEMIN7	0.05
GEMIN4	-0.085
GEMIN5	2.49
SPPL3	0.955
SPSB3	1.3
SPTSSA	-0.605
CMSS1	1.63
CTXN3	0.46
PHF14	-0.34
DDX49	0.665
PHF10	-2.235
PHF12	0.275
PHF13	0.53
TMEM120B	0.83
PHF19	-2.64
CPE	2.2
MOSPD3	2.285
MOSPD2	-1.605
MOSPD1	1.76
CSRP1	-0.35
CSRP2	2.515
GEN1	-0.74
CEP152	1.07
	-0.22
FKBP4	0.1
DDX41	0.43
FKBP7	1.26
ACADSB	0.07
FKBP3	0.095
KANK2	-0.72
FKBP8	-1.385
PDHX	1.735
CTSC	1.305
ZNF628	-0.85
WASF2	-0.585
TRAPPC8	-1.07
SRGAP2	-1.225
PSAT1	-1.725
	-0.065
PDHB	0.36
NIPBL	-0.95
PRKCSH	1.005
C3	0.26
TRAPPC3	-0.675
MCUR1	-1.18
CCHCR1	-0.22
TRAPPC5	0.355
CARS2	0.515
AP1S1	0.65
AP1S2	-0.54
AP1S3	1.96
CAPN7	-0.68
	0.86
	0.26
FGFBP3	0.06
CS	-0.845
TM9SF1	-0.495
NOP9	-0.04
GNS	2.225
BLCAP	1.74
CENPM	0.9
CDCA2	-1.465
CDCA3	-0.815
ZNF516	1.115
ZNF511	1.73
CDCA4	-0.12
CDCA5	-0.11
	1.91
CDCA8	-1.025
KRBA1	-0.89
PEMT	1.54
FZR1	-2.56
ATAD5	-3.03
RBKS	0.865
MED29	1.725
MED28	0.59
CEP128	-1.785
MED21	2.18
MED20	0.67
RASSF3	0.215
	0.26
RASSF5	0.89
MED24	-0.42
MED27	-0.015
RASSF6	-0.99
	-1.24
DNM2	-2.345
SPHK2	-1.1
TSKU	1.43
	-0.05
IQCB1	-2.2
GRTP1	0.03
DVL2	-1.35
DVL3	0.22
REV3L	0.865
UCHL5	2.24
KLHDC10	-0.625
UCHL3	0.61
FAM171B	0.155
MEAF6	0.94
	0.6
CENPW	2.145
TMBIM6	0.04
TMBIM4	1.83
CENPU	-1.115
TMBIM1	0.815
C16orf70	0.99
COMMD10	-0.6
TVP23B	2.55
CKAP5	-3.225
PEF1	-0.385
NDUFAB1	-0.51
NHLRC2	-0.27
SCAND1	-0.185
IST1	-0.9
CASKIN2	0.125
ZMPSTE24	0.72
RCC1	-0.105
RCC2	-1.995
TIRAP	-0.36
EML2	-2.49
EML3	-1.11
EML4	-0.985
EML5	-0.39
	0.7
ATP5J	1.48
AFG3L2	0.405
ATP5O	0.185
ATP5B	-0.245
PUS10	-0.71
	1.3
ATP5D	0.285
ZNF3	0.705
TXLNG	0.885
CEPT1	0.825
TXLNB	0.83
TXLNA	-1.855
TJP2	0.77
HSPBP1	0.63
	0.5
CPEB4	-1.175
RPA1	-2.09
RPA3	1.85
RPA2	0.3
PLK1	-1.82
TMEM177	0.44
TMEM175	-1.16
TMEM173	-0.11
C2CD3	-1.565
SPINT2	0.57
IFT27	-1.06
IFT20	0.055
IMMP2L	2.095
	-0.575
RAP2C	-0.91
PLEKHJ1	1.25
	-0.255
PDXK	1.205
ELF1	-1.295
ZKSCAN3	-0.835
YIPF2	0.44
YIPF5	-0.245
YIPF4	1.81
YIPF6	0.81
PPT1	0.53
PPT2	0.91
TRIM65	0.855
SLC26A2	1.21
SLC26A6	1.48
IER5	0.765
SFR1	-0.41
	-0.46
MAGOH	1.755
	-1.86
HIST1H1C	0.225
JUNB	2.665
WWP1	0.06
LIME1	2.64
FTSJ3	-1.215
FTSJ1	-0.29
	-0.55
ZKSCAN5	1.48
DAD1	2.45
CBR4	-0.09
CENPC	-1.88
THOP1	-0.385
	1.16
	0.135
	-0.535
KSR1	-1.17
EXOC2	-1.78
ST3GAL2	0.09
ST3GAL1	0.57
EXOC1	-1.765
EXOC6	-0.615
EXOC7	-0.89
EXOC4	-2.1
EXOC5	-2.035
EXOC8	-0.37
	1.81
	1.16
C19orf54	1.81
RRM2B	-3.18
UQCRFS1	1.12
NFXL1	-1.36
SNRPA1	0.32
ZNF18	0.295
RICTOR	1.75
DHX8	-0.675
DHX9	-2.61
METAP1	0.565
METAP2	-0.34
ZNF585A	0.5
ZNF778	0.045
COTL1	2.84
	-1.93
	3.1
	2.0
	0.855
WDR35	-1.54
WDR34	0.2
WDR37	-1.13
WDR36	0.37
PINX1	-1.2
WDR33	-0.15
RPE	0.665
VWA8	-1.02
GMPPA	-0.98
GMPPB	-1.57
BCORL1	-0.345
PTCH1	1.44
YME1L1	-1.365
GSTP1	0.715
TMEM203	2.415
WIZ	0.185
SHARPIN	-1.26
FDPS	0.375
XPC	0.09
CMPK1	-0.66
XPA	1.01
GPANK1	-0.08
PDLIM7	-0.725
SUDS3	0.365
TEN1	0.06
CNOT6L	-1.725
SUPT4H1	2.205
CYBA	0.725
C5orf51	0.465
BFAR	1.145
SMARCAD1	1.9
FAF1	-0.345
FAF2	-0.595
TIAM1	-0.52
MAPKAP1	-0.735
ZNF7	-0.11
ZFP1	1.25
RNF130	0.38
RNF135	-0.63
RNF138	2.03
RNF139	0.21
ITGB1BP1	1.31
APLF	1.16
PCK2	-4.445
RPP40	1.87
PTER	0.335
TBC1D23	1.61
PTEN	0.93
TBC1D20	0.075
RELN	-0.25
TBC1D25	1.565
GRN	0.225
RELB	-1.29
RELA	-0.77
ZNF266	0.83
DHX40	-0.875
IER5L	1.96
AFAP1	1.16
C9orf16	2.305
	0.23
	-0.655
	-0.02
MTRR	0.27
	-0.525
	0.675
RMDN3	-0.17
FRG1	-2.63
WTAP	1.3
COX5A	1.095
	1.655
FRMD8	-1.4
MPV17L2	0.33
OCEL1	-0.64
	2.47
MSL1	2.62
MSL2	-0.015
MSL3	0.145
	0.18
CCP110	0.515
PAFAH2	-0.49
GPT2	-1.75
LARP4B	-0.835
CHFR	-0.46
ATAD2B	-0.385
RCHY1	0.925
E2F6	0.09
E2F5	1.88
E2F4	-0.485
E2F3	-1.145
TMEM126A	0.145
TMEM126B	0.255
JARID2	-1.29
TOP1MT	0.53
E2F8	-1.525
BRAF	-0.08
BOLA1	1.34
BOLA3	0.49
	2.25
KATNBL1	0.18
GUF1	2.745
RABGAP1	-2.16
	-0.93
	-0.46
CEP135	-1.325
ARRB2	0.23
ARRB1	-1.1
GMEB2	-0.32
GMEB1	0.38
	0.46
	1.055
PGLS	-0.425
	0.535
PNPO	-0.71
RAD17	-0.495
KRCC1	-0.18
PI4K2B	0.37
PI4K2A	0.19
GTPBP4	0.395
GTPBP6	0.41
GTPBP1	-1.155
GTPBP3	1.16
AP2A2	-1.08
KLHDC4	-0.71
KLHDC2	0.6
GTPBP8	0.38
XBP1	-2.13
TPST2	1.235
TPST1	-0.385
	-0.33
KLC4	-0.815
	1.17
UBXN11	1.46
SEC11A	2.715
HSPA13	1.365
SEC11C	0.205
	-1.56
TOMM7	2.57
ARPP19	2.455
ILKAP	0.32
KLHL6	-3.945
MGA	0.565
	0.895
TBP	1.6
ARL14EP	-1.095
MRGBP	2.945
SHD	1.16
RREB1	-0.925
SMC1A	-3.395
ADNP	-1.415
TRABD	0.745
SLMAP	0.035
RAI1	-0.525
GOLGB1	-2.715
CFP	0.88
FAM118B	0.21
CGRRF1	1.32
KIF21B	-2.96
CDC42BPG	-1.585
CDC42BPA	-0.825
CDC42BPB	-0.31
PDZD8	-0.22
ZFP41	0.83
BAK1	-0.04
ALG10	1.015
PHF8	-2.07
CACUL1	1.81
PHF6	-0.905
PHF2	-1.1
HSDL1	0.075
	0.785
	-0.835
TNPO2	-0.7
TNPO3	-0.76
TNPO1	0.94
ANKZF1	-1.86
CDKN2AIPNL	0.205
FHIT	0.625
PLA2G12A	0.15
APC	1.28
	-1.31
ABCB7	0.0
ABCB6	0.68
MIS18A	-0.785
ABCB8	0.355
SLBP	-1.505
ARPC3	-0.06
ARPC1B	-1.08
ARPC1A	-0.56
PDIA4	0.615
PDIA3	1.42
ARPC5	0.035
CHSY1	-0.555
ITPR2	-1.235
ITPR3	-2.6
ITPR1	-1.375
	0.94
SPATA13	-0.94
IFT46	-1.045
RUNDC1	-1.1
SFT2D3	0.83
SFT2D2	-2.24
DAPP1	-0.44
PAX5	-2.525
TXNDC15	0.265
MPHOSPH10	1.24
FLYWCH1	-0.325
	0.84
RPGR	0.64
U2AF2	-1.095
STOML2	0.1
HIST1H3H	1.93
HIST2H3D	1.365
HIST1H3D	2.24
HIST2H3A	2.445
HIST1H3J	0.4
HIST1H3A	2.75
HIST1H3I	1.95
TELO2	-1.13
HIST1H3E	2.635
HIST1H3F	0.01
PAIP2B	-0.26
LEMD2	1.03
TRAPPC9	-1.805
TCEANC2	1.3
PHTF2	-0.385
TRAPPC1	-0.64
RTCB	1.05
RTCA	1.105
VCL	1.0
TRAPPC4	-0.135
VCP	-2.74
CAPN5	1.16
CAPN2	-0.745
CAPN1	-2.66
	0.02
	2.36
NSD1	-1.28
MTOR	-1.13
	0.51
	-2.78
CHAC2	1.18
TIMM17B	-0.115
TIMM17A	2.005
GLRX5	1.84
GLRX2	1.315
GLRX3	-0.025
ARFGEF1	-0.715
ARFGEF2	-1.245
TMEM167B	0.005
GID4	0.805
ZRSR2	1.185
PELI1	-0.595
MBLAC2	-0.75
SPDL1	0.095
SYMPK	-1.2
GID8	0.48
GTF3A	1.455
GMPR2	-1.17
	0.06
GATC	0.56
NRD1	-2.195
GOLGA2	-0.745
WDR13	1.415
WDR12	0.06
WDR11	0.005
LAIR1	1.48
WRAP53	0.245
WDR19	1.16
WDR18	0.305
ANO6	-0.4
C17orf53	-0.995
BUB1	-0.37
BUB3	-2.6
	1.67
RAD18	-0.655
ABLIM1	-1.365
ATXN7L3B	-0.72
CDC25C	-1.67
CDC25B	-4.425
CDC25A	-1.565
FAM207A	-0.34
	2.57
ZGPAT	0.0
MTIF3	0.245
MTIF2	1.0
ZNF436	-1.31
SLC10A3	1.8
OMA1	-1.17
NEDD9	-2.03
CD164	2.765
ZFYVE21	0.03
ZFYVE27	0.505
ZFYVE26	0.36
UQCC1	0.36
GOLPH3L	-3.075
EFTUD2	-1.435
UQCC2	1.32
SRPK1	0.115
CSNK2B	-0.015
ABRACL	0.685
SRPK2	-1.145
NEDD8	1.415
NCF2	-0.65
NCF1	-1.11
SLC10A7	0.325
SRPR	-0.635
NCF4	-0.47
NEDD1	-1.58
GRINA	-0.46
	-2.725
SEC62	0.76
SEC63	0.405
SYPL1	-0.2
	0.835
RNF38	1.215
ANKRD16	-0.95
ANKRD17	-1.365
RNF34	-0.9
HDGF	1.52
ANKRD12	0.21
ANKRD10	0.56
ANKRD11	1.63
YWHAZ	2.655
FOXJ2	1.16
FOXJ3	1.085
SPCS2	1.185
SPCS3	-0.145
YWHAH	-0.905
YWHAB	-0.54
BCL9L	-2.13
CWF19L1	0.39
	-0.36
YWHAE	-0.055
TMEM106B	-1.555
GIGYF1	0.07
GIGYF2	0.55
RPP21	0.755
PCM1	-2.115
CDYL	0.005
MYO9B	-1.23
MYO9A	0.135
ZNF248	2.64
HMBOX1	-0.28
GOLPH3	0.32
HARS2	0.645
NUP205	0.31
	-1.11
SH3GLB1	0.715
SH3GLB2	0.83
	0.57
MTTP	-0.95
	1.04
	-0.87
RABGEF1	-1.13
BCAT2	0.065
BCAT1	-1.3
DUSP28	0.5
CIB1	0.13
DUSP22	2.21
ZBTB12	1.995
	-0.97
TREX1	0.03
HERPUD1	-1.53
C1orf43	1.255
PHF5A	2.27
MED11	0.7
ZFPL1	0.62
KHDRBS1	-2.04
PLIN2	0.95
PLIN3	-0.78
MCTP2	0.045
ZBTB18	1.25
	2.21
TFB2M	-0.63
	1.94
SAFB2	-1.565
MKLN1	-0.165
ISG20L2	1.48
BCR	-0.8
MAP4K4	-1.165
CHD1	0.685
SPIDR	-1.79
CHD3	-1.51
CHD2	1.085
ZC3H7B	-0.785
ZC3H7A	-1.285
CHD6	-0.93
CHD9	-0.8
CHD8	-0.2
YWHAG	-1.475
NOB1	0.74
PPP6R2	0.64
PPP6R3	-2.105
PPP6R1	-0.57
CWF19L2	0.53
IPO11	0.51
IPO13	0.15
ING4	-0.705
ERP44	-0.67
FYTTD1	0.36
FH	-1.145
TMEM106C	-0.275
FLCN	0.19
ING1	-0.15
COIL	-0.685
ENGASE	0.57
THRAP3	-1.395
TECPR1	-0.33
TECPR2	0.36
PRAF2	0.98
DICER1	-1.22
AARSD1	0.83
RAP1B	1.47
EBP	0.755
GLO1	-0.04
	-0.98
NGRN	0.84
RACGAP1	-1.815
CNPY4	0.38
CNPY3	1.16
CNPY2	0.32
	-0.19
CDC42SE1	-1.145
SMG5	-0.335
SMG7	2.095
SMG6	-0.915
SMG1	-0.5
ADH5	-0.765
ANKFY1	0.425
KIAA1109	-0.59
SMG9	-1.53
SMG8	0.68
NREP	0.84
EDEM2	1.035
EDEM3	-0.565
EDEM1	-1.15
ATP2C1	-0.45
KYNU	-2.275
XXYLT1	1.28
EGR3	0.83
EGR1	3.825
TRADD	-1.515
	1.73
UHRF1BP1	-1.325
ME1	-0.795
ME2	0.24
FAM193A	-1.515
	0.49
HSBP1	-0.19
WDR7	-2.0
BRMS1L	-0.32
SRXN1	0.03
AASDHPPT	1.4
CCDC77	0.475
	0.375
SGTA	0.29
MRI1	-0.765
EPG5	-0.955
NFATC1	-1.925
NFATC2	-0.865
NFATC3	-0.75
B3GALNT2	1.58
LARP1	-0.01
TSPAN13	0.53
TSPAN14	1.26
NRBF2	0.84
SOWAHC	-0.53
ESPN	1.99
FLAD1	-0.72
ANKRD9	-0.33
	1.32
NDUFA10	0.26
NDUFA11	0.745
NDUFA12	0.87
NDUFA13	0.3
WEE1	-1.205
AP5B1	-0.23
GPATCH11	-0.54
DET1	0.79
ABCD3	-0.76
ABCD4	0.125
CLSTN2	-0.08
TMEM131	-2.135
POMP	0.675
SLIRP	1.92
TMEM135	0.16
TMEM138	1.22
NDUFAF5	0.48
MOCS2	1.34
NDUFS2	-0.535
NDUFS3	-0.87
NDUFS4	0.795
	1.74
NDUFS6	1.155
NDUFS7	0.955
NDUFS8	-0.43
ATP6V1B2	-1.19
	1.595
POMK	0.665
TP53I11	1.54
TP53I13	1.43
ATP1B2	0.5
ATP1B3	1.265
LRRC25	0.5
LRRC24	1.78
ARFGAP2	-2.15
CLPTM1	-0.26
ARFGAP1	-1.725
MVB12A	-1.435
ZFP36L2	3.015
LARS	-3.65
	2.385
GAS2L3	0.035
MED13L	0.095
LIMA1	-0.78
CCNY	0.57
	0.13
CCNF	-1.66
CCNC	1.285
CCNH	0.83
CCNJ	0.83
CCNK	0.07
	2.3
HNRNPA0	0.14
SIVA1	0.59
LRCH3	-0.45
WBP2	0.615
CACTIN	0.295
PLEKHN1	1.97
WBP4	-1.02
PTDSS1	1.04
PTDSS2	1.22
	-0.38
ASAH1	0.0
C1GALT1C1	0.16
PICALM	-1.07
CDC5L	-0.895
ROMO1	1.745
HIGD2A	2.385
PELO	-0.09
RINL	1.88
HIST1H3B	3.475
HNRNPAB	0.305
IMPACT	0.355
TSEN34	-2.07
TMEM128	1.745
SYNJ1	0.28
SYNJ2	1.09
	1.81
DNAJB9	1.635
FBXO28	-0.58
DNAJB1	-0.06
DNAJB6	0.83
DNAJB4	0.245
WDR78	0.83
XRCC1	-2.32
WDR70	0.39
WDR73	0.45
XRCC2	1.88
XRCC5	-0.8
WDR74	0.455
WDR77	1.805
WDR76	-0.755
HMCES	-4.84
CAMSAP2	0.075
CAMSAP1	0.72
PTCD2	0.4
	-0.81
ATP5J2-PTCD1	0.01
HS6ST1	-0.185
TDRD3	-0.105
TDRD7	-0.535
SRP68	-1.025
ATP6V0A1	-2.65
ATP6V0A2	0.43
SP1	-0.48
B3GAT3	0.06
ACAD10	0.25
ZFP64	0.32
ZFP62	-2.02
	2.62
AHDC1	1.26
NCDN	0.165
TOR4A	-1.815
GFOD2	2.03
GFOD1	0.03
PLCG2	-1.6
USP9X	-2.185
MFAP3L	2.84
MCCC2	-0.355
MCCC1	0.035
RNF14	-0.75
RNF10	-0.735
RNF13	1.43
SRRT	-0.77
SLAMF7	-1.66
RNF214	-0.475
SRRD	-0.335
ANKRD13C	2.19
ANKRD13A	-1.02
ZNF326	-0.925
ZNF324	0.785
GGNBP2	-0.645
DDRGK1	0.375
SPATA2	0.025
SPATA5	0.9
RAB3IP	0.005
VIM	-2.99
MZT1	2.13
MZT2A	-1.11
CSNK1A1	0.28
SESN2	0.005
SESN3	-2.135
CD3EAP	0.93
COX18	1.23
SSR1	1.825
SSR2	2.765
SSR3	2.155
SSR4	2.795
FOCAD	1.295
COX10	1.25
COX11	-1.36
COX14	1.59
COX15	0.105
COX16	2.355
ICMT	-0.515
ETFDH	-1.74
PFKP	-2.29
PFKM	-0.68
PFKL	-0.225
CDADC1	0.23
OSGIN2	-0.29
	0.99
JRK	-0.28
UNC13A	1.52
	0.18
MSH2	-1.695
MSH3	-2.195
VPS37C	-0.26
VPS37B	-0.735
MSH6	-4.39
MAPKAPK3	-0.63
MAPKAPK2	-0.435
	-0.63
CLDN12	-0.065
PPP1R3F	1.12
DIS3	0.485
ANXA5	0.105
SH3BGRL3	0.09
ANXA7	-1.17
ANXA6	-1.5
NENF	1.015
RAD51AP1	-0.725
	-0.91
	-0.065
ZC3H14	1.155
ZC3H18	-1.33
BAP1	0.255
RIOK3	-0.93
RIOK1	-0.845
BBIP1	0.87
MRPS18A	-0.23
MRPS18B	2.795
MRPS18C	0.435
BAD	-0.77
DDX59	1.395
FIGNL1	-0.555
HMMR	-1.345
TOE1	-1.065
NIPSNAP1	-0.45
EOGT	-1.385
CIITA	-2.48
PPP1R37	2.09
PPP1R35	-2.28
PLAGL2	-0.74
BRMS1	-0.825
PYROXD1	-1.635
RC3H1	2.14
SLAIN2	0.3
MAD2L1BP	-0.16
ENO3	1.455
ANKLE1	0.575
DXO	-1.555
ANKLE2	0.89
C8orf37	1.515
SYNGR2	1.27
MBD5	2.03
MBD4	-3.135
MBD6	0.405
MBD1	-1.095
MBD3	-0.79
MBD2	-0.615
GLMN	-1.4
	0.68
ARHGEF6	-2.1
ARHGEF7	1.495
ARHGEF2	-3.215
ARHGEF1	-2.54
MIEF1	1.37
MIEF2	-1.105
UNG	0.09
POLRMT	1.095
UNK	-2.04
DIDO1	-1.495
TRMU	-0.63
	-0.88
MCM10	-1.42
NUP210L	1.69
PAIP2	0.65
PAIP1	-0.73
FUNDC1	-1.335
TYW5	0.775
TYW1	1.06
BDH1	0.075
TRAF1	1.08
TRAF2	-1.105
TRAF3	0.45
TRAF4	0.87
TRAF5	0.765
ATP2A2	-0.085
ATP2A3	-3.72
PNPT1	1.545
ACIN1	-1.485
TMEM9B	-0.36
MCU	0.24
ATP8B2	-1.49
KIAA1191	1.46
MUTYH	0.86
PRKACA	-2.345
NR3C2	-1.56
SLK	-1.27
CHD4	-3.655
XK	0.275
ST6GALNAC4	1.575
CHD7	1.4
TMEM97	1.66
	-1.26
SH3KBP1	-2.235
FLOT1	-1.605
PSRC1	-1.795
DCAF5	-0.995
LCLAT1	2.775
RNPEPL1	0.64
AKR1E2	-0.065
UPF1	-0.7
ACTR8	0.185
ACTR6	-1.18
ACTR5	0.14
ACTR3	-0.13
ACTR2	-1.88
	-1.46
CCDC51	-0.55
GALNT12	0.67
GALNT10	0.5
CCDC57	0.5
CCDC58	2.645
CCDC59	1.515
ANKMY2	0.465
ARAF	-0.59
KIN	-1.285
NUCKS1	-1.755
PTTG1IP	0.42
ATM	-1.32
POU6F1	0.83
ATR	-0.455
LIPT1	0.78
KTI12	1.22
NT5DC3	-0.89
NT5DC1	-1.035
ABCF3	-1.21
ABCF2	-2.6
ABCF1	-2.505
ALMS1	-0.385
MAGI3	-0.245
BLMH	-1.67
SLC6A12	3.08
CHEK2	-0.79
TDP1	-0.98
CWC15	0.845
CHEK1	0.03
	-0.45
PPFIA1	-1.475
CCDC85C	1.12
CCDC85B	0.55
TNNT3	-1.95
SET	0.82
LRRC41	-0.78
LRRC40	-0.805
LRRC42	0.135
LRRC45	1.2
UTP23	-0.08
LRRC47	1.275
GLCCI1	0.13
LPIN2	-0.78
ZBTB7B	-0.685
ST8SIA4	0.895
THEMIS2	0.83
CBX8	0.86
CBX7	-0.68
CSE1L	0.47
CBX5	-3.32
CBX4	-2.8
CBX3	1.605
CBX2	-0.07
CBX1	0.28
FURIN	0.175
CDC73	2.045
GCFC2	0.44
SLC43A2	0.65
ENKD1	-0.445
	0.03
TMF1	-1.15
	-1.53
CDCA7L	-0.12
PCYOX1L	1.48
TRAPPC6A	0.59
TRAPPC6B	1.13
	0.03
EIF2B3	-0.27
AP3D1	-1.155
	0.1
CRAT	0.31
NCKIPSD	-0.535
TSEN15	0.03
IFI35	-0.12
MLH1	-1.415
CREBRF	0.425
MDM1	1.99
MDM2	-0.14
MDM4	1.105
PKNOX1	0.08
AREL1	-0.43
CDAN1	0.165
SLC44A1	-1.095
WDR55	0.63
WDR53	-0.235
PIK3CA	0.06
PIK3CB	-0.31
PIK3CD	-2.585
ATRAID	1.405
WDR59	0.005
PIK3CG	-3.36
NXF1	0.625
MAPKBP1	1.54
ATXN7L3	0.765
ATXN7L2	0.19
ATXN7L1	-0.49
NCAPH2	-1.515
UEVLD	1.16
CIAO1	-0.535
TOX4	0.035
SCRN3	0.18
PIK3C3	-1.54
COPA	-1.525
IL4R	0.52
EIF2B4	-0.23
EIF2B5	-0.145
EIF2B2	-0.555
ZNF692	0.07
RIBC1	0.83
EIF2B1	1.405
PCF11	-0.17
	-1.685
	1.415
RAD52	-0.56
RAD51	-0.345
	1.015
RNF19B	1.105
RNF19A	-0.445
ANKRD52	-1.175
ABHD17A	-0.675
NKIRAS1	1.16
ABHD17C	1.65
ADIPOR2	0.4
GDAP2	0.97
ANKRD54	-0.345
ADIPOR1	-0.445
ARL15	-0.695
FAHD1	1.96
MCEE	-1.18
ZNF341	1.96
KPNB1	-0.82
ZNF346	0.155
TAPBP	-0.085
	3.32
NMRAL1	-3.455
NUBP2	-0.725
NUBP1	-0.445
DHX29	-0.655
AMN1	2.28
MYO5A	0.115
ZNF207	-0.465
CDK19	0.42
ARID5B	1.16
ARID5A	-1.2
	-0.14
CDK12	0.73
UNC119	0.595
CDK10	-0.33
CDK16	3.03
CDK17	-0.4
CDK14	-0.375
TCIRG1	0.815
HGSNAT	-0.715
CCNA2	-0.195
METAP1D	-0.11
CAB39	0.31
PRPF4B	-0.385
	-0.09
HIST3H2A	2.615
CASP8AP2	-0.075
DCAKD	0.515
PSMC3IP	-0.44
NUDT13	0.67
RCOR1	-0.675
CLTA	-0.01
CLTC	-4.25
CLTB	-0.155
SERPINI1	1.465
NUDT19	-0.56
PKN1	-1.16
NAGLU	-0.55
PKN2	0.67
LAPTM5	0.84
CIRBP	-0.305
GINM1	1.005
RPS6KA1	0.905
RPS6KA3	-0.51
RPS6KA4	-0.375
RPS6KA5	-0.75
UQCR10	2.19
UQCR11	-0.32
STAMBPL1	0.95
MORC3	1.08
SLC3A2	1.04
BLOC1S4	0.515
CXCL10	2.945
SHPRH	-1.675
PPP1R11	-0.635
PPP1R10	-0.21
ALKBH8	-0.57
ALKBH6	-1.21
PPP1R18	-1.24
ALKBH4	-0.86
ALKBH5	0.595
ALKBH2	0.915
ALKBH3	0.59
ALKBH1	2.095
ZKSCAN1	-0.465
PIK3C2B	-2.75
SHOC2	-0.53
TOR1A	1.715
TOR1B	1.245
COMT	0.675
DR1	2.52
GADD45GIP1	1.035
GLCE	1.28
EEF2K	-0.85
HAGH	0.77
PNN	2.14
DNAJC30	1.145
PUF60	-0.82
TNNI2	-0.57
EIF4EBP2	-0.09
MAN2B2	-1.495
PAXBP1	-0.375
PHKA1	-1.405
PHKA2	-2.035
NRROS	0.9
HSP90AA1	0.165
	1.55
YPEL5	0.64
ERO1L	0.305
ZNF598	0.49
	-0.93
MINK1	0.46
ZNF597	0.31
ZNF592	-0.19
ZNF593	1.875
GRWD1	0.915
ZMYND8	-1.67
	-1.275
TSC2	-2.11
TSC1	-0.6
TAF7	-0.935
TAF6	-0.755
TAF5	-0.315
SNW1	0.29
TAF3	0.91
TAF2	-1.55
TAF1	-0.74
ACTR10	1.04
MAX	0.56
SMC3	-1.455
SMC2	-2.98
SMC5	1.06
SMC4	-2.555
TAF8	0.245
MAP2K3	0.605
MAP2K2	-0.555
MAP2K1	-3.295
MAP2K6	2.02
MAP2K5	-0.26
MAP2K4	0.12
CASK	0.15
CAST	-1.11
INSIG2	1.405
INSIG1	1.06
LTV1	2.36
IL6ST	0.04
ACTR1B	-0.3
ACTR1A	-0.855
MORF4L2	-0.515
MORF4L1	0.6
CFL1	0.685
GALNS	0.67
TBL2	2.59
TBL3	1.175
DISP1	-1.265
KDM5A	-1.095
C11orf24	2.145
KDM5C	-0.575
OTUD7B	-0.695
	1.26
C15orf57	-0.27
	1.12
EPC2	0.24
CSRNP1	-0.005
CCDC34	-1.17
EPC1	1.715
GTF3C3	-0.79
GTF3C1	-1.24
GTF3C6	1.26
GTF3C5	-1.425
GTF3C4	1.74
TOPORS	-0.395
ENDOG	1.89
SYCE2	1.405
MED6	0.605
MED7	-0.18
MED4	2.07
MED8	0.59
MED9	-0.33
ENDOV	1.41
ENDOU	1.48
TMEM248	1.21
ATP5J2	0.54
TMEM245	1.555
CPT2	-0.635
FCHO2	0.72
TMEM242	1.25
KXD1	1.7
PPARD	0.97
FASN	-1.25
WIPF2	1.12
WIPF1	-1.43
FAM3A	-0.59
FAM3C	2.575
UBE2L6	0.6
BBS12	2.46
SPTY2D1	-0.105
RBM15B	0.35
	-2.445
UHMK1	-1.43
SLC36A1	-0.485
RPIA	-0.865
IL1R1	-0.53
UBIAD1	1.23
	-2.81
LSS	-1.415
LEPROTL1	2.74
PIP5K1A	-0.81
KPTN	-1.48
EPM2AIP1	-0.405
RNPC3	1.105
GTF2I	-2.035
CDC16	-0.615
NUAK2	-1.29
DFFA	0.315
DFFB	0.045
ZCWPW1	-0.28
BCOR	1.15
NASP	-0.16
SF3B5	0.485
SF3B4	0.48
	1.735
SF3B1	-2.09
SF3B3	-2.1
TMEM161B	1.235
SYVN1	-1.485
	0.625
C1orf74	1.96
S100A6	2.27
TIMM22	1.115
TIMM21	2.005
AP3B1	-3.1
PLA2G6	1.905
ARMC5	0.315
F8	1.34
F9	1.26
RDH14	1.025
	-0.28
RDH10	1.37
RDH11	0.58
RDH13	1.77
CCDC127	0.34
GRHPR	-2.295
CCDC124	0.18
	0.12
STX4	-1.335
VPS45	-2.965
DHPS	1.27
VPS41	-0.335
ODF2L	-0.09
GPI	-0.615
PCYOX1	0.91
USF2	-0.785
	-0.495
USF1	0.315
MICU2	-1.34
MICU1	-1.375
LETMD1	0.905
	1.655
NDST2	-0.05
	-0.255
HCFC1R1	1.815
PYGO2	-0.49
PSD3	0.91
MGAT4A	0.8
VPS4A	-1.17
VPS4B	0.47
MGAT4B	0.745
UNC93B1	-0.83
TRAPPC11	-0.295
	-0.715
	-0.92
	-2.19
	0.395
BCKDHA	-2.21
YLPM1	-0.83
CHMP1B	0.41
CHMP1A	0.365
CTCF	-1.83
UBE2Q1	-1.04
MTRF1	0.57
UBE2Q2	1.48
	0.79
	0.75
ILDR1	-0.965
DHRS11	0.3
DHRS13	-0.03
IQCC	0.42
	-1.115
IQCE	-0.975
SUPV3L1	1.455
CD320	3.155
KIAA0586	-1.06
KRI1	-0.825
CTC1	-2.22
ZNF362	-0.12
ALDH6A1	-0.085
TNRC6C	-0.24
	0.985
ZEB1	0.38
ZEB2	-0.18
	-1.305
SERHL2	-1.275
USP54	1.38
USP53	1.325
SSBP1	3.975
GART	-0.525
CD180	-2.895
GARS	-1.18
BPNT1	0.55
NUP98	-0.285
MND1	0.34
NUP93	-1.05
PICK1	0.24
ARID3A	-1.66
PCCB	-0.18
SULT6B1	0.84
PCCA	-1.755
UBAC2	0.47
UBAC1	0.39
FDX1	0.005
TMED7	0.855
TMED6	0.2
TMED5	1.16
TMED4	1.545
TMED3	1.73
PET100	0.155
TMED1	0.91
RAD54L	-1.87
TMED9	1.3
CACHD1	0.995
ADSS	0.205
SSRP1	-0.815
STAG1	-0.985
IPP	-1.48
SFSWAP	0.67
FDXR	-0.86
	1.17
ADSL	-0.095
UHRF1	-3.82
UHRF2	-0.615
	0.125
TSG101	-0.7
MKI67	-3.24
PIEZO1	-0.805
VPS33B	-0.605
VPS33A	-0.03
SIN3B	0.09
PALD1	1.16
MPND	-0.675
STRBP	-0.88
ABI2	1.74
ABI3	0.11
ABI1	-0.635
OSBPL7	-1.215
CPOX	0.465
OGFR	-1.545
GPATCH8	-1.165
GPATCH4	-0.195
GPATCH2	-0.655
GPATCH3	1.96
GPATCH1	0.85
RAB35	0.28
HDDC2	0.69
CHN1	-0.69
C16orf91	0.825
	0.985
MYO3B	1.81
GRSF1	0.39
TMEM50B	1.425
TMEM50A	1.115
SCLY	1.12
ERP29	0.175
TOR3A	-0.395
PPAT	1.51
GTDC1	-0.805
	0.21
ASB6	-0.175
ASB7	0.83
ASB8	-1.675
	0.665
	1.47
	0.11
PPWD1	-1.64
	1.79
RPP30	0.25
RRAGA	-1.65
DDI2	0.655
RRAGC	0.325
RRAGB	0.42
AP1M1	-2.365
GHITM	-0.71
PPA2	-1.77
PPA1	1.94
VPREB3	-2.095
HP1BP3	-2.275
TSPO	-1.13
RIPK1	-1.07
RIPK3	-2.195
RIPK2	0.25
SDC1	0.89
EHBP1	-0.15
PTCHD1	-0.125
PRKAG1	0.005
PRKAG2	1.075
APBB1	-1.51
CABIN1	-0.255
MAF1	-1.12
RHOQ	0.37
OSTC	1.565
RHOU	1.48
DNAJC16	-0.505
DNAJC17	-0.035
DNAJC14	-0.61
DNAJC15	2.685
DNAJC12	0.205
DNAJC13	-0.445
DNAJC10	-0.82
DNAJC11	1.14
RHOB	0.655
RHOA	0.18
GNAI2	-1.5
RHOF	-0.635
DNAJC18	0.88
DNAJC19	0.32
FAM102B	0.975
NELFB	-1.245
NELFA	1.5
G6PC3	2.07
NELFE	-2.15
RPL13A	1.71
TMEM59	-0.45
POU2F2	-1.975
CTNNA1	-3.25
POU2F1	-1.88
PAPSS1	-1.3
BVES	1.78
MAFK	0.6
	1.45
WDYHV1	1.09
MID1IP1	-1.38
LY86	1.215
CAMKMT	-0.75
ACTN4	-0.24
KMO	0.97
PARP14	0.45
PARP10	-0.55
CCDC14	0.01
CCDC15	-0.69
SIAE	1.49
OLA1	1.32
CCDC12	-0.02
KDM3B	-1.395
HDAC10	0.755
KDM3A	-0.32
NFRKB	0.335
MRFAP1	-0.505
TSPYL2	0.9
ETHE1	-0.18
G2E3	-0.945
TCF7L2	-0.375
	0.8
TMEM260	0.63
	1.77
TMOD3	0.82
EMC7	2.175
AKR1A1	-0.35
KIFC1	-1.455
TMEM192	-1.58
LOC102288414	1.35
TMEM199	0.645
TRA2A	-0.93
TRA2B	2.385
MFSD8	1.94
MFSD1	3.175
MFSD3	0.755
MFSD5	0.505
MFSD6	-1.51
C15orf40	0.97
DENR	1.32
NCS1	-0.475
AHSA1	0.775
	-1.305
NAA38	1.34
CORO7	-2.32
CASP6	1.365
THAP1	1.63
CASP4	0.47
THAP3	1.195
CASP2	1.095
CASP3	-1.58
TRIOBP	-0.905
CASP1	-3.055
GNB4	-0.64
GNB1	-0.55
CASP8	-1.005
GNB2	-1.87
ABCD1	-1.86
MAP1A	-3.02
YY1	0.625
AIMP2	1.175
AIMP1	1.345
CEP63	-0.305
MAP1S	-0.495
ELP6	0.39
ELP5	0.955
ELP4	0.615
ELP3	-0.6
ELP2	-0.205
	-0.385
SACM1L	-0.495
TRAPPC2L	1.69
ACVR2A	1.49
NSMCE4A	0.2
AKAP1	1.855
TP53	-0.32
SEPHS2	2.18
SEPHS1	0.06
CDK7	1.36
AKAP8	-0.005
	-0.535
	-0.465
ZBTB39	1.89
ZBTB38	-0.37
RNPEP	-0.895
SEC23IP	-0.66
TRIP11	-0.395
PHLPP2	-1.015
ZBTB33	-1.2
ZBTB32	0.26
TIMM44	-0.455
	1.84
AKAP8L	0.45
	1.81
PAFAH1B1	-0.345
STK11IP	-0.845
PAFAH1B2	-0.39
CCDC107	-0.23
PIKFYVE	0.765
MANBAL	0.325
NADSYN1	-0.3
MOCS3	0.46
TM7SF3	1.095
TM7SF2	-0.33
NDUFAF4	3.31
WDR92	0.325
WDR91	-1.205
VPS29	1.0
NDUFAF7	-0.52
EXOSC7	0.59
NDUFAF6	1.485
NDUFAF1	0.31
EXOSC5	1.27
MANEA	-0.535
WDR45B	1.36
NDUFAF3	-0.82
ARHGEF11	-1.915
NDUFAF2	2.335
ARHGEF12	-1.72
BRI3BP	3.275
DTX3L	-1.185
SPG21	0.335
	-1.31
CXCR4	0.43
MGAT1	-1.695
MGAT2	-0.92
G3BP1	-1.09
MGAT5	-0.315
G3BP2	-2.22
NT5C3A	1.04
NT5C2	-0.7
TOR1AIP2	-0.44
TOR1AIP1	-0.105
ROBO1	0.83
TXNDC9	0.8
RUNX1	-0.59
MPC2	1.245
CDC123	-0.71
GPKOW	-1.455
TXNDC5	1.375
BCL10	0.305
	1.455
SCYL2	0.405
SCYL3	0.78
CBFA2T3	-1.245
SCYL1	-1.145
MCAT	0.93
GBF1	-2.11
DHRS7B	1.965
CYB561A3	-1.315
ZNF384	-1.23
FAM89B	0.18
ZNF383	1.32
ZNF382	0.39
GALT	-0.43
MRPL24	-0.64
MRPL27	-0.75
MRPL21	0.295
MRPL20	2.355
MRPL22	1.39
RAD9B	0.07
RAD9A	0.29
TATDN1	0.83
MRPL28	-0.245
TATDN2	1.065
GALE	0.12
	3.075
QTRT1	1.735
SEC31A	-0.795
	2.095
HCFC2	-0.335
HCFC1	-0.395
ERLEC1	0.415
CSNK1G2	-0.235
CSNK1G3	1.09
CSNK1G1	0.155
TNKS	-0.08
MKRN1	0.165
CRAMP1L	1.47
CLP1	-0.49
ARID1B	-1.29
ARID1A	0.03
UROS	0.88
MKRN2	-0.84
UROD	-1.445
ATRX	-2.07
PBX3	1.94
CCNE2	1.07
CCNE1	0.3
DEK	-0.665
AIFM2	1.96
AIFM1	-1.805
	0.745
IVD	-1.095
TNK2	1.595
SPPL2B	2.135
SEH1L	0.52
CLPP	0.745
EIF4ENIF1	-1.085
ASRGL1	-0.075
CLPB	1.75
ERN1	0.97
RYK	0.285
TONSL	-1.57
MTPAP	1.0
PCBD2	1.055
CHPF2	0.305
	1.02
MYO19	0.82
MYO10	1.14
NUP133	-1.445
ACD	-2.35
LRRC20	1.48
CEP192	-1.27
C2orf68	-0.88
RAD54L2	0.46
QSER1	0.78
MYO1G	-2.23
MYO1E	-3.395
MYO1D	-1.465
MYO1C	-1.41
BAZ2A	-0.615
BAZ2B	-1.375
PC	-0.285
STRADA	-1.78
NMT2	1.38
NMT1	-0.94
CRK	1.9
RPGRIP1	1.355
RYBP	0.89
PPCS	0.095
SDE2	0.615
SOS2	0.03
SOS1	-2.035
CACYBP	2.675
SH3GL1	-0.64
SYF2	0.18
STK40	-1.27
CIAPIN1	-1.41
JMJD1C	-0.87
AKT1	1.925
AKT2	-0.78
AKT3	1.275
TOP3A	-0.14
TOP3B	-2.05
NAA16	0.44
NAA15	-0.42
NAA10	-0.47
FUBP3	0.835
FUBP1	0.865
SLU7	-2.225
EZR	-2.66
RTEL1	-0.125
	0.12
CSHL1	-3.375
PRADC1	-0.335
C19orf12	1.81
PDE3B	-0.68
MARCH5	-0.25
MARCH7	-1.59
MARCH6	1.11
C2orf49	0.975
RBCK1	0.16
AGTRAP	0.35
MAD2L2	0.39
MAD2L1	-0.33
TAB3	0.105
TAB2	1.93
TAB1	-0.745
FAM222B	-1.045
LETM1	0.14
MMD	0.5
PPP1R7	-0.945
ADCY7	-0.905
CPM	-0.28
PPP1R2	-0.28
CPD	2.565
PPP1R8	-0.215
KRTCAP2	2.07
NRDE2	-0.47
KANK3	2.3
TMEM70	3.045
CPQ	1.28
SLC7A6	2.785
SLC7A7	-1.34
SLC7A5	0.82
SLC7A1	-0.145
	-0.91
	-0.225
UFL1	0.49
STUB1	0.07
SLC17A5	-0.05
SH3PXD2A	-2.2
PSMD9	0.865
PSMD8	0.2
PSMD5	-0.625
PSMD4	-1.01
PSMD7	-0.1
PSMD6	0.23
PSMD1	-0.65
JUND	0.885
PSMD3	-0.455
PSMD2	-0.785
AGPAT5	3.24
AGPAT4	0.79
AGPAT3	1.025
IFRD1	1.595
IFRD2	1.55
NPRL3	0.32
NPRL2	0.125
SLC37A2	1.48
SLC37A3	1.6
SLC25A51	0.01
SLC37A1	-0.755
SLC37A4	-0.135
ITPRIPL1	0.3
ERMP1	-1.11
TMEM201	-0.215
NIPSNAP3A	1.175
TMEM208	3.155
TMEM209	-0.055
ADSSL1	-2.645
ATP5F1	2.43
ZNF446	-0.495
ZNF444	0.045
ZNF445	0.22
MCFD2	2.465
NOA1	1.2
TOMM40L	0.495
KANSL1L	-0.33
RFC5	-1.295
RFC4	-0.205
RFC1	-3.04
RFC3	-1.455
RFC2	-1.23
SARS	-2.065
	0.6
KLHL5	1.33
KLHL2	-0.81
EMP3	1.545
KLHL8	-0.64
KLHL9	-0.275
SMAP1	-1.21
SMAP2	-2.0
PAF1	-0.66
ATF7IP	-1.31
UHRF1BP1L	-0.78
RFNG	1.37
HBE1	-0.59
RLIM	-0.14
KDM1A	-0.795
	-2.12
FIG4	0.285
GCC2	0.44
GCC1	0.005
MXI1	1.355
ANO8	0.0
STAU1	-2.225
ITSN1	-0.015
MOGS	0.525
ITSN2	-0.29
PIGC	1.28
FN3KRP	-1.11
IRF3	-2.285
IRF2	-1.475
IRF7	0.18
SPCS1	1.3
IRF5	-0.585
IRF4	0.735
IRF8	-0.765
CLK1	-0.045
CLK2	0.675
CLK3	-0.655
CLK4	1.265
HERPUD2	0.96
ZBTB11	1.56
ZBTB10	0.84
ZBTB17	-0.135
ZBTB14	0.27
	1.56
PHGDH	-0.845
AGFG2	-0.455
AGFG1	0.745
GTF2H3	0.145
GTF2H2	-0.39
GTF2H1	0.99
CDC42SE2	-0.185
ZFP36L1	0.775
GTF2H5	2.135
GTF2H4	-0.375
ABHD8	-0.435
ABHD2	-1.78
ERAL1	2.575
ABHD5	-0.01
C12orf45	1.85
WDR6	-2.95
WDR5	0.8
WDR4	2.185
WDR3	0.295
WDR1	-1.535
	0.45
RSPRY1	-0.73
CCDC167	0.85
MLXIP	1.05
USB1	-0.195
	0.34
MAN1C1	-2.075
MINPP1	0.31
C6orf89	-1.595
TROAP	-0.28
	1.135
KIF14	-1.56
EVI5	1.22
C8orf58	1.16
LPAR5	0.125
POU3F2	-0.81
SAMM50	-0.3
CHKB	1.455
GIN1	-0.585
FECH	0.35
CYP4V2	-0.88
PTRH2	0.88
ZNF639	-0.25
	-0.75
HCLS1	-3.13
ZNF32	0.315
BARD1	-1.59
METTL18	0.755
SFXN5	-0.93
SFXN2	2.355
SFXN3	-0.36
SFXN1	1.225
RRP12	-0.35
MIIP	-1.765
RRP15	1.685
	0.675
CLNS1A	0.975
	-1.925
ST6GAL1	0.18
FUZ	-0.765
USP12	0.64
USP10	-0.155
USP11	-3.495
USP16	1.625
USP14	-1.4
USP15	0.47
USP19	-1.415
EMC1	0.855
PRPSAP1	1.09
PRPSAP2	-1.1
RRP1B	1.34
HS2ST1	2.46
EMC6	1.41
HMGB2	-2.955
METTL15	1.06
FAM185A	0.83
VOPP1	0.09
	-0.125
SLC4A1AP	-0.6
SYK	-4.465
SLC5A3	2.165
C16orf58	1.27
OARD1	-0.725
	-0.48
FRS2	1.785
	-0.02
	0.605
PDRG1	2.195
	-1.96
NCKAP1L	-0.885
NAPSA	-2.11
MAN2B1	-1.115
CD44	0.11
CD47	0.415
URM1	2.425
CD40	0.475
RAP1A	1.81
SKAP2	-1.525
L3MBTL3	0.25
L3MBTL2	-0.835
SATB2	-1.58
SATB1	-1.29
EP300	-1.075
GPRASP1	-1.46
NCOA2	-2.32
NCOA3	-1.345
	-0.64
NCOA1	-1.135
	0.915
NCOA7	0.47
NCOA4	0.88
NCOA5	0.185
NEFH	-0.215
REV1	0.6
ATF6B	1.49
C5orf34	-0.08
PIP5K1C	-1.885
BID	0.155
PPP4R1	-2.25
PPP4R2	0.965
CCNG1	-1.35
CCNG2	0.58
ARMC8	-0.835
ARMC9	-0.22
ARMC6	-0.175
DACH2	-0.195
ARMC1	1.17
BCAP29	3.09
RELL1	1.17
NOX1	-1.83
FBRS	-0.105
RNH1	-1.095
HJURP	-1.215
SNIP1	-0.23
WDR75	0.145
XRCC4	-0.64
	1.92
	1.76
XRCC6	-0.91
GSK3A	0.81
GSK3B	0.045
VARS2	0.435
PRKAB2	1.87
DMWD	-0.27
INF2	-0.31
TFAP4	1.665
PMF1	0.335
ISCA2	0.755
QDPR	0.495
DYNLL2	-0.055
SDC4	2.135
MAPK14	-1.645
CAMK1D	-0.41
PTCD3	-0.38
PHKG2	-2.36
HNRNPUL1	-1.47
GLE1	1.44
SAP30	1.765
GPBP1L1	1.055
NAA35	-0.53
NAA30	0.9
METTL21A	0.775
TRIP10	0.695
ALDH5A1	0.445
TRIP12	-2.93
TRIP13	-0.53
CR2	-2.2
KIAA1143	0.355
C10orf88	-0.82
PDE1B	1.735
ADAM9	-1.25
AATF	0.565
DNM1L	-1.745
PDP1	0.855
	0.64
AP2M1	-1.29
SNRNP25	-1.81
TOMM34	-0.765
SNRNP27	0.32
EDF1	0.025
TMEM11	2.305
TMEM17	-0.1
	-1.025
TMEM19	0.53
ITPA	1.225
PDE12	0.385
ORAI3	-1.1
ORAI1	0.125
ZNF322	0.09
	0.07
BDP1	1.71
COX7A1	2.3
COX7A2	1.625
TTC27	0.63
ARL5A	-1.055
ARL5C	-0.64
ARL5B	1.1
ZNHIT3	-0.095
ZNHIT2	0.495
ZNHIT1	0.19
ZNHIT6	2.835
NFIL3	-0.64
ASCC3	-0.555
ASCC2	-1.455
NPM1	1.24
DUSP7	1.32
NPM3	2.48
KANSL3	0.65
KANSL2	1.16
KANSL1	-1.545
KIF24	-1.28
PSMF1	0.455
KIF23	-2.56
KIF22	-0.78
	-0.12
	0.825
	-0.82
ATMIN	-0.36
FGFR1OP	2.46
	0.165
MEN1	-0.09
TMEM222	2.09
NABP2	0.855
	0.13
ACAD11	-1.345
NSF	-1.845
ATP2B4	1.94
SPNS1	1.715
KIF2A	-0.13
KIF2C	-2.625
POGK	0.3
GABARAPL1	-0.88
	2.325
POGZ	-0.65
KHNYN	0.4
UBE2J1	0.56
UBE2J2	1.745
CCDC66	0.41
LY9	0.43
ECH1	-1.335
MIPEP	1.215
AUH	0.17
GCAT	0.57
SAT1	2.64
ATG16L1	-0.675
ATG16L2	-0.035
MYLPF	0.18
SLC6A6	1.03
PCYT2	0.295
MTFP1	0.255
SRA1	1.02
OXSR1	-1.015
LYN	-0.51
NSDHL	-3.985
KIF4A	-3.125
MNS1	-0.985
ZFAND6	-2.165
ZFAND5	-0.79
ZFAND3	0.83
TIMM8B	2.665
FAM20B	0.2
TCTN1	1.16
TMEM185B	1.525
	1.97
SUGP2	1.085
SUGP1	-2.055
SPAG9	-0.43
SPAG7	-0.03
FOSB	4.875
SPAG5	-1.91
YDJC	1.505
ASTE1	1.82
SMARCD2	-1.645
SMARCD1	-0.17
NCAPH	-2.175
NCAPG	-1.795
FAIM	-0.695
	-1.605
BLZF1	-0.25
ROCK1	-1.56
ROCK2	-0.95
GPC1	0.91
BBS9	-0.485
TGFB1	-2.705
BBS2	0.96
PLCG1	-1.72
BBS7	-0.86
PRKAR2A	-1.36
TARBP2	1.4
	-0.445
PRKAR2B	-0.48
MAN1A2	1.215
	0.54
	-0.46
	-0.91
ZNFX1	-1.165
H6PD	-0.375
ACBD3	-0.225
ACBD6	0.65
ACBD5	-0.38
ACBD4	-1.59
HBS1L	-0.755
ZMYM2	-1.105
ZMYM3	-2.69
FAM160A2	1.08
ZMYM1	-1.345
ZMYM4	-0.585
ZMYM5	0.99
AMPD2	-1.145
TOP1	-5.05
MMACHC	0.42
NRF1	0.055
DPM3	-0.02
DPM2	0.725
SLC50A1	-0.12
ZNF878	-1.39
TWSG1	1.06
LYPLA1	0.72
LYPLA2	-1.86
POLR3F	0.215
POLR3G	1.1
POLR3D	0.34
POLR3E	1.885
POLR3B	-0.07
POLR3C	0.1
POLR3A	-0.505
CD99L2	0.485
POLR3K	1.785
POLR3H	0.055
ENOX2	-0.655
RRP36	0.75
NR2F6	-0.26
	0.275
MIOS	-0.86
CC2D1A	-0.95
ZADH2	-0.89
CDKL5	0.14
DLGAP5	-2.745
CDKL3	0.91
USP38	-0.675
USP39	-0.14
XKR6	0.83
GLT8D1	0.855
USP30	1.01
TPGS2	0.45
TPGS1	-1.08
ACOT13	0.98
USP34	-0.365
USP36	0.585
USP37	-0.715
PPP1R15A	1.21
PPP1R15B	-1.135
TSN	1.185
PABPN1	-0.175
SSH2	-0.92
SSH1	0.045
CTBP1	-0.02
HEMK1	0.45
CINP	2.115
ITFG2	-0.395
NFX1	-1.685
THAP2	0.555
DAP	-1.755
CIC	1.275
KCTD12	1.255
KCTD10	-0.765
HMGCL	-0.16
NAP1L1	-0.725
PBDC1	2.0
NAP1L4	-0.405
GMDS	1.07
HMGCR	-0.325
CIT	-1.39
GET4	1.245
UBLCP1	0.535
EXOC6B	0.35
CD22	-1.74
THAP4	-1.25
ZNF182	0.89
DPYSL5	-0.67
DPYSL2	-3.96
ARL6IP6	0.01
ARL6IP5	1.07
ARL6IP4	0.395
DAB2IP	0.57
ARL6IP1	-1.48
	1.44
SLC35B1	2.16
PES1	-0.26
FCHSD2	-2.215
SLC35B2	1.33
SLC35B4	0.285
REL	-0.945
CHPF	0.685
UBR1	0.585
PSMB10	0.485
	0.24
BTBD7	0.785
FPGT	0.735
FPGS	1.73
DENND5B	-0.88
DENND5A	-0.64
PPP1R9B	-0.61
AGL	-2.535
AGK	0.77
	-0.82
CHP1	-0.155
AGA	0.99
CLEC11A	1.16
GGCX	2.19
TSEN2	0.49
XYLB	-0.88
MTMR12	-1.525
PCYT1A	-1.72
PGM2L1	1.425
MYEF2	-0.495
QSOX2	1.165
VAPB	3.055
VAPA	1.19
DGKZ	1.67
PUS1	0.235
PUS3	1.36
PUS7	2.345
DGKQ	-0.63
DGKH	1.54
BMPR2	-0.545
DGKA	-1.75
DGKD	-1.825
DGKE	0.865
	-0.63
OGT	-0.77
TCP1	0.48
PWWP2A	1.62
DNTTIP1	-0.9
DNTTIP2	-0.14
UBN2	0.12
UBN1	-1.72
HEATR5A	-1.52
NAA50	1.58
CREB3	-0.23
CREB1	-1.145
IMPA1	-0.64
IMPA2	0.245
B4GALT1	2.155
RETSAT	1.65
EIF2S2	-0.36
B4GALT5	0.54
B4GALT7	1.405
EHMT1	-0.875
EHMT2	-1.355
TRAP1	-0.015
AARS	-4.215
MIF	1.24
PDE7A	-1.25
	0.135
SPAG1	0.83
AGGF1	1.47
GNAO1	1.81
ELK3	-0.805
ELK1	-0.495
ELK4	0.55
SERAC1	0.83
UBOX5	0.26
TANK	-0.005
AAR2	-0.61
TMEM33	2.2
CNEP1R1	1.2
CTH	-3.435
	-0.755
DDAH2	-0.335
SESN1	-1.795
PLXNC1	0.565
PGD	-1.385
MRPS9	0.98
	-1.615
RABGGTB	-0.36
DOK3	-4.045
RABGGTA	-0.965
PGP	-0.38
DNMT3A	-0.36
	-0.385
SDCBP	-0.435
MELK	-1.565
IGBP1	0.87
	0.665
COX19	1.085
RANGAP1	-1.04
CAAP1	0.335
DDHD1	0.095
DDHD2	-0.57
PDZD11	1.4
ZDHHC20	-0.12
ZDHHC21	-0.04
ZNF408	0.265
	1.695
ZNF407	-2.115
CDK11A	-0.165
RBM26	-0.07
STAT5B	-1.16
	-0.635
RBM22	-0.285
ENAH	-0.64
RBM28	-0.935
CLOCK	2.46
FCGR2B	0.535
YKT6	0.965
ANKIB1	-0.125
SH2B2	0.83
SH2B3	0.755
SH2B1	-0.105
KIF20B	-0.02
IREB2	0.63
GSPT1	-2.89
STMN1	0.105
RAB2A	0.55
EIF2AK1	-0.125
EIF2AK3	-2.12
EIF2AK4	-1.38
UBE2D1	0.97
CAMKK2	0.855
SLC25A19	-1.085
FKBP1A	2.08
SLC25A17	-0.14
SLC25A16	1.21
SLC25A15	1.555
SLC25A14	-0.74
SLC25A12	-1.34
SLC25A11	-1.055
SLC25A10	-0.76
NUP155	-0.6
NUDC	1.68
TRMT1	1.12
SAV1	1.275
CRBN	-0.52
PITPNM1	0.615
PITPNM2	1.3
STK38L	0.225
LAMC1	0.245
TOMM70A	0.49
C16orf54	0.155
NEDD4L	-0.32
ARID2	-1.945
MTFR1	0.325
MTFR2	-0.425
SEL1L3	0.285
	-0.755
KDM6B	0.535
SELPLG	-0.77
NTN5	0.57
TUBG1	-0.38
COPG2	-0.065
COPG1	-1.56
APAF1	-0.08
C15orf41	-0.16
ABCE1	0.565
ZNF518A	0.11
CWC22	-0.81
ZNF518B	-1.145
SPECC1L	-0.655
TIGD2	-0.815
DCP1B	-0.98
DCP1A	-1.1
SUCO	-2.325
KIAA2026	-0.325
KEAP1	-1.115
KCNQ5	1.56
	-0.025
ERAP1	0.63
UMPS	1.115
TXNL1	0.015
JAGN1	2.505
PGPEP1	-2.055
SLC4A7	-0.81
ANK3	-1.355
ATE1	-0.945
SLC4A2	-0.375
CUL5	0.81
CUL1	-0.225
CUL2	-0.195
CUL3	-0.48
SYNJ2BP	0.44
HSPA4L	1.835
OVCA2	1.345
PTP4A3	1.055
PTP4A2	1.94
IGF2BP3	-1.715
PGAP1	-1.865
DCBLD1	-0.48
	0.88
MFAP3	0.375
RARS2	1.375
GPAM	1.415
NT5C3B	-1.5
EEA1	-0.23
CEP57L1	-0.285
NEURL2	1.35
NEURL3	-0.74
NEURL4	0.13
EIF5B	-2.925
EIF5A	2.12
ZNF672	0.83
ENOPH1	1.67
TXN2	0.68
POLR1A	1.67
POLR1B	2.145
TXN	1.01
POLR1D	1.995
POLR1E	1.08
PCGF5	-0.28
TGIF1	2.355
FYN	-1.5
ADARB1	1.88
PRCC	0.195
SNX29	-0.945
PLEC	-0.235
FRA10AC1	0.85
LRMP	-3.445
SNX20	-1.335
PLEK	-4.42
SNX27	-0.48
SNX25	-0.33
CDKN3	-0.88
QRICH1	0.65
MSH5	-0.93
MRPL43	0.315
MRPL42	1.1
MRPL41	0.685
MRPL40	0.52
MRPL47	2.75
MRPL46	1.37
MRPL45	0.31
MRPL44	0.19
MRPL49	-0.875
MRPL48	0.595
BCL7C	0.93
BCL7B	-0.135
BCL7A	-3.115
OAZ1	2.4
TIPRL	1.13
MARVELD2	0.83
SH3BGRL	0.005
PPP1R13L	-0.575
CTDNEP1	-0.16
FAM110A	-1.56
CIPC	0.61
C11orf68	-1.075
DCK	-3.395
HIST2H2AB	-0.76
HIST2H2AC	1.275
	2.23
	2.91
TNFRSF21	0.21
	3.0
UBR3	-0.195
C1orf131	2.22
TSTD2	0.11
	1.48
LAP3	0.82
FGD6	0.43
FGD3	-0.835
FGD2	0.625
GMFB	1.9
STXBP1	-0.78
SNAPC2	-1.055
	-1.785
STXBP2	-2.02
STXBP5	-0.635
STXBP4	0.17
SNAPC5	-0.195
SNAPC4	0.885
FMR1	0.255
URI1	0.1
NT5M	-1.1
FAM210A	0.785
ZNF780B	0.83
NT5C	0.45
CELF4	1.445
CELF2	-2.1
	-0.44
KRAS	-0.03
	1.82
EZH1	-0.88
EZH2	-1.14
ZMIZ2	-0.135
SLC35D1	-0.07
DDX19B	0.905
ZC3H10	2.0
VDAC3	-0.61
VDAC2	1.555
VDAC1	-0.365
RALGAPA1	-1.355
RALGAPA2	1.27
	-0.52
	3.065
RCN2	1.71
GBA	-1.67
RRP8	1.685
RRP9	1.24
NPEPL1	1.245
RASGRP1	-1.625
PHIP	-1.265
DTWD2	0.63
GRAMD1A	-1.405
DTWD1	1.69
VARS	-2.885
SIDT2	0.195
	1.46
LCORL	-0.485
CDC37L1	0.275
IL10	3.96
DTNBP1	-1.165
IL16	-3.395
OAT	-0.995
KIFAP3	-0.99
NUDT16L1	0.04
PPIG	-0.465
PPIF	1.535
PPIE	-0.05
PPID	1.535
PPIB	2.28
NUP153	0.3
C20orf27	-0.055
GRB2	-0.41
	-1.94
UBC	-3.155
	0.01
UBL5	0.255
UBL7	-1.555
	-0.015
UBL3	-0.145
PLXND1	0.88
BAX	0.74
XPOT	-0.465
TAX1BP1	-0.455
SMIM12	0.17
	0.43
SMIM15	-0.915
SMIM14	-2.13
SMIM19	-0.64
SPOPL	0.425
IK	-3.21
COX6A1	1.655
GPCPD1	-0.655
PRKRIP1	0.165
	-0.56
AHCTF1	0.67
TYSND1	0.215
HNRNPR	-1.675
ACSL1	-0.735
HNRNPU	-2.315
ACSL4	-2.215
ACSL5	-0.71
HNRNPK	-2.375
HNRNPL	-2.655
HNRNPM	-1.68
HNRNPC	-1.6
HNRNPD	-1.28
HNRNPF	-1.495
	2.65
KHSRP	-2.17
	-1.135
STK25	-0.94
STK24	-0.73
HELZ2	-1.05
DDA1	0.725
MARCKSL1	-0.445
	-0.53
MANF	0.805
CAMLG	0.545
PIN1	0.02
FZD2	0.45
FZD3	2.3
FZD5	-0.62
FZD7	0.83
PLXNA3	0.355
NINJ1	-0.04
PLXNA1	-0.985
RPL35A	2.69
CERKL	1.3
HCST	0.0
HLA-DQB1	-1.905
TJAP1	-0.93
PPP2R2D	1.935
CCDC97	-1.005
PPP2R2A	0.91
PQBP1	-1.12
CCDC92	-0.165
CCDC93	-0.89
ZNF169	-0.985
PSMB9	-0.71
PSMB8	-0.825
PSMB7	1.065
PSMB6	-0.29
PSMB5	0.505
PSMB4	-0.71
PSMB3	0.85
PSMB2	1.195
EEPD1	0.335
ZNF790	0.98
ACADM	-0.56
PGAM5	0.68
TRIB1	1.46
TRIB2	-1.91
TRIB3	-1.995
	0.83
MRPS28	0.695
PREX1	-0.295
MRPS26	0.47
KCNK5	0.375
MRPS24	1.72
MRPS25	1.92
MRPS22	1.59
MRPS23	1.85
MRPS21	1.115
ZNF426	1.94
HIST1H2AG	3.17
HIST1H2AE	2.15
HIST1H2AH	4.165
HIST1H2AA	2.42
HIST1H2AL	2.965
HIST1H2AM	3.71
HIST1H2AB	3.8
HIST1H2AJ	0.46
ZNF428	0.57
HIST1H2AK	3.1
NAT10	0.9
PLEKHO1	-0.47
RAB4B	0.025
DENND3	-3.22
LRRC8D	0.215
AHNAK2	-0.33
NDUFA6	0.57
NDUFA7	1.01
NDUFA4	1.5
NDUFA5	2.015
NDUFA2	-0.355
NDUFA3	0.47
NDUFA1	1.175
JUN	3.66
NDUFA8	0.515
NDUFA9	-0.03
	2.365
CORO1C	-1.14
CORO1A	-2.985
VEGFA	0.95
	-1.12
VEGFB	0.42
ARHGAP39	1.905
ATP6AP2	1.945
CEP97	-0.005
YES1	0.35
CEP95	-1.305
USP33	-1.005
ECT2	-0.675
SSNA1	0.63
HUWE1	-0.91
SLC25A37	0.5
GOLM1	1.94
SLC25A33	2.21
SLC25A32	1.055
YAE1D1	0.57
SLC25A39	0.14
SLC25A38	2.17
HEATR6	-2.085
HEATR3	-0.055
HEATR1	1.335
POC5	1.04
C5orf15	0.63
	-2.57
DDX17	-1.095
C11orf54	0.075
DDX10	0.94
DDX11	-0.67
CR1L	1.56
DEF8	2.005
SLAIN1	1.06
DDX18	-0.21
RC3H2	2.415
IGHMBP2	-0.495
GPR107	-0.025
GPR108	0.325
NOC4L	1.295
CMIP	-1.725
IPPK	1.985
	-1.195
SRSF4	0.37
SRSF7	0.365
SRSF6	-0.04
SRSF1	1.2
CDKN2D	-1.735
SRSF2	0.145
SRSF9	0.05
TUBE1	-0.93
C1orf53	-0.275
SLC38A7	-0.565
SLC38A6	1.81
SLC38A1	0.095
NCK1	-1.11
SLC38A2	0.265
DARS	-1.205
HCN3	0.83
ARVCF	1.54
SLC38A9	0.67
LRRC1	0.89
LDLRAD3	-1.06
C6orf203	0.965
RGMB	0.06
PRKCI	0.095
DEGS1	1.945
SUGT1	0.725
PRPS2	-0.005
PRPS1	1.945
PRKCA	1.125
PRKCE	0.515
PRKCD	-2.825
STAP1	-1.015
TOM1L2	0.85
TMEM181	1.16
CHRM4	2.94
MYO18A	-0.205
ATG7	-1.035
ATG5	1.085
COPZ1	1.485
	-0.525
CDV3	2.015
PRPF8	1.215
HPGDS	0.97
KLF6	0.42
KLF4	-0.33
KLF2	1.56
HOMER3	-0.45
KLF8	0.83
ZC3H11A	-1.17
PRR14	1.205
NCAPD2	-2.02
NCAPD3	-0.675
RRM2	-1.655
RRM1	-3.605
REST	0.915
C12orf4	-1.91
TWISTNB	3.17
CCDC181	0.89
PATZ1	1.875
	-1.135
ZNF652	0.62
ZNF655	1.96
ZNF654	0.66
SEMA7A	-1.51
GATAD1	-0.2
RPAIN	0.48
	0.38
	0.57
TRMT11	0.9
TRMT12	-0.715
TRMT13	1.26
	-1.56
PRRC2B	0.61
PRRC2A	-0.81
	-0.82
PDCD6IP	-0.47
TXNL4A	2.305
	-0.825
PARP8	-2.51
PARP9	-0.53
NUMA1	-1.085
PARP4	-2.54
	0.325
PARP1	-3.22
PARP2	-1.45
PARP3	-2.24
ZCCHC9	-0.1
ZCCHC8	-0.535
SRSF11	-0.05
SRSF10	1.09
ZCCHC2	0.19
ZCCHC7	-1.06
ZCCHC4	1.025
LRP10	-0.62
TOX	-1.43
	3.385
VTI1A	-0.525
	-3.1
SND1	-2.695
VTI1B	-0.125
ACO1	-1.27
ACO2	0.205
AVL9	-0.555
GTF2IRD1	0.7
	-1.595
MTDH	1.08
HMGCS1	-2.33
	0.97
	0.395
THG1L	0.23
STAM2	0.13
AZIN1	-2.93
RAD1	0.925
CHID1	-0.175
CYTH3	-0.89
KMT2C	-0.465
KMT2B	0.46
KMT2A	-0.85
SEPT6	-1.805
AHCYL1	0.305
KMT2E	-0.59
AHCYL2	0.32
RBM39	-1.595
C9orf78	1.125
FBXO11	-0.1
ERCC6	-0.195
RILPL2	2.89
MAPK8IP3	1.71
SLC35F5	0.205
KCTD13	0.34
SLC35F6	0.535
SLC35F2	3.325
AK3	-0.12
AK2	1.205
OXSM	0.12
PSTK	2.2
	-0.31
DMTF1	-0.1
VAT1	-0.585
C3orf38	-0.64
TSC22D3	1.99
TSC22D2	0.095
TSC22D4	-0.625
DENND1C	0.06
DENND1B	-2.335
DENND1A	0.1
BSG	1.895
HIRIP3	0.235
RPS12	2.49
RPS11	3.25
PLRG1	-0.995
CNIH1	2.795
RPS14	3.055
GLA	1.445
RPS19	1.545
RPS18	1.105
RCL1	2.88
CERCAM	0.935
PHKB	0.06
GLS	0.065
WDR61	0.43
CRLF2	-0.545
CRLF3	0.195
MPP3	0.09
MPP7	-0.02
MPP6	-0.12
MPP5	-0.935
TCEA1	1.425
ZXDC	-1.39
TUFT1	2.125
DGCR8	-0.39
LRPAP1	0.845
ABHD16A	-0.7
	-0.075
C19orf44	0.47
C16orf72	0.65
TREML2	-0.45
LSP1	-2.275
DCAF10	-0.68
EMG1	2.085
DKC1	1.51
FBXL8	-0.445
TM2D2	1.255
TM2D3	2.72
FBXL3	0.655
NR4A1	1.005
FBXL5	-0.02
FBXL6	1.47
ERF	0.24
IDNK	-0.135
ERH	1.535
INPP5A	1.26
INPP5B	-0.785
LBR	-0.93
INPP5D	-2.855
INPP5F	-0.54
RAN	0.87
INPP5K	-1.16
CYP20A1	2.19
IL33	0.42
ENY2	1.365
MARC2	-0.82
TBL1X	-0.385
	-0.27
	-0.87
	0.09
PLEKHA1	0.46
PLEKHA2	-3.035
PLEKHA3	1.22
RHEB	3.065
OSBP	-1.095
TCTA	0.84
AP2S1	-0.595
HIC1	0.575
AP1G1	-0.78
SNRNP48	3.385
MYO6	-0.34
IRS2	0.61
USP6NL	-1.99
TYW3	-0.64
BRAT1	-0.635
SYN1	-0.36
PLA2G15	0.38
ISOC1	0.66
	1.5
CLIC4	-0.91
C1orf198	2.46
HEXIM1	-0.645
HEXIM2	0.64
HNRNPLL	0.68
SAMD9L	-1.205
TRAF6	0.18
	2.105
TRAF7	-1.65
PHF21A	-0.91
PASK	-1.22
	3.2
	1.14
	1.835
	-0.355
RGP1	-0.335
PKM	-1.115
HECTD3	-1.175
HECTD1	-1.045
	-0.48
IARS	-2.205
LACTB	-1.175
PALB2	-0.035
SERTAD1	1.3
SERTAD2	0.55
SERTAD3	0.84
MAD1L1	-0.87
RBAK	0.07
	0.03
PIK3R4	-1.625
PIK3R2	-0.015
PIK3R1	-0.135
ZFP91	1.73
APLP2	-0.765
TARS2	0.085
GNPNAT1	0.89
ZSCAN20	-0.28
SLC35B3	0.89
RAB6B	0.32
BTBD10	-0.78
SHQ1	-0.495
NDUFC1	0.535
NDUFC2	1.455
ARHGAP17	-2.56
ARHGAP15	-0.675
ARHGAP12	-0.79
ARHGAP10	-1.18
ARHGAP18	-0.045
ARHGAP19	-2.315
	2.47
SIK3	-0.06
SIK2	1.08
NR1H2	1.405
ADAM10	-0.175
LDHA	-0.995
ADAM15	2.345
ADAM17	0.35
	-0.025
AP1AR	1.12
DEDD	-1.025
MTHFD1L	-2.035
ZFC3H1	-1.32
ASH1L	0.495
DDX39A	-0.28
AFF4	-1.33
AFF3	-1.965
DDX31	-0.415
TEFM	0.775
PNPLA2	-1.85
PNPLA7	-0.28
PNPLA6	1.375
	-0.77
	0.3
NBEAL1	-0.62
NBEAL2	-0.84
SLC39A13	0.59
SLC39A10	3.545
SLC39A11	-0.24
DZIP3	-0.995
SLC39A14	1.885
NSUN3	-0.135
PRKACB	-1.845
NSUN5	2.115
NSUN4	-0.48
ADRM1	0.21
PAN3	0.165
PAN2	-1.11
ERGIC3	0.745
EEF1A1	-0.445
TMEM183A	0.98
MCRS1	2.84
TRIM59	0.065
MYBL1	-4.415
MYBL2	-0.88
PTPN11	-0.71
PANK1	1.055
PANK3	0.715
PANK2	0.25
PANK4	0.9
DAP3	-0.885
MBNL1	-1.31
MBNL2	1.16
MBNL3	1.59
GNL3	0.865
GNL2	-0.92
GNL1	-0.525
CTTN	-1.36
SMARCB1	-3.195
CASZ1	-0.68
PRR3	1.1
TMEM39B	-0.27
PRR5	-0.875
PRR7	0.5
	-0.28
ST3GAL5	-0.98
TMCO1	1.515
MTA2	-0.31
FNIP1	0.21
FNIP2	1.81
PSPH	-2.12
TMCO4	-2.545
LIN37	-0.05
MMADHC	-1.24
UBTD2	1.46
WRAP73	0.545
C5orf24	-0.475
BUB1B	-1.725
CDT1	-0.29
CNKSR3	-2.045
ZMAT2	-1.73
EXOG	1.1
EIF1B	0.235
TASP1	1.28
EIF1AX	1.25
MPG	-0.615
	0.545
PIGB	0.895
NOM1	-1.305
ELMSAN1	-0.615
	-0.135
TPRA1	0.36
GORASP2	-0.6
TADA2B	0.34
EXO1	0.38
EXO5	0.545
TSR1	0.295
MAP7D1	-0.4
STK17B	-1.765
BSDC1	-1.265
PIGK	-0.195
PIGM	1.46
PIGN	-1.245
MPI	1.08
HSPA2	-1.75
HSPA5	0.475
HSPA4	-0.88
HSPA9	-0.03
HSPA8	1.88
DYRK3	1.15
DNAJB12	0.81
DNAJB11	0.615
DNAJB14	0.46
PLAA	-0.355
PARVG	-2.135
FAM83D	-0.525
EMD	-0.445
RAB2B	2.64
PIGW	2.74
MIA3	-0.475
MIA2	0.39
FLT3	-1.015
MAGEH1	1.835
PEG10	0.89
	2.72
HTRA2	0.39
TSNAX	-0.005
KDM7A	-1.005
SNF8	0.545
ARID4B	0.155
KLHL11	1.025
KLHL12	-1.685
KLHL13	-2.37
KLHL14	0.51
RNASEH2C	-0.24
RNASEH2B	0.34
KLHL18	-0.485
BCLAF1	-1.345
	-0.595
SCAF4	-0.565
DDX5	-3.24
DDX6	-1.29
DDX1	-0.73
SCAF8	0.185
RBL1	-1.46
RBL2	-1.395
	1.48
ILK	-1.275
FBXO34	-0.045
FBXO36	0.83
CHTF8	-0.67
FBXO31	0.065
FBXO33	1.1
FAM136A	1.01
RAF1	-0.92
DNHD1	-0.28
SYNCRIP	-1.195
TPT1	4.035
MTF1	1.215
FAM214A	-0.585
MTF2	-0.32
SH2D3C	-0.63
	1.12
	1.33
CXXC1	-2.055
OPA3	0.495
CXXC5	-1.625
OPA1	0.035
DIMT1	0.5
CD151	0.745
VAV1	-1.935
VAV2	0.07
LANCL2	-0.065
	1.33
LANCL1	0.735
	-0.63
CENPO	0.775
CENPN	-1.05
NR3C1	-0.805
CENPL	-0.09
CENPK	-1.17
CENPJ	-1.52
CENPI	0.68
CENPH	-0.855
RPH3AL	0.5
CENPF	-2.045
CENPE	-1.23
NOP2	-1.305
AIP	-0.635
CENPA	0.645
GNE	1.17
CKAP2	-2.4
CENPV	-0.79
EPRS	-1.325
CENPT	-1.945
	-0.015
CENPQ	0.325
CENPP	-0.08
NHLRC3	1.96
NUDT9	1.595
	-1.2
NUDT1	-0.54
NUDT2	-0.025
NUDT3	0.39
NUDT4	-0.22
NUDT5	0.36
NUDT7	0.97
SMPD4	0.49
SMPD1	-0.69
SMPD3	1.29
IDH2	-0.195
IDH1	-0.65
YTHDF3	0.48
YTHDF2	-0.53
YTHDF1	1.225
SNRPB	-0.34
	1.855
	1.51
SNRPF	2.515
	1.42
	0.645
	-1.44
	0.87
	0.025
	-0.28
	-0.385
EME1	-0.86
CBWD1	-0.24
EME2	1.78
POC1A	0.09
POC1B	-0.22
ASNS	-3.015
ECSIT	1.815
LIPT2	0.83
SUB1	1.85
MYSM1	0.305
ZNF235	1.88
ZNF800	1.075
ZNF236	0.055
	0.31
MSN	-4.225
ETNK1	-1.72
TTC39B	0.605
PTOV1	-0.205
	1.095
	-1.61
LEO1	0.105
DNMBP	-0.96
EIF4H	-0.045
PTPN22	-0.25
PTPN23	-0.47
SLC9A6	0.33
SLC9A7	-1.325
SLC9A1	0.07
SLC9A8	-0.375
AP3S2	1.705
EIF4E	1.615
IFNGR1	0.125
IFNGR2	0.63
MS4A1	-2.405
C16orf87	1.265
PML	-0.03
NAB2	-0.345
UBTF	-0.91
FXR1	-0.015
FXR2	0.0
	-1.18
PHF20L1	0.32
MTFR1L	0.215
HOOK2	-1.18
HOOK3	-0.835
	1.22
FCHO1	-1.36
OSTF1	-0.605
GLUD1	-0.82
SSU72	-0.73
CRADD	0.585
RBM41	0.095
RBM42	-0.655
RBM43	-0.065
LARP4	-1.375
RBM45	0.565
RPS27L	3.785
LARP7	-0.8
RBM48	1.045
DPP8	-2.88
DPP9	-1.75
PRIMPOL	1.025
	-1.65
DPP3	-2.24
UIMC1	-0.41
DPP7	1.7
NUB1	-2.405
CEP57	-1.405
CEP55	-1.23
TMCC1	-0.05
COL4A3BP	-0.715
HBP1	0.545
SLC39A8	1.88
SLC39A9	0.245
MACROD1	0.22
SLC39A1	-0.105
SLC39A4	-0.33
SLC39A6	1.44
SLC39A7	0.675
SUMF2	0.075
SUMF1	1.175
GLIPR2	0.975
GLIPR1	1.265
GYS1	-2.115
SURF1	0.74
SURF2	1.455
SURF4	0.84
SURF6	0.07
DDX58	-0.33
NIPAL3	-0.18
BPGM	-0.74
DDX52	-0.915
DDX50	-1.245
DDX51	2.265
DDX56	-0.295
CXorf38	-0.925
DDX54	-0.835
DDX55	-0.18
HNRNPA2B1	-1.185
SIPA1L1	0.565
SIPA1L3	0.64
SIPA1L2	-1.38
HEATR5B	-1.445
FUNDC2	0.96
RAB11FIP3	-0.145
ANLN	0.085
HEXB	-1.505
	0.02
DCAF7	-2.065
DCAF6	-0.215
KNOP1	0.67
DCAF4	0.08
IQSEC1	-1.58
DCAF8	-1.515
PDCD2L	-0.66
TRAFD1	-2.13
RALGAPB	-0.74
RAB9A	-0.645
CTR9	0.05
PCDHGC3	0.05
TDP2	-0.65
ATP5A1	-1.02
ARFGAP3	-0.305
THADA	-0.79
STAT6	-0.82
FAAH	0.89
STAT2	-0.395
STAT1	-1.77
CEP250	0.17
SEPSECS	0.245
ZYG11B	-1.505
KIAA2013	-0.105
RPRD1A	1.75
LIN9	0.425
RUNDC3B	-0.75
PALM	0.67
UBE4B	-1.005
UBE4A	-0.565
HMX2	-1.29
TPRG1L	-0.75
PEX19	0.8
TEX261	0.515
TEX264	0.49
PEX10	0.8
PEX13	-0.155
PEX12	1.12
PEX14	2.41
TUFM	2.84
PEX16	-1.435
BLOC1S6	0.405
BLOC1S5	0.67
	-1.475
	1.795
BLOC1S1	1.29
SBDS	0.77
CDR2	0.9
CCNT1	1.735
SLC30A9	-0.54
CCNT2	0.24
BPTF	-2.145
EIF3H	0.34
EIF3I	1.085
EIF3K	0.87
EIF3L	-0.2
EIF3M	-0.76
KIAA1549	0.635
EIF3A	-1.845
EIF3B	-0.955
EIF3C	-3.13
EIF3D	-1.82
EIF3E	0.805
EIF3F	2.04
EIF3G	-0.67
SLC30A5	-0.64
ADNP2	-0.655
CFL2	0.89
FANCD2	-2.455
SLC30A7	3.205
ERLIN1	-0.78
ERLIN2	1.05
NOL11	0.2
EFNA5	0.845
EFNA4	1.81
EFNA1	1.94
TRIAP1	2.375
YEATS2	-0.31
ICAM4	2.48
YEATS4	-0.025
PITRM1	0.245
TCF25	-0.81
TCF20	2.44
AKR7A2	0.895
FAM50A	-3.645
BMP2K	-0.01
	1.16
RERE	-3.02
LPGAT1	-0.315
PHACTR4	-0.7
PI4KB	-1.285
PI4KA	-2.255
TUSC3	1.435
CRYZL1	-1.7
MAFF	0.07
GRIPAP1	-2.15
	1.77
ALDH18A1	-2.53
NUGGC	-4.65
ELMOD3	-1.195
ELMOD2	-0.935
CREBBP	-0.395
TMA16	3.67
	-0.2
NGLY1	-1.705
SZT2	-0.12
SMN1	2.54
OIP5	-0.135
TPM3	0.475
RFXAP	-0.04
SNAPIN	-0.66
E4F1	-0.975
PMPCB	0.02
PMPCA	-1.06
DHCR7	-0.52
EI24	0.925
DYM	-1.225
FLRT2	-1.32
SSB	-0.175
	-0.06
INTS12	2.695
	-0.64
INTS10	0.22
	1.65
TAF6L	-0.56
	0.4
CRELD2	2.24
ADAR	-1.39
CRELD1	1.12
CAT	-1.985
LY75	-1.485
EXOSC8	0.63
EXOSC9	0.015
ADAL	0.97
EXOSC2	0.21
EXOSC3	1.29
EXOSC1	0.79
EXOSC6	-0.46
SIGMAR1	2.15
EXOSC4	2.29
CAD	-0.13
ZNF566	1.48
ZNF560	0.575
MZB1	-0.45
	0.88
ANO10	-0.78
FAM216A	0.45
RNF220	-0.495
TCAIM	1.21
RALBP1	-0.88
RSRC1	0.155
	0.62
SYAP1	-0.365
PIAS2	2.13
PIAS3	0.55
PIAS1	-1.145
PIAS4	-1.125
SPICE1	0.46
TMEM87B	1.65
TMEM87A	0.875
IRF2BP2	-0.34
	-1.26
ZNF664	1.81
	1.26
TK1	0.745
MEX3D	0.07
MEX3B	0.97
MEX3C	1.78
CDKAL1	-0.675
MRRF	0.875
PPP4C	0.19
	-0.755
RNF113A	1.155
COMMD8	2.1
COMMD9	-0.705
PPP1CB	0.515
PPP1CA	-0.515
COMMD2	2.52
COMMD3	0.48
COMMD1	-0.09
	0.225
COMMD7	0.255
COMMD4	-0.955
COMMD5	1.755
CNBP	1.295
TKT	-1.195
NLN	-0.555
ELAC1	0.89
HAUS8	-0.825
HAUS6	0.33
HAUS7	-1.22
HAUS4	-0.88
HAUS5	-1.835
HAUS2	1.82
HAUS3	-0.175
APOOL	-0.95
HAUS1	-0.435
ZBTB7A	-0.715
MYL6B	0.595
ATXN2L	-2.375
	-0.975
LPIN1	-0.53
CHMP4B	-0.325
NHSL1	0.57
ELMO1	-0.875
RPP25L	-1.715
EMC9	-0.75
EMC8	1.395
ELMO2	-2.14
NDEL1	1.72
EMC3	1.2
EMC2	-0.3
C12orf43	-0.71
METTL16	2.85
METTL17	0.935
METTL14	0.455
EMC4	1.45
DPAGT1	1.11
	0.785
	-1.25
AGPS	-0.24
DEDD2	-0.655
INPPL1	-1.735
TBC1D10C	-2.605
CYHR1	-0.765
MAGT1	1.875
FKRP	-0.095
ZNF821	-0.82
ATG12	1.645
ATG13	-0.785
CBX6	-1.465
DDB2	-1.58
DAPK3	-1.725
NADK	-0.37
UGDH	1.575
NKRF	-0.62
DOK1	-0.84
LRP1	0.46
AP4E1	0.505
EIF4A3	0.58
EIF4A2	1.04
PHYKPL	1.77
POR	0.45
CASC3	-1.35
PPOX	-1.68
HNRNPH1	-0.345
LUZP1	-0.04
HNRNPH3	-0.195
HNRNPH2	-2.79
LASP1	-1.065
PAWR	1.115
TAOK1	0.03
TAOK2	-1.825
TAOK3	-1.525
CYP4F2	-1.05
AXIN1	0.345
CYP4F3	1.245
WBP11	-0.55
TNFRSF9	2.64
ZNF770	1.97
ZNF771	-0.83
ZNF773	0.83
ZNF777	-0.01
CPT1A	0.88
RAB21	1.05
MTMR14	-2.105
RAB24	-1.04
RAB25	1.115
RAB26	1.32
RAB28	0.84
HLA-DMA	-2.235
GGCT	0.84
CNTNAP1	1.22
MFN2	-0.44
MFN1	-0.795
	1.0
STEAP3	0.93
BZW1	-0.34
BZW2	0.925
SEC23A	-0.23
SEC23B	-1.065
CROCC	-1.115
	-0.185
WBP1L	-0.42
GABPB2	-0.71
MFNG	1.61
HSPH1	-0.085
IMPDH1	2.24
	0.27
PELP1	1.52
NPC2	2.31
NPC1	0.235
WHAMM	-1.095
JADE3	0.185
JADE2	-0.295
JADE1	-0.36
TXNDC16	-0.11
TRIM21	0.18
TEF	0.67
	-1.025
TRIM23	0.9
APIP	-0.935
ITPKB	0.12
NOC2L	0.715
TIMELESS	-2.39
	-0.635
DDX19A	0.52
ZMIZ1	0.155
EPHB2	-0.88
API5	1.06
AAMDC	0.57
PARS2	-0.22
MFSD11	0.52
MFSD10	-0.135
CEP76	0.095
MFSD12	-0.105
CEP70	0.015
CEP72	-1.295
CEP78	1.425
PPCDC	0.32
VMP1	1.39
ACADS	-0.63
AKTIP	-0.07
PCTP	0.58
ACADL	-2.465
EEF1E1	3.55
TRIM11	0.475
TRIM13	1.16
TTC3	-0.02
SMAD4	-0.375
SMAD5	0.945
ATP6AP1	-0.225
SMAD1	1.46
SMAD2	-0.115
SMAD3	1.03
TBC1D9B	-0.17
JUP	-0.31
FOXM1	-0.73
GDF15	-1.155
ATP6V0B	1.705
BCS1L	-1.6
ATP6V0E1	0.975
ACAD8	0.895
ACAD9	0.055
SLC48A1	0.75
MPRIP	-0.875
	-0.295
FBRSL1	2.32
COX8A	1.67
ARNTL	-0.28
SUCLG2	0.62
CTPS1	-0.045
NUP62	0.895
RNPS1	0.01
ELOVL6	-1.245
ELOVL7	1.48
ELOVL4	2.845
ELOVL5	1.65
ELOVL1	2.03
UBE2K	1.625
UBE2M	0.135
UBE2O	-0.695
UBE2A	0.61
UBE2C	-0.685
UBE2B	1.805
UBE2Z	-1.195
BRDT	0.015
UBE2S	1.49
UBE2T	-0.175
UBE2W	1.95
GSTT2	-0.385
LIN7C	0.47
ACADVL	-2.02
TOPBP1	-1.47
UTP14A	0.155
TUBA1C	-0.315
TUBA1B	-2.4
TUBA1A	-2.3
UTP14C	-1.135
DCAF13	-0.04
DCAF12	-1.125
DCAF11	-1.285
SRBD1	-0.215
DCAF17	0.52
DCAF15	-1.3
HIST2H4B	2.015
SBF1	0.015
FITM2	2.225
SBF2	-1.475
BRD8	-1.555
BRD9	-0.845
	0.08
BRD7	-1.145
BRD1	-1.04
BRD2	-0.5
BRD3	0.105
POLR2D	2.085
ELOF1	1.195
PPRC1	-0.05
MCMBP	-0.03
CYP2U1	0.48
SMDT1	0.58
TBPL1	0.545
HIST1H4I	2.21
C6orf136	-1.06
TTC21B	0.195
GAB3	-0.64
RSBN1	0.11
	-0.99
HSPE1	2.7
PHF20	-1.68
PHF23	0.78
FAS	1.49
KDM2A	-1.735
FAH	0.995
DIABLO	0.105
ULK2	-0.64
ULK3	1.3
OGDH	-2.34
ULK1	1.445
ULK4	-0.5
MPZL1	-0.89
VEZF1	0.355
AARS2	-0.02
SLC26A11	1.275
JOSD2	1.525
MAGED1	-3.475
MAGED2	-1.275
EFCAB7	1.065
MAU2	0.805
C15orf61	1.87
KDM2B	-0.725
	0.83
	1.72
	-3.035
FOXP4	0.14
RBM27	1.17
ZER1	-2.01
DUS4L	1.185
SKIL	-0.095
PAPLN	-0.155
RAB7A	1.32
CD81	-0.185
CD80	3.37
CD82	-0.77
SLC44A2	0.1
CCS	-1.72
CD86	0.34
EGFL7	1.0
TAF4B	0.37
RPRD1B	0.575
LAPTM4A	1.22
PFDN1	1.505
ZC3H8	2.185
PFDN2	0.855
PFDN5	-1.145
PFDN4	2.215
PITHD1	1.345
	1.415
ZC3H4	-1.825
DYNLT3	1.59
C19orf53	1.24
PIH1D1	-1.01
FETUB	0.635
EPS15L1	-0.9
PTS	0.89
HMBS	0.79
KDSR	0.93
RWDD1	1.71
GTSE1	-1.2
EPN1	0.06
EPN2	0.155
ECHS1	-0.345
RWDD2B	-0.755
C10orf71	-3.24
LATS2	-0.89
LATS1	0.165
RANBP9	-1.81
MMS19	-2.56
TAGLN2	-0.17
RANBP6	-0.57
RANBP1	1.075
TBC1D10B	-0.84
TBC1D10A	0.96
	-0.36
PHAX	0.415
IKBKB	0.03
PPP6C	-0.13
IKBKG	-0.025
ZNF613	-0.19
	-0.54
SAMHD1	-1.875
FAM118A	1.56
TXNDC17	0.535
TEC	-0.32
TXNDC11	-1.805
HPRT1	1.08
TXNDC12	0.205
FHL3	-0.065
NBN	1.385
TES	0.35
DUS2	-0.185
	-0.38
PSMD14	-0.985
UAP1	0.065
PSMD11	0.51
PSMD10	-1.285
PSMD13	-1.33
PSMD12	-0.265
HIST1H4F	1.775
HIST2H4A	3.185
IL9R	-3.645
TMEM14C	1.745
HIST1H4J	1.715
HIST1H4A	1.245
HIST1H4H	2.135
HIST1H4K	2.4
HIST4H4	3.67
	-0.135
HIST1H4L	2.685
RND2	0.5
RSL1D1	1.35
KIF20A	-1.305
CSPP1	1.575
CNTROB	0.095
DECR2	-0.36
CEP350	-0.79
	1.74
BMP1	-1.295
	-0.06
RXRB	0.465
TMEM147	1.655
TMEM144	0.18
TMEM143	0.71
TMEM141	-0.93
CHST1	-0.755
RFT1	0.16
CHST3	-3.335
CHST7	1.81
