CERS6	0.835
PLEKHG2	1.27
CERS4	-2.04
CERS5	-0.01
CERS2	0.54
NAMPT	-2.5
MAN2A2	-1.49
SEPT7	1.645
NDC1	1.69
BCKDK	0.24
HSPBAP1	1.795
MIER1	1.075
MIER2	0.075
MIER3	0.11
CNPPD1	-0.225
INVS	0.585
RABIF	-0.835
DAG1	-2.085
MYADM	1.07
NAF1	1.12
CEBPB	-2.825
CEBPG	-1.65
RGS13	0.505
ERICH1	0.625
	-2.615
CEBPZ	0.88
ARL1	1.405
ZNF710	-2.735
RBM8A	-0.39
ZNF175	0.575
EDRF1	-1.16
MLLT6	-0.965
	0.75
MLLT1	0.22
MLLT3	-0.5
RTF1	-0.985
	-0.15
KIAA0355	0.75
PRAMEF8	1.32
CRTC1	-1.12
NOSIP	-0.37
SNRPD3	0.715
BTG2	-1.195
SNRPD1	0.22
UPRT	-0.24
ZSWIM4	-1.58
ZSWIM5	1.265
ZSWIM6	0.94
RTN4IP1	-0.04
ZSWIM1	0.05
NUPL2	1.69
NDRG1	-0.71
NDRG2	-0.65
NDRG3	0.57
ZSWIM8	-0.62
MAK16	0.335
HM13	-0.34
GGA1	-0.725
GGA3	0.205
GGA2	-0.66
	-0.76
SORBS1	0.1
TSHZ1	-0.87
XIAP	0.15
MPLKIP	-0.97
HSF1	-1.015
FAM104A	0.01
TRNT1	-0.46
TEX9	2.14
RALGPS2	-0.4
TEX2	-0.315
LTA4H	-0.645
LMNA	0.94
SUPT16H	0.845
CMAS	-1.005
UBFD1	-0.365
FKBP15	-0.485
MCL1	-1.74
PTTG1	-1.46
	-1.295
PREPL	1.05
GPR180	1.61
SUPT6H	0.17
SASS6	1.575
SLC27A4	1.15
CEP19	-1.52
SLC27A1	-0.235
IMP3	1.73
HMGXB3	-0.82
HMGXB4	-2.37
LRRK1	-0.775
IMP4	0.92
TCOF1	-1.97
TRIM33	1.69
TRIM32	1.45
TRIM37	-0.2
TRIM35	-2.67
FOXO3	0.48
FOXO1	-1.06
DLAT	0.225
FOXO4	0.255
	0.54
THAP11	-1.075
BTAF1	-0.42
DBNL	-0.115
FAM114A2	1.07
ALDOA	0.215
ALDOC	1.54
	-0.84
COPE	-0.63
NUP43	2.085
NSFL1C	0.93
USP8	-0.855
C12orf57	-1.21
USP1	-1.63
USP2	2.465
USP3	-0.675
USP4	-0.845
USP5	-0.365
USP7	0.6
IL1RAP	1.555
MIS12	0.11
NR1D2	-0.79
CALR3	0.51
CARD6	0.22
FARS2	-0.395
RPL37	1.005
	0.53
RPL35	0.5
	2.24
RPL30	-0.075
FAM13B	0.515
BCAS2	0.15
BCAS3	0.61
EXOSC10	-1.34
	-0.75
	-0.115
MTHFR	-1.29
TPP1	-0.29
TPP2	0.305
RAD50	1.3
SFMBT1	0.475
ZZEF1	-1.67
BRF2	-0.345
BRF1	0.135
SETX	-1.11
FUCA1	-1.025
FUCA2	0.205
HIST1H4B	1.6
FARSB	1.49
FARSA	1.58
UAP1L1	-0.91
TTBK2	-0.18
PURG	0.42
LIN54	1.765
NCOR2	-1.495
NCOR1	-0.95
LYSMD3	0.87
PEBP1	2.415
MAGOHB	-0.08
PPME1	1.03
FLNA	-0.435
FLNB	1.96
CEP164	0.28
	-0.295
	0.015
CNNM3	0.46
CNNM2	1.27
MCM3AP	-1.53
TINF2	-0.3
	0.75
	-0.83
KLC1	-1.74
RALY	0.97
POLD1	0.035
POLD2	-0.95
POLD3	-0.455
POLD4	0.665
DUT	-0.605
RALB	1.105
RALA	-0.635
HDAC1	1.705
HDAC3	-0.065
HDAC2	0.96
HDAC5	0.22
HDAC4	1.895
HDAC7	0.38
HDAC6	0.165
HDAC9	0.155
HDAC8	-1.15
GSTCD	1.38
GZF1	1.07
GMPS	0.97
DPY19L1	2.09
COG7	-0.87
C20orf194	1.59
UPF3B	1.365
UPF3A	-1.155
STRN	1.925
NACC2	0.28
NACC1	-0.35
CLCN3	0.1
CLCN2	2.215
ZNF76	0.53
CLCN7	-0.355
CLCN6	-0.435
CLCN5	0.36
	1.735
IKZF1	0.445
IKZF3	-0.975
H2AFV	-0.715
MBTD1	0.71
H2AFX	3.1
H2AFY	0.7
SGSH	-0.495
PIGY	0.5
BANP	0.625
CNN3	0.2
CNN2	0.88
HADHA	1.41
SEPT10	2.625
FGF11	-0.46
CIZ1	-0.84
ASL	-1.07
IKBIP	1.615
SKP1	-0.235
LMCD1	2.45
ANGEL2	0.145
ANGEL1	-0.95
SNRPD2	3.63
DNLZ	0.98
BTG1	-0.525
	0.515
BABAM1	-0.485
PHC3	-0.65
PHC2	-1.25
SEC16A	-0.77
SEC16B	1.035
MED22	-1.05
	-1.31
ZWINT	1.19
GOLT1B	0.64
	-4.31
MED25	1.24
CSNK2A2	-0.13
CSNK2A1	1.395
PIF1	1.685
IER3IP1	-0.195
ZSWIM7	-1.295
TERF2IP	-0.905
RNF6	1.185
RNF4	0.02
RNF5	0.46
RNF2	-0.075
CHMP6	0.3
CHMP5	0.925
NUPL1	-0.815
RECQL5	0.5
RECQL4	0.785
SCLT1	0.75
	-2.125
GCNT1	2.31
YTHDC1	-0.68
NAIF1	-0.565
MARK4	0.01
MARK2	-0.16
MARK3	0.245
STRIP1	0.24
NMD3	0.705
NDRG4	-0.27
EXTL2	1.175
EXTL3	0.41
NPAT	0.46
TMEM160	-0.17
TMEM165	1.465
TMEM164	0.595
TMEM167A	-0.505
TMEM168	0.945
C12orf10	2.305
TBC1D1	1.525
DEAF1	-0.05
TBC1D5	1.195
TBC1D7	-1.845
HNRNPDL	2.59
SDCCAG8	-0.29
RYR1	0.835
	0.415
	-1.145
ITGAV	1.71
C18orf32	0.28
IBTK	-3.255
GTF2E1	-0.735
GTF2E2	-0.02
WLS	-0.42
AKIRIN2	-0.245
AKIRIN1	-1.31
AP3M1	1.81
AP3M2	1.44
LIMD2	-2.0
LIMD1	-1.59
SGK1	0.205
ACSF2	0.0
ACSF3	-1.405
ITGA4	-0.34
ITGA6	-0.745
SLC4A8	1.4
ZNF865	-0.425
AIG1	0.07
UNC119	1.37
POLE3	0.27
	0.63
ZNF91	-0.02
ZC3HC1	0.59
	0.1
TPCN1	-0.705
TPCN2	0.975
SNRPB2	0.46
GLTP	-1.775
CALR	1.745
M6PR	0.175
NDUFS1	0.955
EBF1	-0.92
R3HCC1L	1.18
SECISBP2	-0.45
CACNA1I	2.01
	-0.34
CTDSPL2	0.87
CACNA1A	-0.5
IMPAD1	0.76
CMC1	-0.605
CMC2	-0.465
	0.835
GCSH	0.285
XRN1	-1.65
XRN2	0.685
ARHGAP4	0.0
ARHGAP5	-0.015
POT1	-1.23
ARHGAP1	1.56
PGAP3	1.4
AP5Z1	-1.325
DYNLRB1	-1.525
RPUSD4	0.98
COL11A2	-0.3
FCRLA	1.395
TIPARP	0.5
DYNC1LI1	-1.0
DYNC1LI2	-0.04
	-0.46
DAXX	-0.155
ATIC	0.285
UTP3	1.305
MTCH2	0.16
MTCH1	0.445
LRIF1	1.98
ANKRD27	-0.59
ANKRD26	-0.77
	-0.94
CNOT8	1.765
TIAL1	-0.89
CNOT3	-0.695
CNOT2	1.09
CNOT1	-1.51
CNOT7	0.925
CNOT6	-0.96
ANKRD28	2.395
SARS2	0.595
IFT172	-0.85
UVRAG	-0.195
RNF123	-0.525
RNF103	0.31
NFIC	0.3
NFIB	0.265
LGR6	2.25
TTF2	-0.01
TTYH2	1.675
CXCR4	2.535
HLTF	0.24
NFIX	-0.595
TNFRSF13B	1.005
TNFRSF13C	2.79
ZNF292	0.87
IGSF8	0.825
ZNF296	1.275
CSNK1D	-0.625
CSNK1E	-0.515
ALDH16A1	-1.735
C7orf26	-0.3
COPRS	-1.06
	2.245
	1.385
SYNRG	0.48
PKIG	-0.71
U2SURP	1.63
PKIB	0.42
RPL14	-0.755
RPL10	-0.18
RPL12	-0.485
RPL13	1.66
RPL18	2.82
OGFOD1	-1.03
OGFOD3	-0.26
OGFOD2	0.2
LYRM2	-0.28
LYRM4	0.925
LNPEP	-0.1
NUDT16	1.07
KLF13	-1.18
GSS	0.18
GSR	0.885
NUDT14	0.75
PATL1	0.92
CD300A	-0.885
HK2	0.77
HK1	-0.085
MOB3B	-0.18
MOB3A	0.9
SOD2	1.375
GRHL1	0.75
SOD1	-1.925
GBP4	-0.71
C9orf40	-0.295
LSG1	1.49
	-1.07
SCOC	0.895
PMS2	-0.06
COX7A2L	0.43
GNAS	-1.805
CSTF2T	-0.27
IVNS1ABP	0.345
TMED10	-0.18
DMXL2	-1.89
DMXL1	-0.395
BCL2L11	-1.0
BCL2L13	-1.15
BCL2L12	2.755
NFATC2IP	2.755
EED	2.25
TPRN	-2.325
C7orf50	-0.7
	-1.575
NAPA	0.02
CLYBL	0.26
ID2	-0.47
ID3	3.59
PGM1	-1.42
PGM3	-1.205
C6orf62	-0.685
CHAF1A	-0.49
CHAF1B	2.315
RMND5A	-1.255
HMG20B	-0.095
RRNAD1	-0.455
TPD52	2.41
NIPA2	-0.205
CHTF18	-0.405
QPCTL	0.185
TRUB1	-0.195
TRUB2	-1.435
IDS	-1.0
ZNF507	0.39
	1.675
AMMECR1	1.04
	-0.11
IDE	-0.625
	-0.825
PXK	-2.25
HPS6	1.69
PXN	0.045
ACY1	0.85
QRSL1	-0.18
LYL1	-0.32
FAM149B1	0.75
HS1BP3	0.95
MED30	1.35
MED31	-0.87
SPRYD3	0.055
SPRYD4	1.925
NF2	-0.345
NF1	-1.37
SPRYD7	-2.19
	0.09
AQR	-0.28
NSMCE2	1.23
	0.21
EPS15	-2.25
PTPRU	1.77
PTPRS	-1.455
PTPRR	-2.155
TAZ	0.005
POLR1C	0.245
PTPRC	2.875
PTPRA	1.045
AACS	-3.5
PTPRJ	2.94
RASA2	-0.03
RASA3	-2.845
PPHLN1	1.59
	-1.0
KIF16B	0.57
DHODH	2.22
NPHP3	1.66
HLA-DRB5	-2.085
	1.09
	-0.525
ANKRA2	-1.03
FAM172A	-0.025
MAP3K8	0.075
MAP3K2	1.85
MAP3K3	0.28
LRRC14	-0.835
MAP3K1	-1.675
	-1.54
MAP3K4	0.985
MAP3K5	-0.42
LTB	-3.49
LTA	0.53
ABCA5	-1.69
ABCA2	-0.745
ABCA3	-2.545
ABCA1	-2.72
CHAMP1	1.43
FAM32A	-1.12
ZBTB2	0.92
ZBTB1	1.105
PDCL3	1.05
ZBTB5	0.555
	-0.125
RPF2	1.845
RFX7	0.02
RFX1	2.165
RFX3	0.59
APOPT1	0.69
TMEM109	1.52
FKTN	0.61
TMEM101	2.6
MYD88	0.515
TMEM107	-0.8
BORA	-0.375
TMEM104	-0.065
ASPSCR1	0.035
IFT52	-2.075
IFT57	0.57
NKTR	0.155
ETV3	-0.455
ETV5	1.57
ETV6	-1.54
SH3BP5	0.485
POP1	2.55
POP7	0.46
SH3BP1	-0.48
POP5	-1.215
POP4	1.65
EIF4G3	-1.445
EIF4G2	-1.705
EIF4G1	-0.705
GDE1	2.945
TCEANC	1.49
C5orf63	0.595
GLUL	-0.22
APEX2	1.28
AKAP12	-0.185
AKAP13	-1.735
AKAP10	-0.565
AKAP11	1.47
	0.275
TMC4	-0.18
TMC6	0.455
TMC8	-0.025
SNAP47	-0.695
C6orf47	1.86
ANXA11	-1.025
ANXA10	-1.055
EFHD2	-1.63
MLF2	-0.27
COX4I2	-0.79
NTAN1	-0.23
HERC1	-0.79
HERC3	-1.61
HERC2	-3.15
HERC4	-0.81
HERC6	-0.28
PROB1	0.84
RAB8B	-0.5
RAB8A	0.85
ZCCHC17	0.145
PCID2	-0.425
ZFYVE9	0.42
ZBED3	0.515
ALKBH7	-0.71
DNAJA2	-0.93
DNAJA3	-1.11
DNAJA1	-0.35
PSMA3	-0.195
	0.5
WDR26	-0.205
WDR24	-1.0
WDR20	1.2
PSMA7	-2.19
ACER3	1.115
APOE	1.085
SMIM7	0.94
PDE6D	1.28
RAD21	-0.155
SMIM8	1.225
ESF1	-1.545
RECQL	-1.325
LACTB2	0.105
AGBL1	-1.0
CRYL1	1.045
	0.765
ZFP36	-1.025
STARD9	-2.165
SRP14	-2.715
STARD3	0.085
SRP19	0.0
STARD7	1.05
STARD4	-2.465
STARD5	-0.9
ANTXR2	-0.03
PDIK1L	-1.03
CDK5RAP2	-2.53
CDK5RAP3	-0.89
CDK5RAP1	-0.35
PBX2	1.75
FAM126A	-1.1
ACAA1	1.135
DOCK9	0.17
DOCK2	-0.895
DOCK3	-0.47
DOCK6	-1.25
PIK3C2A	1.475
DOCK4	-0.8
DOCK5	-1.235
LPCAT4	0.18
LPCAT3	-2.865
LPCAT1	-1.895
	2.02
ASB13	2.555
DLD	0.665
TOR1B	-0.64
MOB2	1.57
RNF25	2.325
RNF24	1.4
RNF20	-1.075
HSD17B12	-0.02
ZNF317	0.61
HSD17B10	0.875
FOXK2	-2.135
FOXK1	-1.39
DYNC2H1	0.025
ZNF318	-1.25
ZNF319	2.265
PRR14L	0.485
RNF128	0.935
RNF126	1.1
	-0.095
RNF121	1.96
IL2RA	-0.815
IL2RG	0.805
TBC1D31	-2.125
KATNA1	-1.045
UTRN	-1.555
AOX1	2.04
	-1.225
	1.435
	-1.52
KCTD6	0.75
KCTD5	1.14
ZNF275	-0.945
DHX57	0.37
KCTD9	0.03
ZNF276	0.855
POLR3GL	1.18
COX20	-0.055
NUP214	-1.355
NUP210	0.115
PIP4K2C	0.755
PIP4K2B	-1.815
	0.85
	0.75
MRGPRE	2.105
SLC23A2	0.37
TRDMT1	0.69
SETBP1	1.26
BBX	0.155
	-0.555
	-0.06
TFB1M	1.02
DUSP14	1.14
DUSP16	-0.06
DUSP11	0.205
DUSP10	0.135
DUSP12	-0.885
SGPL1	0.045
RPL7A	2.425
	-0.36
C17orf80	1.525
	-0.27
NUFIP2	1.03
GHDC	2.7
NUFIP1	-0.315
GPS1	0.525
GPS2	1.39
PFKFB1	2.51
PFKFB3	-0.845
CAMTA1	1.08
MOB1A	-0.98
MOB1B	-1.06
SLC20A2	0.985
SLC20A1	-1.165
FSTL5	1.95
TM9SF4	-0.15
SCNM1	0.595
MBOAT7	0.125
TM9SF3	1.92
TM9SF2	-1.645
LGALS1	3.615
CADM1	-0.43
CEP128	-1.91
ECD	-0.8
RP9	0.685
CEP120	1.195
CRYBG3	-1.25
	0.23
ATAD3A	-1.475
PLK1	0.095
PLK3	0.81
PLK2	-0.625
PLK4	-0.74
AKT1S1	-0.935
SPTBN1	-2.54
MTBP	1.45
NEMF	0.91
RRAD	0.62
RRAS	-0.445
	-0.865
EIF4EBP1	-2.98
PDLIM5	-1.27
	0.37
ZCRB1	0.19
PDLIM2	1.615
	-0.01
PPFIBP1	0.835
PPFIBP2	-1.82
GPAA1	0.31
FOPNL	0.81
SKI	2.13
	0.96
RMDN2	-0.995
PNRC1	-1.065
PNRC2	-1.47
RMDN1	1.77
MMGT1	0.735
CARD11	0.425
PCSK7	0.57
PCSK4	-0.265
SPTLC2	1.02
SPTLC1	0.76
FAM192A	1.355
TARDBP	1.025
ZZZ3	1.015
RAB22A	0.72
CDK2AP2	0.33
ADI1	-1.3
	1.0
RPS15A	-1.095
PDK1	1.505
PDK3	-0.12
RPRD2	-0.945
GRPEL1	0.145
GRPEL2	2.37
C5orf22	2.19
CYC1	-1.065
MEIS2	1.725
NR1D1	-1.0
ANKRD33B	0.36
PECR	1.07
TPRKB	0.425
LGALSL	1.69
PTGR2	-0.77
GOLGA1	0.01
RWDD4	0.03
GOLGA3	-0.44
GOLGA4	-0.5
GOLGA5	0.66
CKLF	0.26
LMNB2	-0.125
LMNB1	-0.21
RING1	-0.79
	-1.39
BMS1	0.145
CISD2	1.285
SNAPC3	1.115
AAAS	1.115
CISD1	0.35
FAM49A	1.5
TBK1	0.465
FAM49B	-0.87
RBFA	1.74
SNAPC1	0.56
SWT1	0.075
MED10	-0.195
CSTB	-2.79
MED12	-0.98
MED13	0.34
MED14	1.385
	-1.725
MED16	0.57
MED17	0.5
MED18	0.905
MED19	0.01
SRFBP1	-0.51
BOP1	0.785
ECE2	-0.6
ECE1	-0.825
VPS13D	0.77
VPS13A	1.085
VPS13C	0.385
VPS13B	-1.55
RPTOR	-0.32
FCER2	1.72
C2CD2L	1.79
KIF18A	-0.07
SFPQ	-0.405
KIF18B	-0.36
SPEF1	2.14
PKMYT1	-1.79
PRKAA1	1.27
ABCC4	0.405
ABCC5	-0.48
ABCC1	-1.76
OSCP1	0.87
TMEM127	-0.455
DESI2	-0.42
TMEM123	0.18
DESI1	-0.63
WIPI2	-1.555
PUSL1	0.09
TMEM129	-0.92
TACO1	-0.035
NUDCD2	-0.425
NUDCD3	-1.085
NUDCD1	1.475
IFT74	-0.13
PREB	0.36
IGFBP2	-0.93
IGFBP5	0.42
PREP	1.58
L2HGDH	1.32
POFUT2	0.75
HIGD1A	0.25
PTK2B	-0.425
SLC25A26	0.74
POFUT1	-1.365
MEMO1	0.66
BRIX1	0.645
IL27RA	-1.2
SSX2IP	-2.15
C1D	-0.615
NOP10	0.735
	-0.05
NOP14	1.095
NOP16	0.475
ATG9A	-1.47
EFCAB14	0.255
BLNK	1.75
OCIAD1	0.285
CCDC88A	-0.735
CCDC88B	-2.12
CCDC88C	-0.765
PLEKHM1	-0.5
PLEKHM2	-0.985
PLEKHM3	0.93
CACFD1	-1.13
BNIP2	-0.81
CDC45	0.39
NCKAP5L	0.1
CDC40	-1.035
	0.385
MAZ	-2.53
TMA7	0.03
PSAP	1.235
MON2	0.86
BLVRB	0.735
TRIP4	0.055
SLC33A1	-0.785
UBQLN2	-1.135
UBQLN1	0.315
MLH3	1.295
UBQLN4	-1.24
LTN1	0.41
GTF2A1	-1.0
GTF2A2	0.785
ISG20	-1.0
GIPC1	-0.18
	-0.215
OTUB2	-1.295
ELAVL1	-0.125
	-1.605
CYB5B	-2.19
ZDHHC2	0.445
UPF2	0.73
MDH2	0.98
MDH1	0.795
ZDHHC5	1.11
DIS3L	-0.43
PACSIN2	-1.025
DNAJC8	0.025
DNAJC9	-0.12
DNAJC4	0.75
DNAJC5	-0.38
DNAJC7	1.335
DNAJC1	-0.305
DNAJC2	0.105
DNAJC3	2.09
GPN3	0.225
GPN2	0.245
GPN1	1.075
MYC	-0.38
MYB	0.94
FAM53A	0.62
ROGDI	0.775
DAAM1	0.98
RNASEH1	0.88
	0.65
ZNF761	-0.71
PCIF1	-1.63
UBR4	-2.165
SRP72	-0.47
DUS1L	0.5
NTMT1	0.73
BAIAP2L1	-0.36
GTF2B	0.12
PLP2	1.52
TERT	-0.465
NBAS	-1.12
LUC7L3	2.44
LUC7L2	1.25
PLCD3	-0.52
NFU1	-0.135
SEC13	1.01
KRR1	1.74
ZNF213	0.24
SGPP1	0.28
ZNF330	-0.25
JMY	0.125
ZNF335	-1.31
RNF149	-0.95
SUZ12	0.07
GMIP	-1.385
RNF145	-3.615
AICDA	0.41
RNF146	0.95
RPP38	-0.23
	0.75
HLA-DMA	-0.96
RPP30	0.12
ZNF251	-0.29
TBC1D13	0.74
TBC1D16	0.555
TBC1D17	-1.435
TBC1D14	1.315
TBC1D15	0.66
DLG1	-0.36
DLG3	1.29
FAM102A	0.1
SUPT7L	-0.63
ODF2	-0.62
FASTKD5	-0.015
FASTKD2	0.2
FASTKD3	0.915
FASTKD1	0.03
ZNF217	-0.995
MMAA	1.27
UBE3D	-0.425
MMAB	-2.285
SLC45A4	-1.82
PSPC1	-2.6
TRMT10A	-0.1
TRMT10C	1.115
TRMT10B	1.25
ZRANB1	-0.245
ZRANB3	0.05
MPC1	-1.66
CAPN10	0.09
EFR3A	-0.3
CRNKL1	-0.235
EFR3B	0.42
SUB1	1.035
FNBP1	-0.585
FNBP4	-2.015
ZFPM1	-1.31
POU4F1	-1.2
SWI5	-0.57
RBBP8	-0.165
RBBP7	-0.49
RBBP6	-1.21
RBBP5	1.555
RBBP4	-0.165
HSD3B7	0.75
CEP104	-0.295
PIK3AP1	0.02
TOB1	-1.485
TOB2	-0.795
ENC1	0.53
MRPL4	0.19
NEO1	0.645
MRPL2	-0.06
MRPL3	-0.565
MRPL1	3.05
AEN	0.875
MRPL9	-0.045
LMTK2	-0.63
TRRAP	-1.75
	1.485
IL10RB	0.93
RABAC1	1.315
MSRB1	-0.54
MSRB2	0.75
C1orf112	-0.485
GGPS1	1.745
ZNF385A	-1.075
CHKA	-0.15
TYRO3	0.225
HLCS	-0.63
TSFM	-1.89
AFTPH	-0.26
BCDIN3D	0.42
CHCHD10	-2.33
	0.115
MARCH3	-0.18
CNNM4	0.83
PDHA1	0.745
OXA1L	0.89
KIAA0100	-1.43
KDM5B	-1.32
CAPG	0.93
DYNLL1	-1.13
HIRA	0.255
PRKAB1	1.575
ABHD10	0.355
WWOX	-0.555
ABHD13	-0.435
INTS3	0.045
INTS2	0.165
INTS1	-0.24
INTS7	0.07
INTS6	-0.06
INTS5	0.79
INTS4	-1.89
INTS9	1.725
INTS8	2.73
ADAT1	1.75
CAP1	-1.16
ADAT2	-0.21
USP45	-0.775
RSBN1L	-1.63
UBXN2B	1.0
UBXN2A	0.1
ATP2B1	-2.185
RNF187	0.235
CNOT10	0.71
DPY30	1.015
CSRNP2	0.0
JKAMP	-0.115
HIF1A	-0.475
PHYH	0.215
GINS2	-0.255
GINS3	0.505
GINS1	-0.51
GINS4	-0.47
	1.65
GGT7	0.325
FBF1	2.37
COQ6	-0.52
CCDC61	0.855
ASNA1	0.755
COQ3	0.75
ILF2	2.795
EBAG9	0.47
GALK1	-0.13
GALK2	2.175
AMBRA1	-0.465
RBMX2	-1.35
ADPRH	-0.72
BANK1	-1.435
ADPRM	-0.35
CRYZ	-0.67
MRPS7	0.89
MRPS6	-1.245
MRPS5	0.76
MRPS2	-0.045
HILPDA	0.905
WRNIP1	0.005
LRWD1	-1.495
TULP3	-1.585
DEPDC5	-2.635
LPP	0.28
SLC12A4	-0.125
SLC12A7	0.24
KDM6A	-0.415
SLC12A2	-0.885
CWC27	-0.21
CWC25	1.435
SLC12A9	-1.93
FEM1C	0.525
FEM1A	1.875
POU2AF1	-0.565
CRY2	-0.4
MED1	-0.565
VCPIP1	-0.405
ATP6V1C1	0.035
	0.66
NUS1	0.69
PCGF1	-0.5
PCGF3	-0.72
PCGF2	0.87
	0.24
LGMN	2.62
PCGF6	0.215
CCNDBP1	-0.865
SPATA24	3.09
GOSR2	1.16
NANS	1.37
PRCP	2.495
DHX33	2.395
BEND3	-0.35
USP47	-0.815
SFI1	-1.46
	-1.325
DARS2	0.785
LRRC56	1.4
LRRC57	0.305
LRRC58	0.5
LRRC59	1.545
HCCS	0.28
SLC11A2	-0.44
ISY1-RAB43	-0.575
SLC11A1	-3.42
SNUPN	1.66
ZC3H12A	1.03
GDI2	-0.68
PRC1	1.905
GDI1	0.21
HSD17B4	0.28
CBY1	0.64
HSD17B7	-2.08
POLQ	-1.26
THOC7	0.905
POLG	-0.3
POLE	0.97
POLB	0.125
PLEKHO2	1.69
POLM	-1.605
PLEKHO1	2.315
POLI	-1.27
POLH	1.49
DRAM2	1.525
RTN4	-1.555
RTN3	-1.735
TIMM13	0.835
TIMM10	0.115
VRK1	1.09
RNGTT	1.73
FAM122B	-1.0
PA2G4	0.47
CDC6	0.36
CDC7	-0.67
VRK2	-0.77
PRR12	1.715
	-0.175
PRR11	1.515
AURKA	0.45
AURKB	-0.49
AEBP2	-1.45
PRPF3	3.72
PRPF4	-0.055
PRPF6	1.335
SHC1	-1.225
TALDO1	1.365
EIF2S3	-1.325
PKP4	-0.27
PKP2	0.57
FAM168B	-0.51
ITCH	-0.575
MICAL1	-0.145
CLPTM1L	0.625
BTLA	1.1
WDR62	-0.715
USO1	-1.095
WDR60	0.87
XPR1	0.815
FAM72A	1.7
VPS72	0.24
SCAPER	-1.18
TEP1	-1.37
ACOX3	-1.0
ACOX1	-2.12
ERGIC2	-1.135
TFIP11	2.245
ERGIC1	-0.29
DERL1	-1.58
DERL2	-0.955
ALDH9A1	-0.82
FRY	0.5
SDHAF1	-0.89
SDHAF2	0.99
	0.705
	-0.79
CLIC1	1.05
GABARAP	0.07
	0.745
	1.18
ZSCAN29	-1.2
ZSCAN25	-0.225
ZSCAN26	-1.045
ZNF569	1.775
ZSCAN21	-0.685
ZSCAN22	-0.66
LMF2	1.85
LMF1	-0.28
DUS3L	0.51
TSSC4	0.25
ZFYVE19	0.425
ZNF687	0.7
ZNF688	-0.71
ZNF689	-0.18
TMCO3	-0.52
ZFYVE16	-0.64
TMCO6	-1.1
SREBF2	-4.425
ZMAT3	-0.785
SREBF1	-3.905
ZMAT5	0.575
ANKRD44	0.41
ANKRD46	0.01
	-0.99
ANKRD40	0.95
ANKRD49	0.64
MEF2C	1.815
MEF2A	-0.19
BTBD9	1.09
MEF2D	1.215
ARID4A	0.06
CYB561D2	0.49
BTBD1	0.05
BTBD2	1.58
CLUH	0.985
RNF167	1.405
RNF166	1.43
RNF169	0.335
RNF168	-1.0
KIAA0825	0.08
RABGAP1L	1.13
EOMES	-1.34
EAF1	0.08
EAF2	0.37
N4BP2L2	-0.525
RAD51D	-0.46
RAD51C	0.1
RAD51B	1.07
DNPEP	-1.64
DDX39B	1.445
ERC1	0.27
CHMP2B	-2.06
CHMP2A	0.85
DHX16	-0.845
DHX15	1.01
ARFIP1	-1.46
MTHFD2	-4.19
MTHFD1	0.295
KATNAL1	-1.2
DBF4	-0.335
STIP1	1.255
	0.66
ALG8	-0.305
ALG9	0.37
ALG2	0.44
ALG3	-0.6
ALG1	-0.165
ALG6	1.155
ALG5	0.24
PRIM1	0.895
PRIM2	-0.205
GYG1	-1.29
HIF1AN	-0.165
IRF2BPL	-1.115
RPP14	-0.705
ACSL3	-1.305
RABL6	-0.365
C19orf24	1.235
SLC30A6	0.065
SLC30A1	1.17
RABL3	1.085
MSI2	-1.28
BRPF3	-0.5
BRPF1	0.605
CRLS1	-0.91
LYST	-1.535
PCNA	-0.05
CNST	-0.435
HELQ	0.9
MCTS1	0.74
SPAST	0.455
HELZ	0.43
HIPK3	0.775
HIPK2	0.2
HIPK1	0.325
IRF2BP1	-0.12
	-0.845
HELB	-0.74
PCNX	0.515
B9D2	-0.36
B9D1	1.07
	0.08
LSM8	-0.5
FOS	0.265
LSM4	-0.555
EEF1G	0.015
LSM6	-0.685
LSM1	1.52
LSM2	1.055
LSM3	-0.23
GUK1	-0.37
ZMYND11	-0.01
	1.525
ZNF526	-1.52
	-0.96
MON1A	0.96
MON1B	-0.8
ZMYND19	-0.5
TPX2	-0.135
	-0.83
PPP1R21	0.93
	-0.26
	-1.15
	-0.545
	-1.09
HIST2H2BF	0.6
HIST1H2BJ	-0.485
TRAF3IP2	0.98
TRAF3IP1	-0.36
SAC3D1	-0.235
DPH6	1.25
TBRG1	-0.605
DNAJC27	1.09
DNAJC25	1.915
DNAJC24	-0.21
DNAJC21	0.875
APOBEC3B	0.66
HSPB11	1.29
APOBEC1	-1.33
MTMR9	0.89
MTMR6	0.24
MTMR4	-1.715
MTMR3	-2.535
MTMR2	0.96
MTMR1	1.85
MYL12A	1.08
CARS	-2.995
MAN1A1	-1.35
TRAIP	1.005
CHURC1	-1.65
ABCB10	-2.19
PHTF2	-1.23
RANBP3	-0.145
APBA3	-1.8
	1.24
CA2	2.265
ACSS2	-1.57
ACSS1	0.77
CYBB	-2.35
CRTC3	0.585
CRTC2	0.775
HINT1	-2.035
HINT2	0.57
HINT3	1.22
TAMM41	0.825
HSF2	1.865
C18orf25	0.635
DRAP1	-0.615
FGFR1OP2	-2.56
COX7B	0.805
PPIP5K2	-1.395
SCO2	1.09
PPIP5K1	-1.46
H2AFJ	-0.61
TFEB	-0.275
ZNF646	0.245
C19orf25	-0.47
TOLLIP	0.595
AAMP	0.665
HYPK	-1.825
NXN	-0.605
	-0.2
CCZ1	1.375
KARS	1.955
DPY19L3	0.47
DPY19L4	1.315
CCDC47	1.135
CCDC43	0.32
SON	0.005
CCDC112	2.01
PGGT1B	0.63
ACTL6A	2.795
	0.665
PSEN2	0.35
PSEN1	0.505
GPATCH2L	2.31
XPNPEP1	-0.19
NRBP1	0.375
	-0.525
TMEM259	-0.275
TMEM258	1.385
TMEM256	-0.03
TMEM251	0.26
REXO1	-2.305
REXO2	-0.535
REXO4	1.42
NUMB	0.14
	-0.325
ABCG1	-3.975
MARS2	-0.265
AP5M1	-0.51
KDM4C	-0.395
KDM4B	-0.25
KDM4A	-1.56
RPUSD1	-1.645
RPUSD2	0.82
RPUSD3	1.525
OTUD6B	-0.75
TMUB1	0.81
TMUB2	-1.16
SIMC1	-0.735
KHK	-0.5
LMAN1	-0.61
LMAN2	0.06
	0.52
ARFIP2	-0.21
NECAP1	-0.21
GNAQ	-0.54
	0.59
NECAP2	0.125
NAPG	0.76
ATP1A1	0.525
OS9	-1.175
PON2	0.89
	1.215
NSMCE1	1.62
UTP15	-0.505
	0.91
S100A13	-0.105
UTP18	1.57
HELLS	-0.53
HYOU1	1.895
PLOD3	1.315
CYP39A1	1.945
SCO1	-0.36
CASC4	0.505
GABBR1	0.46
UGP2	-0.285
CPPED1	0.505
LEMD3	-1.345
SMYD4	-1.04
SMYD5	-0.04
COX4I1	-0.5
SMYD3	-0.52
DOCK11	0.795
ENTPD7	1.385
ENTPD6	-0.52
ENTPD5	0.56
TRIT1	2.37
SNAP23	1.32
	1.4
SNAP29	0.59
SH3BP5L	-0.59
CCM2	1.18
ZBTB40	2.085
ZBTB41	-0.545
ZBTB43	2.365
ZBTB44	0.495
ZBTB45	-0.455
ZBTB48	2.08
ZBTB49	0.87
MAP1LC3B	-0.36
PHLDA1	0.3
MOB4	0.425
GAPVD1	-1.0
PRDX6	-0.99
PRDX5	1.69
PRDX4	0.9
PRDX3	-0.51
PRDX2	0.65
PRDX1	-1.67
	1.075
KRIT1	1.035
PANX1	-1.03
DPF2	0.17
NDUFB6	1.97
DPF1	1.18
NKIRAS2	-0.51
P4HA1	-0.06
WDR41	0.85
WDR43	1.67
WDR44	-0.06
WDR45	0.39
WDR46	2.105
WDR47	0.305
WDR48	1.185
SERGEF	-0.515
USE1	0.865
VPS53	-0.67
VPS52	1.1
VPS51	-1.675
	0.2
VPS54	-0.18
EGLN3	-0.345
EGLN2	-0.995
EGLN1	0.075
LNX2	0.53
PRKD3	2.51
ABHD14A	2.315
ABHD14B	-0.36
TNFSF10	0.42
APEH	0.11
TARSL2	-1.16
FAM120B	-0.93
FAM120C	0.085
FAM120A	-0.505
MASTL	0.83
PLA1A	-2.32
PSMB1	-0.83
PHC1	0.64
C19orf47	0.78
NAGPA	2.07
CEP85L	0.49
TMEM161A	-1.365
PARK7	-1.645
RNF111	-1.245
NXPE2	-0.46
NXPE3	-1.07
SF3B2	-0.585
STX5	-2.03
	0.405
ANAPC16	-1.03
ANAPC11	0.43
ANAPC10	0.175
ANAPC13	-0.73
MAST2	-0.845
MAST3	0.52
GBE1	-1.4
GGCX	0.975
PSIP1	-0.165
CAND2	-1.335
CAND1	-1.705
RNF44	0.515
	1.42
RNF41	0.37
RNF40	0.55
FOXA1	-0.19
KPNA6	-0.775
KPNA4	-0.95
KPNA3	1.33
KPNA1	0.4
FDFT1	-4.775
	-0.94
PHLDB3	0.12
USP49	1.18
USP48	-0.09
RNF185	-0.125
CNOT11	0.505
USP46	0.19
RNF181	0.03
USP40	-0.48
RNF183	0.785
USP42	-0.58
SKA1	0.5
SKA3	-0.01
SKA2	1.4
COQ9	-0.72
COQ5	-0.92
COQ4	2.19
COQ7	-0.77
OGDHL	-0.095
ILF3	0.32
COQ2	0.435
EIF5A2	0.575
SCP2	0.075
DHX38	0.56
	0.13
GNGT2	1.74
DHX30	-0.045
ZNF212	1.24
DHX32	-0.925
GOSR1	1.525
FEM1B	0.3
DHX35	1.54
DHX36	1.545
DHX37	0.345
COPS8	0.03
	-0.905
	0.11
COPS3	1.035
COPS6	0.22
COPS4	1.295
COPS5	-1.075
SENP6	-2.225
UTP20	0.405
DHCR24	-4.265
CCNB2	-0.605
ZNF280C	-0.305
ZNF280B	1.09
ZNF280D	0.135
BLM	1.225
GPT	0.355
NUMBL	1.65
BRCA1	-1.45
BRCA2	0.61
ALAD	-0.175
ACAP2	0.105
ACAP3	0.41
BAZ1A	-1.585
PFN1	-0.045
PFN2	-1.81
BAZ1B	-0.6
EP400	-2.2
MRPS27	0.255
URB2	0.81
URB1	0.42
C15orf39	0.08
GSTZ1	-0.24
SLC7A11	-1.34
	-1.995
LIPA	-0.14
LIPE	0.43
LIPG	-0.03
GM2A	1.415
RPS6KB1	-0.21
RPS6KB2	-0.58
TTK	-0.675
TRMT2A	-1.01
SAMD1	-2.275
CLSPN	0.83
	1.135
TRMT2B	0.235
CUL4A	-1.47
CUL4B	-0.615
TUBB2A	-0.285
NEK6	0.605
NEK7	-0.005
NEK4	0.79
NEK2	0.61
NEK3	1.4
NEK1	-1.045
NEK8	-0.15
NEK9	-1.05
CCDC18	-1.27
HIST1H2AD	2.77
IDUA	0.29
SLC41A1	-0.475
SLC41A2	0.155
CEP170B	0.09
SETD1A	0.355
CHMP3	-0.71
	-1.715
DHX34	-0.79
ARHGEF10L	-1.61
SMURF1	0.61
SMURF2	0.82
SDAD1	1.405
SENP8	0.5
SENP7	-1.36
CHMP7	0.21
SENP5	0.35
STAMBP	-0.805
SENP3	0.56
SENP2	2.28
SENP1	1.42
NET1	0.155
IL6R	0.4
B3GNT2	0.06
NKAP	3.165
RPL10A	0.75
SLX4	-0.965
PNKP	-0.02
CSF1	-1.31
GLB1	-1.115
APPL1	-1.105
APPL2	-0.03
PNKD	-1.635
AIM2	-0.445
PRNP	1.05
DCLRE1B	-0.655
PQLC2	-0.29
PQLC1	0.02
DCLRE1A	0.83
ADAP1	1.79
STX8	0.565
TRAK2	2.195
TRAK1	0.205
STX7	0.86
STX6	-0.07
	-0.465
MDC1	-2.355
	2.75
CTNNB1	-0.88
EDC3	0.97
AAK1	0.265
EDC4	-0.535
C17orf75	-0.17
AVPI1	1.79
NICN1	1.44
ASAP1	-0.19
KAT8	1.5
NUF2	-0.415
KAT5	0.09
HYLS1	-0.86
KAT7	-0.195
LY96	1.185
LUC7L	-0.665
CORO1B	-0.345
ARHGAP31	-0.365
CCDC22	-0.175
CCDC25	0.295
DCLRE1C	0.31
EXTL1	-1.125
CRTAP	0.87
FCF1	0.31
LRCH1	-1.095
TIMMDC1	1.105
UXS1	1.01
ASXL1	-1.58
ASXL2	0.085
FIBP	-1.105
	2.22
	-1.51
	-1.23
TIA1	-0.16
MOAP1	0.945
CCSAP	0.66
ARF3	1.58
	-0.21
ARF1	-1.02
ARF6	-0.685
ARF5	-1.145
ARF4	-0.25
	2.21
AAGAB	-0.97
RPN2	-0.285
GRAMD4	-0.16
TMEM186	-0.34
PDCD6	-0.025
PDCD7	-0.18
PDCD4	0.315
KIAA0319L	1.245
PDCD2	-0.075
NDUFV3	-0.395
NDUFV2	0.095
NDUFV1	0.92
ATP6V1G1	0.37
TXNRD2	-0.785
TXNRD3	-0.58
TXNRD1	-3.43
	1.64
DNASE2	-0.785
ACVR1B	0.24
INO80	-0.695
NARS	-4.525
HACE1	1.07
OXCT1	-0.495
DYNC1H1	0.15
NARF	0.725
TTLL5	0.13
TTLL4	-1.39
TTLL1	-0.6
TTLL3	0.75
D2HGDH	1.59
SAR1A	-1.21
SAR1B	-0.04
WDHD1	0.925
	1.455
TBCEL	1.55
TBC1D4	1.09
C11orf49	-1.0
NTHL1	0.885
MANBA	1.01
CDC27	0.25
CDC26	0.995
COMTD1	2.535
CDC23	-0.325
CDC20	-0.305
CLN6	0.34
CLN5	-1.54
FAR1	-0.735
MAPRE1	0.42
NOL10	0.76
NOL12	0.41
TCF4	-1.21
AUP1	0.175
MORN1	0.835
TCF3	-0.48
BAG3	-1.535
SLC16A1	0.815
SLC16A3	1.85
SIGLEC10	2.495
RIF1	-0.825
SLC16A6	-0.19
TTLL12	-0.54
ZBTB22	0.1
TIMM50	0.895
ZBTB21	-0.15
UCP2	-2.07
ZBTB24	-0.78
UVSSA	0.24
	-0.37
OTUD4	-0.645
EIF1AY	-0.6
CXorf21	-0.545
EIF1AD	-0.39
SAP30BP	0.88
GPHN	-1.73
MDN1	-0.99
FAM76B	1.225
CCDC137	-0.135
PSD4	-1.085
TUT1	-1.91
CDON	0.505
SLC1A4	-4.245
SLC1A5	-1.21
SLC1A3	0.87
VPS35	-0.14
VPS36	0.155
VPS39	0.41
LHPP	1.41
TET3	-0.5
TET2	-1.235
PDE4DIP	0.025
ANAPC1	-0.08
ANAPC2	-0.23
ANAPC5	1.715
ANAPC4	-0.305
ANAPC7	0.285
NDUFB10	0.96
RUFY1	0.425
SLC35E4	0.425
RUFY3	-0.555
RUFY2	-1.16
SAE1	-0.455
C11orf95	0.705
C8orf33	0.29
SPG11	-2.175
EEF2	1.045
SLC2A6	-0.71
SLC2A3	-0.28
SLC2A1	-0.805
GGACT	0.9
RAB3GAP2	-0.27
	0.545
PLCB3	-0.405
SUPT5H	-0.295
HRAS	0.65
TIPIN	0.885
UBE2R2	-1.255
SCRIB	-0.69
GAS8	0.42
SGSM3	0.255
SGSM2	0.42
ACOT8	1.1
	-0.27
ACOT7	2.275
KIAA0753	0.485
ACOT2	-1.045
GAS7	-0.73
PYURF	0.1
DDT	-1.89
EIF4E2	-0.305
ZNF398	-0.06
ZNF397	-0.245
ZNF395	0.87
MRPL36	2.16
MRPL37	-0.095
MRPL34	1.62
MRPL35	-1.675
MRPL32	-0.62
MRPL33	-0.645
MRPL30	0.815
MRPL38	0.08
MRPL39	0.265
PPIL1	-0.815
PPIL2	0.45
PPIL3	-1.11
PPIL4	0.505
CENPB	-0.035
NUP88	0.51
CLASP2	-1.45
CLASP1	-0.915
MTM1	-1.165
NUP85	-2.165
MSRA	0.34
DERA	-0.93
	0.85
	1.04
HMGN1	-0.515
NFS1	-0.555
CDKN2B	0.645
CDKN2C	0.62
CCND3	1.78
CCND2	-0.3
SPECC1	-1.235
CDKN2A	-1.35
CD74	-1.775
CD72	4.21
BRCC3	0.4
NUDT22	1.205
GEM	1.11
FAM162A	-1.465
	0.55
CETN3	-0.215
CETN2	-3.295
NOP58	0.945
PEX1	0.565
	0.44
PEX3	1.025
PEX2	2.14
PEX5	0.71
PEX7	-0.74
PEX6	1.785
GSDMD	0.58
	-0.035
HADH	1.615
NOP56	0.92
CTPS2	-0.53
LRSAM1	0.3
CHRAC1	-0.165
ARRDC1	-0.795
ARRDC2	1.22
YOD1	0.385
FKBP5	-0.66
GNPTAB	0.795
P2RY10	-1.22
RBM7	-0.105
SORD	0.1
	0.345
RHBDD1	-1.0
SARNP	-0.02
TGFBR2	-1.55
TGFBR1	2.015
FKBP2	-0.18
RPS7	2.24
RPS5	1.57
RPS3	1.745
RPS2	0.43
ALG11	0.825
ALG12	0.115
	-0.77
ALG14	0.825
RPS9	0.25
RPS8	0.575
DRG2	0.72
DRG1	1.02
SDF4	-1.45
SDF2	-1.21
STRAP	-0.88
HCN1	-0.45
ZNF367	0.605
CAPZB	-1.13
	-0.48
RSU1	-0.06
WASF1	-0.26
ARIH2	-0.55
ARIH1	0.585
ARL8B	1.31
ARL8A	0.225
HSP90AB1	0.925
PDCL	-0.285
YIF1B	1.305
	-1.62
GSTO1	0.325
YIF1A	-0.68
TRAM1	2.075
TRAM2	-1.25
TOR2A	0.205
PBK	1.99
RAD23B	-1.275
SHCBP1	1.215
RAD23A	-1.325
SCARB2	-1.175
SCARB1	-2.29
RHOBTB2	0.81
SAYSD1	-1.0
TBCK	-0.805
TBCE	-0.18
TBCD	-0.105
TBCC	0.64
TBCB	1.66
TBCA	0.085
TRIM8	-0.355
TMEM43	-1.07
TTC14	0.31
TTC17	-0.24
TTC13	0.985
LMBRD2	1.515
LMBRD1	0.26
TTC19	-0.88
IDH3A	0.49
	0.66
IDH3B	0.16
	-0.83
	-0.17
LTBP4	-0.385
SIPA1	1.535
SSBP3	0.33
TRPC4AP	-0.145
PBRM1	0.195
OSBPL11	1.32
SSBP2	1.05
	0.37
GADD45A	-1.555
GADD45B	0.685
MNT	-0.44
SSBP4	1.755
	-0.25
	0.37
	0.195
	0.75
	1.4
	-0.79
SLC25A42	-0.6
NDOR1	-1.215
SLC25A44	1.395
SLC25A46	-0.42
ECM1	0.275
TMEM216	0.315
TMEM214	0.57
TMEM219	0.005
ARL2BP	-0.15
	2.365
PPM1G	0.265
PPM1F	-2.57
	-0.885
PPM1D	-0.305
PPM1B	2.055
PPM1A	-0.855
RPL6	1.16
RPL7	2.745
RPL4	0.385
PPM1L	0.38
PPM1K	1.4
RPL3	2.27
LCOR	0.66
MECR	-0.52
ALDH4A1	-0.585
ZHX2	0.41
ZHX1	1.565
ATP6V1E1	2.095
CNTN2	0.335
	-0.305
PAG1	0.665
TLE1	0.05
TLE6	0.1
TLE4	0.13
ESPL1	-1.475
LSM11	0.59
IRGQ	-1.47
ATG3	0.995
SLC15A4	-0.23
JAK2	-0.08
JAK3	-2.075
	-0.105
NAT9	0.75
NAT1	-0.27
DNMT1	-1.8
CCPG1	-0.345
ALDH7A1	-0.15
POMT1	-0.675
POMT2	1.525
SDR39U1	0.89
ATRNL1	0.935
SETD2	-1.155
SETD5	-1.185
SETD7	-2.225
SETD6	-0.605
WRB	-0.875
WRN	-1.155
TSPAN3	0.655
TSPAN4	1.025
TSPAN5	0.61
CSDE1	1.45
PAICS	2.185
ZFHX3	-1.005
ZFHX2	0.75
BCL9	-0.955
HES1	1.72
BCL6	1.405
HES6	1.28
CCDC117	-1.09
CCDC114	1.4
CCDC115	-1.535
CSTF1	-0.375
CSTF3	1.125
CSTF2	1.02
VHL	-0.28
WDR81	0.515
WDR82	-0.77
WDR83	-0.23
C4orf46	0.575
WDR89	1.215
	-5.65
HDHD2	0.955
R3HDM4	1.07
VPS16	-0.045
R3HDM1	-0.15
VPS11	-0.845
SF3A1	-0.875
	-0.73
SUFU	-1.265
PITPNA	-0.835
PITPNB	-0.225
SPRTN	0.72
RPN1	0.095
FTO	-1.57
ERCC8	0.09
RAD54B	1.545
ERCC1	1.4
ERCC2	-0.015
ERCC3	-0.235
ERCC4	-0.835
ERCC5	0.605
	-0.8
SRPK3	1.07
SCPEP1	-1.355
EXD2	1.24
PPP1R16A	1.65
PPP1R16B	-1.31
FRRS1	-1.51
NLRX1	0.935
GON4L	-0.39
TBCCD1	-1.95
RPAP2	0.82
RPAP3	0.64
RPAP1	-1.615
EEF1D	0.635
NSMAF	-0.03
	-1.49
ZNF622	0.555
ZNF623	-0.06
CIART	-2.115
MBTPS2	-0.635
MBTPS1	-1.41
PLCL2	0.895
AMFR	-0.09
STX12	-0.915
STX17	-0.68
STX16	-1.865
STX18	-0.34
GBA2	-0.685
HLA-G	-0.255
TSTA3	1.41
TYMS	0.415
RAP2B	0.5
MRPL11	-0.745
MRPL12	0.49
MRPL13	-0.735
MRPL14	-1.285
MRPL15	-1.365
MRPL16	-0.56
MRPL17	-0.09
MRPL18	0.3
MRPL19	0.985
CALHM2	-0.28
IER2	1.155
DTNB	0.12
GABPA	-0.27
STAM	0.815
PRRG4	-1.055
MYNN	-0.975
C11orf71	-0.93
PRPF19	-0.925
PRPF18	-1.165
POLDIP3	-0.375
SDR42E1	0.5
RDM1	-0.94
STAG2	0.785
HTATSF1	-0.465
CDCA7	0.42
SP140	0.96
CYFIP1	-1.5
ZNF512	1.56
CLEC12A	-1.295
CYFIP2	-1.47
HGS	-0.59
ACAT1	0.33
ABR	-0.205
ZNF131	-0.435
KCTD20	1.675
	0.195
CD53	5.715
CTNNAL1	-0.56
SNX5	-3.145
CD55	-1.075
AHNAK	-1.395
CLEC4D	-2.42
SMCR8	-0.09
MTO1	-1.655
CELA1	0.75
MMP17	0.82
TEX30	-0.79
GMNN	-0.66
TPR	0.47
ARGLU1	0.905
CMTR2	2.14
CMTR1	-0.51
GPSM2	-1.335
GPSM1	-1.79
PEAK1	-0.09
SLC29A3	-0.47
SLC29A2	-0.555
SLC29A1	2.885
NUP107	0.735
CDKN2AIP	-0.51
GSKIP	0.93
ADPGK	-1.085
ULBP1	-0.685
TOP2B	-0.565
	0.79
TOP2A	1.22
BOD1L1	-1.335
PPARGC1B	0.395
RHBDF1	-1.055
RHBDF2	-1.63
HSH2D	0.825
SCIMP	0.49
ARHGAP9	-0.29
	-1.0
RFK	-0.93
ING5	0.79
VANGL2	1.4
ARHGAP6	0.05
ING2	-0.215
ING3	0.65
SNRNP200	1.655
MAEA	0.575
	2.615
CSK	-0.29
	-1.13
SNRK	-1.09
UBA6	1.39
UBA7	-1.27
UBA5	-0.04
UBA2	0.06
UBA3	0.35
UBA1	-1.125
	1.76
PWP1	2.99
NAA20	0.175
CREG1	-3.505
NAA25	1.84
SPIN1	-1.03
ERCC6L	1.275
WARS	-1.295
RASSF1	2.795
TNIP1	-0.445
UCKL1	0.205
CLINT1	-1.77
SIN3A	0.29
MED23	0.585
SAP25	0.44
RASSF2	-2.175
SLTM	-1.71
NRAS	-0.595
TMEM158	-1.2
COASY	-1.38
RASSF4	0.035
ELL3	-0.55
RASSF7	-0.78
DMPK	0.835
PDF	-0.605
MED26	1.405
PNO1	1.355
SNRNP35	0.92
LAMP2	0.23
LAMP1	1.37
TMEM67	-1.0
TMEM64	0.08
TMEM62	-0.52
SMCHD1	0.69
TMEM60	-0.02
TMEM69	-0.385
TMEM68	-0.03
FOXRED2	0.065
FOXRED1	-0.625
H1F0	5.26
NRM	1.795
LITAF	-0.61
	0.06
TTC33	0.515
TTC32	0.07
TTC37	0.675
ST6GALNAC6	-0.285
TTC38	0.61
RARA	0.31
FAM43A	0.82
UFM1	2.65
BTRC	-1.155
RARS	-1.37
	1.205
MLX	-1.325
TADA1	1.17
TADA3	-0.64
	0.835
TLCD1	0.61
PSME4	-1.995
PSME2	2.065
PSME3	0.53
NDUFB11	0.405
PSME1	-0.42
INO80D	-1.07
INO80E	-1.345
INO80B	1.605
INO80C	0.86
MEA1	0.945
GNPDA2	0.235
GNPDA1	1.66
DAGLB	-0.6
TMEM238	1.93
TMEM234	0.055
TMEM237	1.495
TMEM231	0.855
ATP5G3	0.075
SCFD1	-0.765
SCFD2	-0.17
ZNF451	-0.71
CNTLN	1.09
TRMT1L	-2.275
IPMK	-0.43
DVL1	0.34
AKR1B1	-1.0
THUMPD1	1.905
THUMPD3	2.345
THUMPD2	0.005
MAML1	-0.17
BMPR1A	-0.035
RCBTB2	-1.26
RCBTB1	0.67
QKI	-0.395
NADK2	0.315
SERP1	-1.08
TAPT1	1.29
PPP2R5D	-0.92
PPP2R5E	0.105
PPP2R5A	-1.68
	-0.46
UTP6	0.335
	2.91
TMEM184B	1.275
TMEM184C	0.02
TFDP2	-0.27
TFDP1	0.725
MIF4GD	1.585
SUMO3	-1.03
PDS5A	-1.52
PDS5B	0.975
RB1CC1	-1.17
ATPAF2	-0.11
ATPAF1	1.66
SMNDC1	-0.63
C12orf66	-1.19
BCKDHB	2.285
TRAPPC10	-0.58
TRAPPC13	-1.065
TRAPPC12	-0.89
VIPAS39	-0.92
TUBB	1.255
TUBB3	0.725
ANKRD24	-0.29
TFE3	-2.565
TCERG1	-0.075
NR2C2AP	-0.7
SPATS2	-0.195
IRAK2	0.03
IRAK1	-0.93
	0.64
IRAK4	-1.03
NIFK	0.81
NGDN	1.825
AP4S1	0.28
	-0.775
	1.865
LIG4	0.58
PRRC2C	-0.165
NAV3	-0.26
GNG5	1.12
GNG2	-0.555
LIG1	0.215
LIG3	0.28
CLN3	1.63
CNOT4	0.625
TNRC18	-1.315
VPS26A	-0.26
TSPYL1	0.295
	1.78
VPS26B	-0.92
CCDC171	0.09
CCDC174	-0.735
GPD2	0.19
PLBD2	1.91
DIP2A	-0.215
DIP2B	-1.375
MAN1B1	-0.215
CDK1	0.995
CDK2	-0.345
CDK4	0.11
CDK5	-0.655
CDK6	-1.06
	2.145
CDK8	0.72
CDK9	-0.39
PRKX	-0.5
SREK1	0.235
PSMC1	-0.19
PDE4B	-1.325
SQSTM1	-3.495
FUT11	-0.835
MXD4	-0.4
PPP3R1	0.89
SUV39H1	-0.48
MXD3	0.64
SUV39H2	-0.1
SAAL1	1.045
PPAN	0.42
SPPL2A	0.715
PAPOLG	-0.475
PPP1R14B	-0.58
PAPOLA	-0.05
DROSHA	0.875
SMC6	0.005
ZNF608	1.745
ZNF609	-1.045
ZNF606	-0.63
FANCB	-1.375
PRKAR1A	0.22
WWP2	0.13
LGR4	-0.365
OGFRL1	1.295
ZNF787	0.885
USP28	0.025
USP25	-2.125
USP24	-0.635
USP22	-0.735
USP20	-2.29
KIAA0895L	0.515
DSTN	1.635
ZBTB25	-0.56
CTNS	0.56
PRPF39	-1.785
WDTC1	-0.21
PRPF31	1.29
ALAS1	0.56
BRWD3	0.0
TYK2	-1.495
BRWD1	-0.065
AGTPBP1	-1.75
	-2.36
SMU1	0.885
FYCO1	-0.94
SLC5A1	2.21
SYT11	-0.54
N4BP3	1.04
SLC5A6	-1.275
RITA1	1.18
RENBP	0.5
CXCR5	-1.085
DCTD	-0.46
	0.345
SLC19A2	-1.89
UBALD1	1.43
SLC19A1	-1.31
	-0.425
MAN2C1	0.41
FBXL20	1.4
POPDC3	-1.4
	1.575
CD36	2.675
CD37	0.38
GAN	-0.73
GAK	-0.04
CITED2	2.12
CITED1	-0.24
MTA1	0.64
GAA	-5.115
MTA3	-2.125
NCEH1	0.095
EHD4	-0.42
EHD2	1.07
EHD1	-0.26
TRMT61A	1.515
ZC2HC1A	0.87
SLC35A4	2.005
SLC35A5	0.28
SLC35A1	-1.115
	-0.88
SLC35A3	1.525
ABL1	0.65
ATXN7	0.0
ABL2	-0.565
ATXN2	0.795
ATXN3	-1.47
IGSF9	-0.755
SLC6A6	0.69
CLIP2	0.015
SLC6A9	-3.255
SLC6A8	0.75
	0.23
AURKAIP1	-2.205
RPGRIP1L	1.4
MTAP	2.07
BCAP31	0.695
CCDC134	0.745
MAPK1IP1L	-1.215
CAMK2D	-0.23
PLAC8	0.5
NUP160	-1.32
CAMK2G	1.585
CAMK2A	1.18
ELAC2	0.125
UBXN8	1.63
ANKHD1	-1.085
UBXN4	-0.905
UBXN6	0.42
UBXN7	0.95
UBXN1	1.475
XKR5	-1.02
	0.565
TTPAL	1.39
PIBF1	0.345
FILIP1L	0.42
HSD17B8	-1.355
XKR9	1.5
XKR8	0.61
RINT1	0.255
ZNF189	1.4
SETDB1	-2.815
SETDB2	-0.895
ZNF180	-1.2
TMEM41B	-0.29
ATF4	-3.865
GRAP	-1.415
HAX1	1.5
BANF1	-1.555
GUSB	0.71
BHLHE40	-1.485
XKRX	0.82
C9orf64	-0.795
ENSA	-3.67
CHRNB2	1.4
TNFAIP8L1	-0.29
FBXW8	-0.03
FBXW9	0.7
DDOST	0.715
LPAR2	-0.905
FBXW2	1.41
FBXW5	-0.2
FBXW7	-0.85
NAA40	1.26
PARD6B	-0.865
PARD6A	-0.195
SMIM20	-0.435
	1.865
ARL4A	-0.15
PGS1	-0.32
SAP30L	0.82
AHCY	0.985
TUBB4B	-1.195
AFMID	-1.34
TOMM20	1.065
TOMM22	0.8
AP1B1	-0.77
IGF2R	-0.465
RAB33B	0.255
MAP3K10	-0.63
MAP3K11	0.715
YPEL3	-0.92
MAP3K14	2.35
GALNT4	1.66
GALNT7	1.58
GALNT1	-0.39
PLXNB2	3.575
NCBP1	-0.22
NCBP2	1.995
	0.22
NARS2	-2.13
SLC9A3R1	0.49
SHISA5	-2.66
LIMS1	-1.295
KIF3B	0.4
KIF3A	1.18
FAM45A	-0.51
UFC1	-1.08
PSMG4	-1.71
PSMG1	0.36
PSMG2	-0.36
PSMG3	-2.215
MALT1	0.08
TRPV2	-0.925
XPO1	-0.49
XPO5	0.305
XPO4	0.655
XPO7	0.18
XPO6	0.365
DOHH	-1.13
RCOR2	-0.81
MNAT1	0.145
UBE2G2	0.705
CRCP	0.29
PRDM15	-1.56
UBE2G1	1.16
PRDM10	-0.735
CPNE3	-0.4
SAFB	-0.99
CPNE1	0.67
CPEB2	1.665
ISCU	0.31
FNTA	1.02
FNTB	0.185
	-0.44
RBM34	-0.105
GIT1	0.905
GIT2	0.325
CYTH1	-0.785
CYTH3	-1.34
CYTH2	0.345
SEPT1	-0.205
RBM38	-1.45
	-1.6
TACC1	0.615
SGCE	0.115
TACC3	-0.73
SGCB	1.25
TECR	-0.175
DCTPP1	0.46
PROSER1	1.24
	-0.36
KMT2D	-0.15
ECI2	0.51
ECI1	-1.07
IPO8	-0.56
IPO9	-0.385
IPO7	0.115
IPO4	-1.135
IPO5	-0.31
FBXO10	-0.325
C2CD2	0.1
YRDC	-1.17
	0.68
C2CD5	0.94
PRMT2	0.045
PRMT3	-0.965
PRMT1	0.235
PRMT6	-0.645
PRMT7	-2.185
PRMT5	-0.13
	-1.0
RNFT2	0.5
RNFT1	0.735
	0.545
TUBGCP2	-0.57
TUBGCP3	0.155
TUBGCP4	-1.47
TUBGCP5	-0.595
TUBGCP6	1.435
STIM1	0.595
STIM2	1.545
PAK4	-0.42
PAK2	-0.7
TANC2	0.38
YIPF1	-0.9
HNRNPUL2	-2.42
YIPF3	0.61
ELF2	1.34
RUVBL1	1.18
TTI2	-1.015
TTI1	1.535
RUVBL2	1.35
ELF4	0.285
SS18	-0.88
H3F3A	-0.305
TNS3	0.56
RTTN	-0.11
TCEA2	-0.465
EIF4B	1.585
VWA5A	2.13
AK6	0.585
MAT2A	1.83
RHOG	-0.645
	-0.32
	0.28
TAPBPL	-0.25
ICAM5	0.55
VPS8	0.235
	-0.97
ICAM2	-0.055
ICAM1	0.86
	0.255
	2.1
COQ10B	1.565
	0.56
COQ10A	0.31
SPIB	-1.165
SPIC	-0.605
PPP1R12A	-0.165
	-0.045
PPP1R12C	-0.07
MCPH1	-0.055
JMJD6	-0.345
ZNF667	-0.235
JMJD4	1.0
JMJD8	0.42
	1.42
HIST1H1D	3.715
SECISBP2L	-0.79
DDX20	1.095
SUSD3	0.1
SUSD1	2.875
SKP2	0.74
CHERP	-0.515
CAPZA2	0.8
CAPZA1	0.29
SPI1	-0.235
SERINC5	2.14
TPMT	0.0
SERINC1	0.685
SERINC3	-0.215
	2.66
SNX30	0.145
SNX32	-0.04
CDH13	1.93
CDH17	0.665
DLST	0.305
CHM	0.8
MRPL54	-0.415
MRPL55	0.675
	0.38
MRPL50	1.485
MRPL51	1.185
MRPL52	0.795
MRPL53	-0.49
ACLY	-2.23
	0.71
PLD4	1.305
PLD3	0.02
NFYC	-0.435
NFYB	-0.43
NFYA	-0.155
SCAMP4	-1.39
SCAMP2	-1.065
SCAMP3	0.74
	-1.765
SCAMP1	-0.15
PRRC1	-1.49
C8orf37	-0.81
UNC45A	-0.105
POLR2E	0.76
GLYR1	1.215
POLR2G	-0.98
POLR2F	0.48
POLR2A	1.01
POLR2C	0.25
POLR2B	1.815
POLR2M	-0.495
POLR2I	0.36
POLR2H	1.745
POLR2J	0.355
ATP11C	1.31
ATP11B	-0.765
HIBCH	-0.725
GCA	-1.36
GABPB1	0.885
	1.89
POLDIP2	-0.06
CLEC16A	0.24
RPS10	0.385
SUPT3H	-0.1
AFP	-2.02
CD19	-3.285
FBXO45	-0.1
FBXO44	-1.245
FBXO46	-2.085
FBXO42	0.29
ERI2	1.45
ERI3	-0.465
MAN2A1	-0.9
ERI1	-2.08
BAIAP2	0.93
VASP	0.415
MLST8	1.41
XAB2	-1.005
CHD1L	-1.995
	0.955
PER2	-1.6
PER1	-0.455
SLC15A3	0.935
SLC35C2	0.155
ENTHD1	0.665
SLC35C1	-0.755
DBI	-1.275
	-0.59
C1GALT1	0.585
WSB1	-0.69
WSB2	0.75
DBP	-1.82
MAFG	-0.395
DBT	2.025
TESK2	0.75
RALGDS	-0.36
CBR1	-0.3
RB1	-1.035
PURB	1.54
PURA	-0.725
LDB1	-1.445
AMMECR1L	0.475
LONP2	-0.62
LONP1	-0.94
TBC1D22B	1.015
TBC1D22A	0.33
LZIC	2.49
UFSP2	0.605
ARSA	-1.1
ARSB	1.01
COMMD3-BMI1	-0.15
ARSK	0.45
RFTN1	-1.295
FRYL	-1.365
C11orf53	-0.02
YTHDC2	0.025
UQCRC2	1.01
BTD	-1.215
DENND4A	-2.545
DENND4B	-1.295
DENND4C	-1.08
	0.53
UQCRC1	0.7
BTK	0.345
STK19	-0.455
BIRC3	-1.255
STK10	-0.175
STK11	-0.13
STK16	1.225
CALU	-0.215
BIRC2	0.76
CBFB	-1.975
NAA60	0.265
RASAL1	-1.87
PCED1A	-1.0
RASAL3	0.86
RASAL2	-0.235
	1.59
	-2.62
MBIP	0.79
PHB	2.39
PCED1B	-0.66
ATP5H	1.145
CCDC6	-0.785
CCDC9	-1.255
GUCA1A	1.07
SLPI	4.315
HYAL2	0.65
CYLD	-0.26
SAMD4B	-0.805
SHKBP1	-1.27
MYH9	-1.49
TP53BP1	-0.46
TP53BP2	-0.32
SNRNP70	-1.695
OSTM1	-0.92
	0.2
SLC52A2	0.35
KIF1B	-2.145
KIF1C	-2.02
MITD1	2.225
PRDM4	0.18
PRDM2	-1.435
TMPO	-1.59
RAB5A	1.79
RAB5C	0.25
SLC31A1	-0.12
UNC119B	0.27
	-0.7
G6PD	-1.355
RGS2	-1.1
	1.705
NVL	1.27
RGS9	-0.71
GNPTG	0.675
PSMA2	1.035
KIF15	-0.53
PSMA1	-0.96
PSMA6	-0.235
KIF11	0.24
PSMA4	0.38
PSMA5	-1.14
MSTO1	-0.48
RPL18A	-2.465
	0.6
TTC7B	0.82
CNDP2	0.155
ATP5C1	1.705
ZDHHC17	-0.445
ZDHHC16	0.285
ZDHHC13	0.2
ZDHHC12	-1.005
NBR1	0.42
ZDHHC18	0.365
LGALS8	0.24
FOSL1	1.46
CREM	0.975
TUBA4A	1.695
KAT6A	0.925
VEZT	1.11
ZNF410	-0.43
ZNF414	0.39
RBM12	-0.51
RBM10	1.0
RBM17	-0.055
RBM15	-0.075
RBM14	-0.755
RBM19	1.72
RBM18	-0.135
PPP2R1A	0.175
PPP2R1B	1.735
ZFX	0.19
ARNT	-0.625
ZFR	-1.645
TCP11L2	1.23
CEP89	0.085
N6AMT1	1.17
GFPT1	0.16
	0.145
CEP85	-0.33
TWF1	0.56
TWF2	0.65
PRPF38A	0.795
PRPF38B	1.715
UBE2E1	0.42
UBE2E3	-0.065
SLC25A22	-0.615
SLC25A23	0.47
SLC25A20	1.555
TNKS1BP1	-0.25
PEX11G	0.045
SLC25A25	-0.44
SLC25A28	0.325
BNIP1	1.475
EYA3	1.18
BNIP3	-0.47
RGL2	0.27
PRKDC	-1.74
ETFA	-0.82
ETFB	0.81
TFAM	0.995
LAS1L	0.71
SCAF11	0.005
PDIA6	0.795
CTDP1	-0.085
POGLUT1	-1.17
HIBADH	1.22
BSCL2	-1.44
CAPN15	-0.48
ESYT1	-0.87
ESYT2	0.81
PGM2	0.18
FRAT2	1.18
MYBBP1A	-1.03
PRKD2	-0.025
MAD2L1BP	0.22
MTFMT	0.22
BET1	-0.38
TLK1	0.26
VSNL1	-1.025
TLK2	-0.065
ATF1	-1.015
CGGBP1	-0.87
ETF1	0.63
ERCC6L2	0.52
GCDH	-0.135
MRE11A	0.45
ABTB1	-0.36
ABTB2	0.95
IL17RA	1.505
HMG20A	0.07
RMND5B	0.07
OLFM4	0.875
THOC3	-0.54
THOC2	0.66
THOC1	-0.54
ZC3H12D	0.57
THOC6	-0.76
THOC5	-0.73
B3GALT4	-1.0
B3GALT6	0.6
ACACA	-2.92
VRK3	1.365
ACACB	0.215
WNK1	-3.38
	0.75
GMCL1	1.52
FEN1	-0.755
NCSTN	-0.72
TMEM63A	1.09
TMEM63B	-0.015
SNTB2	0.525
PCBP4	0.75
PCBP2	0.09
NCAPG2	0.75
DMAP1	0.205
FAM160B1	0.51
FAM160B2	0.38
	1.345
DPH1	1.755
DPH2	0.39
DPH3	-2.15
DPH5	-0.475
LPXN	0.685
DPH7	-0.805
SPOP	0.085
CMTM6	-1.765
TBRG4	-0.825
MSX1	0.385
ABCC10	-1.59
ZNF644	0.88
SH3TC1	-0.7
PUM2	0.93
	1.565
PUM1	-0.005
TNKS2	0.265
NPEPPS	0.17
SNX17	1.04
SNX16	0.885
SNX15	1.26
SNX14	-0.57
SNX13	-0.27
SNX12	-0.79
SNX11	-0.68
SNX10	-0.525
SNX19	-0.72
SNX18	-0.835
MALSU1	-0.99
GXYLT1	-0.265
MARS	-2.2
NDC80	3.16
STARD3NL	-0.875
RIC8B	-1.03
	0.98
TNFRSF1B	0.145
LRR1	-0.325
	-0.29
MIB1	-1.81
STAT3	-0.55
PABPC1	-0.855
PABPC4	-0.29
DTD1	-2.315
STK3	0.06
STK4	-1.285
TNRC6B	-0.28
TNRC6A	1.115
CPSF6	-0.37
SAMD8	0.395
DBR1	-1.44
MUL1	1.695
	0.205
DCPS	0.365
PEPD	0.89
SERPINB9	0.185
SERPINB8	0.63
RAE1	-0.435
ADA	0.22
ARMC10	1.6
ADO	0.76
ADM	0.985
ADK	0.17
LRPPRC	0.83
ADPRHL2	0.0
RABEPK	0.16
GPBP1	-0.17
BAG2	0.185
DCP2	1.005
BAG1	0.37
BAG6	-1.615
BAG4	1.17
BAG5	-0.32
INSL6	0.33
GSAP	0.5
SLC35E1	0.015
SLC35E2B	0.725
LZTR1	-2.735
SAP130	-0.665
FAM111A	3.16
CCNL1	-0.1
CCNL2	-0.265
NUSAP1	1.56
RAB3GAP1	1.97
TMEM8A	1.845
TMEM9	-0.225
RABEP2	0.485
RABEP1	-0.045
ZNF717	0.75
RPS26	-1.01
RPS24	4.555
RPS25	0.87
RPS20	1.33
RPS21	1.55
MIS18BP1	0.12
	1.04
ESD	-1.49
C7orf25	-1.99
LCP1	-0.935
NFKBIB	-0.18
NFKBIA	-0.605
CHUK	0.67
NFKBID	1.37
NFKBIE	0.07
NFKBIZ	-0.46
ARHGDIB	0.215
SMIM13	-0.515
ARHGDIA	-1.67
FMNL3	0.37
	-0.71
SNRNP40	1.16
TEX10	1.17
RNMT	-0.51
BUD13	0.395
YBEY	1.65
LSM14B	-0.44
LSM14A	-2.49
FANCG	0.085
FANCF	-0.525
FANCE	0.23
FANCC	-1.325
NIF3L1	-0.185
FANCA	-0.78
JAK1	0.085
FANCM	0.55
FANCL	-0.855
DENND6B	-0.56
AP1G2	0.15
FANCI	-0.835
DENND6A	-1.66
APPBP2	0.72
	2.57
CYB561	0.42
ATG4B	-1.035
MPDU1	1.205
ATG4D	2.015
COX6B1	0.63
SNX3	0.12
SNX2	-0.375
SNX1	2.705
SNX6	1.18
ARAP1	0.79
SNX4	-1.735
SNX9	-0.925
SNX8	1.195
OSGEPL1	0.46
CKS1B	-1.935
SEC61B	0.02
	-0.71
IFT80	-0.635
TCF19	-1.15
TNIP2	2.07
TGS1	0.575
STK35	1.05
STK38	-0.5
ELL2	-0.74
DEPDC1B	-0.645
DDB1	0.47
SHMT2	-1.625
SHMT1	0.53
PIM2	-1.955
PIM3	1.83
PIM1	-1.605
C2orf76	0.82
BCL2L1	-0.345
SEC24D	-0.665
SEC24A	-1.36
SEC24C	-0.83
SEC24B	-0.555
	1.0
SPC25	1.085
SPC24	-0.465
MVP	0.835
CCDC82	1.56
CCDC86	-1.05
CCDC84	0.42
TANGO6	-0.36
MVD	-6.06
PDE4A	-0.525
PSMC2	0.23
PSMC3	-0.195
PSMC4	1.285
PSMC5	0.345
PSMC6	-0.445
DOLK	1.81
NR2C2	-1.315
NAAA	-0.735
ISOC2	-1.33
HSP90B1	-0.31
N4BP1	-0.655
CANX	0.49
N4BP2	-1.405
KCMF1	-1.515
IARS2	0.31
CASP7	0.255
MRPS35	0.02
MRPS34	0.87
ARL3	3.09
ARL2	-1.36
MRPS31	3.265
MRPS30	-0.015
ARL6	0.405
ZNF565	1.225
CLIP1	-0.415
CRIPT	0.5
SEL1L	-1.075
CHRNB1	1.52
THAP7	-0.515
IBA57	0.285
LARS2	1.205
AGO1	-0.1
AGO3	0.75
AGO2	1.115
VBP1	-0.94
PPP2R3C	1.155
RGS14	1.57
C1QBP	0.155
ARHGAP21	-1.315
ARHGAP27	0.0
ARHGAP26	0.46
ARHGAP25	1.12
C8orf76	0.45
MSANTD4	-0.5
CASP9	0.0
	-0.12
BROX	-0.29
SIRT5	0.75
DHFR	-0.95
HSPB1	1.57
ZC3HAV1	-0.3
IFIT2	-0.5
INIP	0.005
MTHFSD	0.56
RGS19	-0.55
DDX23	-0.345
DDX21	1.45
TMEM38B	2.34
DDX27	0.27
DDX24	0.525
DDX28	-0.435
JDP2	-0.15
DYRK1A	0.845
IWS1	0.42
COPB1	0.08
TUBD1	-0.84
COPB2	-1.6
NTPCR	1.505
APBB1IP	0.335
B4GALNT1	0.53
BIRC6	0.14
BIRC5	1.375
LSM12	0.89
	0.335
LSM10	0.62
EEF1B2	1.38
CTU2	0.755
APRT	2.145
PKD2L2	0.61
TRIM46	0.87
TRIM44	-0.465
TRIM41	1.025
CAB39L	0.81
NFAT5	0.035
CDC34	1.76
TAF1A	0.085
ACAA2	0.91
OSGEP	0.675
	1.93
NFKB1	-1.12
NFKB2	-2.61
CDC37	0.03
SUN2	0.215
SUN1	0.185
	0.645
MTX2	-0.205
MTX1	0.38
ATF5	-6.23
S100PBP	1.09
SMARCA2	-0.49
ATF6	0.805
SMARCA4	-0.675
SMARCA5	-1.48
ATF3	-1.975
ATF2	0.695
CMTM8	-0.63
RER1	1.535
PCBP1	0.495
CMTM3	1.59
IL15RA	1.2
CMTM7	0.365
CMTM4	0.91
LIAS	-1.11
GFM1	-0.08
GFM2	0.225
CARM1	0.49
CPSF7	-1.465
STT3B	0.73
STT3A	0.235
CPSF4	0.25
CPSF3	-0.625
CPSF2	-1.26
CPSF1	-0.77
KIAA0930	0.85
ASPM	-1.325
ASPH	-0.175
CHML	1.51
RRN3	-1.92
TPI1	-1.075
BECN1	-2.13
SIAH2	-1.485
ATP8A1	-1.65
TCF12	-0.3
SYNE1	-1.53
SYNE2	-0.71
SYNE3	1.0
YBX1	0.065
YBX3	0.205
	-1.31
NONO	1.535
TRMT6	0.6
TRMT5	-0.14
GKAP1	0.42
SIRT2	0.5
SIRT1	-0.54
	-0.98
SIRT7	-1.615
SIRT6	-0.985
RGS10	1.195
SIRT4	2.37
SOX12	0.46
RASA1	-1.055
EBNA1BP2	0.105
TAF1C	-1.47
TAF1B	-0.845
STIL	-0.3
TAF1D	-0.355
PDPR	-1.515
LCMT2	0.155
PHPT1	-1.965
TICAM1	0.765
DAZAP2	0.075
PHLPP1	-0.31
LRP6	1.22
RFWD3	0.07
LRP8	-0.6
TFPT	0.76
MVK	-2.405
ACP6	-1.58
ADD3	-0.255
ACP2	0.42
ITM2C	-1.205
ITM2B	-0.11
TAF11	0.31
TAF10	0.19
LENG1	-0.76
MAP4	-2.64
SEMA4A	1.4
SEMA4B	2.51
SEMA4D	-1.26
LENG8	-0.02
COPS7A	-0.91
KLHL25	1.22
KLHL24	-0.66
AGPAT1	1.035
KLHL21	-0.05
KLHL20	-0.43
RAPH1	0.21
TGDS	1.155
IL21R	-1.195
PHRF1	-1.7
KLHL28	0.01
FAM53C	1.345
DIS3L2	-0.6
HMOX1	-3.805
SPRED1	1.93
SPRED2	-0.03
HMOX2	-0.24
	-0.935
NIN	0.06
ADD1	0.815
FAM168A	1.66
RPLP2	0.6
	-0.69
RPLP0	0.02
MTG2	-0.38
MLLT10	-0.405
MTG1	-1.23
FADS1	-1.17
ZBTB9	0.955
FADS2	-5.455
SLC35G1	-0.375
	-1.49
	2.065
	-0.7
	-1.035
PTGIR	-0.245
FAM117B	0.495
CD79B	1.085
CD79A	3.105
	1.08
TAF12	-0.455
VAC14	-1.57
MECP2	-1.83
PDP2	-2.1
PAFAH1B3	-0.39
ZW10	1.215
C21orf91	1.96
TAF15	-2.075
CCNB1	-0.055
RRS1	1.91
ZNF263	-0.58
	0.045
OXR1	-0.12
IQGAP1	-0.9
IQGAP3	-0.535
PDXDC1	-1.615
KIAA1211L	1.445
COPS7B	-0.85
INPP4B	-2.255
INPP4A	-0.8
DFNB31	-0.97
MATR3	1.63
RASIP1	0.87
IDI1	-0.55
MPST	0.595
KLHL26	-0.835
C12orf73	1.79
CABLES2	-0.115
CD2BP2	-0.1
BCL11A	-0.565
NUP188	0.055
METTL22	-0.54
	1.245
METTL25	1.86
NMNAT1	-0.46
C9orf85	1.85
HINFP	-0.42
FXN	-1.02
AHI1	0.39
RAB6A	-1.02
MUS81	1.075
C18orf54	-1.29
PARG	-1.21
PARN	-1.085
PARL	0.26
HSPA12A	0.42
ATG2A	0.255
ST7L	-1.56
ATG2B	0.155
HLA-DOB	1.33
KNTC1	-1.22
MYL6	0.64
MYL4	0.5
PLEKHB2	-0.15
CSGALNACT2	-0.72
	-1.39
TOMM40	-0.28
ABCA7	-2.095
VPS25	-1.8
BASP1	-2.145
TLR3	0.75
TLR1	0.31
TLR6	1.66
ST13	1.245
TLR4	-0.105
FIZ1	-0.775
TLR9	0.795
HARS	-0.34
BICD2	-0.675
ADAMTS7	-0.185
WDR90	0.64
HIST1H2BO	0.965
KIF5B	0.28
WAC	2.18
HIST1H2BF	2.045
HIST1H2BG	1.445
HIST1H2BC	3.71
HIST1H2BB	2.415
HIST1H2BI	0.805
HIST1H2BE	1.495
HIST1H2BM	2.42
WAS	0.425
HIST1H2BL	0.87
HIST1H2BK	3.755
	0.505
RAB1B	-0.73
ARHGAP30	0.215
HIP1R	-0.275
MTR	1.285
ZBTB6	2.125
NACA	0.71
CUTA	0.57
CUTC	1.49
S1PR2	-0.48
RAB18	0.8
PTPN9	-0.685
RHOT1	-0.55
RHOT2	0.2
RPF1	1.635
GOT2	2.18
PTPN2	-0.63
PTPN1	0.505
GOT1	-0.29
PTPN6	-0.495
PTPN4	-0.68
RRAS2	0.1
CUEDC2	0.83
ORC6	-0.92
ORC4	-0.465
ORC5	-0.155
ORC2	-2.07
ORC3	-1.655
TIMM9	0.995
NPLOC4	-3.095
ASH2L	-1.36
NDUFB9	-0.65
NDUFB8	0.92
NDUFB7	-2.59
CEP44	-0.045
NDUFB5	0.245
NDUFB3	-1.26
NDUFB2	0.03
SMARCAL1	0.6
DCUN1D2	-0.36
DCUN1D4	1.65
DCUN1D5	-1.695
DDX3X	1.935
SIL1	0.56
MRPS17	-0.85
MRPS16	0.24
MRPS15	-0.605
NXT1	-0.26
MRPS12	-0.13
MRPS11	-0.43
MRPS10	0.385
PLGRKT	-0.685
AP5S1	1.4
EPCAM	-0.15
MLLT11	-0.85
	0.14
CTSH	1.855
CTSV	-2.04
C12orf49	-1.22
CTSO	-0.11
TMEM41A	1.61
CTSA	0.84
CTSB	-0.07
DDX42	-1.81
CTSD	-0.6
KIDINS220	-2.025
DDX47	-0.38
DDX46	0.41
ERO1LB	0.44
CTSZ	0.51
CTSS	0.475
GANAB	0.49
MICALL1	-2.49
ATAD1	0.49
ATAD2	-0.53
MAPK3	0.005
MAPK1	-0.79
MAPK6	0.405
MAPK7	0.04
MAPK8	-1.055
MAPK9	-1.15
PTGES2	-0.02
KAT2A	-0.165
C12orf65	1.07
APTX	0.255
SQLE	-4.54
SOCS5	-0.605
SOCS4	1.21
SOCS7	-1.72
SOCS6	-0.18
TRNAU1AP	0.005
	0.75
PARPBP	-0.61
DHRS7	-1.01
DHRS4	-0.42
EIF2D	-1.875
EIF2A	1.205
DHRS1	0.105
NEIL1	0.175
NEIL3	-0.895
	0.9
SMARCC2	-0.525
SMARCC1	-1.195
GNA13	-1.73
CYSLTR1	0.69
	-0.585
CDKN1B	-0.12
TSEN54	-0.33
USP32	-0.58
TXNIP	1.865
SCAI	0.135
INCENP	0.725
OXLD1	-1.34
CDS2	-2.16
	-2.955
SCAP	1.665
KLC2	0.21
NUCB1	1.305
NUCB2	0.115
TOMM6	-1.39
SBNO2	0.11
SBNO1	-1.53
	0.16
ELL	0.9
HSPA14	0.235
ESCO2	1.34
ESCO1	0.64
NOL9	-1.02
NOL8	0.555
TPK1	1.525
NOL7	0.42
NOL6	0.73
EFNB1	0.795
BRI3	1.78
CLUAP1	-0.755
POMGNT1	-1.475
SERBP1	1.245
TTC9C	-0.46
MGME1	0.075
MCOLN1	-0.31
MCOLN2	1.12
HTT	-0.885
CCL25	1.24
E2F7	1.345
CNP	-2.48
RSF1	-1.33
BRAP	-1.19
AFF1	-1.36
CTNNBL1	-1.55
FCRL1	0.405
MPPE1	0.87
MAVS	-1.66
E2F2	-1.835
MAP4K1	-0.755
MAP4K2	0.19
MAP4K5	1.16
E2F1	-0.185
	0.35
	2.145
	-1.26
TRIM7	-0.29
	0.295
BYSL	2.68
DTX1	-0.8
DTX2	0.965
CCDC71L	0.59
	1.14
HDLBP	0.13
EIF5	-0.505
EIF6	0.92
POLA2	1.315
POLA1	0.58
PNPLA8	-0.38
	-1.725
CYB5R1	-1.545
MYCBP	0.175
RAPGEF5	0.82
RAPGEF6	-1.28
MTSS1	-2.555
RAPGEF1	-2.11
RAPGEF2	0.62
VTA1	-0.405
FBL	0.395
LARS	-1.965
RBM6	-1.075
RBM5	-0.335
RBM3	1.535
CNIH4	-0.06
ADCK5	-0.615
ADCK2	1.06
ADCK1	-1.6
FBXO22	-0.475
FBXO21	-0.635
FBXO25	-0.245
NDE1	0.66
RPL36AL	2.565
CBFA2T2	1.34
ASF1A	-0.335
ASF1B	-0.59
TICRR	0.82
ZNF574	-0.055
OSBPL1A	0.605
ALCAM	0.095
SP2	-0.95
SP3	-0.08
SP4	1.27
PRPF40B	1.22
PRPF40A	-0.175
RNF219	-0.455
SLAMF9	-0.2
RNF215	-0.59
SLAMF6	-1.175
RNF216	0.19
PXMP4	-0.2
RNF213	-1.32
NSUN2	-1.0
	0.52
	0.235
	-1.01
RBMX	1.095
MRS2	-0.78
VPS37A	-1.395
TRPM5	-0.005
TRPM7	-0.92
RAB40C	0.82
SPR	-0.655
GSE1	-1.46
KIAA0556	-1.49
OXNAD1	0.39
LACC1	0.94
	0.52
ZNF106	0.655
IFNAR1	-0.505
IDH3G	0.105
RLF	-0.425
ABT1	2.075
MYCBP2	0.355
	-0.185
ECHDC1	-0.195
DENND2A	-0.92
PMM2	0.535
PMM1	0.67
SEPT11	-2.7
SEC61A1	0.76
SEC61A2	1.915
YARS2	-0.02
RBMS1	0.5
JAG2	2.43
JAG1	1.415
CHST12	0.22
BACH1	-1.185
ARCN1	0.125
BCCIP	1.87
SRD5A3	-0.44
SRD5A1	1.14
UGGT1	-0.025
RFXANK	-0.175
ZNF519	0.285
HAP1	0.895
KIAA0430	-1.57
MKNK2	-0.105
MKNK1	-0.14
	-0.045
ZNF394	-0.71
ZNF496	-0.505
NSL1	2.115
UNKL	0.33
MOV10	0.64
LRRC8C	0.175
HLA-DQA1	-0.42
RIT1	-0.7
TRIM56	1.065
EARS2	1.94
CKAP2L	-0.12
FBXO2	-0.485
FBXO3	-1.525
FBXO4	0.75
FBXO5	1.025
FBXO6	-1.46
FBXO7	-1.225
FBXO8	-0.31
FBXO9	-0.065
SWAP70	-1.455
MROH1	-1.325
CAPNS1	-1.11
	1.15
RRP7A	1.725
TERF2	1.035
	-1.06
TERF1	0.39
	-1.395
LIMK2	-1.225
LIMK1	1.105
RBPMS	-1.0
RAB3A	0.3
NAE1	-1.27
MLF1	0.82
RAB11A	-0.385
OSBPL8	0.65
OSBPL9	-0.455
CFDP1	0.39
OSBPL2	1.205
OSBPL3	-2.21
ZNF746	-0.935
	-1.07
	0.515
CBLB	-0.88
UGCG	0.405
RAB30	1.785
SAPCD1	0.61
SAPCD2	-0.375
HAPLN1	2.805
APMAP	-0.335
TNFAIP8	0.74
TNFAIP1	-0.575
TNFAIP3	-0.99
MTRF1L	-0.15
	0.475
CA13	0.665
AKIP1	0.345
CEP68	-0.625
ARV1	-0.15
ATOX1	0.515
ALDH3A2	-1.665
FBXW11	0.05
DOT1L	-0.77
CASZ1	0.915
FAM98C	-0.85
FAM98B	0.865
FAM98A	2.22
BOD1	0.75
ENPP1	0.62
PJA1	-0.2
PJA2	0.28
ATP6V1D	-0.34
ATP6V1F	0.265
ATP6V1A	0.27
ATP6V1H	-0.185
	1.06
	0.79
TMEM39A	2.61
IMMT	0.055
JTB	-0.135
METTL23	0.335
KIAA0232	-1.18
USPL1	0.54
PDPK1	0.75
REEP3	-0.725
REEP2	1.255
REEP5	-2.365
REEP4	-0.035
REEP6	-2.915
CRKL	-0.32
KIAA1217	2.735
AP2A1	-1.29
IFT122	1.515
PDGFA	1.98
STAU2	0.795
HEG1	-0.745
GTPBP2	-1.385
ATRN	-0.095
BIN1	-0.6
BIN3	0.14
BIN2	0.875
SUCLA2	0.0
	1.795
PDCD10	0.315
PDCD11	0.59
KREMEN1	1.18
PACS1	-0.29
PACS2	-1.03
NIP7	-0.055
TBL1XR1	0.705
AGAP2	-0.5
AGAP3	0.055
	1.26
TBC1D8B	2.105
ZWILCH	2.5
HTATIP2	-2.785
KNSTRN	-0.48
SIRPA	-0.15
PPM1E	-1.23
BRK1	-1.185
DUSP5	0.715
EEFSEC	-0.27
ASCC1	-0.625
DUSP6	1.11
DUSP1	-0.285
DUSP3	-0.265
DUSP2	0.33
RPL8	2.255
MFGE8	1.46
IRAK1BP1	-0.205
PPM1M	1.95
ACYP1	1.115
ACYP2	-0.735
	0.325
OGG1	1.57
STOM	2.425
GPALPP1	-0.77
DLGAP4	-0.535
CC2D1B	-1.715
	-0.735
HSCB	-0.03
ITFG2	1.09
ITFG1	2.19
COA5	-0.94
COA4	1.4
COA7	1.54
	1.015
COA3	-0.785
PAK1IP1	0.33
TARS	-2.225
UBR2	-0.78
ACTB	0.54
TAF5L	0.85
UBR7	1.505
UBR5	-1.545
LRBA	-0.605
VCPKMT	1.315
	0.435
FIS1	-1.035
EIF2S1	2.53
FAM219B	0.61
FUT8	1.265
MIDN	0.265
CLPX	0.24
DSN1	0.285
YARS	-2.74
CANT1	-1.04
SDF2L1	2.04
MGRN1	-0.795
TGFBRAP1	2.51
UXT	-0.755
SLC25A3	-0.32
	-2.055
POLG2	2.91
SCCPDH	1.49
SLC25A5	-1.29
SLC25A4	0.405
C1orf174	1.5
LAMC1	-0.175
CACNG6	-0.7
	0.0
	0.285
RAC2	1.785
RAC1	-0.705
PPP5C	1.58
ANGPTL4	-0.32
LYAR	-0.035
C11orf58	0.5
CLCC1	-0.22
ZNF48	-0.375
TDG	0.785
C6orf120	1.59
EID1	-0.265
PYCR2	-1.02
PYCR1	-2.555
NMI	0.03
LY6E	0.04
LY6D	4.13
SRF	-1.76
	-4.18
NFE2L2	0.37
NFE2L1	-3.99
SRI	-0.38
GK5	0.23
SRL	-0.36
SRM	0.17
GNPAT	1.84
RASGRP2	-0.35
RASGRP3	-0.665
KIAA1147	0.205
DNA2	0.2
PYCRL	0.695
SPIRE1	2.21
ATPIF1	-0.19
CCSER2	0.775
EMC10	0.3
ZNF665	-0.79
KIF13B	0.215
SDHA	0.875
SDHC	0.775
SDHB	-0.065
SDHD	-1.35
	-0.66
TLE3	-1.005
RPS4Y1	1.83
LEPROT	1.54
ETAA1	-0.595
ANKS1A	1.86
ANKS3	0.35
HPGDS	0.855
GRK6	-1.3
	-1.6
ANKH	-2.465
ATP9B	-0.125
TADA2A	0.84
DCTN2	-0.225
DCTN3	0.52
DCTN1	-0.29
DCTN6	0.96
GORASP1	0.26
DCTN4	0.355
DCTN5	-0.28
DHDDS	0.13
ZNRF1	0.75
ZNRF3	0.995
ZNRF2	0.03
SLC38A10	-3.54
	1.42
C1orf54	1.76
GLRX	0.42
ATXN10	-2.0
C1orf52	1.175
ZNF839	1.02
PLEKHF2	0.52
ZNF830	2.19
DUSP4	-1.275
FERMT3	0.87
ERMARD	0.75
ATXN1L	0.12
ETS2	-2.16
ETS1	1.04
SEC22B	-0.85
SEC22A	0.09
PTPN18	-0.29
PTPN12	-1.13
P4HB	0.6
CDIP1	0.035
ZFAND2B	-0.36
ZFAND2A	0.24
ITGB1	0.595
PIGA	-0.015
ITGB3	1.69
ITGB2	-1.83
ITGB5	-0.305
PIGF	1.84
PIGG	0.365
PIGH	-0.035
TSR3	1.745
TSR2	1.0
PIGL	-1.015
MMS22L	0.31
C14orf119	-0.485
PIGO	-0.095
PIGP	0.585
PIGQ	0.465
PIGS	-1.865
PIGT	0.02
PIGU	2.215
CAPRIN1	0.695
PIGX	0.655
GOPC	-1.36
	0.335
GNL3L	-1.485
DOCK8	0.455
ZNF768	0.66
TMX4	-0.79
TMX1	-0.8
TMX3	-1.35
TMX2	-1.31
	1.315
CDIPT	-0.865
ARL13B	-0.83
	0.76
BTF3	0.205
PPP2CA	-0.485
PLCG1	-0.5
NAGA	0.65
	-0.745
LLGL2	0.1
LLGL1	-0.52
NOC3L	0.96
C1orf35	-1.46
SCD	-3.61
PTAR1	-1.605
XYLT2	-0.38
XYLT1	-1.5
ANXA2	-1.9
CBLL1	1.205
KDELR2	0.895
OFD1	-0.975
KDELR1	-1.22
	-0.86
RAB11FIP1	-0.625
LRIG2	0.525
MORC2	-1.27
THYN1	-1.04
	0.015
	0.1
ANXA4	-1.095
ARHGEF39	-0.625
PPP3CA	-0.24
PPP3CB	-0.455
	-0.66
NCLN	0.9
ARFRP1	1.155
PTBP3	-3.105
PTBP2	-0.19
PTBP1	0.08
ITPK1	-0.15
CHCHD3	0.56
ATP6V0D1	-0.27
CHCHD6	0.75
CHCHD7	-1.715
CHCHD4	0.52
CHCHD5	0.42
LMO2	-0.46
LMO4	0.305
	1.16
PBXIP1	-0.17
GCLM	-1.95
GCLC	-1.92
ALDH2	1.065
GRAP2	0.82
NHP2	-0.28
FAM173A	-0.585
IFT140	-1.145
TRIM28	-0.56
TRIM24	0.605
TRIM25	0.695
TRIM26	-0.98
TRIM27	-1.355
MFSD2A	1.61
CTDSP1	-0.745
ITPKC	-0.645
FABP5	-0.675
SART3	-0.19
SART1	0.245
TTC5	0.775
TTC4	0.84
TTC7A	-1.345
TTC1	0.005
NELFCD	-1.45
TTC8	1.18
DOLPP1	-0.76
SUCLG1	0.195
GATAD2B	-0.375
GATAD2A	-0.96
VGLL4	0.31
LCMT1	-0.715
UBE2D3	0.47
NUP50	0.0
	-0.95
NUP54	0.235
ATL3	-1.365
ATL2	0.63
LDLRAP1	1.4
ZNF316	1.27
PEX26	-0.58
DSCC1	-0.15
FARP2	1.435
RPL28	0.75
RPL24	0.75
RPL27	0.035
RPL26	3.275
RPL21	0.42
RPL23	1.565
RPL22	0.585
TRIM14	0.38
BCAR1	-0.55
BCAR3	0.5
SORL1	-3.135
STRN4	1.77
STRN3	-0.11
ATP13A1	0.015
ATP13A3	0.66
ATP13A2	-0.205
PMVK	-5.29
RANBP10	-1.285
PKD1	-0.115
GPX1	0.19
B2M	-2.135
GPX4	-0.5
UNC50	0.035
THEM6	-1.145
THEM4	-0.15
SPG7	0.51
UBE3B	0.09
UBE3C	1.38
UBE3A	0.07
UQCRQ	-2.52
HSPD1	1.37
UQCRHL	-1.56
UQCRB	1.835
RMI2	0.66
METTL8	-0.36
METTL9	-0.66
CEP170	0.5
METTL1	-1.135
METTL2A	-0.8
METTL3	-0.325
METTL4	0.07
METTL5	-1.575
METTL6	-0.175
PHF3	-2.03
FASTK	0.435
CCAR1	-0.825
CCAR2	-0.26
UBP1	0.45
COG8	-0.745
AVEN	-0.075
PTRHD1	-0.87
COG3	-0.035
COG2	-0.54
COG1	1.615
SZRD1	0.125
FLI1	0.205
COG6	1.66
COG5	2.22
COG4	1.24
SC5D	-3.75
LSM5	-1.525
	0.62
TAP1	-1.055
UBAP2	0.215
UBAP1	0.565
TAP2	-1.0
KLHL42	0.895
POLE4	-2.22
FLII	-0.715
POLE2	0.435
RAB10	0.86
RAB12	-0.305
	-1.2
SIKE1	0.075
GNG10	1.67
GNG12	0.135
RAB14	0.095
ATRIP	1.48
TFRC	1.045
ARHGAP11A	-0.92
MIEN1	-1.08
	0.075
HPSE	1.67
ST7	-0.64
MIPOL1	-0.095
P2RX4	-0.805
PSKH1	1.485
MPHOSPH9	0.695
MPHOSPH8	-1.105
KLF11	-1.0
KLF10	-0.11
	-1.33
TFG	0.71
MPHOSPH6	-0.025
NCL	2.59
KCTD3	-1.575
DTL	0.355
PHB2	-0.545
ALS2	-1.41
HPS5	-1.335
HPS4	0.65
WDFY4	-1.99
HPS1	-0.77
WDFY2	1.08
HPS3	0.775
BRIP1	0.33
LAMTOR4	-0.855
LAMTOR5	0.775
ORC1	-0.28
LAMTOR1	0.47
LAMTOR2	0.505
LAMTOR3	1.22
DHX58	0.75
FAM133B	1.655
CBL	-0.035
FAM199X	-0.465
ZNF277	-0.295
UCK1	-0.495
UCK2	0.365
APEX1	0.985
ZNF148	-1.43
ZNF143	0.475
ZNF142	1.525
	-0.87
ZNF146	0.75
PUS7L	0.305
SOAT1	-1.14
IAH1	-2.44
C17orf49	-0.715
LDLR	-4.825
ILVBL	0.63
	1.04
	0.54
	1.29
	-1.26
PPTC7	3.09
HIST1H4C	1.675
SLC7A6OS	0.94
RNASEH2A	0.705
KBTBD7	1.37
KBTBD4	0.065
KBTBD2	1.2
GLG1	-0.85
PIP4K2A	0.75
KBTBD8	-0.19
PRELID1	-0.5
METTL7A	-1.575
RCE1	0.135
ATP7A	0.2
NEU1	0.115
RSAD1	0.5
ZNRD1	-0.82
SLC8B1	2.07
GPD1L	-0.105
IP6K2	0.025
IP6K1	0.055
NME6	0.72
NME7	-0.605
NME1	1.5
NME3	-0.23
HAT1	0.505
ARPC5L	-1.2
EAPP	0.32
TMEM156	-0.46
SLCO4A1	-1.4
	-0.405
	-0.675
PGRMC2	0.255
PGRMC1	-1.41
	0.79
HID1	-2.03
	1.04
LRRCC1	0.615
BLVRA	-1.86
SLC46A1	-0.71
ZDHHC1	-2.02
ZDHHC3	0.54
DDIT3	-0.63
DDIT4	-2.82
ZDHHC4	-0.94
ZDHHC7	-1.2
ZDHHC6	-0.07
ZDHHC9	-0.76
ZDHHC8	-0.66
VPS18	-0.67
TLX2	4.82
RAP1GDS1	-0.59
CST3	3.15
	-0.36
	0.98
GTF2F1	1.56
PDCD5	1.14
GTF2F2	2.57
R3HDM2	-1.78
AP4B1	0.75
LRRFIP1	-0.955
	0.84
	-0.385
MLEC	-1.815
PDSS2	-0.63
PDSS1	0.985
SPTAN1	-0.21
CASD1	-0.025
HIVEP1	-0.07
HIVEP2	-0.24
DONSON	-0.83
	-2.505
ZNF703	-0.63
	0.42
ZNF707	0.78
SF3A3	0.965
REPS1	-0.05
ABHD11	-0.42
ABHD12	-0.33
KCNAB2	-0.19
BBC3	-0.71
	0.97
CCT8	0.44
CCT2	0.04
CCT3	1.085
CCT7	0.21
CCT4	0.58
CCT5	0.295
DTYMK	1.45
ARPC2	1.35
FBXO30	-0.32
CREBZF	-0.445
FAM129C	0.175
ARPC4	0.05
	-0.7
NOTCH1	-0.995
NOTCH2	-0.775
MEST	-1.65
RPS19BP1	-0.295
SKIV2L	-0.39
BPHL	1.22
	0.37
VAMP1	0.035
VAMP3	-1.305
VAMP2	2.56
VAMP4	-0.635
AMER1	0.405
CERK	-1.57
	0.435
SEC14L1	-2.63
	0.18
	-1.215
ISYNA1	-0.205
MYL12B	-0.175
	2.305
MCM7	0.555
MCM6	-0.07
MCM5	0.335
MCM4	1.54
MCM3	1.705
MCM2	0.52
FADD	0.16
TNFRSF12A	0.61
MCM9	-0.19
MCM8	-1.065
NXT2	0.06
CECR2	-1.03
SPRY2	0.085
MRPS14	-0.77
TMEM30A	-0.22
LMAN2L	0.97
DALRD3	0.665
FAM107B	1.845
MEPCE	0.515
CROT	0.67
RNF114	-1.175
RNF115	0.405
HUS1	0.23
FOXN2	-0.63
	1.54
PCMTD2	1.01
GFER	-0.47
PCMTD1	-1.525
CHORDC1	0.12
CYP51A1	-6.285
	0.1
FBXL15	0.47
FBXL14	0.555
FBXL17	-0.525
FBXL19	0.23
FBXL18	-1.065
ZNF287	0.75
ZNF281	-0.55
ZNF282	-1.53
KATNB1	-1.6
NUP37	0.97
NDFIP2	0.335
NDFIP1	-0.77
GORAB	0.0
NIT2	-0.355
NIT1	-0.245
PTK2	-1.06
GLOD4	-0.465
CD2AP	1.5
PYGB	-1.53
HECA	-1.41
ODC1	0.49
PFAS	0.85
GRAMD3	-1.02
MTPN	1.39
MYBPC2	0.355
DGUOK	-0.025
PDAP1	0.62
INPP1	-0.26
EXT2	-0.775
LONRF1	-0.185
DGAT1	1.435
TMPPE	0.115
MADD	0.04
RNF31	-0.68
BAHD1	-0.195
SPEN	-0.33
KDM8	1.92
MDP1	0.735
GEMIN8	2.14
ORMDL2	0.715
ORMDL3	1.66
MAT2B	-0.205
GEMIN2	0.245
	0.99
GEMIN7	0.405
GEMIN4	-0.535
GEMIN5	-0.045
SPPL3	0.78
SPSB3	2.05
SPTSSA	-0.805
CMSS1	0.91
PHF14	1.355
DDX49	-0.52
PHF10	-5.115
PHF12	-0.47
PHF13	1.54
PHF19	-0.68
CPE	2.855
MOSPD3	2.035
MOSPD2	-0.87
CSRP1	1.765
CSRP2	1.11
GEN1	-0.815
CEP152	0.495
	-0.105
FKBP4	-0.435
DDX41	1.8
ACADSB	-1.13
FKBP3	-0.695
KANK2	0.425
FKBP8	0.405
PDHX	1.825
CTSC	0.93
ZNF628	0.22
WASF2	-1.305
TRAPPC8	-0.015
SRGAP2	-0.04
PSAT1	-4.9
	-0.075
PDHB	2.38
NIPBL	-1.61
PRKCSH	2.375
C3	0.585
TRAPPC3	-0.255
MCUR1	-1.76
CCHCR1	-0.63
TRAPPC5	-0.17
CARS2	1.88
AP1S1	-0.875
AP1S2	-0.115
AP1S3	0.46
CAPN7	-0.305
	1.885
	0.95
FGFBP3	0.87
CS	-0.32
TM9SF1	1.745
NOP9	1.94
GNS	-0.21
BLCAP	0.75
CENPM	0.415
CDCA2	0.38
CDCA3	0.815
ZNF516	-0.505
ZNF511	-0.275
CDCA4	1.27
CDCA5	0.55
	1.32
CDCA8	-0.4
KRBA1	-1.6
PEMT	0.82
FZR1	-0.83
ATAD5	-0.94
RBKS	0.24
MED29	0.1
MED28	-0.015
MRM1	0.5
MED21	1.075
MED20	0.455
RASSF3	0.465
	0.395
RASSF5	-0.15
MED24	-0.135
MED27	1.24
RASSF6	0.645
	-0.565
DNM2	-2.815
SPHK2	0.66
TSKU	1.14
	-1.115
IQCB1	0.74
DVL2	-0.735
DVL3	-0.79
REV3L	0.535
UCHL5	0.095
KLHDC10	0.195
UCHL3	-0.935
FAM171B	-0.175
MEAF6	2.825
	1.105
CENPW	0.49
TMBIM6	0.855
TMBIM4	0.395
CENPU	-0.48
TMBIM1	0.085
C16orf70	0.545
COMMD10	-1.44
TVP23B	0.4
CKAP5	1.16
PEF1	1.2
NDUFAB1	-1.0
NHLRC2	1.345
SCAND1	-0.75
IST1	0.325
CASKIN2	-0.05
ZMPSTE24	1.18
RCC1	0.085
RCC2	-2.845
EML2	-0.635
EML3	-0.19
EML4	0.38
EML5	0.24
	-0.375
ATP5J	-0.205
AFG3L2	-0.385
ATP5O	-0.155
ATP5B	-0.615
PUS10	-1.055
	-1.3
ATP5D	-0.475
ZNF3	-0.475
TXLNG	0.715
CEPT1	-0.49
TXLNA	-2.135
HSPBP1	1.48
	0.03
CPEB4	1.125
RPA1	1.45
RPA3	0.43
RPA2	1.73
CDC42EP3	-0.36
TMEM177	-0.55
TMEM175	-0.93
TMEM173	1.285
C2CD3	-1.08
MRPL10	-0.425
IFT27	1.2
IFT20	-0.155
IMMP2L	0.045
	1.58
RAP2C	-0.46
PLEKHJ1	0.425
	-0.69
PDXK	-0.45
ELF1	0.93
ZKSCAN3	0.975
YIPF2	-0.62
YIPF5	1.13
YIPF4	-1.18
YIPF6	0.48
PPT1	-0.37
PPT2	-1.28
TRIM65	-0.55
SLC26A2	0.675
SLC26A6	0.785
IER5	1.135
SFR1	-0.96
	0.65
MAGOH	-0.89
	1.115
HIST1H1C	1.525
JUNB	1.98
LIME1	2.05
FTSJ3	2.805
FTSJ1	1.39
	-1.425
ZKSCAN5	2.14
DAD1	1.695
CBR4	-0.61
CENPC	-0.185
THOP1	0.83
	-0.75
	0.66
KSR1	-1.75
EXOC2	0.54
EXOC3	-1.0
EXOC1	-0.32
EXOC6	-1.02
EXOC7	-0.235
EXOC4	0.04
EXOC5	-1.37
EXOC8	-0.4
C19orf54	0.71
RRM2B	-1.98
UQCRFS1	1.41
NFXL1	-1.665
C3orf33	1.14
SNRPA1	-0.755
ZNF18	1.285
RICTOR	-0.775
DHX8	2.625
DHX9	1.44
METAP1	0.935
METAP2	-0.5
ZNF585A	-0.66
ZNF778	-0.18
COTL1	0.24
	-0.465
	2.66
	0.665
TMEM241	0.1
	-0.59
WDR35	-0.415
WDR34	-0.99
WDR37	-0.575
WDR36	-0.055
PINX1	0.565
WDR33	-2.11
RPE	-0.995
VWA8	-0.575
GMPPA	-0.805
GMPPB	-0.235
BCORL1	-1.555
PTCH1	-0.94
YME1L1	0.03
GSTP1	1.46
TMEM203	1.52
WIZ	0.78
SHARPIN	0.735
FDPS	-0.76
XPC	1.72
CMPK1	2.545
XPA	0.345
GPANK1	0.795
PDLIM7	-0.795
SUDS3	-0.23
TEN1	0.09
CNOT6L	-1.085
SUPT4H1	0.355
CYBA	-1.49
C5orf51	0.1
BFAR	1.24
SMARCAD1	2.49
FAF1	-1.745
FAF2	-1.035
TIAM1	-0.66
ANKRD37	-0.71
ANKRD39	-0.26
MAPKAP1	-0.94
ZNF7	0.315
ZFP1	0.67
RNF130	0.575
RNF135	-1.2
RNF138	0.955
RNF139	1.22
ITGB1BP1	1.115
APLF	0.025
PCK2	-5.77
RPP40	0.13
PTER	2.01
TBC1D23	1.455
PTEN	-0.51
TBC1D20	-0.19
RELN	-0.595
TBC1D25	0.975
GRN	-2.36
RELB	-1.315
RELA	0.045
ZNF266	-0.06
DHX40	-0.81
IER5L	0.61
C9orf16	1.845
	0.125
	-1.84
	-0.405
MTRR	0.225
	0.27
	0.29
RMDN3	-0.995
FRG1	1.795
WTAP	3.615
COX5A	-1.145
	0.14
FRMD8	-0.84
MPV17L2	-0.055
OCEL1	-1.0
	0.04
MSL1	2.12
MSL2	-0.04
MSL3	0.52
	-0.29
CCP110	0.225
PAFAH2	0.46
GPT2	-2.56
CHFR	-0.075
ATAD2B	-0.055
RCHY1	0.755
E2F6	-1.01
E2F4	-1.585
E2F3	-1.095
TMEM126A	0.27
TMEM126B	-0.27
JARID2	-0.495
TOP1MT	1.695
E2F8	-0.61
BRAF	-2.085
BOLA1	-0.5
BOLA3	1.03
	0.61
KATNBL1	-0.975
GUF1	1.34
RABGAP1	0.13
	0.75
	-2.76
CEP135	-0.945
ARRB2	-0.635
NOD2	-0.315
GMEB2	-0.46
GMEB1	0.395
	-1.07
	-0.865
PGLS	-0.995
	0.06
PNPO	-0.925
RAD17	-0.53
KRCC1	0.32
PI4K2B	-0.14
PI4K2A	-0.73
GTPBP4	0.805
GTPBP6	-1.485
GTPBP1	1.24
GTPBP3	0.48
AP2A2	-0.33
KLHDC4	-0.375
KLHDC2	0.085
KLHDC3	1.385
XBP1	-0.925
TPST2	0.36
TPST1	0.83
	0.645
KLC4	-0.745
	-0.26
UBXN11	1.08
SEC11A	1.58
HSPA13	-0.725
SEC11C	0.035
	1.565
TOMM7	0.505
ARPP19	0.34
ILKAP	-0.17
KLHL6	-0.855
MGA	0.035
	0.8
TBP	1.925
ARL14EP	-0.615
MRGBP	1.115
RREB1	0.065
SMC1A	-0.035
ADNP	0.16
TRABD	1.195
SLMAP	-1.32
RAI1	1.75
GOLGB1	-1.445
CFP	0.085
FAM118B	-0.02
CGRRF1	-0.59
KIF21B	-1.265
CDC42BPG	-1.045
CDC42BPA	-1.405
RPL7L1	-0.99
PDZD8	-0.73
BAK1	0.085
ALG10	0.85
PHF8	0.12
CACUL1	0.465
PHF6	1.945
HSDL1	-1.285
	1.075
	-0.15
TNPO2	-2.405
TNPO3	-0.64
TNPO1	1.24
ANKZF1	-0.63
CDKN2AIPNL	0.295
FHIT	-0.515
PLA2G12A	0.415
APC	-0.145
	-0.245
ABCB7	0.69
ABCB6	0.34
MIS18A	-0.47
ABCB8	-1.865
	1.4
SLBP	0.325
ARPC3	1.19
ARPC1B	-1.1
ARPC1A	0.01
PDIA4	-0.425
PDIA3	1.62
ARPC5	-2.115
CHSY1	0.12
ITPR2	0.435
ITPR3	-0.425
ITPR1	-1.755
	-1.54
SPATA13	0.99
IFT46	-0.645
RUNDC1	0.05
SFT2D3	0.75
SFT2D2	-2.87
DAPP1	1.15
PAX5	-0.31
TXNDC15	0.45
MPHOSPH10	-0.05
FLYWCH1	-1.48
	0.87
U2AF2	-1.515
STOML2	-0.9
HIST1H3H	0.6
HIST2H3D	1.89
HIST1H3D	0.37
HIST2H3A	4.075
HIST1H3J	0.745
HIST1H3A	2.495
HIST1H3I	2.48
TELO2	-0.58
HIST1H3E	1.885
HIST1H3F	1.1
PAIP2B	-1.585
LEMD2	-0.355
TRAPPC9	-1.025
TCEANC2	0.095
SLC9A5	-1.03
TRAPPC1	-1.755
RTCB	1.42
RTCA	0.82
VCL	-2.155
TRAPPC4	-0.94
VCP	0.445
CAPN2	-0.66
CAPN1	0.3
	0.34
	0.09
NSD1	-0.44
MTOR	-0.455
	-0.395
	-1.48
CHAC2	1.695
TIMM17B	-0.36
TIMM17A	1.645
GLRX5	1.605
GLRX2	-0.325
GLRX3	-0.07
ARFGEF1	0.595
ARFGEF2	0.305
TMEM167B	-0.405
GID4	-0.33
ZRSR2	0.48
PELI1	-0.05
MBLAC2	-0.36
SPDL1	3.125
SYMPK	-1.46
GID8	0.765
GTF3A	0.045
GMPR2	-0.405
	1.78
GATC	0.755
NRD1	-2.595
GOLGA2	-0.19
WDR13	0.46
WDR12	1.135
WDR11	0.885
LAIR1	1.59
WRAP53	0.45
WDR18	-1.015
ANO6	0.075
C17orf53	-0.82
BUB1	0.05
BUB3	-0.165
	-0.165
RAD18	0.575
ABLIM1	-0.955
ATXN7L3B	0.445
CDC25C	-1.195
CDC25B	-3.3
CDC25A	-0.94
FAM207A	0.615
	1.845
ZGPAT	0.56
MTIF3	0.385
MTIF2	-1.0
ZNF436	-0.5
SLC10A3	1.095
OMA1	0.35
NEDD9	0.75
CD164	0.81
ZFYVE27	-0.455
ZFYVE26	-0.635
UQCC1	0.37
GOLPH3L	-1.28
EFTUD2	0.14
UQCC2	-0.15
SRPK1	-0.47
CSNK2B	-1.09
ABRACL	0.96
SRPK2	-0.89
NEDD8	0.815
NCF2	0.43
NCF1	-1.69
SLC10A7	1.36
SRPR	0.925
NCF4	-1.33
NEDD1	-1.84
GRINA	-0.33
	0.035
SEC62	2.43
SEC63	-0.025
SYPL1	0.96
	0.045
RNF38	0.28
ANKRD16	-1.92
ANKRD17	-2.155
RNF34	-1.225
HDGF	-0.725
ANKRD12	0.385
ANKRD10	-0.335
ANKRD11	-2.62
YWHAZ	0.435
FOXJ3	1.15
SPCS2	-0.19
SPCS3	-0.02
YWHAH	-1.06
YWHAB	0.995
BCL9L	-0.84
CWF19L1	-0.465
	0.585
YWHAE	0.215
TMEM106B	-0.425
GIGYF1	-0.31
GIGYF2	2.22
RPP21	-1.58
PCM1	-3.43
CDYL	1.69
MYO9B	-0.96
MYO9A	0.355
ZNF248	1.75
HMBOX1	-0.36
GOLPH3	-0.96
HARS2	1.04
NUP205	-0.63
	0.25
SH3GLB1	-1.145
SH3GLB2	1.0
	-0.29
MTTP	1.69
	-0.36
	-2.065
RABGEF1	0.39
BCAT2	0.62
BCAT1	-0.58
DUSP28	-0.18
CIB1	-0.065
DUSP22	2.37
ZBTB12	0.515
	0.57
TREX1	0.42
HERPUD1	-4.505
C1orf43	2.27
PHF5A	0.4
MED11	0.28
ZFPL1	1.49
KHDRBS1	1.48
PLIN2	3.255
PLIN3	1.105
MCTP2	0.19
ZBTB18	0.895
	1.53
TFB2M	-1.03
	1.86
SAFB2	-1.94
MKLN1	1.21
ISG20L2	1.325
BCR	-0.535
MAP4K4	-0.975
CHD1	-0.17
SPIDR	0.025
CHD3	-2.015
CHD2	-1.915
ZC3H7B	-1.385
ZC3H7A	-0.265
CHD6	0.465
CHD9	-1.37
CHD8	-1.145
YWHAG	-0.745
NOB1	-0.29
PPP6R2	1.47
PPP6R3	-1.31
PPP6R1	0.415
CWF19L2	1.07
IPO11	1.205
IPO13	-0.535
ING4	0.475
ERP44	1.415
FYTTD1	0.095
FH	0.035
TMEM106C	-0.59
FLCN	-0.17
ING1	-1.32
COIL	0.775
ENGASE	0.5
THRAP3	0.59
TECPR1	1.03
TECPR2	0.32
PRAF2	1.28
DICER1	-2.09
AARSD1	0.75
RAP1B	-1.25
EBP	-2.41
GLO1	-1.14
NGRN	0.405
RACGAP1	-1.76
CNPY4	2.32
CNPY3	-0.495
CNPY2	-1.255
	1.14
CDC42SE1	-1.775
SMG5	-2.28
SMG7	1.9
SMG6	-0.385
SMG1	-0.845
ADH5	-0.41
ANKFY1	0.24
KIAA1109	-0.395
SMG9	0.395
SMG8	0.06
EDEM2	-0.505
EDEM3	-1.545
EDEM1	0.14
ATP2C1	1.03
KYNU	-0.445
EGR2	0.61
EGR3	0.595
EGR1	4.09
TRADD	-0.01
	0.435
UHRF1BP1	-1.56
ME1	-1.695
ME2	0.17
FAM193A	-0.695
	-0.31
HSBP1	-1.26
WDR7	0.225
BRMS1L	0.435
SRXN1	-1.385
AASDHPPT	0.28
CCDC77	-0.145
RASD1	0.75
	-0.85
SGTB	0.75
SGTA	-0.605
MRI1	-2.485
EPG5	-1.21
NFATC1	-2.25
NFATC2	-1.12
NFATC3	-0.59
B3GALNT2	-0.65
LARP1	-1.71
TSPAN13	-0.91
TSPAN14	-0.87
NRBF2	1.4
SOWAHC	0.285
FLAD1	-1.015
	-0.235
NDUFA10	0.08
NDUFA11	-0.57
NDUFA12	-0.775
NDUFA13	-0.695
WEE1	-0.945
AP5B1	0.745
GPATCH11	0.12
DET1	1.205
ABCD3	-0.935
ABCD4	-0.745
CLSTN2	0.965
TMEM131	0.675
POMP	-1.445
SLIRP	-0.7
TMEM135	0.885
TMEM138	0.54
NDUFAF5	0.135
MOCS2	1.885
NDUFS2	0.255
NDUFS3	-2.43
NDUFS4	0.415
	0.415
NDUFS6	-0.325
NDUFS7	-0.17
NDUFS8	-0.59
ATP6V1B2	0.285
	0.3
POMK	0.43
TP53I11	1.4
TP53I13	-0.54
ATP1B3	0.62
LRRC25	0.5
LRRC24	0.085
ARFGAP2	-0.445
CLPTM1	0.205
ARFGAP1	-0.535
MVB12A	-0.22
ZFP36L2	0.39
CNIH1	-0.045
	1.32
GAS2L3	0.11
MED13L	0.345
LIMA1	0.385
CCNY	1.32
	-0.915
CCNF	0.345
CCNC	1.065
CCNH	0.47
CCNJ	0.1
CCNK	0.56
	-0.23
HNRNPA0	-1.11
SIVA1	-1.045
LRCH3	0.875
WBP2	2.725
CACTIN	0.21
PLEKHN1	2.4
WBP4	-1.495
PTDSS1	1.905
PTDSS2	-0.19
	0.625
ASAH1	-2.585
C1GALT1C1	0.15
PICALM	-0.89
CDC5L	2.14
ROMO1	-0.61
HIGD2A	-0.52
PELO	-0.315
RINL	0.56
HIST1H3B	0.835
HNRNPAB	-1.315
IMPACT	-1.08
TSEN34	-1.485
TMEM128	0.26
SYNJ1	1.235
SYNJ2	-0.69
	-0.095
DNAJB9	0.935
FBXO28	-0.47
DNAJB1	-1.465
DNAJB6	0.05
DNAJB4	0.465
XRCC1	-0.775
WDR70	0.64
WDR73	-0.29
XRCC2	1.79
XRCC5	-0.765
WDR74	-1.03
WDR77	-0.465
WDR76	1.035
HMCES	0.525
CAMSAP2	-1.17
CAMSAP1	-0.01
PTCD2	-1.1
	-0.15
ATP5J2-PTCD1	-0.01
HS6ST1	-0.285
TDRD3	-0.825
TDRD7	-0.055
SRP68	-0.2
ATP6V0A1	-1.91
ATP6V0A2	1.18
SP1	-0.075
B3GAT3	0.87
ZFP64	0.635
ZFP62	-1.325
	0.28
NCDN	-1.355
TOR4A	-0.565
GFOD2	0.895
GFOD1	-0.29
PLCG2	1.005
USP9X	-1.505
MFAP3L	0.75
MCCC2	0.85
MCCC1	0.715
RNF14	-0.235
RNF10	-0.64
RNF13	0.755
SRRT	1.515
SLAMF7	2.665
RNF214	-0.785
SRRD	-0.5
ANKRD13C	0.115
ZNF329	0.585
ANKRD13A	1.06
ZNF326	-0.055
ZNF324	1.355
GGNBP2	0.615
DDRGK1	-0.985
SPATA2	-0.71
SPATA5	-0.7
RAB3IP	0.025
CHIC2	-1.65
VIM	0.06
MZT1	0.745
MZT2A	-1.075
CSNK1A1	-1.16
SESN2	-2.675
SESN3	-1.29
CD3EAP	2.175
COX18	-0.935
SSR1	-0.845
SSR2	0.2
SSR3	-1.04
SSR4	0.24
FOCAD	-0.305
COX10	0.64
COX11	-0.69
COX14	-0.885
COX15	-0.305
COX16	0.475
ICMT	-0.045
ETFDH	-0.4
PFKP	-1.325
PFKM	0.96
PFKL	2.1
CDADC1	-1.18
OSGIN2	-0.62
	0.66
JRK	0.75
UNC13A	1.25
	0.75
MSH2	2.295
MSH3	-0.4
VPS37C	0.87
VPS37B	-1.22
MSH6	-1.73
MAPKAPK3	-0.36
MAPKAPK2	0.145
	0.26
CLDN12	0.13
PPP1R3F	1.37
DIS3	0.03
ANXA5	1.735
SH3BGRL3	0.53
ANXA7	0.66
ANXA6	1.245
ANXA9	-1.55
NENF	0.63
RAD51AP1	0.635
	0.17
	0.42
ZC3H14	1.49
ZC3H18	-2.39
BAP1	-0.76
RIOK3	-0.96
RIOK1	1.24
BBIP1	-0.4
MRPS18A	0.35
MRPS18B	0.105
MRPS18C	1.51
BAD	0.92
DDX59	1.16
FIGNL1	1.345
HMMR	0.31
TOE1	-0.36
NIPSNAP1	2.83
EOGT	0.59
CIITA	-1.575
PPP1R37	0.655
PPP1R35	0.28
PLAGL2	-1.295
BRMS1	0.225
PYROXD1	-1.455
RC3H1	1.31
SLAIN2	0.425
SLAIN1	0.265
ENO3	1.0
ANKLE1	-0.495
DXO	-0.495
ANKLE2	0.81
SYNGR1	-0.15
SYNGR2	-0.9
MBD4	1.785
MBD6	-0.32
MBD1	0.305
MBD3	-2.78
MBD2	0.78
GLMN	0.165
HVCN1	0.885
	0.495
ARHGEF6	-1.675
ARHGEF7	0.585
ARHGEF2	-0.555
ARHGEF1	-0.395
MIEF1	0.605
MIEF2	-1.125
UNG	-0.055
POLRMT	0.225
UNK	-2.11
DIDO1	-0.505
TRMU	-0.605
	0.39
MCM10	1.805
NUP210L	-0.15
PAIP2	0.285
PAIP1	-0.05
FUNDC1	-1.345
TYW5	0.31
TYW1	1.01
BDH1	0.395
TRAF1	-0.2
TRAF2	-0.38
TRAF3	0.46
TRAF4	0.515
TRAF5	1.86
ATP2A2	0.69
ATP2A3	-0.44
PNPT1	-1.49
ACIN1	-0.42
TMEM9B	1.2
MCU	-0.68
ATP8B2	-0.58
KIAA1191	0.46
MUTYH	-0.47
PRKACA	-1.16
NR3C2	0.75
SLK	-0.995
CHD4	-0.965
XK	0.76
ST6GALNAC4	0.51
CHD7	-0.18
TMEM97	-0.16
	-0.655
SH3KBP1	0.62
FLOT1	0.45
PSRC1	-1.535
DCAF5	0.03
LCLAT1	2.245
RNPEPL1	-1.73
AKR1E2	0.715
UPF1	-0.58
ACTR8	-0.665
ACTR6	-0.54
ACTR5	0.955
ACTR3	0.035
ACTR2	-0.295
	-0.88
CCDC51	-0.25
GALNT12	1.265
GALNT10	-0.8
CCDC57	0.42
CCDC58	1.16
CCDC59	0.745
ANKMY2	2.215
ARAF	-0.935
KIN	2.37
NUCKS1	-1.61
PTTG1IP	-1.21
ATM	-1.185
ATR	-1.725
KTI12	0.575
NT5DC3	-0.215
NT5DC1	-0.545
ABCF3	0.23
ABCF2	0.365
ABCF1	1.005
ALMS1	0.89
MAGI3	-1.475
BLMH	0.265
SLC6A12	0.795
CHEK2	0.025
TDP1	-0.36
CWC15	-0.735
CHEK1	0.575
	-0.49
PPFIA1	-0.59
CCDC85C	-0.31
CCDC85B	2.21
TLCD2	0.1
TNNT3	-0.36
SET	-0.89
	0.1
LRRC41	0.39
LRRC40	-2.11
LRRC42	0.76
LRRC45	-1.445
UTP23	0.055
LRRC47	0.07
LPIN2	-0.455
LPIN1	-2.315
VGF	1.4
ST8SIA4	1.425
CBX8	-0.47
CBX7	-1.19
CSE1L	0.57
CBX5	-1.32
CBX4	-1.705
CBX3	1.595
CBX2	-0.425
CBX1	0.975
FURIN	-1.08
CDC73	0.275
GCFC2	-0.325
SLC43A2	-0.165
ENKD1	2.465
	-0.18
TMF1	0.89
	-1.875
CDCA7L	0.325
TRAPPC6A	-0.15
TRAPPC6B	1.18
	-0.29
EIF2B3	0.685
AP3D1	-1.295
	-3.215
CRAT	0.33
NCKIPSD	0.73
TSEN15	-1.575
IFI35	0.615
MLH1	-0.405
CREBRF	0.42
MDM1	1.07
MDM2	-1.67
MDM4	0.55
PKNOX1	-0.755
AREL1	0.37
CDAN1	-0.485
SLC44A1	-0.915
WDR55	0.185
WDR53	0.45
PIK3CA	2.18
PIK3CB	1.575
PIK3CD	-0.435
ATRAID	0.41
WDR59	-0.495
PIK3CG	0.285
NXF1	1.48
ATXN7L3	-1.21
ATXN7L2	0.155
ATXN7L1	1.13
NCAPH2	-0.46
CIAO1	1.73
TOX4	-0.505
SCRN3	0.16
PIK3C3	0.13
COPA	-0.93
IL4R	1.675
EIF2B4	2.145
EIF2B5	-0.385
EIF2B2	-1.06
ZNF692	-0.23
EIF2B1	2.025
PCF11	1.0
	-0.285
	-0.555
RAD52	-1.54
RAD51	1.15
	1.34
RNF19B	0.96
RNF19A	-0.915
ANKRD52	-0.65
ABHD17A	0.835
ABHD17B	-0.48
ABHD17C	0.165
ADIPOR2	-1.04
GDAP2	-0.26
ANKRD54	-0.59
ADIPOR1	-0.16
ARL15	0.05
FAHD1	0.64
MCEE	-1.65
ZNF341	-0.375
KPNB1	-0.83
ZNF346	-0.055
TAPBP	-0.245
	1.925
NMRAL1	-0.735
NUBP2	0.915
NUBP1	-1.21
DHX29	0.63
AMN1	1.65
MYO5A	-0.335
ZNF207	0.97
CDK19	1.07
ARID5B	-0.18
ARID5A	-0.29
	-0.03
CDK12	0.155
CDK13	-0.19
CDK10	-0.66
CDK16	0.845
CDK17	-0.325
CDK14	0.62
TCIRG1	0.755
HGSNAT	-0.305
CCNA2	0.79
METAP1D	1.005
CAB39	-0.055
PRPF4B	1.29
NUBPL	1.4
	-1.545
HIST3H2A	4.945
CASP8AP2	1.335
DCAKD	0.055
PSMC3IP	0.53
NUDT13	0.95
RCOR1	0.605
CLTA	-0.415
CLTC	-1.055
CLTB	-0.28
SERPINI1	1.65
NUDT19	-1.795
PKN1	-1.885
NAGLU	0.695
PKN2	-0.575
LAPTM5	4.49
CIRBP	0.565
GINM1	1.445
RPS6KA1	-0.575
RPS6KA3	-0.825
RPS6KA4	0.705
RPS6KA5	0.1
UQCR10	-0.795
UQCR11	-1.05
STAMBPL1	-0.47
MORC3	0.755
SLC3A2	-0.245
BLOC1S4	0.685
CXCL10	-1.955
SHPRH	0.375
PPP1R11	-0.49
PPP1R10	0.585
ALKBH8	1.025
ALKBH6	-2.155
PPP1R18	0.105
ALKBH4	0.23
ALKBH5	-0.215
ALKBH2	-1.7
ALKBH3	1.185
ALKBH1	0.645
ZKSCAN1	-1.425
PIK3C2B	-0.16
SHOC2	-0.705
TOR1A	-0.475
RSL24D1	-0.225
COMT	-0.62
DR1	-0.63
GADD45GIP1	-1.775
GLCE	-0.055
EEF2K	0.38
HAGH	0.38
PNN	-0.35
DNAJC30	0.745
PUF60	-0.565
TNNI2	-1.215
EIF4EBP2	0.6
MAN2B2	-1.15
PAXBP1	-0.575
PHKA1	-1.18
PHKA2	-1.96
NRROS	-1.835
HSP90AA1	1.965
	1.225
YPEL5	-0.68
ERO1L	-2.37
ZNF598	-0.005
	-0.71
MINK1	-0.235
ZNF597	0.58
ZNF592	0.25
ZNF593	1.71
GRWD1	0.45
ZMYND8	-0.635
	1.455
TSC2	-1.505
TSC1	-1.525
TAF7	-1.255
TAF6	-0.06
TAF5	-0.615
SNW1	1.01
TAF3	-0.535
TAF2	-0.65
TAF1	-2.155
ACTR10	1.08
MAX	0.515
SMC3	-0.47
SMC2	-1.165
SMC5	0.895
SMC4	-0.095
TAF8	0.005
MAP2K3	-0.845
MAP2K2	-2.335
MAP2K1	-2.83
MAP2K6	1.46
MAP2K5	-0.68
MAP2K4	0.275
CASK	0.62
CAST	-0.145
INSIG2	-0.43
INSIG1	-2.65
LTV1	0.27
IL6ST	-1.625
ACTR1B	-0.54
ACTR1A	0.155
MORF4L2	-0.76
MORF4L1	1.04
CFL1	1.375
GALNS	0.615
TBL2	2.645
TBL3	0.65
DISP1	-1.65
KDM5A	-2.175
C11orf24	2.155
KDM5C	-0.415
OTUD7B	-1.825
C15orf57	0.61
	1.86
EPC2	-0.915
CSRNP1	-0.065
CCDC34	-1.085
EPC1	0.485
GTF3C3	0.535
GTF3C1	-0.195
GTF3C6	1.085
GTF3C5	-0.95
GTF3C4	0.705
TOPORS	-0.015
ENDOG	0.135
SYCE2	0.375
MED6	-0.24
MED7	1.06
MED4	1.07
MED8	-0.79
MED9	0.67
ENDOV	0.86
ENDOU	0.28
TMEM248	-1.205
ATP5J2	-1.715
TMEM245	-0.325
CPT2	0.145
FCHO2	0.91
TMEM242	1.135
KXD1	0.375
FASN	-5.78
WIPF2	0.04
WIPF1	-0.475
FAM3A	0.04
FAM3C	2.585
UBE2L6	2.36
BBS12	1.22
SPTY2D1	1.265
RBM15B	-0.785
	0.56
UHMK1	0.16
SLC36A1	0.39
RPIA	-2.04
IL1R1	0.145
UBIAD1	1.075
	-0.855
LSS	-5.24
LEPROTL1	-1.32
PIP5K1A	-1.315
KPTN	-1.23
EPM2AIP1	0.295
RNPC3	-0.42
GTF2I	-1.995
CDC16	-1.485
NUAK2	1.18
DFFA	1.115
DFFB	-0.57
ZCWPW1	-0.15
BCOR	0.625
NASP	0.295
SF3B5	-1.3
SF3B4	0.325
	-0.185
SF3B1	0.5
SF3B3	-0.31
TMEM161B	0.48
SYVN1	0.975
	0.66
S100A4	-0.92
S100A6	-2.01
TIMM22	0.265
TIMM21	1.845
AP3B1	-2.755
PLA2G6	-0.525
ARMC5	0.77
F8	0.885
F9	-1.18
RDH14	0.33
RDH10	0.34
RDH11	-2.945
RDH13	0.745
CCDC127	-1.0
GRHPR	-0.345
CCDC124	-0.805
	0.42
	0.635
STX4	-0.12
VPS45	-1.225
DHPS	0.445
VPS41	1.915
ODF2L	-0.125
GPI	1.255
PCYOX1	-0.67
USF2	0.61
	1.14
USF1	1.66
MICU2	-0.97
MICU1	0.945
LETMD1	0.56
	-0.205
NDST2	-0.26
	-1.155
HCFC1R1	0.9
TUSC2	0.05
PYGO2	-0.085
PSD3	-1.29
MGAT4A	2.47
VPS4A	1.11
VPS4B	0.2
MGAT4B	-0.665
UNC93B1	-1.645
TRAPPC11	-1.285
	1.17
	-0.765
	0.125
	0.895
BCKDHA	-1.565
YLPM1	-0.93
CHMP1B	-0.17
CHMP1A	-0.665
CTCF	-1.12
UBE2Q1	-0.805
MTRF1	-0.29
UBE2Q2	1.59
	-0.21
	0.365
ILDR1	0.47
DHRS11	0.23
DHRS13	-0.09
IQCC	0.46
	-1.025
IQCE	1.16
SUPV3L1	0.745
CD320	1.22
KIAA0586	-0.53
KRI1	0.115
CTC1	-0.74
ZNF362	-0.85
ALDH6A1	-0.065
TNRC6C	0.16
	0.615
ZEB1	0.005
ZEB2	0.07
	-1.445
SERHL2	-0.235
USP54	0.325
USP53	0.47
SSBP1	1.965
GART	1.53
CD180	0.445
GARS	-3.975
BPNT1	1.935
NUP98	0.23
MND1	1.4
NUP93	-0.33
PICK1	0.535
ARID3A	-0.075
PCCB	1.95
SULT6B1	0.75
PCCA	-0.905
UBAC2	-0.035
UBAC1	0.795
FDX1	0.295
TMED7	-1.495
TMED6	1.235
TMED5	0.415
TMED4	0.25
TMED3	1.47
PET100	0.72
TMED1	-0.365
RAD54L	-0.51
TMED9	-0.15
CACHD1	-1.015
ADSS	0.88
SSRP1	-1.705
STAG1	0.92
IPP	0.355
SFSWAP	-1.045
FDXR	-0.96
	-1.13
ADSL	-1.965
UHRF1	1.65
UHRF2	-0.69
	-0.415
TSG101	0.325
MKI67	-3.0
PIEZO1	-1.12
VPS33B	-0.125
VPS33A	1.395
SIN3B	-0.34
PALD1	0.3
MPND	-1.325
STRBP	-1.34
ABI2	-0.625
ABI3	1.18
ABI1	-0.5
OSBPL7	0.36
CPOX	0.825
OGFR	-1.845
GPATCH8	-1.2
GPATCH4	-0.94
GPATCH2	0.64
GPATCH3	-0.63
RAB35	-0.29
HDDC2	-0.375
CHN1	-0.275
C16orf91	-1.505
	-0.06
MYO3B	0.0
GRSF1	0.46
TMEM50B	0.98
TMEM50A	1.02
SCLY	0.05
ERP29	0.61
TOR3A	-0.105
PPAT	0.385
GTDC1	-1.335
	1.22
ASB1	1.4
ASB6	0.93
ASB7	0.75
ASB8	-1.665
	0.14
	1.255
	0.61
	-0.445
PPWD1	-0.04
	2.265
CHMP4B	-0.78
RRAGA	0.33
DDI2	-2.11
RRAGC	0.75
RRAGB	1.435
AP1M1	-1.32
GHITM	-2.285
PPA2	-0.85
PPA1	-0.175
VPREB3	0.58
HP1BP3	-0.985
TSPO	-1.47
RIPK1	-0.085
RIPK3	0.09
RIPK2	-1.1
SDC1	0.16
EHBP1	0.05
PTCHD1	1.5
PRKAG1	-0.75
PRKAG2	1.5
APBB1	-0.925
CABIN1	-0.385
MAF1	-1.865
RHOQ	0.555
OSTC	-0.405
DNAJC16	-0.175
DNAJC17	-0.515
DNAJC14	-0.05
DNAJC15	1.74
DNAJC12	-0.435
DNAJC13	-0.605
DNAJC10	-1.05
DNAJC11	0.425
RHOB	0.585
RHOA	-1.315
GNAI2	-0.055
RHOF	-1.915
DNAJC18	0.69
DNAJC19	0.465
FAM102B	-1.825
NELFB	0.96
NELFA	-0.315
G6PC3	0.685
NELFE	-2.36
RPL13A	-0.875
TMEM59	0.145
POU2F2	0.465
CTNNA1	-2.98
POU2F1	-0.53
PAPSS1	-0.635
BVES	0.085
MAFK	0.59
	0.105
WDYHV1	-0.26
MID1IP1	-2.195
LY86	1.225
CAMKMT	0.1
ACTN4	0.715
KMO	1.4
PARP10	0.71
NLE1	0.24
CCDC15	0.84
SIAE	1.25
OLA1	1.225
CCDC12	0.8
KDM3B	-0.325
HDAC10	0.825
KDM3A	1.005
NFRKB	0.585
MRFAP1	-1.065
TSPYL2	-0.53
ETHE1	-1.385
G2E3	0.595
TCF7L2	0.7
	1.325
TMEM260	-0.79
	2.05
TMOD3	0.955
EMC7	-0.33
CCDC14	0.75
AKR1A1	-1.235
C5orf30	-0.36
KIFC1	0.795
TMEM192	-1.0
LOC102288414	0.685
TMEM199	-0.195
TRA2A	-0.725
TRA2B	1.29
MFSD8	0.75
MFSD1	0.68
MFSD3	-0.71
MFSD5	0.1
MFSD6	-0.365
C15orf40	-0.935
DENR	-1.765
NCS1	0.1
AHSA1	-0.43
	-1.085
NAA38	1.445
CORO7	-0.39
CASP6	1.37
THAP1	0.72
CASP4	-1.215
THAP3	-0.29
CASP2	2.32
CASP3	0.445
TRIOBP	0.71
CASP1	-1.975
GNB4	-1.25
GNB1	0.285
CASP8	0.505
GNB2	-0.855
ABCD1	-0.015
MAP1A	-6.27
YY1	2.18
AIMP2	1.715
AIMP1	1.475
CEP63	0.875
MAP1S	-1.88
ELP6	0.58
ELP5	-0.125
ELP4	0.67
ELP3	0.17
ELP2	0.505
	1.44
SACM1L	-0.875
TRAPPC2L	1.83
ACVR2A	1.19
NSMCE4A	0.56
AKAP1	-0.705
TP53	1.15
SEPHS2	0.525
SEPHS1	-1.785
CDK7	2.085
AKAP8	-0.06
	-1.81
	-1.925
ZBTB39	0.895
ZBTB38	0.14
RNPEP	0.735
SEC23IP	0.235
TRIP11	-0.8
PHLPP2	-1.485
ZBTB33	-1.41
ZBTB32	-2.83
TIMM44	0.255
	-0.83
AKAP8L	0.2
PAFAH1B1	1.5
STK11IP	-0.2
PAFAH1B2	-1.485
CCDC107	-1.09
PIKFYVE	-0.39
MANBAL	-0.65
MOCS3	-0.66
TM7SF3	-0.72
TM7SF2	-2.35
NDUFAF4	-0.47
WDR92	2.465
WDR91	-1.4
VPS29	0.03
NDUFAF7	-0.015
EXOSC7	1.87
NDUFAF6	0.46
NDUFAF1	0.69
EXOSC5	2.23
MANEA	0.86
WDR45B	0.825
NDUFAF3	0.335
ARHGEF11	-1.67
NDUFAF2	1.1
ARHGEF12	-1.625
BRI3BP	2.465
DTX3L	-0.55
SPG21	0.515
	-2.12
MGAT1	-1.285
MGAT2	0.055
G3BP1	-0.455
MGAT5	0.695
G3BP2	0.32
NT5C3A	1.5
NT5C2	0.88
TOR1AIP2	0.325
TOR1AIP1	2.28
ROBO1	-0.36
TXNDC9	0.695
RUNX1	-0.425
MPC2	-1.12
CDC123	0.465
GPKOW	0.64
TXNDC5	0.575
BCL10	-0.905
	-0.935
SCYL2	-1.1
SCYL3	-0.5
CBFA2T3	-0.17
SCYL1	-1.005
MCAT	-0.02
GBF1	0.13
DHRS7B	0.2
CYB561A3	-2.4
ZNF384	-0.92
FAM89B	2.865
ZNF383	0.345
ZNF382	1.37
GALT	-1.17
MRPL24	0.25
MRPL27	-0.395
MRPL21	0.495
MRPL20	-0.45
MRPL22	-0.155
RAD9B	0.0
RAD9A	-0.33
TATDN1	0.22
MRPL28	-0.925
TATDN2	-1.095
GALE	0.715
	2.895
QTRT1	1.9
PPFIA3	0.75
SEC31A	-1.495
	1.0
HCFC2	1.24
HCFC1	-0.59
ERLEC1	-0.085
CSNK1G2	0.03
CSNK1G3	0.605
CSNK1G1	-0.495
TNKS	-0.73
MKRN1	1.0
CRAMP1L	0.305
CLP1	1.305
ARID1B	-1.545
ARID1A	-0.925
UROS	1.07
MKRN2	-1.595
UROD	-0.33
ATRX	-1.14
CCNE2	0.67
CCNE1	2.38
DEK	-0.955
AIFM1	0.235
	-1.23
IVD	-1.225
TNK2	1.75
SPPL2B	0.865
SEH1L	0.87
CLPP	0.53
EIF4ENIF1	-1.74
ASRGL1	1.08
CLPB	1.215
ERN1	-1.795
RYK	0.495
TONSL	-1.045
MTPAP	1.5
PCBD2	-1.03
CHPF2	0.445
	-1.72
MYO19	-0.94
MYO10	-0.215
NUP133	-0.76
ACD	-2.06
LRRC20	0.87
CEP192	-2.32
C2orf68	-0.575
RAD54L2	-1.02
QSER1	-0.775
MYO1G	-1.275
MYO1E	-1.355
MYO1D	-1.64
MYO1C	-1.12
BAZ2A	-0.49
BAZ2B	0.325
PC	0.935
STRADA	0.37
NMT2	0.205
NMT1	0.77
CRK	2.37
RPGRIP1	0.68
RYBP	0.275
PPCS	0.335
SDE2	-0.18
SOS2	-2.5
SOS1	-2.41
CACYBP	-0.495
SH3GL1	-0.895
SYF2	1.085
STK40	-1.805
CIAPIN1	0.14
TK1	3.12
AKT1	-0.255
AKT2	-1.03
AKT3	0.75
TOP3A	0.445
TOP3B	-0.69
NAA16	-0.18
NAA15	-0.195
NAA10	-0.62
FUBP3	1.085
FUBP1	0.475
SLU7	-0.56
EZR	0.58
RTEL1	-1.68
	-0.95
CSHL1	-2.0
PRADC1	0.21
C19orf12	-0.055
PDE3B	-1.14
MARCH5	-0.745
MARCH7	-1.575
MARCH6	1.85
C2orf49	1.495
RBCK1	-0.47
AGTRAP	-1.1
MAD2L2	-0.325
MAD2L1	-1.04
TAB3	-0.68
TAB2	1.63
TAB1	0.73
FAM222B	-1.885
LETM1	0.485
PPP1R7	-0.63
ADCY7	-1.145
PPP1R2	-2.57
CPD	0.045
PPP1R8	-1.365
KRTCAP2	-0.47
NRDE2	0.91
KANK3	1.965
TMEM70	0.02
CPQ	1.475
SLC7A6	0.84
SLC7A7	-1.345
SLC7A5	-1.285
SLC7A1	-1.965
	-0.59
	-0.325
UFL1	0.655
STUB1	-0.95
SLC17A5	1.05
SH3PXD2A	-0.875
PSMD9	2.155
PSMD8	0.02
PSMD5	-1.465
PSMD4	0.01
PSMD7	-1.24
PSMD6	0.665
PSMD1	-0.7
JUND	-1.145
PSMD3	-0.42
PSMD2	0.56
AGPAT5	1.795
AGPAT4	0.015
AGPAT3	1.43
IFRD1	-2.555
IFRD2	-0.915
NPRL3	-0.27
NPRL2	1.88
SLC37A3	1.07
SLC25A51	-0.555
SLC37A1	1.02
SLC37A4	-2.035
ITPRIPL1	0.005
ERMP1	-0.53
TMEM201	2.39
NIPSNAP3A	-1.325
TMEM208	0.625
TMEM209	0.49
ADSSL1	0.985
ATP5F1	1.495
ZNF446	-0.28
ZNF444	-0.73
ZNF445	-0.635
MCFD2	0.45
NOA1	-0.95
TOMM40L	0.49
LARP4B	-0.385
RFC5	-1.71
RFC4	0.865
RFC1	-0.325
RFC3	1.17
RFC2	-0.595
SARS	-1.975
	1.165
KLHL2	-1.285
EMP3	3.72
KLHL8	-0.36
KLHL9	-1.01
SMAP1	0.95
SMAP2	0.49
PAF1	1.79
ATF7IP	-1.94
UHRF1BP1L	-0.385
RFNG	0.59
HBE1	0.675
RLIM	-0.84
KDM1A	0.165
	-0.19
FIG4	2.43
GCC2	1.71
GCC1	0.4
KIF24	-0.19
ANO8	-0.675
STAU1	-0.3
ITSN1	-1.66
MOGS	2.445
ITSN2	0.895
PIGC	0.53
FN3KRP	-1.045
IRF3	-0.62
IRF2	2.325
SPCS1	-1.22
IRF5	1.295
IRF4	-1.275
IRF9	0.5
IRF8	1.425
CLK1	-1.735
CLK2	0.625
CLK3	-1.495
CLK4	0.035
HERPUD2	0.18
ZBTB11	-0.43
ZBTB10	0.28
ZBTB17	-1.685
ZBTB14	-0.115
	-0.34
PHGDH	-0.09
AGFG2	0.895
AGFG1	0.74
GTF2H3	0.59
GTF2H2	-0.11
GTF2H1	-0.185
CDC42SE2	-0.535
ZFP36L1	1.91
GTF2H5	0.135
GTF2H4	-0.265
ABHD8	0.55
ABHD2	1.045
ERAL1	0.395
ABHD5	-1.285
C12orf45	2.145
WDR6	-2.525
WDR5	1.365
WDR4	1.565
WDR3	1.48
WDR1	-0.3
	-0.85
RSPRY1	-0.68
CCDC167	1.32
MLXIP	-1.205
USB1	-0.225
	1.3
MAN1C1	-0.065
MINPP1	-1.265
C6orf89	-1.435
TROAP	-0.46
	1.26
KIF14	0.14
EVI5	1.16
LPAR5	0.47
POU3F2	2.155
SAMM50	0.25
CHKB	1.42
GIN1	-1.145
FECH	-0.78
CYP4V2	0.42
PTRH2	-0.51
ZNF639	-1.065
	1.505
HCLS1	0.085
ZNF32	-0.24
BARD1	1.025
METTL18	0.685
SFXN2	2.32
SFXN3	-0.02
SFXN1	1.91
RRP12	1.405
NABP1	0.75
MIIP	-0.135
RRP15	0.38
	-0.72
CLNS1A	-0.495
	0.385
ST6GAL1	0.75
FUZ	0.24
USP12	0.75
USP10	-0.16
USP11	-0.955
USP16	-0.64
USP14	-0.205
USP15	0.22
USP19	0.575
EMC1	2.415
PRPSAP1	0.465
PRPSAP2	-0.29
RRP1B	0.375
HS2ST1	0.795
EMC6	0.265
HMGB2	-0.805
METTL15	0.88
FAM185A	-0.88
VOPP1	1.18
	0.1
SLC4A1AP	0.345
SYK	0.02
SLC5A3	0.93
C16orf58	-0.16
OARD1	-0.635
	-1.01
FRS2	0.14
	-0.84
	-1.195
PDRG1	0.385
	0.95
NCKAP1L	1.455
NAPSA	0.355
MAN2B1	1.02
CD44	-1.855
CD47	0.675
URM1	1.03
CD40	0.75
RAP1A	0.7
SKAP2	-1.4
L3MBTL3	-0.635
L3MBTL2	0.06
SATB2	-0.565
SATB1	0.5
EP300	-0.485
NCOA2	-2.555
NCOA3	-0.86
	0.75
NCOA1	-0.19
	-0.805
NCOA7	1.215
NCOA5	1.595
NEFH	-2.11
REV1	1.795
ATF6B	1.54
C5orf34	0.255
PIP5K1C	-0.39
BID	-1.955
PPP4R1	-1.58
PPP4R2	2.075
CCNG1	-0.28
CCNG2	0.75
ARMC8	-0.6
ARMC9	-0.15
ARMC6	0.525
DACH2	0.29
ARMC1	-0.64
BCAP29	1.075
RELL1	-1.47
NOX1	-0.61
FBRS	-0.61
RNH1	-1.275
HJURP	-0.5
SNIP1	-0.59
WDR75	0.215
	1.41
	0.385
XRCC6	-0.13
	1.59
GSK3A	-0.39
GSK3B	-1.4
VARS2	-0.9
PRKAB2	1.54
DMWD	1.585
INF2	-1.26
TFAP4	1.435
PMF1	-0.835
ISCA2	-0.56
QDPR	-1.57
DYNLL2	-2.19
SDC4	1.615
MAPK14	-2.645
MAPK11	1.4
CAMK1D	-0.555
PTCD3	-1.455
PHKG2	-1.125
HNRNPUL1	-1.255
GLE1	0.93
SAP30	1.885
GPBP1L1	-0.225
NAA35	-0.7
NAA30	0.025
METTL21A	1.12
TRIP10	0.39
ALDH5A1	-0.555
TRIP12	-0.485
TRIP13	-0.745
APOA2	-1.25
CR2	2.26
KIAA1143	0.67
C10orf88	-0.08
PDE1B	0.785
ADAM9	-1.935
AATF	0.62
DNM1L	-1.34
PDP1	0.545
AP2M1	0.5
SNRNP25	-3.075
TOMM34	1.395
SNRNP27	-0.48
EDF1	0.68
TMEM11	0.335
TMEM17	0.14
	-0.605
TMEM19	0.725
ITPA	0.92
PDE12	1.78
ORAI3	-0.66
ORAI1	-0.14
	-1.2
BDP1	-0.85
COX7A1	0.62
COX7A2	-0.015
TTC27	1.005
ARL5A	-0.475
ARL5C	0.1
ARL5B	-0.3
ZNHIT3	0.34
ZNHIT2	0.075
ZNHIT1	-1.46
ZNHIT6	1.485
NFIL3	-0.5
ASCC3	0.365
ASCC2	-1.115
NPM1	0.82
DUSP7	2.35
NPM3	0.84
KANSL3	-0.37
KANSL2	0.23
KANSL1	-1.6
MXI1	1.055
PSMF1	0.7
KIF23	-0.665
KIF22	1.065
	0.81
	1.055
	1.09
ATMIN	1.86
FGFR1OP	0.54
ZFP69	0.75
	0.505
MEN1	1.67
TMEM222	-0.735
NABP2	-1.49
	0.75
ACAD11	-0.265
NSF	1.075
ATP2B4	1.86
SPNS1	0.2
KIF2A	0.935
KIF2C	0.56
POGK	-0.215
GABARAPL1	-3.605
	1.465
POGZ	0.075
KHNYN	-0.63
UBE2J1	1.755
UBE2J2	0.26
CCDC66	1.145
LY9	0.95
ECH1	-1.21
MIPEP	0.5
AUH	-0.525
GCAT	1.72
SAT1	-0.67
ATG16L1	0.08
ATG16L2	1.01
PLSCR3	-0.5
PCYT2	-1.235
MTFP1	-1.4
SRA1	0.82
OXSR1	-0.02
LYN	-0.745
NSDHL	-6.17
KIF4A	1.6
MNS1	0.7
ZFAND6	-1.51
ZFAND5	0.095
KIAA1328	-0.58
TIMM8B	0.51
FAM20B	-0.42
TCTN1	-0.29
BAMBI	0.82
TMEM185B	1.475
	1.455
SUGP2	0.805
SUGP1	0.81
SPAG9	-1.3
SPAG7	-0.295
FOSB	0.06
SPAG5	-0.155
YDJC	-0.84
ASTE1	0.775
WDSUB1	0.985
SMARCD2	-0.96
SMARCD1	-1.065
NCAPH	1.375
NCAPG	-0.105
FAIM	-0.525
	-0.21
BLZF1	1.725
ROCK1	-1.615
ROCK2	-1.645
GPC1	-2.305
BBS9	0.0
TGFB1	1.62
BBS2	1.5
BBS4	0.38
BBS7	-0.5
PRKAR2A	-1.33
TARBP2	1.41
	-0.825
PRKAR2B	-0.63
MAN1A2	0.395
	-1.225
	-0.52
	0.71
ZNFX1	-1.67
H6PD	-0.945
ACBD3	0.725
ACBD6	1.715
ACBD5	-0.225
ACBD4	0.235
HBS1L	-1.22
ZMYM2	-0.945
ZMYM3	-0.185
FAM160A2	-0.65
ZMYM1	-1.3
ZMYM4	0.82
ZMYM5	-0.43
AMPD2	-1.795
TOP1	0.175
MMACHC	-1.02
ZFAND3	-0.08
NRF1	-0.85
DPM3	-0.56
DPM2	0.34
SLC50A1	-0.835
ZNF878	0.75
TWSG1	-0.06
LYPLA1	-0.17
LYPLA2	0.045
POLR3F	-0.05
POLR3G	0.77
POLR3D	-1.09
POLR3E	-0.99
POLR3B	0.12
POLR3C	0.23
POLR3A	1.655
CD99L2	0.185
POLR3K	-0.37
POLR3H	-0.33
ENOX2	0.81
RRP36	0.95
NR2F6	-1.29
	0.62
	0.425
MIOS	-0.235
CC2D1A	-0.96
ZADH2	-0.51
CDKL5	1.7
DLGAP5	0.95
CDKL3	2.04
USP38	-0.35
USP39	0.665
GLT8D1	0.085
USP30	0.5
USP31	-0.04
TPGS1	-1.355
ACOT13	0.605
USP34	-0.93
USP36	-1.03
USP37	0.78
PPP1R15A	0.165
PPP1R15B	-0.055
TSN	-1.56
PABPN1	-1.505
SSH2	-2.19
SSH1	-1.57
CTBP1	1.285
HEMK1	-0.47
CINP	1.725
NFX1	-1.455
THAP2	0.915
DAP	-2.275
CIC	-0.145
KCTD12	0.615
KCTD10	0.045
HMGCL	0.0
NAP1L1	1.51
PBDC1	1.27
NAP1L4	-0.055
GMDS	2.175
HMGCR	-4.85
CIT	-0.77
GET4	0.75
UBLCP1	-1.0
EXOC6B	-0.56
CD22	1.575
THAP4	-1.97
ZNF182	-0.63
DPYSL5	0.03
DPYSL2	-2.24
ARL6IP6	0.96
ARL6IP5	1.54
ARL6IP4	1.595
DAB2IP	-0.475
ARL6IP1	-0.075
	1.75
SLC35B1	2.7
PES1	1.535
FCHSD2	-0.445
SLC35B2	1.12
SLC35B4	-0.12
REL	-0.84
CHPF	0.365
UBR1	-0.835
PSMB10	0.415
	0.375
BTBD7	1.52
FPGT	1.53
FPGS	0.41
DENND5B	-0.335
DENND5A	0.37
PPP1R9B	0.06
AGL	-1.04
AGK	1.365
	-1.59
CHP1	-1.19
AGA	0.37
	0.94
RAB23	-1.105
TSEN2	1.34
XYLB	-1.405
RAB25	0.62
PCYT1A	-1.31
PGM2L1	2.07
MYEF2	-0.195
QSOX2	-0.21
VAPB	1.73
VAPA	-1.02
DGKZ	0.575
PUS1	0.515
PUS3	0.655
PUS7	-0.22
DGKQ	-1.2
DGKH	-0.26
BMPR2	-1.6
DGKA	-0.71
DGKD	-0.8
DGKE	2.035
OGT	-0.1
TCP1	1.85
PWWP2A	-1.51
DNTTIP1	0.025
DNTTIP2	0.47
UBN2	-0.82
UBN1	-0.475
HEATR5A	-0.735
NAA50	-0.05
CREB3	0.18
CREB1	-1.445
IMPA1	-1.26
IMPA2	-0.4
B4GALT1	-0.79
RETSAT	1.275
EIF2S2	-0.985
B4GALT5	-1.13
EHMT1	-1.08
EHMT2	-1.355
TRAP1	-0.16
AARS	-3.685
MIF	-2.11
PDE7A	-0.895
	-0.955
SPAG1	0.75
AGGF1	-0.805
GNAO1	1.18
ELK3	-2.315
ELK1	-0.7
ELK4	-0.795
SERAC1	-0.71
UBOX5	0.16
TANK	-0.865
AAR2	1.08
TMEM33	-0.685
CNEP1R1	0.555
CTH	-6.4
	-0.715
DDAH2	0.57
SESN1	-1.32
PLXNC1	0.19
PGD	-0.57
RPL37A	0.1
MRPS9	1.375
	-1.66
RABGGTB	-2.41
DOK3	-0.33
RABGGTA	-0.45
PGP	-1.84
DNMT3A	-0.31
	-1.0
SDCBP	0.805
MELK	-0.705
IGBP1	1.165
	1.495
COX19	0.32
RANGAP1	0.34
CAAP1	-0.175
DDHD1	0.87
DDHD2	-1.21
PDZD11	0.825
ZDHHC20	-0.15
ZDHHC21	-0.03
ZDHHC24	-0.36
ZNF408	-0.7
	1.92
ZNF407	-1.27
CDK11A	0.465
RBM26	-1.485
STAT5B	0.14
	0.495
RBM22	-0.05
RBM28	0.795
CLOCK	-1.4
FCGR2B	3.995
YKT6	-0.76
ANKIB1	-1.63
SH2B2	1.505
SH2B3	1.705
SH2B1	-1.62
KIF20B	-0.875
IREB2	1.29
GSPT1	1.195
STMN1	-0.18
RAB2A	1.165
EIF2AK1	-2.22
EIF2AK3	-0.405
EIF2AK4	-2.565
UBE2D1	-0.365
CAMKK2	0.575
SLC25A19	-0.955
FKBP1A	-0.235
SLC25A17	-0.36
SLC25A16	0.115
SLC25A15	0.165
SLC25A14	-0.92
SLC25A12	0.61
SLC25A11	-0.79
SLC25A10	0.535
NUP155	1.345
NUDC	1.315
TRMT1	2.455
SAV1	-0.14
CRBN	-0.505
PITPNM1	-0.9
PITPNM2	1.07
STK38L	0.75
FTH1	0.0
TOMM70A	1.855
C16orf54	-0.355
NEDD4L	-0.195
ARID2	-1.395
MTFR1	-0.915
MTFR2	0.395
SEL1L3	0.93
	-3.7
KDM6B	-1.23
SELPLG	0.87
NTN5	0.42
TUBG1	0.315
COPG2	1.39
COPG1	1.1
APAF1	-0.785
C15orf41	0.635
ABCE1	0.315
ZNF518A	-0.31
CWC22	0.355
ZNF518B	-0.255
SPECC1L	-0.455
TIGD2	0.045
DCP1B	-0.15
DCP1A	-1.23
SUCO	-2.735
KIAA2026	-0.21
KEAP1	-0.815
KCNQ5	0.25
	-0.345
ERAP1	-1.19
UMPS	1.63
TXNL1	-1.125
JAGN1	1.04
PGPEP1	1.385
SLC4A7	1.625
ANK3	-0.44
ATE1	-1.275
SLC4A2	0.465
CUL5	1.405
CUL1	-0.11
CUL2	-0.55
CUL3	-0.115
HSPA4L	-0.6
OVCA2	-0.005
PTP4A3	0.725
PTP4A2	-1.095
IGF2BP3	-0.08
PGAP1	-0.965
DCBLD1	0.935
	0.0
MFAP3	-0.045
RARS2	0.565
GPAM	0.47
NT5C3B	-0.695
EEA1	2.195
CEP57L1	0.64
NEURL2	1.59
NEURL3	0.825
NEURL4	0.765
EIF5B	0.105
EIF5A	-0.205
ENOPH1	0.555
TXN2	-1.09
POLR1A	2.695
POLR1B	-0.62
TXN	-1.72
POLR1D	1.455
POLR1E	1.56
PCGF5	0.75
TGIF1	0.13
FYN	-2.89
ADARB1	1.07
PRCC	-1.99
SNX29	-0.29
PLEC	-4.465
FRA10AC1	-1.4
LRMP	-0.505
SNX20	-0.145
PLEK	-3.575
SNX27	1.145
SNX25	0.135
FAM160A1	1.69
CDKN3	0.815
QRICH1	-0.505
MSH5	0.1
MRPL43	0.575
MRPL42	0.51
MRPL41	0.865
MRPL40	1.175
MRPL47	1.36
MRPL46	1.295
MRPL45	-1.32
MRPL44	-1.07
MRPL49	-0.07
MRPL48	0.835
BCL7C	0.2
BCL7B	0.485
BCL7A	-1.455
OAZ1	-0.96
TIPRL	-0.43
MARVELD2	-0.05
SH3BGRL	1.02
PPP1R13L	-1.035
CTDNEP1	-0.645
FAM110A	-0.92
CIPC	-0.095
C11orf68	-1.17
DCK	-1.805
HIST2H2AB	-0.82
HIST2H2AC	0.195
	1.095
	2.64
TNFRSF21	0.145
	1.5
UBR3	0.08
C1orf131	-1.24
TSTD2	-0.28
	-0.15
LAP3	0.425
FGD6	1.7
FGD3	1.455
FGD2	-1.195
GMFB	-0.115
STXBP1	-0.875
SNAPC2	0.42
	-1.0
STXBP2	0.33
STXBP5	-0.985
STXBP4	0.625
SNAPC5	0.245
SNAPC4	-0.64
FMR1	1.495
URI1	1.125
NT5M	-0.19
FAM210A	0.05
FAM210B	0.1
ZNF780B	2.34
NT5C	-1.255
CELF4	0.345
CELF2	0.76
	1.26
KRAS	-1.005
	-0.45
EZH1	-1.2
EZH2	2.16
ZMIZ2	-2.085
SLC35D1	-2.0
DDX19B	-0.41
ZC3H10	1.22
VDAC3	-0.135
VDAC2	1.76
VDAC1	-0.925
RALGAPA1	-1.56
RALGAPA2	-2.285
	0.755
	2.095
RCN2	1.42
GBA	-2.05
RRP8	1.515
RRP9	-0.405
NPEPL1	0.16
RASGRP1	2.665
PHIP	-0.34
DTWD2	0.56
GRAMD1A	-1.2
DTWD1	-0.47
VARS	-1.795
SIDT2	1.16
	0.17
LCORL	-1.735
CDC37L1	0.9
IL10	2.23
DTNBP1	-0.82
IL16	-2.545
OAT	-1.245
KIFAP3	0.47
NUDT16L1	2.305
PPIG	-0.54
PPIF	0.065
PPIE	0.385
PPID	0.305
PPIB	1.325
NUP153	0.08
C20orf27	0.17
GRB2	-1.17
	1.07
UBC	2.785
	-0.795
UBL5	-0.605
UBL7	-0.385
	0.965
UBL3	0.645
PLXND1	1.07
BAX	0.34
XPOT	-0.245
TAX1BP1	0.08
SMIM12	0.345
	-1.285
SMIM15	-1.545
SMIM14	-0.135
SMIM19	-1.2
SPOPL	-1.03
IK	1.07
COX6A1	-1.565
GPCPD1	-0.055
PRKRIP1	-0.47
	0.26
AHCTF1	-1.45
TYSND1	0.625
HNRNPR	-0.44
ACSL1	0.115
HNRNPU	1.78
ACSL4	-0.425
ACSL5	-1.23
HNRNPK	0.705
HNRNPL	0.3
HNRNPM	1.68
ARL16	0.23
HNRNPC	-0.025
HNRNPD	-0.11
HNRNPF	0.66
	1.085
KHSRP	0.865
	0.865
STK25	-0.505
STK24	-0.06
HELZ2	2.055
DDA1	-1.91
MARCKSL1	-1.89
	-1.11
MANF	1.05
CAMLG	0.225
PIN1	-2.38
FZD2	-1.03
FZD3	1.07
FZD5	-0.135
PLXNA3	-0.795
NINJ1	-0.51
PLXNA1	-0.87
RPL35A	1.33
CERKL	0.605
HCST	-0.11
HLA-DQB1	-2.105
TJAP1	-0.685
PPP2R2D	1.985
CCDC97	-1.33
PPP2R2A	1.235
PQBP1	-1.45
CCDC92	-0.78
CCDC93	0.09
ZNF169	0.355
PSMB9	-0.695
PSMB8	0.95
PSMB7	0.7
PSMB6	0.095
PSMB5	0.27
PSMB4	-0.61
PSMB3	1.82
PSMB2	-0.195
EEPD1	-0.71
ZPBP2	1.18
ZNF790	0.355
ACADM	1.13
PGAM5	1.29
TRIB1	0.375
TRIB2	-0.79
TRIB3	-3.285
MRPS28	-0.855
PREX1	-0.315
MRPS26	0.38
KCNK5	0.655
MRPS24	1.28
MRPS25	-0.015
MRPS22	0.77
MRPS23	-0.305
MRPS21	-1.235
ZNF426	1.86
HIST1H2AG	2.695
HIST1H2AE	0.515
HIST1H2AH	1.82
HIST1H2AA	2.345
HIST1H2AL	3.045
HIST1H2AM	2.03
HIST1H2AB	2.515
HIST1H2AJ	0.71
ZNF428	-0.415
HIST1H2AK	3.06
NAT10	-0.33
RAB4B	-1.305
DENND3	0.22
LRRC8D	-0.69
AHNAK2	-0.18
NDUFA6	-0.4
NDUFA7	-0.72
NDUFA4	0.025
NDUFA5	0.685
NDUFA2	-2.375
NDUFA3	-0.405
NDUFA1	-0.705
JUN	0.52
NDUFA8	-0.28
NDUFA9	0.775
	0.57
CORO1C	0.245
ARHGAP32	-0.71
CORO1A	1.815
VEGFA	-1.545
	-1.6
VEGFB	1.53
ARHGAP39	1.77
ATP6AP2	0.33
CEP97	1.73
YES1	0.18
CEP95	0.435
USP33	-0.44
ECT2	0.79
SSNA1	-0.465
HUWE1	-1.98
SLC25A37	1.26
SLC25A36	0.75
SLC25A30	0.23
SLC25A33	1.395
SLC25A32	0.005
YAE1D1	-0.29
SLC25A39	-2.21
SLC25A38	1.04
HEATR6	-1.155
HEATR3	-2.425
HEATR1	1.645
POC5	0.91
C5orf15	0.085
	-0.81
DDX17	0.39
C11orf54	0.885
DDX10	0.64
DDX11	0.7
CR1L	0.205
DEF8	0.87
DDX18	1.67
RC3H2	-0.895
IGHMBP2	0.485
GPR107	2.73
GPR108	0.925
NOC4L	0.255
CMIP	-0.525
IPPK	1.6
	1.915
SRSF4	-0.07
SRSF7	0.785
SRSF6	-1.045
SRSF1	0.195
CDKN2D	0.205
SRSF2	0.41
SRSF9	-0.825
TUBE1	0.75
C1orf53	0.19
SLC38A7	-2.185
SLC38A6	0.0
SLC38A1	-2.11
NCK1	-1.285
SLC38A2	0.53
DARS	0.465
SLC38A9	0.24
LRRC1	1.18
C6orf203	-0.58
RGMB	1.4
PRKCI	-1.015
DEGS1	-0.745
SUGT1	0.395
PRPS2	0.555
PRPS1	1.29
PRKCA	2.675
PRKCE	0.905
PRKCD	0.37
STAP1	-1.805
TOM1L2	0.88
CHRM4	-0.37
MYO18A	1.14
ATG7	-0.05
ATG5	-1.57
COPZ1	1.02
	-1.71
CDV3	-0.285
PRPF8	-0.005
KLF6	-1.73
KLF4	-0.66
KLF2	-0.815
HOMER1	0.42
HOMER3	-0.71
ZC3H11A	0.715
PRR14	0.68
NCAPD2	-0.09
NCAPD3	-0.125
RRM2	1.625
RRM1	2.335
REST	0.335
C12orf4	0.91
TWISTNB	0.805
PATZ1	-0.75
	-0.865
ZNF655	-0.355
ZNF654	1.035
SEMA7A	0.62
GATAD1	-0.405
RPAIN	1.53
	-0.615
	-0.48
TRMT11	-1.265
TRMT12	1.605
TRMT13	0.0
	0.44
PRRC2B	-0.285
PRRC2A	-0.93
	-2.045
PDCD6IP	0.225
TXNL4A	1.995
	-0.065
PARP8	0.42
PARP9	1.58
NUMA1	-1.835
PARP4	-0.575
	0.995
PARP1	0.61
PARP2	2.53
PARP3	-0.925
ZCCHC9	-0.89
ZCCHC8	-0.325
SRSF11	-0.73
SRSF10	0.045
ZCCHC2	-0.52
ZCCHC7	0.24
ZCCHC4	-0.185
LRP10	0.125
TOX	0.045
	0.705
VTI1A	-1.455
	-0.835
SND1	1.32
VTI1B	-0.14
ACO1	1.085
ACO2	2.165
THTPA	0.1
AVL9	0.285
GTF2IRD1	0.045
	-0.685
MTDH	-1.16
HMGCS1	-7.445
	1.4
	-0.285
THG1L	-0.585
STAM2	0.055
AZIN1	-1.225
RAD1	0.01
CHID1	-0.81
	0.52
KMT2C	-0.68
KMT2B	0.825
KMT2A	-0.37
SEPT6	-0.195
AHCYL1	-1.76
KMT2E	-0.555
AHCYL2	0.525
RBM39	1.05
C9orf78	2.505
FBXO11	-0.465
ERCC6	-0.49
RILPL2	-0.73
MAPK8IP3	0.425
SLC35F5	0.65
KCTD13	-0.66
SLC35F6	1.33
SLC35F2	0.78
AK3	-0.645
AK2	0.12
OXSM	-1.14
PSTK	1.605
	0.54
LZTS2	1.4
DMTF1	-0.99
VAT1	0.185
C3orf38	-0.36
TSC22D3	-2.075
TSC22D2	-2.0
TSC22D4	1.025
BSN	-0.36
DENND1C	0.82
DENND1B	0.865
DENND1A	0.075
BSG	0.21
HIRIP3	0.685
RPS12	1.89
RPS11	0.705
PLRG1	0.2
RPS16	1.18
RPS15	1.285
RPS14	2.89
GLA	0.0
RPS19	2.22
RPS18	1.535
RCL1	0.59
CERCAM	-0.38
PHKB	0.015
GLS	-0.18
WDR61	1.1
CRLF2	-0.275
CRLF3	-1.455
MPP3	1.14
MPP7	0.3
MPP6	0.065
MPP5	0.06
TCEA1	0.52
ZXDC	-1.65
TUFT1	2.2
DGCR8	0.285
LRPAP1	0.875
MPV17	-1.34
ABHD16A	1.06
	-0.87
C19orf44	1.465
C16orf72	-0.65
TREML2	-1.03
LSP1	0.29
DCAF10	0.085
EMG1	0.675
DKC1	1.62
FBXL8	0.62
TM2D2	0.58
TM2D3	-0.6
FBXL3	1.23
NR4A1	-1.79
FBXL5	0.775
FBXL6	2.485
ERF	0.765
IDNK	0.3
ERH	-0.23
INPP5A	-0.105
INPP5B	-0.675
LBR	0.045
INPP5D	0.22
INPP5F	-1.115
RAN	-0.88
INPP5K	0.41
CYP20A1	0.545
IL33	0.46
ENY2	0.435
MARC2	-2.065
TBL1X	-2.12
	1.545
	0.505
	0.94
PLEKHA1	0.305
PLEKHA2	-1.35
PLEKHA3	-0.55
RHEB	-0.835
OSBP	-1.145
TCTA	0.75
AP2S1	-0.57
HIC1	-1.345
AP1G1	0.48
SNRNP48	0.295
MYO6	0.285
IRS2	-0.885
USP6NL	-1.31
TYW3	0.1
BRAT1	1.175
SYN1	-0.71
PLA2G15	-0.53
ISOC1	0.13
	-0.69
CLIC4	-3.32
C1orf198	0.57
HEXIM1	-0.475
HEXIM2	-0.35
HNRNPLL	1.905
SAMD9L	1.945
TRAF6	0.535
	0.63
TRAF7	-3.115
PHF21A	0.21
PASK	0.545
	0.975
	0.59
	0.24
	0.535
RGP1	-1.415
PKM	1.085
HECTD3	-1.695
HECTD1	0.22
	-0.895
IARS	-3.24
LACTB	0.52
PALB2	-1.645
SERTAD1	0.67
SERTAD2	1.27
SERTAD3	0.87
MAD1L1	-0.825
PINK1	-0.71
PIK3R4	-0.59
PIK3R2	0.115
PIK3R1	1.81
ZFP91	2.0
APLP2	0.225
TARS2	-3.065
GNPNAT1	0.195
ZSCAN20	0.75
SLC35B3	0.515
RAB6B	1.05
BTBD10	0.54
SHQ1	-0.88
NDUFC1	-2.695
NDUFC2	-2.045
ARHGAP17	0.98
ARHGAP15	0.835
ARHGAP12	0.06
ARHGAP10	-0.265
ARHGAP18	1.01
ARHGAP19	-0.83
	0.205
SIK3	-0.865
SIK2	2.29
NR1H2	2.145
ADAM10	-0.17
LDHA	1.225
ADAM15	0.115
ADAM17	-0.08
	-2.33
AP1AR	1.1
DEDD	-1.32
MTHFD1L	0.04
ZFC3H1	-1.245
ASH1L	-0.895
DDX39A	0.93
AFF4	-0.465
AFF3	-1.225
DDX31	1.535
TEFM	-0.41
PNPLA2	-2.485
PNPLA7	0.3
PNPLA6	1.535
	-0.145
	0.71
NBEAL1	-1.03
NBEAL2	-0.295
SLC39A13	1.82
SLC39A10	0.065
SLC39A11	-1.555
DZIP3	0.31
SLC39A14	1.215
NSUN3	0.145
PRKACB	-1.21
NSUN5	2.015
NSUN4	0.25
ADRM1	-1.28
PAN3	-0.37
PAN2	-0.44
ERGIC3	1.0
EEF1A1	0.72
TMEM183A	1.255
TLN1	-0.66
TRIM59	0.99
MYBL1	-0.17
MYBL2	-1.675
PTPN11	-1.68
PANK1	1.07
PANK3	2.325
PANK2	0.19
PANK4	1.26
DAP3	0.48
MBNL1	1.975
MBNL2	-0.18
MBNL3	0.5
GNL3	-0.205
GNL2	0.985
GNL1	-0.59
CTTN	1.285
SMARCB1	-0.975
	0.0
GLIS2	-0.29
PRR3	0.37
TMEM39B	0.345
PRR5	-0.92
PRR7	-0.655
	0.75
ST3GAL5	-0.405
TMCO1	0.42
MTA2	1.325
FNIP1	0.895
FNIP2	0.29
PSPH	-4.62
TMCO4	-1.425
LIN37	-1.29
MMADHC	-1.625
WRAP73	1.27
C5orf24	-0.76
BUB1B	0.535
CDT1	-0.11
CNKSR3	-1.2
ZMAT2	-0.395
EXOG	0.22
EIF1B	-1.075
TASP1	-0.42
EIF1AX	-0.395
MPG	-1.225
	0.855
PIGB	1.71
NOM1	0.645
ELMSAN1	-0.54
TPRA1	-0.15
GORASP2	-2.075
TADA2B	0.655
EXO1	0.11
EXO5	0.68
TSR1	0.055
MAP7D1	-0.07
STK17B	1.09
BSDC1	-2.24
PIGK	-0.7
PIGM	2.295
PIGN	-0.565
MPI	1.03
HSPA2	-0.645
HSPA5	0.8
HSPA4	0.495
HSPA9	-0.01
HSPA8	2.17
DYRK3	0.09
DNAJB12	0.63
DNAJB11	0.46
PLAA	-0.8
PARVG	-2.375
FAM83D	1.005
EMD	-0.97
RAB2B	2.05
PIGW	3.275
MIA3	-0.385
MIA2	0.47
FLT3	2.99
MAGEH1	1.33
PEG10	-1.31
TPD52L2	-1.855
HTRA2	-1.23
TSNAX	-1.7
KDM7A	-0.765
SNF8	0.465
ARID4B	0.985
KLHL11	-0.705
KLHL12	-0.25
KLHL13	-1.38
KLHL14	0.4
KLHL15	-0.66
RNASEH2C	0.47
RNASEH2B	-0.085
KLHL18	0.75
BCLAF1	-0.39
	0.36
SCAF4	-0.61
DDX5	-1.61
DDX6	1.5
DDX1	0.635
SCAF8	-1.315
RBL1	0.535
RBL2	-0.575
	-0.85
ILK	-0.07
FBXO34	-1.145
CHTF8	-0.955
FBXO31	-1.215
FBXO33	2.53
FAM136A	-0.56
RAF1	-1.425
DNHD1	-0.71
SYNCRIP	0.325
TPT1	2.62
MTF1	0.945
FAM214A	-0.185
MTF2	-0.51
SH2D3C	-0.8
	1.915
	0.605
CXXC1	-0.305
OPA3	0.105
CXXC5	1.5
OPA1	0.125
N4BP2L1	-0.92
DIMT1	-0.29
CD151	0.055
VAV1	-0.42
VAV2	0.61
LANCL2	-0.58
	1.355
LANCL1	1.29
	0.42
CENPO	1.145
CENPN	-0.94
NR3C1	0.6
CENPL	1.205
CENPK	-0.195
CENPJ	-0.34
CENPI	-0.12
CENPH	0.155
RPH3AL	-0.66
CENPF	0.7
CENPE	0.51
NOP2	0.515
AIP	0.78
CENPA	-1.685
GNE	2.42
CKAP2	-0.18
CENPV	-0.08
EPRS	-2.855
CENPT	-0.965
	-0.275
CENPQ	-0.26
CENPP	-0.005
NHLRC3	1.14
NUDT9	-0.165
	-1.51
NUDT1	-1.04
NUDT2	-2.24
NUDT3	0.02
NUDT4	-1.14
NUDT5	-0.935
NUDT7	0.87
SMPD4	-0.05
SMPD1	-0.21
SMPD3	1.61
PPP2CB	2.0
IDH2	1.84
IDH1	-2.735
YTHDF3	2.89
YTHDF2	-0.435
YTHDF1	-0.31
SNRPB	-0.175
	-0.475
	3.29
SNRPF	-0.55
	-1.485
	-0.18
	-2.215
	-0.125
	0.635
	0.05
	-2.15
EME1	-0.01
CBWD1	-0.105
EME2	0.565
POC1A	1.56
POC1B	-0.475
ASNS	-5.455
ECSIT	0.655
LIPT2	0.33
LIPT1	1.61
MYSM1	0.745
ZNF235	0.545
ZNF800	1.5
ZNF236	-0.72
	0.1
	-0.725
MSN	0.945
ETNK1	0.23
TTC39B	-0.27
PTOV1	0.695
	0.9
	-1.36
LEO1	-1.28
DNMBP	0.61
EIF4H	0.265
PTPN22	-0.86
PTPN23	-1.27
SLC9A6	-0.345
SLC9A7	3.35
SLC9A1	-0.755
SLC9A8	-0.125
SLC9A9	-0.36
AP3S2	2.125
EIF4E	0.545
IFNGR1	-0.575
IFNGR2	1.65
	0.75
MS4A1	2.415
	-1.02
C16orf87	0.595
PML	1.13
NAB2	0.545
UBTF	-2.7
FXR1	1.31
FXR2	0.69
	0.53
PHF20L1	-0.72
MTFR1L	-0.68
HOOK2	-1.065
HOOK3	-1.065
	-1.04
FCHO1	3.245
OSTF1	-0.63
PHOSPHO1	0.42
SRCAP	-0.15
GLUD1	-0.625
SSU72	-0.175
CRADD	0.1
RBM41	-0.39
RBM42	-0.11
RBM43	0.28
LARP4	0.47
RBM45	-1.11
RPS27L	0.815
LARP7	1.595
RBM48	0.385
DPP8	-1.55
DPP9	-1.125
PRIMPOL	0.56
	0.81
DPP3	-2.48
UIMC1	-0.22
DPP7	0.315
NUB1	-0.235
CEP57	0.085
CEP55	0.075
TMCC1	0.28
COL4A3BP	-0.69
HBP1	0.46
SLC39A8	1.725
SLC39A9	-0.46
MACROD1	0.985
SLC39A1	1.155
SLC39A4	-2.46
SLC39A6	-0.145
SLC39A7	-0.1
SUMF2	0.035
SUMF1	0.255
GLIPR2	-0.3
GLIPR1	-4.525
GYS1	-2.305
SURF1	1.37
SURF2	-0.63
SURF4	-0.495
SURF6	0.705
DDX58	0.42
NIPAL3	0.57
BPGM	1.415
DDX52	0.06
DDX50	-1.41
DDX51	1.73
DDX56	-0.41
CXorf38	-2.46
DDX54	1.33
DDX55	1.815
HNRNPA2B1	-0.175
SIPA1L1	-0.65
SIPA1L3	0.505
SIPA1L2	0.645
HEATR5B	0.43
FUNDC2	0.685
RAB11FIP3	-1.23
ANLN	1.72
HEXB	0.855
	-0.855
DCAF7	-1.54
DCAF6	-0.53
KNOP1	1.35
DCAF4	1.035
IQSEC1	-0.37
DCAF8	-0.495
PDCD2L	-1.305
TRAFD1	-1.59
RALGAPB	-2.39
HOXB6	1.4
RAB9A	-2.32
CTR9	0.51
PCDHGC3	1.7
TDP2	-0.56
ATP5A1	1.45
ARFGAP3	0.145
THADA	-1.115
STAT6	-0.05
FAAH	1.18
STAT2	-0.065
STAT1	-1.195
CEP250	-1.74
SEPSECS	-0.5
ZYG11B	-0.82
KIAA2013	1.525
RPRD1A	1.285
LIN9	0.17
RUNDC3B	0.0
PALM	0.85
UBE4B	-1.09
UBE4A	-1.52
HMX2	0.5
TPRG1L	-2.565
PEX19	-1.85
TEX261	-0.88
TEX264	0.5
PEX10	-1.195
PEX13	-1.22
PEX12	1.05
PEX14	1.355
TUFM	1.81
PEX16	-2.095
BLOC1S6	-0.12
BLOC1S5	-1.82
	-0.92
	0.77
BLOC1S1	-0.35
SBDS	0.3
CDR2	0.76
CCNT1	-0.35
SLC30A9	-0.475
CCNT2	0.32
BPTF	-2.395
EIF3H	0.87
EIF3I	0.65
EIF3K	2.89
EIF3L	1.22
EIF3M	-0.445
KIAA1549	-0.625
EIF3A	-0.94
EIF3B	-1.035
EIF3C	-2.045
EIF3D	0.32
EIF3E	0.22
EIF3F	1.27
EIF3G	0.07
SLC30A5	0.345
ADNP2	0.34
FANCD2	-0.53
SLC30A7	1.69
ERLIN1	0.76
ERLIN2	0.16
NOL11	-0.795
EFNA5	0.97
TRIAP1	0.175
YEATS2	-1.635
ICAM4	1.525
YEATS4	0.08
PITRM1	-1.12
TCF25	-1.18
TCF20	0.36
AKR7A2	1.74
FAM50A	1.44
BMP2K	0.155
	0.755
RERE	-0.225
LPGAT1	-0.81
PHACTR4	0.14
PI4KB	-0.445
PI4KA	-1.1
TUSC3	0.105
CRYZL1	-1.52
GRIPAP1	-1.63
	2.04
ALDH18A1	-2.915
NUGGC	-0.095
ELMOD3	-1.84
ELMOD2	-0.965
CREBBP	-1.6
TMA16	2.24
	-0.145
NGLY1	-0.725
SZT2	-1.2
SMN1	1.84
OIP5	0.865
TPM3	0.425
RFXAP	-1.025
SNAPIN	0.68
E4F1	0.085
PMPCB	-0.27
PMPCA	-0.39
DHCR7	-4.32
EI24	-1.365
DYM	-0.37
FLRT2	0.23
SSB	1.08
	-1.13
INTS12	1.17
	0.6
INTS10	-1.13
TAF6L	-0.715
	-0.35
CRELD2	1.245
ADAR	-1.795
CRELD1	0.87
CAT	-3.03
LY75	0.75
EXOSC8	1.195
EXOSC9	0.555
ADAL	-0.5
EXOSC2	-1.14
EXOSC3	0.37
EXOSC1	-0.07
EXOSC6	0.73
SIGMAR1	0.04
EXOSC4	0.01
CAD	0.795
ZNF566	1.37
ZNF560	1.0
MZB1	-2.225
	2.205
ANO10	1.26
FAM216A	1.58
RNF220	-0.435
TCAIM	0.255
RALBP1	-2.155
RSRC1	0.35
	1.37
SYAP1	-0.57
PIAS2	1.45
PIAS3	1.09
PIAS1	2.415
PIAS4	-0.695
TMEM87B	1.87
TMEM87A	-0.64
IRF2BP2	-2.335
	-0.49
ZNF664	0.23
PCNP	1.005
TK2	1.18
JMJD1C	-1.675
MEX3D	-1.52
MEX3C	0.805
CDKAL1	0.045
MRRF	-0.8
PPP4C	1.395
	-0.035
RNF113A	1.945
CHCHD1	-0.98
COMMD8	1.115
COMMD9	-0.72
PPP1CB	0.155
PPP1CA	-0.19
COMMD2	1.545
COMMD3	-0.01
COMMD1	-0.955
	0.345
COMMD7	-0.025
COMMD4	0.82
COMMD5	1.11
CNBP	-0.59
TKT	1.01
NLN	-0.69
ELAC1	0.82
HAUS8	0.995
HAUS6	0.375
HAUS7	-0.755
HAUS4	-1.3
HAUS5	1.985
HAUS2	-0.765
HAUS3	1.055
APOOL	-0.135
HAUS1	0.615
ZBTB7A	-0.555
MYL6B	0.42
ATXN2L	-2.65
	2.05
ZBTB7B	-1.14
NHSL1	0.53
ELMO1	1.465
RPP25L	-0.41
EMC9	-0.33
EMC8	-0.345
ELMO2	-1.205
NDEL1	0.475
EMC3	1.175
EMC2	0.135
C12orf43	0.455
ELMO3	0.75
METTL16	0.84
METTL17	-0.54
METTL14	0.505
EMC4	0.625
DPAGT1	1.41
	1.4
ZNF668	0.82
	-1.22
AGPS	-0.935
DEDD2	0.34
INPPL1	0.315
SPINT2	0.67
TBC1D10C	-2.5
CYHR1	-0.365
MAGT1	0.95
FKRP	0.555
ZNF821	1.26
ATG12	1.18
ATG13	-0.455
CBX6	0.545
DDB2	0.75
DAPK3	-0.515
NADK	-1.355
UGDH	2.07
NKRF	-0.265
DOK1	-0.19
LRP1	1.4
AP4E1	-0.145
EIF4A3	1.145
EIF4A2	-0.725
PHYKPL	0.1
POR	-0.505
CASC3	0.855
PPOX	-0.065
HNRNPH1	-0.055
LUZP1	-0.16
HNRNPH3	0.28
HNRNPH2	0.57
LASP1	0.215
PAWR	0.425
TAOK1	0.31
TAOK2	-1.005
TAOK3	-0.55
CYP4F2	3.02
AXIN1	-1.155
CYP4F3	0.705
WBP11	0.335
TNFRSF9	0.24
ZNF770	2.65
ZNF771	-0.35
ZNF773	0.42
ZNF777	-0.7
CPT1A	3.085
RAB21	0.85
MTMR14	0.25
RAB24	1.04
MTMR12	-0.885
RAB26	0.42
RAB28	-0.36
GGCT	-0.11
CNTNAP1	-0.44
MFN2	1.41
MFN1	-1.005
	-0.61
STEAP1	2.57
STEAP3	0.905
BZW1	-0.67
BZW2	-0.37
SEC23A	0.89
SEC23B	0.125
CROCC	-0.495
	-0.715
WBP1L	-0.565
GABPB2	-1.575
MFNG	-0.535
HSPH1	3.1
IMPDH1	0.59
	0.76
PELP1	-0.055
NPC2	-0.87
NPC1	0.505
WHAMM	-2.21
JADE3	-0.06
JADE2	-0.995
JADE1	-1.055
TXNDC16	0.18
TRIM21	-0.71
TEF	-0.065
	-1.75
TRIM23	1.205
APIP	-0.995
FABP4	-0.26
ITPKB	0.22
NOC2L	-1.645
TIMELESS	-1.67
	0.435
DDX19A	0.355
ZMIZ1	1.085
API5	0.97
AAMDC	1.93
PARS2	-0.15
MFSD11	0.465
MFSD10	0.47
CEP76	-1.335
MFSD12	0.37
CEP70	1.305
CEP72	-2.06
CEP78	-0.3
PPCDC	-0.3
VMP1	0.665
ACADS	1.925
AKTIP	0.94
PCTP	-1.42
ACADL	-3.095
EEF1E1	0.265
TRIM11	0.885
TTC3	0.46
SMAD4	0.285
SMAD5	0.74
ATP6AP1	0.14
SMAD1	-0.15
SMAD2	0.43
SMAD3	2.03
TBC1D9B	-0.55
FOXM1	-0.715
GDF15	-4.825
ATP6V0B	1.015
BCS1L	-0.96
ATP6V0E1	-0.55
ACAD8	1.23
ACAD9	0.905
SLC48A1	-0.805
MPRIP	-1.96
	-0.415
FBRSL1	1.49
COX8A	1.155
ARNTL	-0.5
SUCLG2	0.435
CTPS1	-1.86
NUP62	0.05
RNPS1	-0.545
ELOVL6	-3.25
ELOVL7	-0.615
ELOVL4	1.64
ELOVL5	1.325
ELOVL1	0.32
UBE2K	-0.86
UBE2M	-0.165
UBE2O	-1.54
UBE2A	1.245
UBE2C	0.62
UBE2B	0.735
UBE2F	0.0
UBE2Z	-0.01
BRDT	-2.4
UBE2S	1.425
UBE2T	0.485
UBE2W	2.22
GSTT2	-2.185
LIN7C	1.005
ACADVL	0.605
TOPBP1	0.9
UTP14A	0.3
TUBA1C	1.815
TUBA1B	1.955
TUBA1A	0.045
UTP14C	-2.69
DCAF13	-0.37
DCAF12	2.155
DCAF11	-0.3
SRBD1	0.805
DCAF17	-0.24
DCAF15	0.365
HIST2H4B	0.735
SBF1	-0.075
FITM2	0.42
SBF2	-1.475
BRD8	-1.47
BRD9	1.2
	-0.17
BRD7	0.17
BRD1	-0.97
BRD2	-1.58
BRD3	-0.37
POLR2D	0.965
ELOF1	-0.605
PPRC1	-2.34
MCMBP	-1.365
CYP2U1	0.24
SMDT1	-1.285
TBPL1	-0.5
C6orf136	0.9
TTC21B	-0.435
RSBN1	-0.095
	0.145
HSPE1	1.08
PHF20	0.685
PHF23	-0.55
FAS	1.5
KDM2A	-0.59
FAH	-0.86
DIABLO	-1.05
ULK2	0.5
ULK3	1.69
OGDH	-0.75
ULK1	1.78
ULK4	-1.53
MPZL1	0.45
VEZF1	0.685
AARS2	0.24
SLC26A11	0.86
JOSD2	-0.49
MAGED1	-2.945
MAGED2	2.24
EFCAB7	2.1
MAU2	0.0
C15orf61	0.115
KDM2B	-0.745
	0.05
	-0.88
FOXP4	-0.11
RBM27	-0.245
ZER1	-1.535
DUS4L	0.26
SKIL	-0.175
PAPLN	-1.06
RAB7A	-0.93
CD81	1.385
CD80	0.35
CD82	1.565
SLC44A2	0.46
CCS	-1.55
CD86	0.64
EGFL7	0.06
TAF4B	0.81
RPRD1B	1.04
LAPTM4A	0.705
PFDN1	0.525
ZC3H8	0.675
PFDN2	0.045
PFDN5	-0.415
PFDN4	-0.03
PITHD1	-0.89
	0.625
ZC3H4	-0.615
DYNLT3	0.17
C19orf53	0.605
PIH1D1	-1.115
FETUB	-3.4
EPS15L1	-2.03
PTS	0.325
HMBS	-0.4
KDSR	0.905
RWDD1	1.045
GTSE1	0.855
EPN1	0.885
EPN2	-0.03
ECHS1	-0.71
RWDD2B	-0.425
C10orf71	-1.34
LATS2	0.42
LATS1	-2.035
RANBP9	-0.82
MMS19	-1.81
TAGLN2	-0.5
RANBP6	0.415
RANBP1	-1.265
TBC1D10B	-1.445
TBC1D10A	-0.67
	0.865
PHAX	0.765
IKBKB	0.47
PPP6C	-0.69
IKBKG	1.18
ZNF613	-0.15
	0.75
SAMHD1	-1.19
FAM118A	0.975
TXNDC17	0.305
TEC	-0.315
TXNDC11	-0.89
HPRT1	-0.77
TXNDC12	-0.96
FHL3	0.19
NBN	1.485
TES	0.78
DUS2	0.02
	0.91
PSMD14	0.055
UAP1	0.825
PSMD11	1.12
PSMD10	0.2
PSMD13	-0.255
PSMD12	0.625
HIST1H4F	0.17
HIST2H4A	1.84
IL9R	-4.58
TMEM14C	0.905
HIST1H4J	3.515
HIST1H4A	0.7
HIST1H4H	1.565
HIST1H4K	0.745
HIST4H4	2.87
HIST1H4I	2.775
HIST1H4L	2.81
RND2	-0.59
RSL1D1	0.89
KIF20A	-0.34
VPS9D1	0.87
CSPP1	0.88
CNTROB	0.18
DECR2	0.1
CEP350	-1.24
	1.75
BMP1	-0.74
	0.66
RXRB	1.525
TMEM147	0.36
TMEM144	0.1
TMEM143	0.235
TMEM141	-0.36
CHST1	1.325
RFT1	0.21
CHST3	2.69
CHST7	0.61
