PLEKHG2	1.34
PLEKHG3	-1.85
CERS5	-1.81
CERS2	-1.49
PLEKHG5	-0.5
NSA2	-0.29
NAMPT	0.42
MAN2A2	4.15
MAN2A1	-0.02
BCKDK	-1.07
BPIFB4	4.98
KIAA0355	0.59
SYT8	1.72
CNOT11	-1.71
MIER1	-0.67
MIER3	0.58
CNPPD1	0.4
	2.54
	-1.23
	-0.54
DAG1	-0.18
MYADM	-4.36
NAF1	-0.74
CEBPB	-2.02
ACVR1	-0.07
CEBPD	1.16
	-1.34
ERICH1	-1.35
CEBPZ	-0.78
RBM8A	0.54
ZNF175	1.34
EDRF1	1.01
MLLT6	4.07
	1.36
	0.1
	-0.79
RTF1	-0.7
	-2.33
PRAMEF8	-0.29
NOSIP	-0.17
SNRPD3	-0.39
SNRPD2	0.25
BTG1	0.05
ZSWIM4	-0.95
CRTC2	1.44
NUPL1	-1.81
NDRG1	1.06
ARL3	0.58
NDRG3	-1.87
NDRG4	0.31
NPAT	-0.25
HM13	-1.42
GGA1	0.4
GGA3	-0.82
GGA2	-1.7
	0.48
SORBS1	-0.02
SORBS3	1.88
SORBS2	2.72
PIK3C3	-0.25
PER2	1.17
TSHZ1	-0.82
PGK1	0.42
LRIF1	-0.28
	4.5
FAM104A	0.66
KIAA0368	-1.26
TRNT1	-1.05
ITM2B	-1.36
MKL1	-1.52
TEX2	0.53
LTA4H	-1.51
LMNA	-2.66
	0.57
SORCS2	1.72
SUPT16H	-1.77
CMAS	-0.75
UBFD1	-2.42
FKBP15	-0.25
MCL1	-0.53
PTTG1	-1.33
	1.83
PREPL	0.02
SASS6	-0.86
L1CAM	0.36
SLC27A4	-0.94
SLC27A1	-0.27
SLC27A3	-1.77
IMP3	-0.1
HMGXB3	1.94
HMGXB4	0.93
LRRK1	0.9
LRRK2	1.1
CDHR4	2.39
CDHR5	1.34
	6.57
	0.67
TRIM39	0.93
TCOF1	1.47
TRIM33	-1.0
TRIM37	-0.23
TRIM35	-2.11
FOXO3	-1.22
DLAT	-1.85
CIRBP	-1.84
	0.98
THAP11	0.14
BTAF1	2.57
DBNL	-0.92
FAM114A1	-3.19
FAM114A2	0.26
ALDOA	-0.12
ALDOC	-1.11
	0.08
	1.11
COPE	0.75
TESK1	3.18
NSFL1C	-1.83
USP8	1.77
C12orf57	-0.18
	0.32
IFITM2	0.43
USP1	0.43
USP4	-0.19
USP5	0.75
USP7	-1.14
RP9	1.77
IL1RAP	-0.1
MIS12	0.4
NR1D2	1.34
EIF2B1	-0.98
TPRKB	0.79
CARD6	1.72
FARS2	-1.26
	0.1
RPL38	-2.02
RPL39	-0.41
	-1.01
RPL37	-0.88
	1.2
RPL35	0.29
	-0.32
RPL31	0.05
	-1.73
FAM13B	4.41
FAM13C	2.03
BCAS2	-0.67
BCAS3	1.46
	-0.43
	1.83
	-1.33
	-0.39
	-0.32
TPP1	-0.62
TPP2	-0.37
RAD50	0.4
ZZEF1	1.45
CEBPG	-0.2
BRF1	0.47
SETX	-0.62
	4.92
SGPP1	-0.62
MLYCD	-0.58
HIST1H4B	-5.16
	1.2
C1orf109	2.69
FARSB	-1.74
FARSA	0.2
UAP1L1	-1.14
CCDC90B	1.35
NCOR2	0.06
NCOR1	2.4
METTL3	-1.43
PEBP1	0.0
MAGOHB	-1.76
	-0.11
	-2.58
PPME1	-1.23
PCOLCE	0.02
FLNA	-0.31
FLNB	3.28
FLNC	0.53
	-0.94
CEP164	2.95
	2.57
	-0.46
	0.78
	2.39
TGM2	0.72
CNNM4	0.34
TINF2	0.52
	0.19
KLC1	-1.1
	0.64
RALY	-2.34
POLD1	-0.49
POLD2	-2.21
POLD3	-1.03
POLD4	0.28
DUT	-0.79
RALB	-1.86
RALA	-0.8
HDAC1	-1.39
HDAC3	0.9
HDAC2	-1.74
HDAC5	1.11
HDAC4	0.28
HDAC7	2.37
HDAC6	0.37
HDAC8	-0.11
GSTCD	-0.9
GZF1	-1.39
AGL	-1.71
GMPS	0.33
KARS	-0.51
	-1.34
C20orf194	2.42
UPF3B	1.2
UPF3A	-1.76
STRN	-0.52
	1.11
	1.11
CORO1B	-2.31
	-0.11
CLCN3	0.7
CLCN7	0.05
LIX1L	-2.48
CLCN5	2.67
	1.1
CORO1C	-0.97
ADM2	-1.11
	0.39
H2AFV	-1.9
MBTD1	2.25
H2AFX	-3.52
H2AFY	0.86
H2AFZ	-2.3
SGSH	5.07
H2AFJ	-0.95
CNN3	-2.38
CNN2	-4.13
HADHB	-0.54
HADHA	0.09
ARC	6.96
MGMT	1.36
CIZ1	3.06
ASL	-0.88
SLC12A2	-1.68
IKBIP	-0.88
SKP1	-1.04
LMCD1	-0.36
N4BP1	-0.12
ANGEL1	-0.11
DNLZ	0.93
SNRPD1	-2.37
BABAM1	-1.36
PHC3	3.23
PHC2	-3.32
SEC16A	2.22
GTF2H5	0.73
	-0.17
ZWINT	-1.12
GOLT1B	-0.29
	3.18
MED25	1.24
CSNK2A2	-1.6
CSNK2A1	-2.92
IER3IP1	-0.77
TERF2IP	-0.75
CHMP3	-0.4
RNF7	1.33
RNF4	-1.9
RNF5	-0.43
RNF2	-1.72
CHMP6	-1.27
CHMP5	-0.96
RECQL5	1.66
RECQL4	0.93
	-0.54
GCNT2	1.36
MARK2	0.02
MARK3	0.16
SLC12A9	0.93
STRIP1	-0.45
NMD3	0.91
	-0.05
	0.18
ZSWIM8	-0.03
EXTL2	-0.38
EXTL3	0.73
SERF2	0.77
TIA1	0.07
TMEM160	-1.11
TMEM165	-0.98
TMEM167A	-2.94
TMEM168	1.25
TBC1D8	1.32
C12orf10	-2.27
TBC1D4	1.33
UBAP1	2.49
ANKRD11	0.71
TBC1D7	-1.39
	9.44
HNRNPDL	-3.88
SDCCAG8	2.01
	-0.1
SLC4A7	-1.62
ITGAV	-1.82
	3.09
C18orf32	-1.13
SAE1	-1.96
	-1.37
	14.05
CUL9	0.61
GTF2E1	1.09
EIF4E3	0.62
EIF4E2	-1.37
AKIRIN2	-2.25
AKIRIN1	-0.29
AP3M1	-2.78
AP3M2	1.31
	-1.46
LIMD1	0.11
NOP58	0.28
ACSF2	0.12
NOP56	-1.18
ITGA5	1.45
	-1.06
ITGA7	0.26
ZNF865	0.48
ZNF627	3.07
SARNP	1.59
FLII	-0.27
CUL3	-1.69
ZNF91	2.5
ZC3HC1	-1.4
TPCN1	-0.08
TPCN2	-0.62
LTBP4	0.1
LTBP3	0.34
LTBP2	-0.84
LTBP1	0.46
	0.33
	4.63
HBEGF	-0.97
CALR	-4.6
M6PR	-2.56
EBF3	-1.7
EBF1	2.51
NDUFS2	-1.13
SECISBP2	4.34
NDUFS3	-0.98
CTDSPL2	-0.84
CACNA1A	1.31
	2.72
IMPAD1	-0.28
CMC1	-1.22
CMC2	0.05
	2.39
ARHGEF40	1.55
KCNE4	-0.38
DOPEY2	1.72
SHROOM3	1.66
	0.59
ARHGAP9	2.01
XRN2	-1.81
ARHGAP5	0.36
ARHGAP1	-2.2
	-0.42
DYNLRB1	-0.04
	2.05
TIPARP	3.69
DYNC1LI1	-1.85
DYNC1LI2	-0.49
CXCL2	1.88
	-1.94
UTP3	-3.05
MTCH2	0.59
MTCH1	-1.97
ANKRD27	-0.7
ANKRD26	1.11
	0.26
CNOT8	-1.88
TIAL1	1.53
CNOT3	-1.55
CNOT2	-2.5
CNOT1	-0.62
CNOT7	1.01
ANKRD28	-1.39
IFT172	0.25
UVRAG	1.53
	-0.72
NFIC	-0.91
NFIB	2.65
NFIA	0.05
LGR6	-1.56
TTF2	-0.39
TTYH2	1.14
TMUB1	1.83
NFIX	-0.15
FBXL20	1.53
EPDR1	-2.0
IGSF8	0.02
IGSF5	2.5
	3.23
	1.85
IGSF3	0.59
CSNK1D	0.21
CSNK1E	-0.63
	1.24
ALDH16A1	2.94
C7orf26	-1.46
REM1	-1.22
SYNRG	1.91
PKIG	2.47
U2SURP	-1.66
RPL14	0.54
RPL15	-1.29
RPL10	-0.47
RPL11	-1.59
RPL12	-0.73
RPL13	-0.6
	-1.16
RPL18	-1.11
RPL19	-0.14
OGFOD1	-0.61
OGFOD3	0.83
LYRM2	-0.68
LYRM5	2.72
LYRM4	0.61
LNPEP	0.89
GSS	-2.16
GSR	-3.66
CLTC	-1.7
	-1.87
	0.06
GSN	-1.02
	1.72
PRKRA	0.72
HK2	-0.31
HK1	-2.57
MOB3C	-0.82
MOB3A	-0.88
	2.19
SOD2	0.55
SOD3	-0.28
SOD1	-2.42
C9orf40	0.83
LSG1	-0.36
FES	2.39
SCOC	-1.56
COX7A2L	-0.72
GNAS	-3.96
CSTF2T	-1.09
INSR	1.71
UQCRC2	0.35
NAGLU	1.65
TMED10	-2.44
DMXL1	0.77
MBIP	-0.94
TM4SF1	-0.99
IMPDH2	-1.84
NFATC2IP	-0.21
EED	0.97
TPRN	-1.42
C7orf50	0.93
AMIGO1	0.4
ATP1A2	-0.44
ATP1A1	-3.1
ID2	-1.87
PGM2	-0.76
PGM1	-0.58
ID1	-2.86
	1.31
CHAF1A	-1.77
CHAF1B	-1.82
HMG20A	0.81
RMND5B	-0.93
RRNAD1	1.34
TPD52	-0.29
WWC2	1.52
NIPA1	1.24
CHTF18	0.22
QPCTL	3.43
	0.4
KDM6B	0.39
CAMK1	-1.1
TRUB2	1.27
ZNF503	-1.72
ZNF507	0.07
	0.83
IDE	-2.08
SNCG	-0.81
	1.02
PXK	-0.8
PXN	-0.44
WDFY3	0.59
ACY3	-0.13
ACY1	0.23
WDFY1	0.09
FAM149A	1.24
HS1BP3	-0.11
MED30	-0.21
MED31	0.53
SPRYD3	-0.68
SPRYD4	-1.65
NF2	1.55
NF1	-1.24
	0.82
CUL2	-1.48
ISOC2	2.07
	0.93
ENOPH1	-2.15
UTP15	-0.22
HIST1H3C	-4.62
HIST1H3G	-4.62
ANGPT2	2.54
	-3.53
EPS15	0.58
ANGPT1	-1.06
PTPRS	0.31
PTPRF	0.51
PTPRE	1.64
TXN	-1.65
	-0.68
PTPRA	0.63
	0.22
AACS	0.12
RASA1	1.33
RASA2	-0.29
RASA3	-0.47
PPHLN1	-1.61
CBL	-0.38
KIF16B	0.1
	0.56
SIX4	3.12
DHODH	0.03
SIX1	0.36
NPHP3	0.93
NPHP1	-1.26
NPHP4	0.48
	-0.04
ANKRA2	-0.11
FAM172A	-2.04
MAP3K2	-0.24
LRRC14	0.87
MAP3K1	0.36
MAP3K4	1.16
MAP3K5	1.33
ABCA7	2.38
ABCA4	0.79
ABCA5	0.05
ABCA2	2.4
ABCA1	0.66
CHAMP1	-0.15
FAM32A	-0.54
ZBTB2	3.44
ZBTB1	-0.72
ZBTB6	0.93
RPF1	-1.63
RPF2	-1.83
RFX7	-0.52
RFX1	2.19
RFX2	5.37
APOPT1	-0.51
TMEM109	2.22
TMEM101	-1.59
MYD88	0.05
TMEM107	-1.14
BORA	-0.29
TMEM104	-0.72
ASPSCR1	-0.43
IFT52	-0.36
IFT57	1.71
KMT2A	2.4
NKTR	1.51
ETV1	-0.38
LRRN4CL	1.33
ETV3	0.16
ETV5	-0.14
IMP4	-1.65
ETV6	1.17
SH3BP4	0.66
SH3BP5	0.61
POP1	-0.95
POP7	-1.74
SH3BP1	2.9
SH3BP2	-1.56
SERBP1	-2.36
EIF4G3	1.17
EIF4G2	-1.34
	-1.6
	-3.0
GDE1	-1.69
PTPN23	0.74
	2.5
C5orf63	2.64
GLUL	-2.39
AKAP13	-0.17
AKAP11	-0.72
TMC4	0.81
SNAP47	1.41
ANXA11	-0.31
EFHD2	-1.06
MLF2	-1.44
FILIP1	0.61
TCN2	2.19
HERC1	-0.12
HERC4	0.78
MDFIC	-0.4
	-0.2
SOAT2	3.18
ZCCHC11	1.72
RAB8A	0.82
ZCCHC17	1.31
ZCCHC14	2.05
PCID2	-1.13
ZFYVE9	1.11
ZBED3	-2.01
ZFYVE1	1.67
	0.97
DNAJA2	-2.4
DNAJA3	-2.7
DNAJA1	-2.15
PSMA3	-0.67
WDR26	-0.99
MRPL40	-0.18
PSMA7	-0.4
ACER3	-0.51
IGF1	0.56
SMIM7	-0.66
LRBA	2.62
RAD21	0.36
ESF1	-0.31
RECQL	1.1
LACTB2	-1.02
CCSER2	3.68
BCL7B	-0.59
ZFP36	1.17
STARD9	0.67
SRP14	1.66
STARD3	0.79
SRP19	-0.31
STARD7	-0.53
ANTXR1	-0.38
ANTXR2	0.5
PDIK1L	0.52
TRMT2A	-0.17
CDK5RAP2	0.26
CDK5RAP3	-1.25
CDK5RAP1	-1.99
PBX1	-0.05
	-0.84
DOCK8	-0.43
	1.83
DOCK1	0.33
DOCK6	-0.2
DOCK7	-2.15
DOCK5	0.82
LPCAT4	1.5
LPCAT3	-2.46
LPCAT1	-1.54
DLD	-0.36
RSL24D1	-2.66
MOB2	-0.7
ACOT9	-1.43
ALCAM	0.47
RNF26	0.47
RNF20	-0.14
HSD17B12	-0.57
ZNF317	3.9
HSD17B10	0.2
HSD17B11	0.43
FOXK2	3.22
HSD17B14	-0.11
PHLDA1	0.03
PRR14L	-0.59
MOB4	-0.37
RNF126	-0.73
RNF123	1.17
RNF121	-0.11
	-1.11
	0.31
TBC1D31	2.61
KATNA1	-0.63
TFRC	1.22
	-2.11
	-1.63
	1.57
	-1.56
KCTD6	1.83
DHX58	0.67
ZNF275	-1.01
DHX57	0.1
ZNF277	-1.46
ACOT13	-1.51
COX20	1.05
NUP214	0.51
MINOS1	-1.82
PIP4K2C	-1.78
PIP4K2B	0.34
NUPR1	-1.37
SYNPO	-0.1
NTNG2	-0.43
SLC23A2	1.91
CYCS	-1.62
BBX	-0.4
	-1.08
	3.57
	7.17
TFB1M	-0.73
	1.32
DUSP12	-1.22
MYH10	-0.78
SGPL1	-0.56
RPL7A	0.02
KRIT1	0.05
NUFIP2	-0.61
GHDC	-0.33
	0.31
GPS1	-2.64
SLC9A6	-1.05
PFKFB2	2.39
LGALS8	-1.92
	4.77
	9.57
	9.91
MOB1A	-1.51
MOB1B	-1.42
SLC20A2	-1.15
SLC20A1	0.53
FSTL3	-0.33
	1.37
TM9SF1	-2.15
TM9SF3	-2.39
TM9SF2	-0.42
CADM4	-0.43
NUP43	-2.31
LGALS1	-0.04
	-2.6
	-2.42
ECD	-2.1
	3.07
CEP120	1.87
CRYBG3	4.07
VEZT	9.01
	3.68
ATAD3A	-1.37
PLK1	-3.45
PLK3	1.1
PLK2	0.47
PLK4	0.6
AKT1S1	1.21
SPTBN1	3.12
DCK	-0.99
	6.46
NEMF	-1.88
	-2.22
	2.77
RRAD	0.21
RRAS	0.5
RPE	-1.05
	2.39
PDLIM5	-2.1
PDLIM7	-1.03
PDLIM2	0.67
	1.85
PPFIBP1	0.37
GPAA1	0.62
FOPNL	-1.12
SKI	-0.18
OCRL	-1.21
	0.15
PNRC1	-0.8
	1.53
DDR2	-0.32
MMGT1	-0.23
	-0.11
DDR1	-0.02
	0.07
SPTLC2	-1.76
SPTLC1	-0.9
FAM192A	0.26
TARDBP	0.29
	0.27
ZZZ3	2.08
RAB22A	0.25
CDK2AP1	0.28
CDK2AP2	1.28
ADI1	-1.77
	0.67
	1.19
RPS15A	0.15
PDK3	-1.11
PDK2	0.81
PDK4	1.66
RPRD2	-0.29
FAM173A	-0.37
GRPEL1	-2.11
GRPEL2	-1.13
C5orf22	0.31
MEIS2	1.01
C22orf23	0.93
PRKRIR	0.98
	1.0
	9.54
	-2.71
	3.64
	3.69
PECR	0.21
DNAJC17	0.07
	-2.28
CALR3	0.87
ARNT	-1.53
PTGR1	0.15
PTGR2	-0.84
NRD1	-0.93
GOLGA2	-2.42
GOLGA3	1.92
GOLGA4	0.97
GOLGA5	-1.46
GOLGA7	-1.22
CKLF	-1.22
LMNB2	-0.44
LMNB1	-3.29
	-1.46
RING1	-1.9
BMS1	1.0
CISD2	-1.53
CISD3	-1.39
AAAS	-1.45
CISD1	-1.37
	0.34
FAM49B	-0.23
RBFA	-1.03
	-0.07
MED10	-0.98
MED11	-2.72
MED12	1.79
MED13	1.7
MED14	0.51
	-0.04
MED16	-1.42
BOP1	-1.8
ECE1	-0.53
VPS13D	0.33
VPS13C	-2.21
VPS13B	-1.87
RPTOR	2.05
GJA1	0.94
KIF18B	-1.22
CXorf56	-1.17
SGMS2	1.1
SGMS1	1.94
LRRC32	0.19
PKMYT1	-0.94
ZNF592	1.05
ABCC4	0.07
ABCC5	0.79
	0.83
ABCC1	-1.49
FAM210A	0.37
TMEM127	-0.94
TMEM123	-1.22
DESI1	-0.22
WIPI2	-1.17
WIPI1	-1.81
TMEM129	1.21
TMEM128	0.5
NUDCD2	0.45
NUDCD3	-2.08
NUDCD1	-0.68
IFT74	-1.22
PREB	-1.69
IGFBP6	0.94
IGFBP4	-0.31
RNASEK	0.41
PREP	-2.11
L2HGDH	1.83
TARS2	0.31
POFUT2	0.33
HIGD1A	0.67
	-1.01
	6.12
	7.15
MTHFS	0.28
SLC25A26	2.39
POFUT1	0.17
MEMO1	-2.69
BRIX1	-1.6
	1.98
RNASE4	2.94
AP4M1	2.96
SSX2IP	3.44
C1D	0.26
NOP10	-2.0
NOP14	-1.83
NOP16	-0.62
EFCAB11	1.65
	-0.12
GRWD1	-2.62
OCIAD1	1.61
CCDC88A	-0.29
SCARA5	2.94
PLEKHM1	-1.39
PLEKHM3	0.61
CACFD1	0.07
EYA3	-0.11
CDC45	-0.99
BNIP3	-1.91
NT5DC3	-0.73
NT5DC1	2.05
SMC2	-2.4
TMA7	-1.07
PSAP	-0.05
MON2	-0.68
BLVRB	-0.95
TRIP6	-1.51
TRIP4	-2.55
SMC6	-1.23
	0.18
C16orf62	-1.17
UBQLN1	-0.71
UBQLN4	0.16
LTN1	-1.56
GTF2A1	0.25
GTF2A2	-1.29
FAM64A	0.73
	-1.82
	2.54
	4.29
DNAJC19	0.78
MAP2K4	-1.0
	-0.85
CYB5B	-1.93
MDH2	-1.24
MDH1	0.74
	2.5
DDIT4	2.27
DIS3L	-0.95
PACSIN2	-2.96
DNAJC8	-2.44
DNAJC9	-2.42
DNAJC4	0.87
DNAJC5	-0.03
DNAJC7	0.29
DNAJC1	-1.11
DNAJC2	-2.79
DNAJC3	-1.84
GPN3	-0.06
GPN2	0.93
GPN1	-1.72
TIMM8A	-1.4
MYC	-0.99
	1.89
ROGDI	2.64
	-0.3
DAAM1	1.51
RNASEH1	-0.67
MOCOS	1.5
PCIF1	3.76
SRP72	-1.71
	1.1
DUS1L	-1.52
NTMT1	-2.29
	3.99
GTF2B	-1.94
PLP2	-1.45
GTF2I	1.83
NBAS	-0.8
ZYX	-0.97
LUC7L2	0.43
ABCD4	-1.35
C8orf59	-0.74
	9.4
DERA	-0.27
PLCD1	0.36
NFU1	-1.4
SEC13	-0.83
	-0.58
KRR1	-2.57
EREG	0.53
GTF2F1	0.15
XDH	1.98
ZNF330	-3.25
JMY	1.66
ZNF334	2.64
ZNF335	1.42
RNF149	-2.13
STBD1	-1.56
SUZ12	1.57
GMIP	2.32
RNF146	-1.06
RPP38	1.5
	-3.01
	-0.28
TBC1D19	-0.43
TFPI	-0.48
TBC1D13	0.81
TBC1D17	-0.33
TBC1D15	-0.79
FAM102B	-2.04
DLG5	-1.32
LTV1	-2.39
ODF2	-1.47
FASTKD2	1.05
RCN3	1.06
MMAB	-0.88
SLC45A4	-0.02
	2.49
GBA	1.88
PSPC1	2.12
TRMT10A	-0.76
MPC2	-1.62
VLDLR	-1.94
	-1.11
EFR3A	-1.97
CRNKL1	0.17
FNBP4	0.96
ZFPM2	-0.11
ZFPM1	0.1
SWI5	-0.92
	2.39
RBBP9	-2.08
RBBP8	1.68
CIAPIN1	-2.49
RBBP6	0.08
RBBP4	-2.6
HSD3B7	1.44
CEP104	-0.78
	-1.36
IFFO2	0.51
TOB1	-0.19
TOB2	0.6
MRPL4	-0.16
NEO1	-1.06
MRPL2	-1.54
	0.88
MRPL1	-1.14
NOA1	0.35
LMTK2	1.87
CHST15	-1.03
	1.46
M1AP	0.87
IL10RB	-0.9
RABAC1	-0.22
MSRB1	-0.67
MSRB3	-0.3
EVI5	0.83
	2.82
HIVEP3	2.64
ZNF385A	0.67
CHKA	-0.02
CHKB	2.47
TSFM	0.73
	6.87
SMS	-0.36
AFTPH	-0.52
SMO	2.82
	-0.61
MCM3AP	0.47
PDHA1	-1.35
	-0.54
OXA1L	0.24
KIAA0100	0.51
CAPG	0.63
DYNLL1	-1.11
HIRA	0.1
PRKAB1	0.12
REPS1	1.07
WWOX	0.46
	8.18
INTS3	-1.4
INTS2	0.36
INTS1	-0.8
INTS7	-1.14
INTS6	0.66
INTS5	-1.23
INTS4	-1.23
INTS9	-0.86
INTS8	-0.93
ADAT1	2.01
CAP1	-0.78
ADAT2	-0.74
	-0.13
FGFR1OP	-0.61
UBXN2B	1.09
UBXN2A	1.05
PAPD5	-0.38
ATP2B1	-0.58
USP47	0.33
MTSS1L	1.06
AUH	-1.68
	5.03
JKAMP	2.05
HIF1A	-3.3
TROVE2	1.2
PHYH	1.34
GINS2	-0.05
GINS3	0.65
GINS1	-0.99
GINS4	-0.03
	6.04
GGT1	1.12
FBF1	1.94
COQ6	0.43
ASNA1	-0.64
	5.28
	0.28
COQ2	-0.5
EBAG9	1.41
GALK1	-2.88
GALK2	-0.31
AMBRA1	2.26
PPIH	-2.09
RBMX2	-0.85
ADPRH	-1.24
MRPS9	0.46
MRPS7	-1.22
MRPS6	-1.39
MRPS5	-1.12
MRPS2	-1.6
HILPDA	3.22
WRNIP1	-1.76
	0.31
LRWD1	-1.45
TULP3	-2.1
TULP4	3.22
LPP	-0.62
SLC12A4	1.12
SLC12A7	-1.82
LPL	-2.23
JAGN1	1.26
	-1.46
CWC27	1.11
ABCE1	-0.37
CWC22	-1.86
FEM1C	-0.58
CRY1	-0.95
SYCE2	1.35
DCAF8	-0.83
VCPIP1	-0.75
ATP6V1C1	-3.5
	0.84
NUS1	1.67
PCGF1	-0.58
PCGF3	2.54
PCGF5	-0.99
LGMN	0.07
PCGF6	-1.32
	1.83
GOSR2	0.75
NANS	-1.88
	0.78
	-2.27
DHX33	-1.94
DARS2	0.31
LRRC57	-0.29
LRRC58	0.09
LRRC59	-3.6
HCCS	-0.59
SLC11A2	-0.35
ISY1-RAB43	-1.79
SLC11A1	0.47
SNUPN	0.34
ZC3H12A	0.23
GDI2	-2.03
PRC1	-4.1
GDI1	1.94
HSD17B4	0.96
CBY1	-0.88
COL8A1	0.78
GPNMB	0.84
POLG	-1.75
POLE	2.47
POLB	-0.03
PLEKHO2	1.65
PLEKHO1	-0.1
POLK	-1.35
DRAM2	1.66
RTN4	-1.01
RTN3	-1.07
TIMM13	0.47
TIMM10	-3.05
	5.7
RNGTT	1.95
PA2G4	-0.71
CDC6	-1.81
CDC7	0.22
VRK2	-0.58
	1.66
PRPF8	3.09
PRR11	-1.05
AEBP1	-0.21
AURKA	-1.54
AURKB	0.12
AEBP2	-1.07
PRPF3	0.53
PRPF4	-1.61
PRPF6	-0.97
SHC1	-1.36
TALDO1	0.73
	-0.66
EIF2S3	-1.17
	2.39
PKP2	1.09
RLIM	0.88
NINL	1.01
	2.54
	-0.59
	1.27
MICAL1	-1.35
CLPTM1L	1.26
WDR62	0.61
FEN1	-2.86
WDR60	-1.05
WDR61	1.18
WDR66	0.61
PET100	0.12
FUCA1	0.66
VPS72	-0.18
ABHD16A	-0.11
C19orf44	1.32
ACOX2	0.1
ACOX3	3.62
ACOX1	0.41
ERGIC2	-0.61
TFIP11	-2.26
ERGIC1	0.94
DERL1	0.64
DERL2	-2.14
ALDH9A1	-2.74
FUCA2	-0.35
CLIC4	-0.68
CLIC1	-0.48
GABARAP	-3.32
	-0.59
	-1.35
APLP1	0.4
APLP2	-1.27
BTBD10	-1.82
LMF2	2.46
LMF1	-1.65
	0.61
DUS3L	-1.12
TSSC4	-1.52
	2.32
TMCO1	-0.16
TMCO3	2.79
TMCO4	3.97
SREBF2	-1.03
ZMAT3	3.22
SREBF1	0.73
ZMAT5	-0.47
UBE2V1	-0.51
UBE2V2	0.71
ANKRD46	-2.17
	-1.01
ANKRD40	1.51
ANKRD49	3.68
MEF2A	1.44
BTBD9	-0.33
MEF2D	-1.51
ARID4A	2.06
CYB561D2	1.25
BTBD1	-0.2
BTBD3	-0.46
CLUH	-2.23
RNF167	1.94
RNF166	1.5
RNF169	2.5
RNF168	-0.78
KIAA0825	1.32
EAF1	-1.17
N4BP2L2	-2.34
RAD51D	-0.28
RAD51B	1.94
DNPEP	-0.1
DDX39B	-0.37
ERC1	-0.13
CHMP2B	-1.33
CHMP2A	-0.02
DHX16	0.88
DHX15	-0.87
ARFIP1	-0.82
MTHFD2	-2.7
MTHFD1	-2.6
KATNAL1	1.36
KATNAL2	1.5
DBF4	-0.12
STIP1	-0.27
ALG8	1.84
ALG9	-0.33
ALG2	0.72
ALG3	-0.2
ALG1	0.25
ALG6	1.95
ALG5	0.01
NACC2	-0.37
PRIM1	-0.72
PRIM2	-2.69
GYG1	-1.27
NACC1	-0.59
HIF1AN	-1.16
	6.28
IRF2BPL	-1.8
KCNN4	-2.55
SLC30A9	1.41
OSGEP	2.93
ACSL3	0.12
SLC30A5	-1.06
SLC30A4	-0.39
SLC30A7	-1.04
SLC30A6	0.36
SLC30A1	-1.61
MSI2	-0.24
MSI1	-0.28
SLC16A11	3.61
CRLS1	0.58
LYST	1.65
SERPINH1	-2.63
PCNA	-3.13
MCTS1	0.71
SPAST	-1.05
HELZ	0.48
HIPK3	1.63
PCNP	0.58
HIPK1	-0.27
IRF2BP1	-0.07
	1.43
HELB	2.05
ARL15	-0.72
B9D2	-1.25
B9D1	-0.75
NFKB1	-1.85
FOS	4.16
LSM4	-1.77
EEF1G	-1.78
LSM6	-0.55
LSM7	-1.47
LSM1	-0.41
LSM2	-0.55
CLCN6	-0.11
XRCC5	0.2
GUK1	-1.03
ZMYND11	0.73
MON1B	-0.86
TPX2	0.01
	-1.43
ZCRB1	-0.14
	1.85
	0.18
	0.5
	1.78
	0.18
	2.64
	0.5
HIST2H2BF	-6.26
TRAF3IP2	2.03
TRAF3IP1	-0.2
SAC3D1	-0.11
	0.77
DNAJC25	-1.33
DNAJC24	1.11
DNAJC22	-0.58
DNAJC21	-3.05
	3.09
	-0.41
MTMR9	0.33
MTMR6	-1.16
MTMR4	-1.01
MTMR3	-0.38
	2.72
ISYNA1	0.73
	0.93
CARS	-2.07
TRAIP	-0.65
CHURC1	-1.02
	10.63
C19orf70	-0.08
	3.22
AHDC1	-0.75
ABCB1	-0.26
CA9	1.46
SCARF1	0.21
ACSS2	0.09
CA6	3.56
RTN4IP1	0.67
PGK2	-1.3
HINT1	0.09
HINT2	-0.1
HINT3	1.72
	12.09
	8.22
HSF2	-0.62
	1.85
C18orf25	0.25
NAALAD2	-0.46
CTNND1	-1.24
DRAP1	3.02
TTK	-0.94
FGFR1OP2	-0.01
TNFRSF12A	-0.35
PPIP5K1	-1.22
CDYL2	1.36
C19orf25	0.9
	-1.54
TOLLIP	-1.28
AAMP	0.48
HYPK	1.17
NXN	-0.49
	-0.7
DPY19L1	-1.02
DPY19L3	2.44
CCDC47	0.94
CCDC43	-1.88
SON	1.51
PGGT1B	-1.39
ACTL6A	0.47
	1.73
PSEN2	4.0
PSEN1	-0.77
	-0.59
MYLIP	0.8
GPATCH2L	-0.74
XPNPEP1	-3.04
NRBP1	-0.17
	-1.32
TMEM259	1.65
TMEM258	0.22
TMEM256	-0.23
REXO1	4.04
REXO2	-0.21
REXO4	0.54
NUMB	0.4
	-1.16
	1.95
AP5M1	-0.29
RPUSD4	-0.59
KDM4A	0.5
FAM178B	1.68
FAM178A	1.72
DNAL1	0.05
	4.16
TMUB2	0.86
	1.85
LMAN2L	0.21
LMAN1	-0.98
LMAN2	2.16
	1.27
	2.31
ARFIP2	-2.06
NECAP1	0.4
GNAQ	1.95
	0.46
NECAP2	2.12
HDGFRP2	0.19
NAPG	-1.11
ATP1A4	-0.24
ATP1A3	-2.68
NAPB	0.67
NAPA	0.24
GNAL	-0.24
OS9	0.42
PON3	-1.33
PON2	-0.75
	0.55
NSMCE1	-1.74
NSMCE2	1.37
	-1.57
S100A10	-0.76
S100A13	-1.22
UTP18	-1.49
DPEP1	-1.07
ANGPT4	-1.21
S100A16	-3.65
HELLS	-0.63
FAAH	0.09
HYOU1	-3.28
PLOD2	0.8
PLOD3	1.56
PLOD1	0.83
AGPAT2	-0.58
CYP39A1	0.09
SCO1	0.47
	-1.92
UGP2	-2.72
CPPED1	0.47
LEMD3	-1.0
SMYD4	-0.14
SMYD5	-2.82
COX4I1	-0.26
SMYD2	-2.41
SMYD3	0.32
ENTPD7	1.33
ENTPD6	0.09
TRIT1	-0.61
	-0.64
SNAP23	-0.12
SNAP29	-0.61
ZBTB41	0.67
MAP1LC3A	0.93
MAP1LC3B	0.82
DYNC2H1	0.87
PHLDA3	-1.69
GAPVD1	0.23
PRDX6	-0.4
PRDX5	-0.3
PRDX4	0.0
PRDX3	0.6
PRDX2	-0.24
PRDX1	-0.87
	0.23
	0.46
PITX2	-0.88
DPF2	-2.4
NDUFB6	0.17
VDR	-0.08
PHYHD1	-0.1
CCDC91	-0.29
P4HA2	1.76
P4HA1	-0.3
WDR41	-1.34
WDR43	-1.75
WDR44	-1.54
WDR46	1.96
WDR47	2.05
WDR48	-0.37
SERGEF	1.53
NKIRAS1	-0.84
USE1	-1.87
	0.26
VPS52	-0.96
VPS51	0.22
	0.82
EGLN3	0.59
EGLN2	1.65
EGLN1	-0.52
LNX2	-0.02
ABHD14B	0.83
APEH	-0.43
FAM120B	-0.74
FAM120C	1.17
FAM120A	-1.0
MASTL	1.69
PLA1A	0.07
	0.02
C19orf47	0.98
NAGPA	0.39
PRNP	1.66
PARK7	-0.52
	-0.88
TMEM161B	-0.2
STX5	-0.65
	0.1
ANAPC16	-1.71
ANAPC11	-0.3
ANAPC10	-0.5
ANAPC13	0.0
MAST2	3.68
MAST3	-1.15
MAST4	0.36
GBE1	-2.58
PSIP1	1.42
CAND1	-1.58
RNF44	-1.9
	2.49
TRRAP	0.29
RNF40	-1.87
CYB5D1	1.51
KPNA6	-0.74
KPNA4	-1.74
KPNA3	-0.69
KPNA2	-2.93
KPNA1	0.46
S100A4	-2.04
FDFT1	-1.17
	0.52
	12.63
S100A6	-1.21
RHEBL1	0.52
USP48	-0.9
	8.18
RNF185	-1.23
S100A1	-1.02
RNF187	-1.83
CNOT10	1.16
RNF181	1.24
USP42	0.47
SKA1	-1.61
SKA2	0.93
COQ9	-0.72
COQ5	0.04
COQ4	-1.04
COQ7	0.12
OGDHL	1.5
ILF3	-0.51
ILF2	-0.2
TRIB3	1.92
SCP2	-0.55
DHX38	0.69
	0.67
ZNF213	0.98
ZNF212	-1.39
DHX32	-0.86
GOSR1	-0.54
ZNF217	-0.52
DHX35	-1.35
DHX36	-1.67
DHX37	-0.59
COPS8	-0.17
	1.14
SDAD1	-1.66
	-0.34
COPS3	0.27
COPS6	-0.81
COPS4	-2.6
COPS5	0.71
SENP6	0.18
FBXL15	-1.01
CCNB2	-2.13
CCNB1	-1.33
BLM	-0.1
	4.99
COBLL1	-0.21
BRCA1	0.2
BRCA2	-0.28
ALAD	-0.78
ACAP3	-1.46
BAZ1A	0.51
PFN1	-2.21
BAZ1B	-0.98
EP400	-0.84
URB2	-0.29
URB1	1.71
C15orf39	-0.87
GSTZ1	0.09
	1.14
	0.93
	0.47
LIPA	-0.59
LIPE	2.37
GM2A	0.59
RPS6KB1	0.79
RPS6KB2	1.11
MGST2	0.6
MGST3	1.0
MGST1	1.26
TNRC6C	0.07
	0.4
	7.27
CLSPN	-0.37
CUL4A	-2.25
CUL4B	-1.22
TUBB2A	-1.31
TUBB2B	-2.25
TJP2	-1.06
	-0.1
TJP1	-1.24
NEK2	-3.32
NEK1	0.61
SAMD8	1.24
B3GNT3	-0.62
NEK9	-0.14
HIST1H2AD	-3.99
	0.33
SLC41A1	0.59
TNFSF12	2.54
SLC41A2	0.36
CEP170B	0.78
	7.67
SETD1A	0.25
RNF6	-0.48
	1.84
ARHGEF10L	-2.16
TIMP2	-1.48
TIMP1	-1.32
CHMP7	-1.31
STAMBP	1.1
SENP3	0.21
SENP2	-0.82
SENP1	0.05
	-1.29
	-1.69
IL6R	0.16
	-1.22
B3GNT9	-1.42
NKAP	-1.55
RPL10A	-0.37
RPL10L	2.1
	0.62
SLX4	0.07
PNKP	1.67
SELENBP1	-0.66
	-0.61
	-0.03
CSF1	-2.4
GLB1	2.96
APPL1	-0.27
APPL2	0.71
PQLC3	0.05
DCLRE1C	1.11
CRTAP	-1.92
GPR39	-0.12
	-0.88
STX8	-2.23
TRAK2	3.11
TRAK1	2.82
STX7	-1.72
STX6	-1.9
	1.25
	5.28
	-0.94
CTNNB1	-0.68
AAK1	2.03
EDC4	1.59
AVPI1	-2.16
NICN1	-0.58
ASAP1	-1.24
ASAP2	1.05
KAT8	0.57
NDUFA1	0.89
	2.01
KAT5	0.44
KAT7	1.62
LUC7L	1.1
	-0.79
	1.5
	0.4
	-0.12
ARHGAP31	-0.65
CCDC22	0.34
CCDC25	-2.27
PQLC2	0.57
FCF1	-2.52
	0.93
UXS1	-1.14
ASXL1	-2.06
	1.36
LRCH3	1.71
SSR2	0.57
FIBP	-0.29
	-0.86
CCSAP	-0.11
ARF3	-3.49
	0.21
PCDHA9	2.54
ARF6	-1.27
ARF5	0.88
ARF4	-0.54
AAGAB	-1.85
RPN2	-0.44
KDM2A	-0.39
PDCD7	-0.38
PDCD4	0.02
KDM2B	-0.75
NDUFV3	1.98
NDUFV2	-3.58
NDUFV1	-0.96
	-0.23
DNASE1L1	0.66
	-0.3
	11.05
ATP6V1G1	-1.11
	0.59
TXNRD2	-1.14
TXNRD1	-0.67
DNASE2	0.32
NR1D1	-0.01
ACVR1B	0.48
INO80	-1.26
NARS	0.04
OXCT1	-2.67
DYNC1H1	3.68
NDUFA4L2	1.29
TTLL5	0.87
TTLL4	1.91
EXT1	-1.62
	0.18
D2HGDH	-0.28
SAR1A	-2.68
SAR1B	0.03
WDHD1	-1.92
GPA33	0.57
DAGLB	-0.95
DEAF1	1.06
C11orf49	-0.47
	1.02
MANBA	2.62
CDC27	-1.34
COMTD1	0.65
CDC23	-0.43
CDC20	-0.19
CLN5	-0.94
SARDH	0.66
CLN3	2.44
MAPRE1	-2.32
NOL10	-0.97
MAPRE3	0.09
	-2.12
TCF4	-1.11
AUP1	-1.65
MORN1	0.05
UCKL1	-0.7
SLC16A1	0.5
RIF1	-0.38
SLC16A6	1.5
TTLL12	-1.37
TIMM50	-2.05
ZBTB21	0.32
UVSSA	1.36
SSC5D	1.71
	-2.38
BAG5	-1.23
EIF1AY	-1.02
EIF1AD	0.04
SAP30BP	-0.2
MDN1	-0.54
CCDC136	-0.11
CCDC137	0.38
CCDC130	3.97
SLC1A4	-0.54
SLC1A5	-1.1
SLC1A1	2.39
SLC1A3	0.52
VPS35	-0.84
VPS36	-1.02
COL18A1	0.51
MAT2B	-0.54
	0.66
ZNF280C	2.05
TET3	2.75
SDCCAG3	0.67
PDE4DIP	0.73
ANAPC1	-0.91
ANAPC2	0.62
ANAPC5	1.47
ANAPC4	-0.64
ANAPC7	-1.61
SLC35E4	-1.82
C1QTNF6	0.93
IBTK	-0.38
C11orf95	0.6
C8orf33	-0.8
	2.54
EEF2	-1.57
	14.29
SLC2A9	2.01
	0.79
RARRES2	-0.35
SLC2A1	0.8
KIAA1551	0.05
CCNL2	3.34
DAXX	0.37
RAB3GAP2	0.3
	2.72
	0.09
PLCB3	0.75
	1.24
SUPT6H	-0.54
UBE2R2	-1.34
SCRIB	1.38
GAS8	0.79
SGSM3	1.38
SGSM2	1.83
ACOT8	0.4
	-0.79
GAS1	-0.34
ACOT7	-1.05
GAS2	1.85
ACOT2	1.06
	-0.29
KIAA0196	-0.52
FEZ2	-0.64
PYURF	0.78
GTF2E2	-1.24
DDT	0.41
ZNF398	0.62
OSER1	-1.35
ZNF395	0.66
FOXC2	0.05
MRPL36	-0.11
MRPL37	0.4
MRPL34	-0.25
MRPL35	-0.2
MRPL32	-0.75
MRPL33	-0.09
MRPL30	-2.49
MRPL38	0.24
MRPL39	0.19
PPIL1	-0.1
PPIL2	1.74
PPIL3	-0.73
PPIL4	1.14
NUP88	0.15
CLASP2	2.16
CTBS	1.21
NUP85	-0.44
	3.97
MSRA	2.18
	-1.03
	-2.32
	-1.56
HMGN1	-4.27
NFS1	-0.51
SRSF4	-1.21
CCND1	-4.76
CCND3	-1.19
CCND2	-2.9
	0.08
SPECC1	-0.84
PSMA2	-0.77
	5.97
	7.78
CD74	1.2
	-0.12
SRSF3	0.0
RPS21	-0.29
BRCC3	0.03
NUDT22	0.97
NUDT21	-1.74
	3.0
	-1.37
FAM162A	-2.31
	1.06
CETN3	-1.4
TEX10	-1.51
	0.38
RALGDS	0.34
	1.16
PEX3	-1.96
	0.1
PEX5	-1.42
PEX7	-1.15
PEX6	-0.34
AZI2	1.34
TGFB1I1	-0.95
	-1.34
HADH	-1.28
ITGA3	2.48
LRSAM1	0.59
CHRAC1	-0.99
ARRDC4	-1.22
ITGA6	0.6
ARRDC2	0.97
ARRDC3	-2.1
	0.93
GNPTAB	-1.59
SORD	-0.38
RHBDD2	1.06
RHBDD3	0.07
	-0.12
RHBDD1	-0.12
TGFBR3	-1.17
TGFBR2	-1.14
TGFBR1	-1.93
ACADSB	3.13
RPS7	0.33
RPS6	-0.35
RPS5	-1.05
RPS3	-1.58
RPS2	-1.03
ALG12	-0.73
	1.44
ALG14	-2.02
RPS9	-0.02
RPS8	-1.61
DRG2	-1.72
DRG1	-3.08
SDF4	0.27
SDF2	0.91
EVC2	1.51
STRAP	-1.77
NFKBIB	-1.52
CAPZB	-3.31
HCN2	-1.03
	-0.7
	-1.63
RSU1	-0.63
ARIH2	1.21
ARIH1	-1.38
ARL8B	-1.79
ARL8A	-0.63
	0.02
HSP90AB1	-1.91
MEGF8	-1.29
PDCL	-0.75
ARHGDIB	0.09
	0.4
GSTO1	-3.69
CENPU	0.1
ARHGDIA	-3.13
	2.72
	9.25
	9.48
BMP2K	0.14
CAV2	0.99
TOR2A	1.83
PBK	-1.26
CAV1	-0.45
	-2.31
	-2.54
SHCBP1	-0.23
RAD23A	0.03
SCARB2	-1.14
SCARB1	0.76
RHOBTB2	4.15
RHOBTB3	0.62
APOBR	1.73
	2.54
TBCK	1.36
TBCE	1.33
TBCD	-0.03
TBCC	-0.52
TBCB	-0.79
TBCA	0.31
TRIM8	-0.23
	-0.46
TRIM3	0.36
TRIM2	3.55
	-1.07
TMEM43	0.95
TMEM42	0.4
	0.05
COL5A2	-0.11
TTC14	-0.13
TTC17	-0.84
COL5A1	-0.05
TTC13	-1.74
TTC12	0.67
LMBRD2	-0.94
LMBRD1	-0.74
IDH3A	-0.6
	-1.39
IDH3B	0.08
IDH3G	1.8
	-0.82
	-1.12
SNRPB2	-0.02
SIPA1	-1.7
SSBP3	-0.74
TRPC4AP	-2.15
	0.85
GADD45A	0.06
GADD45B	-2.47
	0.02
MNT	-0.82
GADD45G	-2.39
	1.44
	-1.31
	-0.84
	0.71
	0.42
	-0.24
	-1.21
SLC25A40	-0.93
NDOR1	0.81
TOM1L1	0.98
ECM1	2.07
TMEM216	1.33
TMEM214	-1.09
TMEM218	-0.43
	-0.1
KNSTRN	-1.48
PPM1F	-0.5
	0.83
	1.32
PPM1B	0.36
PPM1A	-0.12
RPL9	-1.25
RPL6	-0.57
RPL7	-1.69
PPM1M	0.05
RPL5	-0.91
RPL3	-0.31
MECR	-0.1
ZHX2	0.87
ZHX1	0.79
ATP6V1E1	-1.06
	0.98
TLE6	-0.46
	-0.1
UTP11L	0.63
ESPL1	0.9
IRGQ	2.05
	12.44
MYO18A	-0.07
JAK3	0.02
	0.82
PLXNA2	0.14
DNMT1	-0.94
STXBP1	-0.43
CCPG1	-0.3
ALDH7A1	-1.59
POMT1	-1.21
	-1.15
POMT2	-1.04
SDR39U1	-0.7
ATRNL1	-0.02
FAT1	0.4
SETD3	-1.04
SETD2	1.02
SETD5	1.47
ARF1	-0.73
SETD7	-0.57
SETD6	-0.9
WRB	-0.75
TSPAN3	-0.48
CYTH3	-1.81
TSPAN4	-1.33
TSPAN9	-0.87
CSDE1	-1.7
ZFHX4	2.58
ZFHX3	3.39
HMHA1	0.14
BRIP1	0.52
BCL6	-0.84
	-0.58
CCDC117	-0.02
CCDC115	-1.04
CSTF1	-3.26
CSTF3	0.02
CSTF2	-1.02
VHL	-0.29
WDR81	0.1
WDR82	-3.5
WDR83	0.47
	-0.8
	0.4
R3HDM4	-1.21
VPS16	0.44
R3HDM1	-0.28
R3HDM2	1.17
SF3A1	-1.46
	-0.68
SF3A3	-1.44
PITPNA	-1.11
PITPNB	-2.31
TGS1	-1.1
RPN1	-1.91
FTO	-2.29
	1.49
ERCC1	-0.59
ERCC2	1.01
ERCC3	0.06
SCPEP1	1.19
PPP1R16A	3.11
FRRS1	0.94
GON4L	2.11
TBCCD1	1.2
RPAP3	-1.11
RPAP1	-0.95
NSMAF	1.25
	-1.14
ZNF622	0.15
CIART	1.53
MBTPS2	-1.87
MBTPS1	4.34
PLCL2	-0.95
AMFR	-1.88
STX12	-0.92
STX16	1.2
STX18	-2.43
	1.24
	3.23
TSTA3	1.16
PDCD6	-1.54
TMEM189	-0.33
MRPL10	0.33
MRPL11	-1.29
MRPL12	-1.4
PDXK	-0.39
MRPL14	-0.66
MRPL15	-2.17
MRPL16	-0.4
MRPL17	-1.56
MRPL18	0.58
MRPL19	-1.7
CALHM2	0.4
IER2	-1.3
IER3	5.2
AAED1	0.21
DTNB	-0.74
PDXP	-0.7
GABPA	-0.89
STAM	-0.46
PRPF19	-0.63
PRPF18	-0.75
	-0.2
GSTP1	-0.13
	9.62
EVA1B	0.97
STAG2	1.0
HTATSF1	-0.72
PLTP	2.33
CDCA7	-2.55
CYFIP1	-1.62
ZNF512	1.75
CDCA5	-0.83
HGS	0.05
ACAT1	0.94
ABR	-0.8
ACAT2	-0.14
TCTEX1D2	0.9
KCTD20	-0.44
ARAP2	1.83
CTNNAL1	-0.77
SNX5	-0.55
AHNAK	-1.36
SMCR8	2.17
GNB2	-1.11
MTO1	0.36
GCSH	-1.97
CELA1	0.22
MMP14	1.15
CLN8	-1.04
MMP11	0.12
TEX30	-0.67
MMP19	-1.11
	-0.63
TPR	-0.41
ARGLU1	2.09
	15.99
GPSM2	-2.52
	2.12
PEAK1	-0.61
PPEF1	-1.76
SLC29A3	0.52
SLC29A2	1.34
SLC29A1	-2.47
TWIST2	0.58
NUP107	-0.64
CDKN2AIP	-1.58
ADPGK	0.59
ULBP1	-0.25
UQCC1	-0.11
	-0.84
UQCC2	-1.0
BOD1L1	0.12
RHBDF1	2.57
ING4	1.1
VANGL1	-0.88
ING1	-0.65
ING2	0.09
	-0.51
SNRNP200	-1.56
CANX	-1.75
	4.05
MAEA	-1.59
	0.14
	3.94
CSK	-2.04
MED28	-0.19
KALRN	2.75
DMP1	1.75
UBA6	-1.09
UBA5	-1.47
	-0.19
CXorf38	0.51
UBA1	0.69
	-0.03
PWP1	-1.0
	-0.87
CREG1	-1.06
NAA25	-0.8
SIN3B	1.47
ERCC6L	-1.01
WARS	-2.11
MED21	-2.57
CLINT1	-1.07
MED23	-0.41
	-1.15
HAT1	-1.1
SLTM	0.22
GSTM5	0.76
GSTM1	-1.22
	0.76
GSTM4	-0.14
GSTM3	0.79
	-1.33
GSTM2	0.94
	0.65
RASSF7	0.98
DMPK	0.4
TOR4A	-0.31
PNO1	0.62
ABHD17A	1.06
SNRNP35	2.01
HIST1H4C	-4.23
LAMP1	-2.33
TMEM67	0.31
TMEM65	-0.31
RPS6KC1	-0.28
SH3BGRL3	0.29
CD276	-0.36
FIGNL1	-3.37
FOXRED2	0.78
FOXRED1	0.06
	-0.56
C12orf29	0.87
H1F0	-0.35
NRM	-2.01
PIM1	-2.02
	1.06
TTC33	-1.89
TTC37	0.14
PLXND1	1.57
ST6GALNAC4	0.55
RARA	-1.66
RARG	0.14
UFM1	0.36
BTRC	-0.51
FBN1	-0.23
RARS	-0.86
WNT5B	-0.9
MLX	-0.2
TADA1	-0.5
TADA3	1.42
	0.07
SET	-2.64
PSME4	0.71
PSME2	-1.16
PSME3	0.08
NDUFB11	0.6
NDUFB10	-1.25
INO80E	-1.33
INO80C	0.47
PROSC	-0.68
CRAT	0.02
ING5	-1.25
GNPDA2	2.39
PCDH1	-0.07
C1orf159	2.49
TMEM238	-1.04
TMEM234	-0.1
TMEM237	0.97
ATP5G1	-0.88
TMEM230	0.66
ATP5G3	-2.23
ATP5G2	-4.84
SCFD1	-1.84
ZNF451	1.65
AKR1B10	-1.35
AKR1B1	1.23
LXN	0.59
	-0.19
THUMPD1	-1.73
THUMPD3	-0.59
THUMPD2	2.64
MAML1	1.87
	8.21
BMPR1A	1.34
RCBTB1	1.36
QKI	-2.12
NADK2	-0.4
SERP1	-2.84
PPP2R5D	-1.74
PPP2R5E	-1.54
PPP2R5A	0.28
	0.36
UTP6	-2.25
	2.95
ATIC	-1.75
TMEM184B	-1.16
TFDP2	-0.77
TFDP1	-0.3
PSME1	0.2
	-1.59
SUMO1	-1.57
SUMO3	-0.4
SUMO2	-1.33
PDS5A	-0.14
PDS5B	4.35
RB1CC1	-1.03
ATPAF1	-0.29
SMNDC1	0.45
C12orf66	0.18
F2R	-2.04
TRAPPC11	-0.92
TRAPPC10	2.4
TRAPPC13	0.36
TRAPPC12	-0.38
TUBB6	-2.54
TUBB	-6.16
TUBB3	-2.85
TUBB1	-1.56
TBX15	-0.61
TFE3	-0.22
TBX18	1.5
FGFR1	-3.02
TCERG1	-0.72
NR2C2AP	0.47
IRAK2	2.62
IRAK1	4.04
	-1.51
NIFK	-2.94
NGDN	-1.94
	-1.16
	0.98
NAV1	0.2
PRRC2C	2.18
NAV3	0.36
NAV2	1.24
LIG1	0.28
LIG3	1.0
FAR1	-2.5
CNOT4	0.93
PRRC2A	1.95
VPS26A	-1.76
TSPYL1	0.68
TSPYL2	-0.85
VPS26B	-1.49
KDELC1	0.36
KDELC2	-2.0
CCDC174	0.97
GPD2	-0.8
	-1.25
PLBD2	-0.69
DIP2A	-0.38
DIP2B	-0.95
	-1.15
CARS2	-1.02
CDK1	-4.42
CDK2	1.01
CDK4	-3.4
SACM1L	-2.01
CDK6	-0.77
CDK7	-2.01
CDK8	1.41
CDK9	-2.13
PEA15	-1.06
SREK1	1.75
	-0.58
PSMC1	-0.14
SQSTM1	-2.39
MXD4	-0.12
PPP3R1	-2.41
MXD3	-2.74
MORN2	-0.61
SAAL1	-0.78
PPAN	-1.79
SPPL2A	-0.76
PAPOLG	0.07
PPP1R14B	0.12
PAPOLA	0.6
AMD1	-0.38
DROSHA	3.65
	-0.73
	-1.22
ZNF608	-0.29
ZNF609	3.9
	2.03
PPAT	-1.87
PRKAR1A	-1.83
WWP2	-1.1
USP28	-0.11
USP24	-1.23
USP22	-1.29
USP21	1.5
USP20	-0.69
KIAA0895L	2.54
	8.2
DSTN	0.17
ATXN2L	1.1
PRPF39	0.05
WDTC1	2.01
PRPF31	-0.77
ALAS1	1.57
BRWD1	3.3
	6.41
	-1.4
HMGB2	-0.57
	-1.47
SPARCL1	1.09
SMU1	-3.04
FYCO1	0.79
ADAMTS10	1.32
SLC5A3	0.28
ADAMTS14	0.09
RENBP	0.35
OTUD4	-0.58
DCTD	-0.95
SLC19A2	-0.35
UBALD1	1.66
UBALD2	1.92
SLC19A1	-3.01
MAN2C1	-0.65
CALCOCO1	1.41
C10orf88	-0.75
GAN	0.87
TMEM55B	0.07
GAK	-2.04
CITED2	2.13
MTA1	-0.44
GAA	4.23
MTA3	-0.62
NCEH1	1.87
ARL2	-2.49
CYR61	0.35
EHD2	-0.31
EHD1	-2.09
TRMT61A	-0.68
ZC2HC1A	-0.43
FGGY	0.05
	1.93
SLC35A3	1.1
ABL1	2.1
ATXN7	3.69
ATXN2	1.24
ATXN3	0.31
ATXN1	0.09
PLSCR4	0.87
	-0.75
SLC6A6	-2.76
PLSCR1	-0.88
SLC6A9	0.62
SLC6A8	1.07
EML2	2.71
	-0.1
BCAP31	-0.37
MAPK1IP1L	-3.18
CAMK2D	-1.18
NUP160	-1.42
CAMK2G	0.83
CAMK2A	-0.75
NEK6	-1.38
HAUS8	-0.23
UBXN8	-0.64
ANKHD1	-0.78
UBXN4	-2.95
UBXN6	-0.74
UBXN7	-0.38
UBXN1	-0.55
	-2.15
TTPAL	1.5
PIBF1	1.68
FILIP1L	-0.68
HSD17B8	0.34
NEK7	-0.26
RAI14	-1.12
RINT1	-1.78
NIN	0.83
SETDB1	-0.95
ZNF180	0.61
TMEM41B	-0.86
GRAP	0.1
HAX1	-0.61
RDX	-0.23
BANF1	-0.01
GUSB	-1.44
	0.03
BHLHE40	1.41
	-1.52
F11R	1.73
ENSA	0.71
FBXW8	-1.44
FBXW9	-0.24
DDOST	-1.21
	6.89
ANKIB1	0.06
FBXW2	-0.86
LPAR1	-1.19
FBXW5	-0.23
FBXW7	2.01
C1orf123	0.79
ARID2	-0.7
COL4A5	-0.5
COL4A2	-0.55
COL4A1	0.05
SMIM20	0.87
	-0.76
	-1.3
PGS1	0.05
ST7L	1.0
AHCY	-1.42
	0.87
	-2.1
NUTF2	0.67
TUBB4B	-5.03
TUBB4A	-2.19
AFMID	1.64
VPS39	-0.12
TOMM20	-1.38
TOMM22	0.65
AP1B1	-0.58
IGF2R	-0.25
AS3MT	0.93
AOC3	2.03
RAB33B	-0.2
	-0.48
MAP3K11	2.37
YPEL3	2.39
MAP3K14	2.19
GALNT7	1.8
GALNT2	-0.43
PLXNB2	-0.42
NCBP1	-1.52
NCBP2	-0.88
SLC9A3R2	1.11
SLC9A3R1	-2.42
SHISA5	-1.22
LIMS1	-0.49
KIF3B	0.91
KIF3A	-0.82
FAM45A	0.33
	-0.88
PPP2R3A	0.57
	-1.29
UFC1	-0.62
PSMG4	-1.51
PSMG1	-3.37
PSMG2	-0.69
PSMG3	-0.73
TRPV2	-0.38
XPO1	0.97
XPO5	-0.2
XPO7	-0.54
XPO6	1.5
DOHH	0.12
	-5.17
	-5.17
CRCP	1.02
KCNH2	-1.0
CPNE3	-0.35
CPNE2	-1.27
CPNE1	-2.19
CPNE7	1.72
	-0.92
	2.39
FNTA	-2.99
FNTB	-0.61
	3.09
	2.02
RBM34	-1.07
SEPT9	-0.76
SEPT8	-2.84
GIT2	2.65
SEPT5	1.26
SEC61G	-1.62
SEPT7	-0.43
CYTH2	-1.7
SEC61B	-0.84
	1.26
SEPT2	-2.99
TACC1	-0.3
TACC2	0.93
TACC3	-3.72
SGCB	4.2
TECR	2.37
DCTPP1	-1.24
COL1A1	-1.81
	0.39
KMT2D	6.58
CYP4B1	1.68
	1.31
ECI2	0.83
ECI1	0.19
IPO8	0.05
IPO9	-0.29
IPO7	-0.81
IPO4	-1.47
IPO5	-2.14
YRDC	-2.86
	-0.89
	0.21
	0.54
PRMT8	-0.29
	-0.2
EMILIN1	-0.48
PRMT2	1.4
PRMT3	-2.46
	0.48
PRMT1	0.45
PRMT6	-0.94
PRMT7	-0.7
PRMT5	-0.3
	-0.62
	1.85
SCG5	-1.22
HUS1	3.07
TUBGCP2	-2.29
TUBGCP4	-0.2
TUBGCP5	1.71
TUBGCP6	1.51
STIM1	-0.44
STIM2	-0.12
	-0.58
FAM188A	-0.43
PAK4	-0.24
PAK1	-1.23
PAK2	-2.66
ELF1	0.1
YIPF3	-1.46
PMP22	-0.63
ELF2	-1.21
LIPT2	0.93
TTI2	-0.95
TTI1	0.97
SUB1	-1.82
SS18	-0.18
DNAJC15	0.36
HIST2H3C	-0.97
SMARCE1	-2.54
	-0.73
EIF4E	-3.31
	0.4
TNS1	2.8
PATL1	-0.4
EIF4B	-1.61
VWA5A	1.68
	2.54
RHOC	-0.34
	3.09
MAT2A	-3.29
	0.87
RHOG	-1.76
	0.26
	-1.37
KIAA0907	3.68
BCHE	2.79
RHOD	1.71
VPS8	-1.03
SYDE1	0.74
AMZ1	-1.01
AMZ2	0.52
	-2.87
COQ10B	-2.24
	-3.29
	-0.97
COQ10A	0.34
E4F1	1.94
FAM195B	-1.16
PPP1R12A	-1.12
PPP1R12C	-0.12
	-0.05
DDX23	1.46
EFEMP2	-0.38
JMJD6	-1.67
JMJD8	0.81
	0.08
	0.05
SFR1	-2.04
SECISBP2L	-2.36
TMEM38B	-0.28
SKP2	-1.56
ZBTB8OS	-1.23
	1.45
CAPZA2	-2.47
CAPZA1	-2.04
AGPS	-1.69
SERINC1	-0.1
SERINC3	-0.29
MAGOH	0.84
RADIL	0.32
DIRC2	-0.13
CDH17	1.2
DLST	-0.3
CHM	-1.32
MRPL54	1.38
MRPL55	-0.38
	-0.8
MRPL50	-1.43
MRPL51	-1.04
MRPL52	-0.96
MRPL53	3.72
ACLY	-0.35
	-1.26
	0.93
PLD2	-1.0
PLD3	1.59
	0.35
NFYC	0.66
NFYB	-1.54
NFYA	0.58
	5.36
C11orf54	-0.12
SCAMP4	-1.05
SCAMP5	0.59
SCAMP2	-1.12
SCAMP3	0.08
	-0.37
SCAMP1	0.2
PRRC1	-2.32
UNC45A	0.14
POLR2E	1.3
POLR2D	0.17
POLR2G	-2.03
POLR2F	0.16
POLR2A	1.42
POLR2C	0.39
POLR2B	-2.42
POLR2M	-0.01
POLR2L	-0.45
POLR2I	0.83
POLR2H	-0.88
POLR2K	1.5
POLR2J	-0.72
SUPT5H	-1.1
ATP11B	0.07
ATP11A	0.87
HOXB13	2.01
HIBCH	-0.82
GABPB2	2.72
GABPB1	0.02
	-0.11
POLDIP2	-1.28
CLEC16A	1.68
THRA	1.97
CD14	0.67
AFP	-0.37
VASN	-0.35
	0.26
ERI2	1.78
ERI3	-1.18
NDC1	-2.1
ERI1	-2.6
	0.91
BAIAP2	-1.26
VASP	1.16
MLST8	-0.46
XAB2	-0.79
CHD1L	0.26
	18.61
PER3	2.39
TBX3	0.09
PER1	-1.14
	-0.2
PTGES	0.98
SLC35C2	-1.0
ENTHD2	1.36
DBI	-0.74
	0.59
	12.1
	-0.1
C1GALT1	0.98
WSB1	1.48
WSB2	1.05
DBT	1.67
VSIG10	1.66
CENPC	-1.82
RB1	1.34
PURB	2.03
PURA	0.15
LDB1	0.54
	2.24
	-0.51
DCP2	1.65
LONP2	-1.22
LONP1	-0.82
TBC1D22A	0.46
LZIC	-0.4
UFSP2	-0.53
ARSA	2.75
ARSB	-1.83
	-1.48
	-0.35
YTHDC1	0.14
IVNS1ABP	3.47
PAQR4	-0.11
PAQR7	-0.84
BTD	-2.45
DENND4B	0.83
DENND4C	2.05
	-0.4
UQCRC1	-1.45
TPT1	0.27
STK19	-0.15
STK10	0.05
STK11	3.47
STK16	-0.43
CALU	-1.42
	-0.22
CBFB	0.64
LSM11	-0.72
	1.72
	0.61
	0.03
BCL2L13	-1.6
PHB	-1.26
ST3GAL4	1.31
CCDC6	-0.31
CCDC9	-0.44
GUCA1A	0.34
SLPI	-1.61
HYAL1	0.62
CYLD	-1.65
SAMD4B	-0.28
SHKBP1	1.66
MYH9	-2.39
TP53BP1	0.58
SNRNP70	-1.48
OSTM1	-2.09
SLC52A2	-0.94
	-1.72
KIF1B	0.86
KIF1C	2.11
MITD1	0.47
PRDM4	1.85
PRDM2	-0.1
	-0.21
TMPO	-2.7
RAB5A	-2.1
RAB5C	-2.08
RAB5B	-0.38
UNC119B	0.41
	-1.61
G6PD	-0.02
RGS3	-0.84
NVL	-1.1
	-0.43
GNPTG	-1.07
KIF14	-0.38
KIF15	0.78
PSMA1	0.41
PSMA6	-0.38
KIF11	-2.13
PSMA4	-1.94
PSMA5	-3.3
MSTO1	-1.47
TMIGD1	0.18
RPL18A	0.75
	-0.42
	-0.17
CNDP2	-0.99
ATP5C1	-1.64
ZDHHC17	-0.88
ZDHHC16	3.58
ZDHHC13	1.87
NBR1	1.38
ZDHHC18	-0.11
LGALS9B	-0.17
	-0.28
FOSL1	-0.96
FOSL2	0.0
LGALS3	0.12
LGALS2	3.1
KAT6A	3.22
	-1.21
ZNF410	-0.1
ZNF414	-0.11
RBM12	-0.63
RBM10	-0.82
RBM17	-2.65
RBM15	0.81
RBM14	-1.25
RBM19	-0.39
RBM18	-1.4
PPP2R1A	-0.84
PPP2R1B	-1.64
ZFX	0.1
LGALSL	-1.04
ZFR	2.67
TCP11L2	1.95
CEP89	-2.73
TCF7L2	-0.58
GFPT1	-3.94
	1.26
CEP85	-0.46
TWF1	-0.2
TWF2	0.23
AGMO	0.51
PRPF38A	-1.38
PRPF38B	0.38
UBE2E1	1.18
UBE2E3	-0.68
SLC25A22	-2.55
RGL1	1.17
SLC25A20	-1.91
TNKS1BP1	0.89
SLC25A24	-2.22
SLC25A25	0.65
SLC25A28	-1.25
BNIP1	-2.05
BNIP2	-2.28
	-1.46
SUN1	0.42
ETFA	1.74
ETFB	-2.14
TFAM	-0.68
LAS1L	0.4
SCAF11	-2.13
PDIA6	-1.53
CTDP1	-1.16
HIBADH	-1.06
	0.05
CAPN15	2.17
ESYT1	-0.55
ESYT2	-0.14
MYBBP1A	-1.75
PRRX1	-0.44
PGM3	1.25
KIF21A	4.85
ATF7	0.05
MAD2L1BP	-0.94
BET1	-1.88
TLK1	0.59
TLK2	-1.26
ATF1	-0.12
CGGBP1	0.25
ETF1	-2.55
GCDH	-0.5
MRE11A	-0.61
TM2D1	1.02
IL17RC	-0.29
IL17RA	-2.79
MECOM	-0.72
HMG20B	1.87
THOC3	-1.9
THOC2	-0.12
THOC1	-1.62
THOC7	-0.63
THOC6	0.18
THOC5	-1.76
B3GALT6	-0.47
FBXL2	0.82
ACACA	0.88
VRK3	0.36
ACACB	3.44
WNK1	-1.07
	0.28
	3.09
USO1	-1.44
NCSTN	1.28
	4.56
TMEM63A	0.22
TMEM63B	-0.8
SNTB2	-0.73
AIDA	0.93
NIPA2	-0.02
RER1	-1.59
EPS8L2	-0.77
OSBP2	1.17
NCAPG2	1.33
	-1.42
DMAP1	-0.88
FAM160B1	-0.67
	1.5
DPH1	0.73
DPH3	1.34
DPH6	-1.66
TBRG1	-0.89
	11.6
TBRG4	0.26
MSX1	0.4
C6orf106	-0.02
ZNF644	-1.11
ZNF646	0.67
PUM2	1.92
	-0.91
PUM1	-0.43
TNKS2	-0.39
NPEPPS	-1.49
SNX17	0.65
SNX14	-0.9
SNX12	-1.19
SNX11	1.36
SNX10	0.36
SNX19	-0.41
SNX18	-1.28
AGRN	0.05
LOC102288414	-0.05
MALSU1	-0.12
	1.34
	1.42
	0.07
MARS	-1.58
ITPRIP	-1.13
NDC80	1.79
	-0.94
TNFRSF1B	-0.4
TNFRSF1A	-2.21
MIB1	-0.67
MIB2	1.0
PABPC1	5.94
	4.15
PABPC4	2.45
	3.23
SAMD4A	0.55
DTD1	-0.59
DTD2	-1.33
STK3	-2.37
STK4	0.34
SAMD1	-1.62
TNRC6A	1.11
STT3B	-2.14
GMPPB	-1.52
SEMA6B	-1.54
DBR1	-1.51
	9.02
	12.86
	-0.66
	-1.6
DCPS	-1.25
PEPD	-0.24
	-0.23
RAE1	-0.81
	2.54
ADA	0.05
ARMC10	-0.51
ADM	3.48
ADK	-1.19
LRPPRC	-2.22
ADPRHL2	-2.01
GPBP1	3.44
	2.01
BAG3	0.2
BAG1	-0.52
BAG6	0.47
TNR	1.04
INSL6	3.09
	-2.83
SLC35E1	-0.7
SLC35E3	0.67
LZTR1	-1.06
SAP130	0.86
FAM111A	-2.03
CCNL1	1.77
GGACT	1.31
NUSAP1	-2.33
RAB3GAP1	-1.34
ENDOD1	1.38
YME1L1	-0.16
TMEM9	0.9
RABEP2	-0.13
NPTXR	1.08
RABEP1	0.56
TMEM2	-1.22
TMEM5	1.31
RPS26	0.81
	0.68
RPS24	0.19
RPS25	0.8
RPS23	0.18
RPS20	-0.02
	1.11
RPS28	0.13
RPS29	-0.2
	0.52
ESD	1.2
LCP1	2.49
	1.85
	-0.44
	5.09
NFKBIA	-1.42
CHUK	0.59
NFKBIZ	-1.42
YIF1B	-1.06
YIF1A	1.09
FMNL2	0.93
FMNL3	-2.44
AP2S1	0.04
CETN2	-0.76
RNMT	-0.17
CXorf23	0.98
LSM14B	-1.81
LSM14A	-2.06
FANCE	-1.42
FANCB	-0.47
FANCA	-0.47
JAK1	-1.91
BRE	-0.86
FANCL	-1.06
DENND6B	3.21
FANCI	-0.38
DENND6A	2.39
APPBP2	0.08
MYO6	3.27
MAOA	0.93
ATP4A	-0.2
HLA-G	0.73
	-1.4
ATG4B	-0.44
ATG4A	0.98
MPDU1	2.34
COX6B1	-0.74
XPA	0.48
SNX3	0.47
SNX2	0.86
SNX1	-0.45
SNX7	-1.7
SNX6	-1.59
ARAP1	-1.5
SNX4	-1.66
SNX9	-0.5
SNX8	-1.33
CKS1B	-0.81
PEX2	1.64
SYNE1	-1.01
FNDC3B	-0.82
IFT80	-0.5
TCF19	-2.28
TNIP1	-2.13
STK35	1.65
STK38	2.32
DEPDC1	-1.18
DDB1	-1.69
SHMT2	1.29
SHMT1	-1.4
	-0.61
PIM2	1.32
PIM3	0.45
	-1.04
METTL13	-0.24
	1.66
	-0.54
SEC24D	0.58
SEC24A	0.44
SEC24C	0.36
SEC24B	0.24
	-1.92
SPC25	-2.24
SPC24	-1.34
MVP	0.07
CCDC80	0.16
CCDC86	-2.52
CCDC84	1.11
OSMR	-0.48
MVD	-0.15
TANGO2	-0.29
PDE4A	2.26
PSMC2	-2.59
PSMC3	-1.71
PSMC4	-0.69
PSMC5	-0.62
PSMC6	-1.97
DOLK	-1.21
TRMT6	-2.17
NAAA	1.12
METTL16	-1.43
AQR	-0.73
HSP90B1	-2.62
AGTPBP1	2.46
TTC9C	1.1
	-0.36
KCMF1	1.41
IARS2	0.02
METTL17	1.34
ARL1	0.25
MRPS34	-2.67
ATP5A1	-2.14
MRPS36	-2.28
MRPS31	-0.15
MRPS30	-3.44
MRPS33	-1.0
ARL6	-1.88
CLIP2	-1.82
CLIP1	-0.19
CRIPT	-1.7
GCHFR	-0.77
SEL1L	-1.45
ACTG1	-1.14
ACTG2	0.12
CHRNB1	0.21
IBA57	1.66
	1.34
NLRC5	3.0
LARS2	-1.76
NLRC3	0.98
SIRT3	0.98
VBP1	0.0
HSPB7	0.83
PPP2R3C	1.94
	-0.81
	2.03
C1QBP	0.11
ARHGAP23	1.17
	-1.96
ARHGAP21	0.97
	0.4
UBE2G2	1.0
C8orf76	-0.15
MSANTD4	-0.86
AIM2	1.37
	0.93
	-0.35
	-0.54
CA5B	-0.96
DHFR	-0.12
FXYD1	0.87
	0.69
	0.23
ZC3HAV1	0.76
	0.34
GIPR	0.82
ERRFI1	2.58
MTHFSD	0.05
DCLK1	-0.58
	0.28
	-0.28
MCPH1	0.47
DDX21	-0.86
DDX20	-2.92
DDX27	0.38
DDX24	-2.96
DDX28	-0.54
JDP2	-0.25
TAMM41	0.73
	-0.29
GLYR1	-1.99
MXRA8	1.04
MAP1A	0.79
IWS1	-0.11
COPB1	0.57
COPB2	-1.38
APBB1IP	0.1
B4GALNT1	2.54
BIRC6	-0.33
BIRC5	-0.93
LSM12	0.19
BIRC2	1.36
LSM10	0.6
EEF1B2	-1.28
CTU2	-1.54
APRT	-1.2
TRIM47	-2.2
GYPC	-0.28
CAB39L	0.4
NFAT5	1.11
AIMP2	-2.16
ACAA2	-0.88
TRPS1	2.54
	-1.76
TUBA4A	-0.83
NFKB2	1.0
AIMP1	-1.5
SUN2	1.04
RGL3	1.66
RGL2	1.66
MTX3	3.09
MTX2	-0.58
MTX1	-0.68
ATF5	3.75
ATF4	5.41
SMARCA2	1.71
ATF6	-0.26
SMARCA4	1.34
SMARCA5	-0.75
ATF2	1.66
PCBP2	0.36
PCBP1	-1.34
CMTM3	-0.77
CMTM6	0.28
CMTM7	1.76
LIAS	-0.15
GFM1	1.47
GFM2	1.36
CARM1	-2.6
CPSF7	0.9
CPSF6	2.67
STT3A	-1.09
MUL1	-0.86
CPSF3	-1.36
CPSF2	0.71
CPSF1	-0.49
KIAA0930	1.7
ASPA	2.72
ENG	1.08
ASPM	0.2
ASPN	0.59
ASPH	-1.66
RRN3	-2.03
TPI1	-2.3
BECN1	2.55
TCF12	-1.67
FNDC3A	0.77
SYNE2	1.78
SYNE3	0.11
YBX1	3.82
YBX3	-3.78
	0.12
NONO	-2.36
NR2C2	-0.1
TRMT5	-1.04
	-0.77
TRMT1	-1.96
LRP6	1.71
HSPB6	-1.29
SIRT2	0.02
SIRT1	-1.21
FXYD5	0.76
SIRT7	0.31
BROX	2.79
SIRT5	0.97
SIRT4	2.54
HSPB8	0.44
RGS19	1.1
EBNA1BP2	0.35
TAF1B	0.44
TAF1A	2.04
TAF1D	0.63
	2.44
PDPN	-0.75
PDPR	-1.39
	5.94
CLU	0.88
FAM135A	2.39
PHPT1	-1.25
TICAM1	0.34
DAZAP2	0.94
PHLPP1	0.4
RFWD2	1.24
RFWD3	-0.51
LRP5	0.41
	-0.51
MVK	0.05
ADD3	-0.86
ACP1	-2.04
ADD1	-1.24
WWTR1	-0.8
LACTB	2.47
TAF13	0.36
PDP1	-0.43
PDP2	0.52
TAF10	-1.22
TAF15	0.44
SEMA4B	0.15
SEMA4C	0.79
LENG9	1.85
LENG8	5.08
COPS7A	-1.07
KLHL25	1.64
KLHL24	2.12
AGPAT1	1.66
KLHL21	-0.04
KLHL20	0.21
PTEN	1.27
PHRF1	-0.39
KLHL28	1.33
FAM53B	2.54
FAM53C	1.1
DIS3L2	1.24
	1.63
HMOX1	-1.11
	-0.25
SPRED2	0.98
HMOX2	-2.04
	2.17
FAM168B	1.17
ACP2	1.44
ADAMTSL4	1.0
FAM168A	0.78
RPLP2	-0.44
	-0.77
RPLP0	0.02
MTG1	-1.03
MTUS1	1.85
FADS1	-1.47
FADS3	-1.41
	-0.95
	-0.58
	-0.12
PTGIS	-0.24
PTGIR	3.3
EPS8	1.3
FAM117B	-1.11
ITM2C	-1.13
	-1.88
TAF12	-0.77
VAC14	0.16
MECP2	1.78
TAF11	-1.75
	0.18
STK11IP	-1.04
ZW10	-0.29
TMEM170B	2.72
MAP4	1.88
	-1.06
RRS1	-1.72
OXR1	-1.76
EAPP	-2.7
IQGAP3	-1.57
PDXDC1	-2.61
ALDH1L2	-1.45
TCEB1	-0.75
MATR3	0.86
IDI1	0.68
MPST	1.74
SOX9	2.05
	-1.31
	-0.07
CD2BP2	-2.57
KLHL22	-0.72
NUP188	-1.02
METTL22	0.09
	0.67
	2.43
MYLK	1.2
MUS81	1.01
PARG	-1.87
PARN	-1.51
PARL	-1.11
FIS1	-1.43
ATG2A	0.7
ATG2B	0.72
KNTC1	-0.07
GRAMD1B	0.86
MYL6	-0.68
PLEKHB2	-0.29
DNAAF2	-0.78
	-1.51
MYL9	-0.76
TOMM40	-1.1
FUOM	2.79
	-1.28
TLR2	-0.02
ST13	-1.34
TLR4	0.47
UBA52	1.76
HARS	-2.42
BICD2	-1.31
ADAMTS5	2.58
ADAMTS7	-0.43
VPS29	-1.08
ADAMTS2	-1.17
	0.42
	0.02
KIF5B	0.77
	-1.55
WAC	0.96
HIST1H2BF	-1.47
HIST1H2BB	-4.59
HIST1H2BI	-1.23
SLC9B1	-0.88
HIST1H2BN	-3.56
	0.22
	-2.46
RAB1B	-0.85
KIAA1468	0.6
HIP1R	-1.39
MTR	-2.48
PLA2G2E	2.74
PDCL3	-0.25
NACA	-1.67
CUTA	0.06
S1PR3	0.98
S1PR2	0.18
	2.59
RAB18	-2.13
RHOT1	0.78
RHOT2	4.26
GOT2	0.52
RAB10	-3.01
PTPN1	1.47
GOT1	-1.44
RAB14	-2.05
CUEDC1	-1.6
CUEDC2	-0.43
ORC6	-0.72
	3.0
ORC4	-1.75
ORC5	-1.32
ORC2	-1.03
ORC3	-1.9
ORC1	-1.01
NPLOC4	-1.67
ACTA2	-1.06
ACTA1	-0.8
	0.97
ASH2L	-0.45
NDUFB9	-1.91
NDUFB8	-1.07
NDUFB7	-0.2
SPTAN1	-1.52
NDUFB5	0.15
NDUFB4	-0.31
NDUFB3	-0.06
NDUFB2	0.62
SMARCAL1	0.79
DCUN1D1	-0.9
DCUN1D2	2.37
DCUN1D5	-2.15
DDX3X	0.57
SIL1	-1.33
ADAMTSL5	1.47
NXT2	0.25
MRPS16	0.5
MRPS15	-1.49
MRPS14	-0.69
MRPS12	-1.0
MRPS11	-0.88
MRPS10	-3.23
PLGRKT	1.09
DDX49	-0.4
CTSK	1.08
CTSV	0.46
C12orf49	1.53
CTSO	-1.0
DDX41	-1.27
CTSA	0.85
CTSB	-0.19
GCH1	0.14
CTSD	0.88
KIDINS220	2.8
DDX47	1.16
DDX46	2.03
CTSZ	-0.08
GANAB	-0.12
MICALL1	-0.11
MICALL2	-1.11
ATAD1	-2.3
	-1.88
ATAD2	-0.25
MAPK3	-0.81
MAPK1	-2.96
MAPK6	2.12
RAD23B	-2.43
MAPK9	0.31
URGCP	-1.68
HOXC9	-0.11
HOXC8	-0.72
SAFB	-0.34
	-3.66
PTGES2	-1.54
KAT2A	0.25
C12orf65	1.06
FBLN2	0.15
TRIM65	-0.57
TRIM66	1.78
SOCS5	3.9
TRNAU1AP	-0.67
	-3.97
PARPBP	1.02
DHRS7	-2.13
DHRS4	0.36
EIF2D	0.52
EIF2A	-0.31
DHRS1	0.12
	-1.96
NEIL3	0.78
	-0.54
	4.58
	6.54
SMARCC2	0.06
SMARCC1	-0.17
	0.63
GNA15	-0.85
GNA12	1.66
GNA13	0.3
	0.21
GNA11	-0.27
CARKD	-1.63
DHRSX	-0.74
CDKN1B	2.09
CDKN1A	-1.51
TSEN54	-0.29
CHPT1	-0.29
TXNIP	-1.48
ETV4	0.3
SCAI	2.54
INCENP	-1.97
CDS2	-0.49
	0.47
SCAP	-0.12
KLC2	1.34
NUCB1	-0.25
NUCB2	-1.74
TOMM6	3.01
SBNO2	1.57
SBNO1	1.0
	1.36
ELL	0.96
HSPA14	-0.05
	-0.49
NOL9	-0.97
NOL8	-1.46
TPK1	1.23
NOL7	0.1
NOL6	-1.21
NOL3	-1.16
EFNB2	-1.35
EFNB1	-0.93
BRI3	-1.6
	-1.38
MST1	0.02
	-2.1
POP5	-1.0
POMGNT1	1.0
POP4	1.41
EBPL	-1.01
	2.91
HSPA1A	2.96
GDPD1	1.36
MCOLN1	-0.31
HSPA1L	1.85
TXNDC9	-3.15
	1.55
CRABP2	-1.19
HTT	-1.03
AVIL	0.3
RSF1	0.44
BRAP	-0.19
TEFM	2.5
CTNNBL1	1.1
TG	1.85
MPPE1	0.18
MAVS	0.51
TMEM47	-2.13
C9orf114	-0.82
MAP4K3	-0.12
MAP4K2	1.91
ISG20L2	-2.37
E2F1	0.68
	1.32
	0.83
UFD1L	-1.65
ENC1	-0.63
EIF4G1	-0.82
DTX4	-0.11
BYSL	-0.53
IL23A	1.66
	0.58
HDLBP	-2.71
EIF5	-1.22
EIF6	-2.66
POLA2	-0.52
POLA1	-0.93
	2.45
	-0.41
CYB5R1	-2.86
	1.24
RAPGEF6	1.53
	0.61
RAPGEF1	1.02
RAPGEF2	0.92
RAPGEF3	0.34
VTA1	0.08
BTF3L4	-0.81
FBL	0.67
RBM7	-1.14
RBM6	1.55
RBM5	-1.75
RBM4	0.67
RBM3	-1.56
CNIH4	1.4
ADCK1	-0.82
FBXO22	0.64
FBXO21	-1.56
TIMM9	-1.04
SERPINF1	-1.08
FBXO25	-1.51
NDE1	-0.93
RPL36AL	-1.9
ATPIF1	0.36
MSLN	2.5
ASF1B	-2.99
COL5A3	0.32
SP1	-2.58
SP3	0.78
	-0.01
PRPF40B	2.39
PRPF40A	-1.54
RNF215	-0.21
RNF217	1.24
RNF216	1.0
PXMP4	1.93
RNF213	0.82
	1.25
NSUN2	-1.52
	-0.78
	2.03
RBMX	-1.94
TRPM4	2.08
TRPM7	0.78
	1.65
SPR	-3.13
DXO	-0.4
SPN	1.83
KIAA0556	1.1
	-0.68
	-0.39
IFNAR2	0.41
ZNF106	2.32
IFNAR1	1.53
	3.21
GPRC5A	1.42
	0.16
GPRC5B	1.16
	-0.66
ADRM1	-2.33
RLF	-0.37
IQGAP1	0.08
MYCBP2	-1.26
	0.6
ECHDC3	-0.94
ECHDC1	-1.95
PMM2	1.19
HOXD8	-0.11
PMM1	0.05
SEPT11	-2.03
SEPT10	-0.23
SEC61A2	-1.27
	-0.02
YARS2	-1.17
RBMS1	-0.31
RBMS2	1.14
ALDH1L1	1.41
CHST13	1.5
CHST12	0.4
BNIP3L	-1.39
CHST14	-1.74
TMEM183A	1.94
ARCN1	-1.85
BCCIP	1.98
	8.88
MCRS1	1.05
UGGT1	-1.9
RFXANK	-0.02
MKNK2	-1.39
	-2.39
PNN	0.15
ZNF496	2.22
NSL1	-0.23
LRRC8D	-1.55
LRRC8A	-0.85
RIT1	-1.22
	-0.69
TRIM56	3.74
EARS2	-1.33
	1.14
CKAP2L	0.05
C2CD5	2.75
FBXO3	-0.72
FBXO4	-1.03
MROH8	2.39
FBXO6	-2.36
FBXO7	-2.06
FBXO8	-0.58
FBXO9	1.72
SWAP70	-0.04
MROH1	-0.98
SSBP4	1.5
CAPNS1	-1.28
	3.68
MRPL28	-1.94
TERF2	-0.63
	0.58
TERF1	-0.23
	-1.13
PANK4	-1.09
LIMK2	0.22
LIMK1	-0.99
RBPMS	1.44
RAB3D	-0.86
RAB3A	0.09
NAE1	0.88
GALC	-0.36
GAPDH	0.36
RAB11A	-1.75
	1.64
OSBPL9	-1.22
CFDP1	-4.06
OSBPL2	-0.36
OSBPL3	0.71
PLA2G4A	1.5
	1.01
	-0.88
OSBPL5	0.78
CBLB	-0.11
RAB35	-1.07
RAB32	-1.27
RAB31	-0.05
NTAN1	0.02
HAPLN4	2.08
SAPCD2	-1.42
TSPO	0.68
APMAP	1.78
SLC22A18	1.42
TNFAIP1	-1.3
TNFAIP3	1.5
TNFAIP2	0.08
MTRF1L	0.78
ACTC1	2.9
TDP2	0.8
CA13	-0.5
ARV1	0.67
ATOX1	-1.96
CEP63	-0.44
ALDH3A1	2.12
CTTN	1.34
DOT1L	1.1
ARHGEF10	0.73
FAM98B	-1.76
ARHGEF12	2.27
	8.69
ARHGEF18	-1.88
ENPP4	-1.11
ENPP5	2.03
ENPP2	2.65
	-2.68
PJA1	0.61
PJA2	-0.46
ZBTB7B	3.27
ATP6V1D	-2.25
ATP6V1F	-0.87
ATP6V1A	-0.02
KIAA0319L	-0.44
ATP6V1H	1.43
	-1.21
IMMT	-0.76
JTB	-0.17
ARL2BP	0.97
KIAA0232	0.87
HOXA7	-1.03
SH3PXD2B	0.69
PDPK1	0.77
REEP3	-1.92
SH3PXD2A	2.43
REEP5	-0.39
REEP4	-0.89
HOXA9	2.4
APBA3	0.2
CRKL	0.58
KIAA1217	0.81
NDUFB1	2.47
GTPBP1	-0.84
IFT122	-0.17
	2.63
PDGFA	-1.0
	4.53
HEG1	-0.44
	3.83
AP2A2	-1.59
	-1.4
UROS	1.32
BIN1	-2.19
BIN3	-1.51
SUCLA2	-2.42
	0.73
PDCD10	-3.09
PDCD11	1.3
KREMEN1	2.74
XBP1	-3.19
PACS1	0.28
PACS2	0.58
NIP7	-1.72
TBL1XR1	-0.68
	-0.33
AGAP1	0.59
AGAP3	3.72
	-1.09
TBC1D8B	0.59
ZWILCH	-1.6
HTATIP2	-2.67
PPM1G	-2.98
BRK1	-1.38
DUSP9	1.36
ASCC3	-1.69
EEFSEC	-0.47
DUSP7	-0.77
DUSP6	0.87
DUSP1	1.14
RPL8	-1.8
MFGE8	0.83
IRAK1BP1	-0.57
RPL4	-1.46
ACYP1	1.26
ACYP2	2.21
	2.05
	5.64
	-0.05
CNIH1	0.75
STOM	1.2
CC2D1A	0.2
DLGAP4	-1.82
DLGAP5	-0.98
HSCB	1.06
ITFG2	-1.83
ITFG1	1.38
COA5	-0.11
SEC11C	-1.02
COA3	-3.0
LTC4S	0.62
PAK1IP1	-2.58
TARS	0.91
UBR2	-1.17
ACTB	-1.15
TAF5L	-0.5
MID2	1.06
	2.77
UBR5	0.03
MID1	5.05
VCPKMT	-0.12
	2.05
	-0.24
MSH6	-1.79
NIF3L1	-2.32
EIF2S1	-2.23
FAM219A	1.33
EIF2S2	-2.1
MIDN	-2.46
	2.54
	0.29
TNK2	3.85
DSN1	-1.15
SNED1	1.51
	-1.07
YARS	-2.81
CANT1	-1.46
SDF2L1	-2.93
MGRN1	-0.14
	-0.8
UXT	-0.73
SLC25A3	-1.53
	-2.76
SCCPDH	-1.43
SLC25A5	-1.32
SLC25A4	-0.67
	-1.04
CLPP	-0.11
LAMC2	2.71
LAMC1	-0.67
	0.82
	-0.82
	0.19
RAC2	-0.46
RAC1	-0.96
PPP5C	1.57
CD93	2.54
ANGPTL6	-1.8
ANGPTL4	0.59
LYAR	0.08
ANGPTL2	-0.35
C11orf58	-0.06
CLCC1	-0.84
	4.61
TDG	-0.43
REV3L	2.49
EID1	0.84
PYCR2	-0.33
PYCR1	-0.48
SRC	-0.02
LY6E	1.93
SRF	0.14
	-0.37
NFE2L2	0.29
LAP3	-2.78
SRI	0.17
	-0.63
SRM	-3.88
GNPAT	-1.08
PYCRL	-1.31
	0.61
EMC10	1.64
KIF13A	4.27
	-0.09
SDHA	-0.93
SDHC	-1.99
SDHB	1.67
SDHD	-0.51
EPM2A	3.57
	0.5
ROPN1L	3.0
TLE3	-0.14
RPS4Y1	-0.26
	7.94
ETAA1	-0.37
ANKS1A	0.57
	0.07
TMEM86A	0.02
GRK6	1.14
	-1.74
ANKH	0.97
ATP9A	0.31
TADA2A	-0.82
DCTN2	-1.43
DCTN3	-0.09
DCTN1	-1.7
DCTN6	-0.81
TADA2B	-0.58
DCTN4	-1.94
DCTN5	-2.1
DHDDS	-0.88
ZNRF2	1.05
SLC38A10	-0.64
	0.47
C1orf54	-0.13
PDDC1	0.52
GLRX	-1.17
ATXN10	-1.34
CARHSP1	-1.07
C1orf52	0.63
PLEKHF1	-0.95
DUSP4	4.16
LAMP2	0.08
	-0.85
ATXN1L	1.65
SYS1	-0.5
ETS2	2.29
ETS1	-1.18
	8.61
SUV420H1	1.32
SEC22B	-1.62
	1.2
P4HB	-2.39
PTPN14	-1.35
	2.99
	-0.29
UBE2D2	-1.54
CDIP1	0.07
ITGB1	-1.32
MPG	-0.23
PIGC	1.83
ITGB5	-0.21
ITGB7	-0.33
TSR1	-2.16
TSR3	-0.37
PIGK	-0.1
MMS22L	-0.23
PIGN	-0.4
PIGO	1.42
PIGP	-0.11
PIGQ	-1.35
PIGS	2.42
PIGT	1.36
PIGU	-0.48
CAPRIN1	-1.26
OPTN	-1.56
GOPC	0.05
GNL3L	-1.81
ACAA1	-0.46
ZNF768	2.12
TMX4	1.53
TMX1	-2.21
TMX3	-0.26
TMX2	-0.91
CDIPT	-0.35
	0.58
	1.5
BTF3	-2.47
PPP2CA	-3.37
PPP2CB	-0.77
KITLG	-0.29
NAGA	-2.41
MYO10	-0.4
NAGK	0.73
KRT75	0.1
KRT73	1.11
LLGL1	-0.31
NOC3L	-1.51
C1orf35	-0.44
	-0.11
RBFOX2	-0.31
PTAR1	1.17
XYLT2	-1.12
CBLL1	-0.57
KDELR2	-0.94
KDELR3	-0.9
KDELR1	-1.47
	0.58
RAB11FIP1	0.39
LRIG3	-1.65
RAB11FIP5	-0.88
ARHGAP42	1.24
MORC2	2.09
THYN1	-1.81
	0.93
FAM96A	0.34
ANXA4	0.41
ARHGEF39	-0.43
AGO2	0.51
PPP3CA	-0.59
PPP3CB	1.21
PPP3CC	0.79
NCLN	-1.59
ARFRP1	0.33
PTBP3	-1.31
PTBP2	2.07
PTBP1	-0.55
	-0.23
CHCHD3	-1.79
CHCHD1	-1.01
CHCHD6	-1.82
CHCHD4	-1.59
LMO4	-0.95
EPHA2	5.39
PBXIP1	0.82
GCLM	-2.23
GCLC	-1.14
ALDH2	0.87
	2.79
	-0.61
NHP2	-0.52
EFEMP1	0.73
CGRRF1	0.82
IFT140	1.01
TRIM28	-1.19
TRIM25	-1.78
TRIM26	-1.32
TANC1	0.3
TRIM23	1.55
FABP4	-1.18
FABP5	-1.21
	-1.6
SART3	-1.7
SART1	-0.84
TTC5	0.54
TTC4	-1.56
TTC1	-1.21
STON1	1.61
TTC3	1.57
SUCLG2	-0.3
SUCLG1	-2.01
	-0.84
GATAD2B	-1.06
VGLL3	1.16
	-0.55
GATAD2A	-1.24
VGLL4	0.51
LCMT1	1.46
UBE2D3	-0.67
NUP50	0.45
RAVER1	-0.1
NUP54	-2.74
ATL3	-0.71
ATL2	-0.43
ATL1	2.01
LDLRAP1	-2.48
ZNF316	0.67
	1.72
DSCC1	-0.68
	-1.41
FARP2	-0.28
RPL28	-0.87
	-2.46
RPL24	-0.37
RPL27	-0.43
RPL26	-0.41
RPL21	0.93
RPL23	-0.52
RPL22	2.78
BCAR1	-1.62
STRN4	-2.0
SDSL	0.88
STRN3	-0.52
ATP13A1	2.4
TOM1	-0.49
ATP13A3	-1.04
ATP13A2	1.31
PMVK	-0.3
PKNOX1	0.67
PKD2	0.74
PKD1	1.7
GPX1	1.42
B2M	2.21
GPX4	0.38
GPX7	-0.03
GPX8	-0.64
THEM6	1.36
THEM5	4.1
SPG7	-1.29
UBE3B	0.1
UBE3C	0.88
UQCRQ	1.6
HSPD1	-0.56
UQCRHL	-1.28
UQCRB	-0.89
RMI2	-0.67
METTL8	0.48
METTL9	-0.77
CEP170	0.12
UNC5B	-0.73
METTL1	-0.14
METTL2A	-1.14
UNC5A	-0.1
METTL5	0.4
METTL6	0.05
PHF3	-0.94
FASTK	1.92
CCAR1	-1.22
CCAR2	-0.73
PHF1	3.23
UBP1	0.83
COG8	-0.7
AVEN	0.32
	-0.46
PTRHD1	-1.38
COG2	0.21
COG1	-2.05
SZRD1	-0.29
COG7	0.51
COG6	-0.31
COG5	0.83
COG4	-1.27
SC5D	0.31
ACTBL2	-2.16
YAP1	0.06
	1.18
	-0.95
TPD52L2	-0.74
TAP1	1.73
UBAP2	-1.38
	0.02
TAP2	2.15
	1.49
PTPN3	0.52
POLE4	-0.01
POLE3	-0.66
POLE2	-1.05
	-1.0
CCZ1	0.57
	1.33
RAB13	-0.99
RAB12	1.14
LAMA5	0.96
SIKE1	-0.66
GNG10	-1.53
GNG11	-0.84
GNG12	-1.34
UTRN	-0.87
ARHGAP11A	-0.43
WDPCP	0.22
MIEN1	-1.37
	-1.53
HPSE	0.26
PLA2G5	-0.11
ST5	0.39
GOLIM4	-1.27
ST7	-0.24
P2RX1	-0.05
P2RX5	0.85
P2RX7	2.69
MPHOSPH8	-0.02
KLF10	-2.43
	-0.77
	2.19
TFG	-2.29
MPHOSPH6	-2.09
NCL	-2.41
UNKL	2.47
KCTD3	0.83
DTL	-2.92
PHB2	-0.84
HPS5	0.87
HPS6	-0.11
HPS1	-0.52
HPS3	-1.06
MANEA	1.36
LAMTOR4	-1.32
LAMTOR5	-0.69
LAMTOR1	-2.44
LAMTOR2	-0.43
LAMTOR3	0.9
KCTD5	-1.04
FAM133B	0.46
SERPINB6	-1.26
	0.54
	0.2
KCTD9	0.47
SNF8	1.44
LIF	2.54
UCK1	-0.75
UCK2	-1.55
	-1.66
APEX1	-3.2
ZNF148	0.86
TMEM176A	1.21
TMEM176B	-0.78
ALDH1B1	0.67
SYF2	-0.18
ZNF146	-0.25
PUS7L	-0.65
SOAT1	-1.43
	-0.66
IAH1	0.12
C17orf49	-0.15
LDLR	-0.17
ILVBL	0.88
	-1.22
	3.64
	-1.72
PPTC7	0.09
SLC7A6OS	0.51
KBTBD4	1.06
KBTBD2	2.37
AKT1	1.22
RNASEH2B	-0.29
PRELID1	-0.07
RCE1	0.02
ATP7A	-0.23
NEU1	-1.92
ZNRD1	-2.24
SLC8B1	1.02
PTGES3	-3.72
GPD1L	-0.77
IP6K2	-0.41
IP6K1	0.16
NME4	1.36
NME6	-0.2
NME7	-0.68
NME1	-2.16
NME2	-0.82
CSTB	0.43
ARPC5L	-0.29
SFPQ	0.36
TMEM159	1.66
	-1.48
PGRMC2	-1.97
PGRMC1	2.02
PLEKHH2	0.98
HID1	-2.7
	1.06
	0.42
	-0.81
LRRCC1	-0.75
BLVRA	-1.11
ZDHHC3	2.01
DDIT3	0.81
ZDHHC5	-1.52
NAA10	-0.72
ZDHHC6	3.11
ZDHHC9	1.1
HDHD2	2.4
RAP1GDS1	-0.46
CST3	-1.31
CST6	0.29
	1.72
	0.05
FUBP1	1.72
USMG5	1.46
PDCD5	-0.34
GTF2F2	-2.29
VPS11	-0.26
AP4B1	-1.13
RBL1	-1.33
	-0.51
MLEC	-1.93
	0.83
CEP44	0.02
HIVEP1	4.22
DONSON	-0.44
	-1.26
ZNF706	0.99
SUFU	0.39
ABHD10	-0.5
ABHD12	-0.54
KCNAB2	-1.37
	7.02
	-0.13
	0.56
CCT8	-2.3
CCT2	-1.38
CCT3	-2.29
CCT7	-2.02
CCT4	-2.66
CCT5	-1.15
DTYMK	-1.17
DEPDC7	0.93
GLTP	-0.59
	7.76
CHTF8	-1.56
	7.84
PDIA5	0.01
CREBZF	3.22
CMBL	0.62
PTPN12	0.53
FAM129A	0.88
FAM129B	-2.0
TM4SF19	1.72
PTPN11	0.79
RAF1	-0.75
NOTCH1	0.05
NOTCH2	0.42
SKIV2L	0.24
BPHL	0.31
	-1.06
	0.92
VAMP3	-2.17
VAMP2	-0.03
VAMP7	-2.32
VAMP8	-0.93
TMEM110-MUSTN1	-0.29
DCAKD	0.44
DUSP11	-1.58
SEC14L1	-1.0
TOR1B	-1.79
	-0.28
MTF2	1.34
MYL12A	-1.76
MYL12B	-1.54
	2.99
MCM7	0.64
MCM6	-3.01
MCM5	-3.45
MCM4	0.25
MCM3	-1.21
MCM2	0.79
FADD	-1.08
COX7B	-0.53
	-0.54
MRPS17	-1.55
SPRY2	1.05
NXT1	-3.02
SPRY4	2.95
TMEM30A	-1.19
COL2A1	0.52
DALRD3	0.88
FAM107B	1.85
	-0.28
MEPCE	1.93
CBFA2T2	1.51
CROT	-0.25
RNF114	-0.14
RNF115	0.56
RNF111	0.38
FOXN2	-1.9
PCMTD2	0.5
GFER	-1.16
PCMTD1	0.34
CHORDC1	0.43
	-0.11
CYP51A1	-0.89
NAA40	-1.38
	0.14
PBDC1	0.48
FBXL12	2.26
ATN1	2.77
FBXL14	0.02
FBXL17	-1.3
FBXL16	0.09
FBXL19	1.24
FBXL18	2.16
ZNF282	-1.22
KATNB1	0.62
NUP35	-3.05
NUP37	-2.3
NDFIP2	0.19
NDFIP1	1.93
	0.31
NIT1	-0.57
PTK2	-1.27
GLOD4	-0.93
CD2AP	0.98
PYGB	-1.48
HECA	1.66
PYGL	0.6
PYGM	0.18
PFAS	-0.86
GBAS	-0.5
MTPN	-2.46
DGUOK	-0.33
	0.93
PDAP1	-1.89
HACE1	0.93
LONRF3	1.11
EXT2	-0.59
LONRF1	0.28
DGAT1	-0.12
TMPPE	0.21
PPP1R7	-0.56
BAHD1	-0.23
SPEN	2.4
SPEG	0.67
KDM8	-0.73
MDP1	0.93
GEMIN8	1.24
ORMDL2	-2.65
ORMDL3	1.38
ORMDL1	1.44
GEMIN2	-1.07
PPP1R2	-0.54
GEMIN4	-2.34
GEMIN5	-1.46
	0.51
SPSB3	-0.13
SPTSSA	0.48
CMSS1	0.7
PHF14	0.47
CTSH	-0.55
PHF10	1.53
PHF12	1.01
PHF13	-0.52
PHF19	0.36
BGN	-1.29
PPP1R8	0.66
MOSPD3	1.36
MOSPD2	0.39
CSRP1	-0.24
CSRP2	-0.58
	-1.46
	-2.13
FKBP4	-2.28
FKBP5	-2.73
FKBP7	0.81
FKBP2	-2.23
FKBP3	-0.61
FKBP8	0.07
FKBP9	-4.05
PDHX	-1.77
DDX42	-0.72
WASF2	0.2
TCEANC2	0.87
SRGAP2	1.84
PSAT1	-2.39
PBRM1	2.79
TAF9B	2.47
PDHB	-0.68
TARBP1	0.59
NIPBL	3.2
PRKCSH	-1.02
C3	0.21
C2	0.79
RTCA	-0.49
MCUR1	-1.0
CCHCR1	0.71
	-2.05
VCL	-0.24
AP1S1	-0.55
	1.85
	3.65
	-0.67
TM9SF4	-1.21
	3.34
CS	-0.38
MBOAT7	-0.19
	0.31
CP	0.17
CENPO	3.44
CENPN	-2.43
BLCAP	1.75
CENPM	-2.08
CDCA3	-1.66
ZNF516	0.21
ZNF511	-1.42
CDCA4	-1.71
ZNF513	3.07
	-1.59
CDCA8	-3.14
CENPI	-1.04
FZR1	-1.92
ATAD5	1.51
MED29	-0.94
RASSF8	1.1
MRM1	-0.58
RASSF1	2.53
RASSF3	-0.24
MED22	1.24
NRAS	-1.85
MED24	0.14
MED27	-1.1
CENPB	-0.54
DNM1	0.77
DNM2	-0.1
SPHK2	-0.63
SPHK1	-1.31
CDA	-0.24
	-1.07
DVL2	0.51
DVL3	3.12
DVL1	5.47
LEPROT	-0.79
	-0.28
BDNF	-1.56
KLHDC10	2.43
UCHL3	0.12
MEAF6	-1.43
	-0.59
CDC42EP1	-1.92
CENPW	0.33
TMBIM6	-2.34
TMBIM4	-0.45
EPRS	0.29
TMBIM1	-0.04
COMMD10	-2.07
TVP23B	-1.29
PEF1	-1.21
NDUFAB1	-0.84
NUDT8	0.61
NHLRC2	-0.82
	1.24
GCN1L1	-1.55
SCAND1	1.74
IST1	-0.59
CASKIN2	0.97
	1.01
ZMPSTE24	-0.49
RCC1	-1.91
RCC2	-0.45
	0.28
TYMS	-0.7
AURKAIP1	0.29
EML3	-1.03
EML1	-1.99
EML4	1.57
	1.16
ATP5J	-0.23
ATP5H	-1.5
ATP5O	-1.38
ATP5L	0.73
ATP5B	-1.13
	0.72
ATP5D	-0.82
CEPT1	0.02
TXLNA	-1.75
	0.33
HSPBP1	-0.05
RPA1	0.97
RPA3	1.94
RPA2	-3.27
PROSER1	1.4
TMEM175	-0.51
TMEM173	3.55
TMEM171	-0.14
C2CD3	0.31
IFT27	0.05
IFT20	0.21
EMILIN2	-0.56
	0.82
PLEKHJ1	1.98
	-0.35
RAP2A	0.52
YIPF1	-0.92
ZKSCAN3	0.51
YIPF2	1.78
YIPF5	-2.51
YIPF4	-0.41
YIPF6	-0.11
PPT1	1.21
PPT2	0.28
SQLE	-1.27
FBLN5	-1.56
	3.77
IER5	-2.02
HIST1H1D	-5.49
	-4.9
	-1.53
	-4.86
HIST1H1C	-4.42
	-0.44
FTSJ3	0.16
FTSJ1	-1.33
DAD1	0.78
	-2.89
DHRS9	-0.38
CBR1	-1.33
CBR3	-2.58
THOP1	-2.54
	0.22
VCAM1	2.38
KSR1	1.05
	-1.25
PROCR	2.16
EXOC2	-0.59
EXOC3	-0.48
ST3GAL1	2.64
EXOC1	1.29
EXOC6	3.11
EXOC7	-2.11
EXOC4	-0.77
EXOC5	-1.18
EXOC8	-0.5
	-1.16
	-1.11
RRM2B	-1.12
UQCRFS1	-1.27
NFXL1	0.29
	1.05
VCAN	-1.15
SNRPA1	-0.97
DHX8	-1.53
DHX9	-1.36
METAP1	-2.55
METAP2	-1.57
COTL1	-1.59
CX3CL1	2.97
	2.05
	-2.12
	1.26
WDR35	-1.82
WDR34	-1.04
WDR36	-3.0
WDR33	1.71
	2.95
MRPS18B	-0.37
VWA8	-0.29
GMPPA	2.19
VWA1	1.01
PTCH1	0.28
TMEM201	-1.45
FAM92A1	0.62
FAM69A	0.2
NIPSNAP3A	1.35
WIZ	-0.44
SHARPIN	-0.71
FDPS	0.55
CMPK1	-1.12
CD109	-0.29
TNFRSF10A	0.64
ATP6V0D1	-0.89
	0.88
	0.93
TEN1	-1.0
	-1.03
CNOT6L	0.21
SUPT4H1	-1.1
SPDL1	0.86
C5orf51	0.82
BFAR	1.11
SMARCAD1	-0.84
	2.65
FAF1	-1.67
FAF2	-1.55
TIAM2	2.1
	-0.25
GTF3A	-0.88
	7.34
RNF138	-1.35
RNF139	-0.94
ITGB1BP1	-0.47
PCK2	0.45
RPP40	-0.52
PTER	1.83
TBC1D23	0.44
RAPH1	-0.61
TBC1D20	0.82
TBC1D24	3.09
GRN	-0.13
RELA	-2.12
ZNF266	-0.44
	0.61
DHX40	-2.64
AFAP1	-0.63
C9orf16	0.2
	-5.32
	-1.61
	-1.78
	3.99
MTRR	-0.77
	-0.52
	0.93
RMDN3	-0.84
FRG1	-1.77
WTAP	-0.99
COX5A	-1.1
	0.05
FRMD8	-1.16
MPV17L2	-0.64
FRMD6	-0.87
MSL3	0.11
	2.39
	1.11
GPT2	-2.7
CHFR	3.5
RCHY1	-2.06
E2F4	1.09
E2F3	-0.28
TMEM126A	-0.29
TMEM126B	0.62
TOP1MT	-0.85
E2F8	-1.08
BRAF	0.61
BOLA1	-1.23
BOLA3	0.05
	2.79
KATNBL1	0.61
GUF1	0.51
RABGAP1	-1.77
	0.66
PALLD	0.17
ARRB2	0.47
ARRB1	-2.34
GMEB2	0.21
GMEB1	-0.94
APH1A	-1.29
	0.05
PGLS	0.07
	-3.83
PNPO	-0.1
BUB1	-2.07
KRCC1	-0.28
PI4K2A	-0.14
GAB1	1.24
	-1.22
PNP	-2.16
GTPBP4	-2.29
GTPBP6	1.94
AP2A1	-2.33
GTPBP3	-0.8
GTPBP2	0.25
KLHDC4	-0.74
KLHDC2	-2.85
KLHDC3	-0.53
	0.1
TRIO	1.18
TPST2	-2.63
TPST1	-0.1
	0.5
KLC4	0.57
	-0.75
	-2.61
SEC11A	-1.96
HSPA13	0.98
NGF	-0.98
	-0.99
TOMM7	0.3
ARPP19	-0.85
ILKAP	-0.23
MGA	0.83
SVIL	-0.44
	-1.11
TBP	1.71
	0.4
	1.1
	1.36
FAM118A	1.17
EMP2	0.11
	2.37
	-1.07
DPT	-1.05
ARL14EP	-0.03
MRGBP	-0.28
SHB	-0.11
	12.58
SMC1A	0.72
PTGS2	0.36
PTGS1	0.25
ADNP	0.07
TRABD	-1.29
SLMAP	0.93
RAI1	0.61
OBFC1	0.21
GOLGB1	-0.97
APOA1BP	0.73
SMEK1	-0.43
	-0.1
FAM173B	-0.5
	-0.79
	1.06
CDC42BPA	-0.38
CDC42BPB	-1.0
PDZD8	-1.15
	-1.38
BAK1	0.01
ALG10	1.33
PHF6	-0.14
PHF2	-1.39
HSDL1	-0.61
	1.2
	0.54
TNPO2	1.25
TNPO3	-2.04
TNPO1	-0.45
	0.72
FBLIM1	0.83
CDKN2AIPNL	-0.84
GREM1	0.0
	4.62
	16.78
APP	-2.55
DIXDC1	0.93
APC	2.75
	-0.75
ADORA2B	1.24
HOXA10	-1.77
	-0.3
ABCB7	-0.93
ABCB6	5.66
DHX30	-0.59
ABCB8	1.24
CMTR1	-1.76
EPHX1	-0.38
SLBP	0.14
ARPC3	-1.19
ARPC2	-1.61
ARPC1A	-0.33
PDIA4	-2.16
PDIA3	-1.14
ARPC5	-1.83
ARPC4	-0.19
VPS28	-1.08
ITPR2	2.57
ITPR3	-0.08
	-2.27
IFT43	0.12
IFT46	-0.71
RUNDC1	0.83
SFT2D2	0.61
SFT2D1	0.08
DAPP1	0.83
	-0.21
MPHOSPH10	-3.26
MRPL42	1.45
FLYWCH1	-1.22
	-2.47
U2AF2	-0.65
STOML2	-1.75
STOML1	3.54
HIST1H3H	-1.96
HIST2H3D	-2.16
HIST2H3A	-2.16
HIST1H3E	-0.83
PAIP2B	-0.37
LEMD2	-0.18
TRAPPC9	0.36
TRAPPC8	0.51
SLC9A5	2.54
TRAPPC1	-2.73
RTCB	-0.05
TRAPPC3	0.47
TRAPPC5	-0.11
TRAPPC4	0.25
VCP	-1.03
CAPN6	0.2
CAPN5	1.5
MUM1L1	1.34
CAPN2	-2.2
CAPN1	-0.87
DAB2	-0.25
	-1.33
	0.14
C1orf50	1.83
	-1.59
	-0.22
MOCS2	-0.74
	2.39
	0.5
CHAC2	0.57
	-0.02
TIMM17B	-1.56
NSMF	3.26
TIMM17A	-0.8
RILP	2.54
GLRX5	-2.88
GLRX2	-1.22
GLRX3	-0.85
ARFGEF2	-0.85
TMEM167B	-1.83
GID4	1.46
CERS6	-0.66
PELI2	1.31
SYMPK	-1.68
GID8	-0.97
MAPKAP1	-1.26
GMPR2	-1.29
	-1.55
GATC	-0.02
GOLGA1	1.41
LITAF	-0.05
RWDD4	-0.17
WDR13	1.36
WDR12	0.19
WDR11	0.53
WRAP53	-1.3
WDR19	3.1
WDR18	1.41
MOGS	-0.4
C17orf53	-0.78
RAD17	-0.77
BUB3	-3.13
	-0.12
RAD18	-0.01
ABLIM1	0.87
ATXN7L3B	-1.22
CDC25B	-0.9
CDC25A	-1.14
FAM207A	-2.11
	2.81
ZGPAT	-1.58
NEDD8	-0.17
CD164	0.32
SRP9	-0.4
CD40	1.88
ACSBG1	0.39
ZFYVE27	3.95
TOP2B	-0.85
GOLPH3L	-1.0
EFTUD2	0.61
TOP2A	-4.49
SRPK1	-2.14
CSNK2B	-1.64
ABRACL	0.55
SRPK2	-1.38
SLC10A3	0.14
NEDD9	-1.89
SRPR	0.05
NEDD1	-0.57
GRINA	-0.03
	-2.35
SEC62	0.12
SEC63	-1.56
SYPL1	-0.84
	-0.12
	6.31
ANKRD17	-0.96
RNF34	0.07
HDGF	-1.69
ANKRD12	3.44
RNF31	4.66
YWHAZ	-1.81
FOXJ3	-1.42
YWHAQ	-1.4
YWHAH	-1.92
YWHAB	-2.94
BCL9L	-0.03
CWF19L1	0.18
	-1.17
YWHAE	-2.39
TMEM106B	0.02
TMEM106C	-0.38
GIGYF2	-0.85
TMEM106A	-0.13
RPP21	-0.03
PCM1	4.87
NGRN	-0.46
PI15	3.0
GOLPH3	-1.02
RPL36	-0.77
	-0.43
HARS2	-0.88
	-0.47
NUP205	-0.69
PEAR1	-1.3
SH3GLB1	0.73
SH3GLB2	-2.38
	-1.39
	4.94
TBK1	-1.96
BCAT2	-2.31
BCAT1	-2.3
CIB1	-1.07
DUSP22	-1.13
	-1.4
	8.27
C1orf43	2.46
PHF5A	-1.14
ZFPL1	-0.68
KHDRBS1	-0.14
	-0.61
MTFR1L	0.36
COLEC12	-0.86
PLIN4	1.03
PLIN2	0.09
PLIN3	-2.47
ZBTB18	3.07
TFB2M	-0.2
SAFB2	0.46
MKLN1	-0.94
MAP4K5	-1.06
MAP4K4	1.53
CHD1	0.43
SPIDR	-1.47
CHD3	0.79
CHD2	3.43
CHD4	-0.07
ZC3H7A	1.55
CHD6	-0.52
CHD9	1.4
CHD8	-2.23
YWHAG	-1.18
NOB1	-0.15
PPP6R2	0.87
PPP6R3	-0.12
PPP6R1	0.28
CWF19L2	0.26
	-0.67
	-0.01
IPO11	-0.46
IPO13	-2.4
	-0.58
ERP44	-2.33
APCDD1	1.32
FYTTD1	-0.24
FH	-0.83
GIGYF1	1.95
FLCN	-1.05
MAK16	-1.75
COIL	-0.74
	3.26
THRAP3	0.44
TECPR1	-0.52
TECPR2	2.72
PRAF2	-0.64
	1.5
AARSD1	-0.96
TMEM120A	-2.56
EBP	-2.29
GLO1	-0.14
MYO9B	0.24
RACGAP1	-0.86
CNPY4	0.98
CNPY3	-2.33
CNPY2	-0.46
	-2.57
	-2.25
GTF2H4	-0.58
SMG5	1.8
SMG7	2.25
SMG6	0.47
SMG1	0.45
ADH5	-0.41
ANKFY1	-0.59
KIAA1109	1.27
SMG9	-0.61
SMG8	1.25
EDEM2	-1.15
EDEM1	-1.51
ODC1	-3.31
ATP2C1	-1.21
SLMO2	-0.24
	-0.89
UBTF	-2.55
	9.72
	1.66
	12.87
	6.87
SHOC2	0.48
	4.1
XXYLT1	0.38
EGR1	8.68
TRADD	-1.97
	1.7
UHRF1BP1	4.22
ME1	-0.36
ERAL1	-0.65
ME3	3.69
ME2	-0.74
FAM193A	0.07
	3.56
HSBP1	-0.01
C12orf45	-2.73
	0.55
BRMS1L	-0.43
SRXN1	-2.41
AASDHPPT	0.99
CCDC77	1.65
	-0.24
SGTA	-1.68
EPG5	-0.28
NFATC1	-0.61
RSPRY1	0.09
B3GALNT2	1.24
TSPAN14	-2.64
TSPAN17	0.57
FOLR1	0.83
ANKRD1	2.03
FLAD1	-0.58
NDUFA10	0.04
NDUFA11	-0.6
NDUFA12	0.41
NDUFA13	-1.01
UBA2	-0.15
THBD	0.9
UBA3	0.41
DET1	1.36
ABCD3	-1.78
CLSTN1	-0.81
TMEM131	-1.73
POMP	0.28
SLIRP	-0.44
TMEM135	-1.63
TMEM138	-0.33
NDUFS1	0.07
NDUFAF7	-0.88
AR	0.68
NDUFS4	0.26
	-0.26
NDUFAF3	-0.44
NDUFAF2	-0.74
NDUFS8	-1.11
PSENEN	0.55
ATP6V1B2	-1.75
	-0.12
POMK	0.93
GCNT4	1.34
ATP1B3	-1.76
RPL7L1	-1.64
LRRC27	1.71
ARFGAP2	-1.74
ARFGAP3	-1.55
ARFGAP1	-2.14
MVB12A	-1.5
LRRC28	0.67
LARS	1.42
GAS2L1	2.01
	-0.44
GAS2L3	0.81
MED13L	1.64
LIMA1	-0.6
	2.09
CCNF	-1.66
CCNC	-1.55
CCNH	-1.91
	11.12
	-2.75
HNRNPA0	-1.31
	1.18
RIN1	-0.85
SIVA1	0.54
RIN2	1.18
FAM73B	-0.11
MLKL	1.17
WBP2	2.44
CACTIN	0.97
PLEKHN1	3.94
WBP4	-2.19
PTDSS2	0.37
ASAH1	-1.36
	3.44
C1GALT1C1	2.17
	-0.18
PICALM	-1.34
CDC5L	-2.17
ROMO1	1.29
HIGD2A	3.42
PTGFRN	-2.14
HIST1H3B	-4.44
HNRNPAB	-1.19
IMPACT	0.37
PTRH2	-1.96
PTRH1	-2.59
GULP1	-1.04
ZCCHC24	-0.04
TACO1	-0.78
PTRF	0.29
	-0.77
	7.96
DNAJB9	-1.76
FBXO28	-1.03
DNAJB2	1.47
DNAJB1	2.12
DNAJB6	2.61
CDR2L	-0.81
DNAJB4	0.39
XRCC1	0.6
WDR70	1.21
WDR73	-1.39
WRAP73	-1.01
WDR74	-2.25
WDR77	-2.47
WDR76	1.06
HMCES	-0.84
FAM65A	0.82
CAMSAP2	1.65
CAMSAP3	0.47
CAMSAP1	1.1
PTCD2	0.26
PTCD3	-1.77
ATP5J2-PTCD1	-0.97
HS6ST1	-0.94
AMOT	2.43
	-0.78
TDRD7	-2.31
SRP68	-2.44
ATP6V0A1	-2.32
ATP6V0A2	3.2
	0.61
B3GAT3	-1.38
ZFP64	-1.06
ISCU	-3.59
NCDN	0.58
DYRK1A	-1.32
GFOD2	1.32
GFOD1	0.21
	1.33
	2.02
USP9X	-1.63
MCCC2	-0.12
MCCC1	-0.11
RNF14	2.38
RNF10	2.58
RNF11	1.41
RNF13	0.45
SRRT	0.03
	1.34
RNF170	1.83
ANKRD13C	0.21
ANKRD13A	-1.03
ZNF326	-0.5
BAHCC1	2.65
SLC39A6	-1.33
DDRGK1	-0.98
SPATA2	0.14
SPATA6	-0.58
PRCC	1.68
RAB3IP	1.66
	1.71
VIM	-1.49
MYO7A	2.65
SESN1	3.55
SESN2	2.47
COX18	-0.07
COX19	1.53
SPARC	-0.56
SSR3	-0.99
SSR4	0.32
COX10	0.93
	4.63
COX14	-1.06
COX15	-0.42
COX16	0.2
ICMT	0.09
ETFDH	0.16
PFKP	-1.72
TOMM70A	-3.25
PFKL	-1.34
STAC2	2.04
DYSF	-1.04
	4.89
OSGIN1	-0.25
	1.28
UNC13D	0.17
SNAI2	-0.5
SNAI1	-1.42
	10.88
	-0.83
BOD1	-0.1
MSH2	0.62
VPS37B	1.7
VPS37A	-1.76
	-0.86
MAPKAPK5	0.87
HIST2H2AB	-2.43
MAPKAPK2	-3.32
	-0.15
ANXA1	-1.29
ANXA3	-1.23
DIS3	-0.53
ANXA5	0.62
SMCHD1	-1.66
ANXA7	-0.84
CLDN15	2.16
NENF	-0.23
	-1.76
	-1.41
ZC3H14	2.27
ZC3H18	-0.15
BAP1	1.53
	-1.12
RIOK2	-2.42
RIOK3	-1.63
RIOK1	-2.28
BBIP1	0.31
	-2.96
MRPS18A	-1.34
ZADH2	-2.21
MRPS18C	-2.32
BAD	1.98
TMEM68	0.87
HMMR	-0.35
TOE1	-1.99
NIPSNAP1	1.44
LCN2	0.62
EOGT	-0.11
PPP1R37	0.44
PPP1R35	-0.11
	2.22
FN1	-0.79
	-2.19
NAIP	-0.65
RC3H1	3.18
SLAIN2	-1.05
ENO2	0.87
ENO3	-1.34
ANKLE1	0.52
GSE1	1.95
ANKLE2	-2.0
	3.4
C8orf37	0.57
	-0.78
SYNGR2	2.03
MBD6	1.83
MBD1	-0.12
MBD3	1.99
MBD2	0.57
GLMN	2.16
ARHGEF6	-0.63
ARHGEF7	-2.21
ARHGEF2	-0.45
ARHGEF1	-0.8
MIEF1	-0.29
MIEF2	0.1
UNG	-0.61
POLRMT	-1.16
	3.44
CCT6A	-1.12
DIDO1	0.58
MCM10	0.38
PAIP2	0.05
PAIP1	-2.0
FUNDC1	0.61
BDH2	1.5
TYW1	-0.23
TYW3	1.71
TRAF2	-2.08
ATP2A2	-4.15
ATP2A3	1.92
PNPT1	0.66
ACIN1	0.61
ASIC1	0.7
EFCAB14	0.93
PINK1	-0.03
MCU	-1.87
	6.48
	6.76
	3.77
KIAA1191	2.54
PRKACA	0.28
PRKACB	-1.82
ZC3H7B	0.58
CHD7	0.18
TMEM97	-1.09
	1.87
MIIP	3.09
SCMH1	-0.72
DCAF6	0.61
QTRTD1	1.05
DCAF5	-0.37
LCLAT1	0.66
	0.61
RNPEPL1	2.01
AKR1E2	-2.5
	-0.02
UPF1	-0.05
UPF2	3.34
ACTR6	2.97
ACTR5	1.71
ACTR3	-2.16
ACTR2	-3.05
COL7A1	2.01
	2.79
CCDC51	1.32
	2.54
CCDC53	-0.65
GALNT12	1.27
CCDC57	3.18
CCDC58	-1.74
CCDC59	-2.87
ARAF	-0.76
KIN	-0.28
NUCKS1	0.07
PRELP	1.77
PTTG1IP	-0.5
ATM	0.17
ATR	-0.82
RUNX2	-0.28
PDE2A	-1.33
KTI12	-0.41
CDC40	-0.59
	-0.77
	-0.9
ABCF3	-1.46
ABCF2	-1.5
ABCF1	-1.13
BLMH	-0.5
CWC15	-0.77
CHEK1	1.26
	1.36
PPFIA1	-1.25
	3.61
TSPAN32	1.14
PAM16	-1.68
TSPAN31	-1.39
CCDC85B	0.18
TLCD2	-1.21
TNNT2	3.15
FRMD4A	1.42
	1.06
C1RL	-0.9
	2.18
	2.79
LRRC41	-1.96
LRRC40	-1.16
LRRC42	-0.5
LRRC45	2.97
UTP23	0.14
UTP20	2.31
ZBTB7A	-0.07
LPIN3	-2.15
LPIN1	-0.25
VGF	1.5
CBX7	1.72
CBX6	-1.69
CBX5	-2.33
CBX4	-0.94
CBX3	-2.08
CBX2	1.94
CBX1	-0.02
FURIN	2.8
	6.56
CDC73	-2.06
SDCBP2	1.72
SLC43A3	-0.88
CCL13	-2.28
	-0.85
TMF1	3.08
	-1.29
	0.09
SIGIRR	2.54
CDCA7L	0.05
PCYOX1L	-2.47
UTP14A	1.16
UTP14C	-1.92
AP3D1	-1.18
	0.68
MEA1	1.71
	5.43
NCKIPSD	-1.01
TSEN15	-1.3
IFI35	0.91
CRYAB	2.82
IFI30	0.37
	3.27
MLH1	-0.84
CREBRF	0.09
MDM2	0.45
STRADA	-0.28
AREL1	0.28
SLC44A2	-1.29
LAPTM4A	-0.76
LAPTM4B	-3.11
PIK3CA	-0.57
ATRAID	0.86
WDR59	3.77
SEC61A1	-2.31
LDHB	0.2
	0.63
GNPDA1	-0.67
	0.38
NXF1	-0.84
	2.44
GIPC1	-1.6
ATXN7L3	3.09
ATXN7L2	3.23
ATXN7L1	2.95
NCAPH2	2.16
	-0.04
UEVLD	0.62
CIAO1	0.61
TOX4	-1.25
SCRN3	-0.94
SCRN2	0.82
ENGASE	2.39
PLS3	0.54
PARD3	-0.12
	1.68
LRG1	-0.65
	0.61
ELAVL1	-2.95
COPA	-1.4
IL4R	-1.49
	-1.27
TMEM231	-0.72
EIF2B4	-2.28
EIF2B5	-0.54
EIF2B2	0.03
EIF2B3	-1.74
	2.17
PCF11	-0.13
CD302	-0.26
	-1.76
RAD51	-1.52
	-2.18
RNF19B	0.18
	-1.85
	-1.85
RNF19A	1.4
ANKRD52	1.21
NKIRAS2	-0.21
ABHD17B	-2.1
ABHD17C	-0.85
ADIPOR2	0.45
GDAP2	-0.5
ANKRD54	-0.82
ADIPOR1	0.79
PLA2G12A	0.25
FAHD1	-0.85
TFCP2	0.52
	-2.88
MPC1	1.38
PTPN2	-1.89
KPNB1	-3.13
ZNF346	1.1
TAPBP	0.19
	1.5
	1.86
NMRAL1	-0.93
NUBP2	-0.29
NUBP1	0.3
DHX29	-1.4
	-0.03
MYO5A	0.28
ZNF207	3.84
	-0.59
CDK18	-0.73
CDK19	1.72
ARID5B	2.16
ARID5A	1.36
CDK12	1.02
UNC119	-0.82
CDK10	0.02
CDK16	0.57
CDK17	-0.9
CDK14	-1.28
TCIRG1	0.86
HGSNAT	-0.29
CCNA2	-3.77
CAB39	-1.12
PRPF4B	-0.89
	5.38
	-1.1
	6.38
	1.2
COPRS	-0.23
VRK1	0.06
PSMC3IP	-0.94
RCOR1	-0.51
CLTA	-0.89
NUDT17	2.72
NUDT14	1.36
CLTB	1.41
NUDT19	-1.65
ACCS	0.18
TCHP	-0.82
PKN1	-0.2
PKN3	2.72
PKN2	-0.61
GINM1	0.3
	0.54
RPS6KA1	-0.72
RPS6KA3	0.12
RPS6KA4	-0.22
RPS6KA5	0.98
UQCR10	-1.7
UQCR11	1.55
	3.23
SLC3A2	0.87
	-1.6
BLOC1S4	-1.27
SHPRH	2.16
SLC14A1	1.4
PPP1R11	1.66
PPP1R10	2.03
ALKBH8	0.34
ALKBH6	0.96
PPP1R18	-0.14
ALKBH5	0.12
ALKBH3	-1.46
ALKBH1	0.07
ZKSCAN1	1.64
PIK3C2A	2.11
TOR1A	-2.06
SYBU	0.87
COMT	-0.26
MRGPRF	1.73
DR1	1.03
GADD45GIP1	-1.55
GLCE	-2.7
EEF2K	-2.38
LOXL1	-1.26
LOXL2	0.86
LOXL3	0.04
LOXL4	-0.29
HAGH	-0.37
PUF60	-0.97
EIF4EBP1	-0.41
	-2.34
NAPSA	3.33
PAXBP1	1.67
MAN2B1	-0.63
CYC1	-0.93
PCDHB16	0.98
PCDHB8	0.98
PCDHB7	2.5
HSP90AA1	-0.85
	1.11
	-2.57
YPEL5	0.1
ERO1L	-0.09
ZNF598	1.97
MINK1	0.54
PRKAA1	-1.14
ZNF593	0.22
	4.96
MOV10	-0.02
	0.4
TSC2	1.77
TSC1	2.01
TAF7	0.03
TAF6	-1.83
SNW1	-0.83
TAF2	-1.03
TAF1	-2.05
ACTR10	-0.27
MAX	0.16
SMC3	0.26
MAZ	-1.61
SMC5	-0.17
SMC4	1.48
TAF9	-1.29
SLC33A1	4.98
MAP2K3	-2.5
MAP2K2	-1.58
MAP2K1	-1.57
MAP2K7	0.32
MAP2K6	-0.52
MAP2K5	1.5
MEDAG	-0.78
	15.0
	8.49
	4.59
	4.7
CAST	0.33
INSIG2	1.83
INSIG1	1.9
ADH7	0.71
	-1.87
ATP8B2	2.81
TINAGL1	2.3
IL6ST	0.38
ACTR1B	1.47
ACTR1A	-0.72
MORF4L2	-2.03
MORF4L1	1.06
CFL1	-1.72
ISLR	0.8
OLFML3	1.58
GALNS	1.1
TBL2	-2.38
TBL3	0.38
DISP1	1.36
KDM5A	-1.11
FAM179B	1.06
KDM5C	-0.02
OTUD7B	-1.43
EPC2	1.33
CSRNP1	-0.1
CCDC34	-2.41
EPC1	0.4
GTF3C3	0.93
GTF3C2	-0.45
GTF3C1	-0.19
GTF3C6	1.07
GTF3C5	-2.34
GTF3C4	-0.41
TOPORS	-0.67
	0.02
ENDOG	-0.07
MED1	0.14
MED7	-1.22
MED4	-1.04
MED8	0.45
MED9	-1.97
TMEM248	-1.29
ATP5J2	-1.48
TMEM245	1.27
CPT2	-0.3
FCHO2	-0.81
TMEM242	0.88
TMEM243	0.4
	-1.65
	-0.77
LRRC47	-2.1
	0.34
	-0.25
	-0.29
PPARG	-0.21
PPARD	0.87
FASN	-1.25
WIPF2	0.1
WIPF1	-0.67
TRIAP1	-0.94
	0.18
FAM3A	0.51
FAM3C	-1.6
UBE2L6	0.51
HOXC10	-0.87
BBS12	2.01
UBE2L3	-0.86
	2.64
SPTY2D1	-0.47
RBM15B	1.78
SLC36A1	-0.44
RPIA	-1.22
BMPER	-1.3
FICD	-1.05
IL1R1	-0.38
SRPRB	-2.76
	0.96
LSS	1.65
LEPROTL1	-1.17
BID	-1.59
KPTN	0.67
PISD	0.16
	-0.99
ZNF143	-0.9
TMTC3	0.58
EPM2AIP1	1.25
CDC16	-1.87
NUAK1	1.25
DFFA	-0.25
LUC7L3	-0.54
BCOR	-0.94
NASP	0.47
TBC1D10A	-1.56
SF3B5	0.13
SF3B4	-4.9
	1.68
SF3B1	-0.94
SF3B3	-2.13
SF3B2	-1.01
SYVN1	0.22
	-1.63
PHLDB1	-1.0
SCLY	-0.72
TIMM23	-2.88
TIMM22	-0.99
TIMM21	-0.29
AP3B1	-1.19
PLA2G6	1.02
F3	1.91
	1.33
RDH11	0.24
RDH13	2.0
CCDC127	1.15
CCDC126	-1.05
GRHPR	-1.2
CCDC124	-3.06
	9.09
	-0.88
	-0.81
	0.07
STX4	1.06
DHPS	-0.61
VPS41	0.26
ODF2L	0.47
GPI	-0.83
PCYOX1	0.37
CTAGE5	0.21
USF2	0.14
USF1	0.58
MICU2	-1.62
MICU1	1.32
	0.86
NDST1	-1.6
	0.9
PYGO2	0.06
RPL27A	0.22
PSD3	1.83
STRA13	-0.43
VPS4A	-1.33
VPS4B	-1.33
MGAT4B	-0.44
TUT1	-1.12
BCKDHB	0.57
	-0.11
	-2.16
	2.01
	-0.57
	0.25
BCKDHA	2.12
YLPM1	0.58
CHMP1B	-1.34
CHMP1A	-0.15
CTCF	0.03
UBE2Q1	-1.34
	-0.02
DHRS11	0.34
DHRS13	-1.22
SPP1	0.7
IQCE	2.42
SUPV3L1	-1.51
	10.77
CD320	0.57
FGFRL1	-1.01
KRI1	-0.03
CTC1	0.82
DNPH1	-1.15
THBS2	1.46
THBS3	1.26
ALDH6A1	0.25
ZNF367	-1.86
TRAM1	-3.24
	0.21
ZEB2	0.71
	-0.57
SERHL2	-0.5
USP54	3.09
SSBP1	0.16
GART	-0.38
GARS	-2.55
BPNT1	-0.43
NUP98	-1.23
MND1	-0.12
NUP93	0.88
PCCB	1.26
TRAM2	2.94
UBAC2	2.94
UBAC1	-0.29
FDX1	-1.26
TMED7	-2.13
TMED5	0.59
TMED4	1.3
TMED3	-1.6
TMED2	0.56
TMED1	-0.11
NQO2	-0.12
TMED9	0.13
NQO1	-0.06
	6.38
	5.6
	3.55
ADSS	-1.44
SSRP1	-0.58
STAG1	-0.46
RAB11B	-3.43
SFSWAP	1.63
GMNN	-3.54
	-0.31
ADSL	-1.17
	0.56
UHRF1	-0.75
UHRF2	2.57
TSG101	-0.42
MKI67	4.04
	0.02
PIEZO1	-1.2
VPS33B	0.66
VPS33A	-1.48
MMP28	1.27
	1.85
SPIN1	0.16
MMP23B	0.57
PALD1	-0.52
MPND	0.2
COASY	-1.07
ABI2	0.34
MRPL13	-2.01
ABI1	0.47
OSBPL7	0.34
CPOX	-1.29
OGFR	0.33
GPATCH8	0.36
GPATCH4	0.44
	-2.43
UGCG	-1.29
HDDC2	-0.94
HDDC3	-1.04
	1.83
GRSF1	-0.66
TMEM50B	-1.38
TMEM50A	1.69
	1.98
ERP27	0.67
ERP29	-1.07
TOR3A	0.08
NFATC3	1.1
HMGCLL1	1.85
PAM	0.06
	-1.8
ASB1	1.85
ASB6	-1.47
ASB8	-1.42
METRNL	0.15
	2.39
PPWD1	-0.61
CHMP4B	-0.12
RRAGA	-1.05
RRAGC	0.12
AP1M1	-2.23
GHITM	-0.04
FOXK1	1.57
CHERP	1.28
PPA1	-0.04
	0.63
HP1BP3	-1.11
RIPK1	0.72
RIPK3	0.36
RIPK2	-1.87
QDPR	-1.33
EHBP1	2.54
PRKAG1	-3.25
PRKAG2	-0.46
APBB2	-2.41
CABIN1	0.47
MAF1	1.97
OSTC	-1.48
DNAJC16	1.77
RHOJ	2.44
DNAJC14	0.79
GNG5	-0.35
DNAJC13	2.57
DNAJC10	-2.08
DNAJC11	-1.72
	-0.11
RHOB	-0.74
RHOA	-2.21
GNAI2	-2.7
GNAI3	-2.63
GNAI1	0.67
DLG1	3.15
NELFB	-2.04
FAM195A	0.93
G6PC3	1.18
NELFE	-1.09
RPL13A	-0.94
TMEM59	1.54
CTNNA1	0.25
PAPSS1	-0.34
MAFK	1.17
	1.68
WDYHV1	1.0
MAFF	1.35
MAFG	-0.65
DBNDD2	0.19
ACTN2	0.97
ACTN1	-2.65
ACTN4	-1.06
PARP16	1.93
NLE1	-1.58
SIAE	0.91
OLA1	0.21
	9.12
CCDC12	-0.39
KDM3B	-0.84
KDM3A	1.84
NFRKB	-1.22
MRFAP1	-1.95
MRC2	0.1
	0.71
ETHE1	0.41
G2E3	-0.72
TCF7L1	0.4
	2.64
	-1.05
AXL	-0.36
	8.34
PMPCA	-1.9
AKR1A1	-0.9
KIFC3	0.93
KIFC1	0.36
TMEM192	1.36
	4.16
TMEM199	-1.54
TRA2A	-1.31
TRA2B	-0.18
	1.62
MFSD1	-0.38
MFSD3	0.6
MFSD5	-0.92
DENR	-1.75
NCS1	-0.44
AHSA1	-1.03
	-0.18
SLIT2	-1.02
SLIT1	-0.29
SAP30	0.05
	5.84
	0.57
CORO6	-0.77
CORO7	-0.61
CASP6	0.34
CASP7	1.15
CASP4	-1.1
CASP2	0.1
CASP3	-1.62
TRIOBP	-0.41
CASP1	-0.19
GNB1	-1.34
CASP8	-0.9
CASP9	-0.44
MAN1B1	-1.77
MAP1B	-0.08
YY1	-0.49
CDC34	-1.05
CDC37	-1.92
ALDH3A2	-0.89
	-1.22
MAP1S	-1.24
TMEM161A	0.02
ELP6	-1.06
ELP5	-2.45
ELP4	-1.59
ELP3	-1.24
ELP2	-2.46
	-0.8
CDK5	1.35
TRAPPC2L	2.78
AKAP7	0.07
NSMCE4A	-1.62
AKAP1	-0.27
AKAP2	-1.64
TP53	2.24
SEPHS2	-0.7
SEPHS1	-1.7
AKAP8	0.71
	0.48
ZBTB38	3.13
RNPEP	0.88
SEC23IP	-0.54
ZBTB33	0.36
	-0.43
TIMM44	-1.46
	-0.88
CEP290	0.57
AKAP8L	1.77
PAFAH1B1	-2.65
PAFAH1B3	-1.79
PAFAH1B2	-3.13
NPR2	0.57
CCDC107	-0.05
PIKFYVE	-0.13
KIAA0922	1.11
TM7SF3	-0.94
VPS25	-1.24
WDR92	-1.39
WDR91	-0.38
WDR90	1.33
	-1.97
EXOSC7	-2.07
GUCD1	1.24
EXOSC5	-1.1
FAM98C	0.87
WDR45B	0.26
NDUFS6	-0.27
ARHGEF11	2.17
	-2.7
NDUFS7	-1.39
FAM98A	-0.08
ACTR8	1.51
SPG21	-1.46
	-1.07
ARHGEF17	0.25
RTKN	2.72
	2.84
MGAT1	-0.07
MGAT2	-1.85
G3BP1	-0.62
MGAT5	0.34
G3BP2	-0.3
A4GALT	0.87
NT5C3A	-2.39
NT5C2	-0.47
TOR1AIP2	-1.6
TOR1AIP1	-1.7
	-0.42
	3.13
CDC123	-0.07
TXNDC5	-2.45
BCL10	0.23
NXPH4	1.63
HCFC1R1	-0.94
SCYL2	-0.94
MCAM	-1.51
SCYL1	-0.45
FAM216A	-0.99
MCAT	-0.1
GBF1	0.41
DHRS7B	-1.63
	0.4
ZNF384	-0.46
FAM89B	-0.95
GALT	1.66
MRPL24	-0.2
MRPL27	-1.17
MRPL21	0.9
MRPL20	-0.16
	1.21
MRPL22	-0.59
RAD9A	1.87
TATDN1	0.52
RRP7A	0.07
	5.54
TATDN2	-0.24
GALE	1.14
	1.05
	-0.61
QTRT1	0.06
SEC31A	-1.83
	-1.74
	-0.55
HCFC2	-0.1
HCFC1	-0.1
ERLEC1	0.62
CSNK1G2	2.97
CSNK1G3	2.5
CSNK1G1	1.32
TNKS	1.54
MKRN1	-0.15
CRAMP1L	1.06
ARID1B	0.2
ARID1A	-0.93
ATRN	0.77
UROD	0.05
ATRX	1.23
CCNE2	-1.06
DES	0.86
DEK	0.55
	-1.09
AIFM1	-1.03
	0.05
IVD	1.74
CLPX	-2.57
SPPL2B	-0.18
CD63	-1.1
SEH1L	-0.79
	-0.24
CD68	0.34
EIF4ENIF1	0.82
ASRGL1	0.93
CLPB	-1.96
ERN1	3.55
TONSL	0.83
RUSC2	1.47
	0.33
	0.09
PCBD2	-1.02
PCBD1	-0.31
NELFA	-1.33
CLPTM1	-2.48
	-1.96
NUP133	-1.06
ACD	1.36
CEP192	-0.73
HFE	1.1
QSER1	2.01
MYO1E	-1.6
MYO1D	-1.14
MYO1C	-2.31
BAZ2A	1.27
BAZ2B	1.94
	1.91
PC	-0.3
CYGB	-0.95
NMT2	2.85
NMT1	0.29
CRK	0.05
PPCS	-0.2
SDE2	-0.5
SOS1	0.52
CACYBP	-1.99
SH3GL1	-1.1
BRI3BP	-1.95
RBBP7	-1.07
JMJD1C	-1.11
GLG1	-1.01
AKT2	-0.15
TOP3B	-1.21
NAA15	-1.98
E2F2	2.44
	4.31
FUBP3	-1.55
	0.57
SLU7	0.75
EZR	-2.28
SAP18	0.25
TMEM179B	0.83
RTEL1	1.63
	-0.59
C19orf12	-0.94
PDE3B	1.2
MARCH5	-1.56
MARCH7	-1.33
MARCH6	-1.74
RBCK1	1.03
AGTRAP	2.19
MAD2L2	1.41
NPDC1	-0.77
TAB2	1.72
TAB1	-0.75
FAM222B	0.05
LETM1	-0.92
ADCY6	1.94
ADCY7	2.06
ADCY3	0.67
CPD	-2.69
CPE	0.5
KRTCAP2	-0.39
	1.94
KANK2	0.8
H3F3C	-0.59
TMEM70	-1.95
CPQ	1.72
	-0.52
COX7A2	0.35
SLC7A6	-1.09
SLC7A5	-2.83
DZIP1L	1.42
SLC7A3	0.83
SLC7A1	-0.8
COL16A1	2.25
ZNHIT3	0.4
	9.21
STUB1	0.3
SLC17A5	0.39
PSMD9	-1.55
PSMD8	-0.94
PSMD5	-0.54
PSMD4	0.46
PSMD7	-1.9
PSMD6	-2.04
PSMD1	-2.03
JUND	-2.12
PSMD3	0.33
PSMD2	0.38
AGPAT5	0.14
AGPAT4	1.63
AGPAT3	-0.79
IFRD1	1.89
IFRD2	-0.67
MRPL3	-0.05
SLC37A3	-0.72
SLC25A51	2.79
ITPRIPL2	2.19
	1.68
	-2.74
ITPRIPL1	0.79
	0.23
ERMP1	-0.72
	-0.31
TMEM203	-0.11
TMEM205	-0.64
TMEM208	0.0
TMEM209	0.09
ADSSL1	-0.89
	7.92
	7.92
ATP5F1	-1.98
	1.64
ZNF445	1.47
	0.31
MRAS	1.85
	-1.01
COMMD3	-1.83
MCFD2	0.54
MRPL9	-0.02
	-0.28
TOMM40L	1.66
LARP4B	1.1
RFC5	-2.34
RFC4	-2.31
RFC1	-0.03
RFC3	-2.43
RFC2	-0.54
SARS	-1.73
	-0.59
KLHL7	0.81
KLHL2	0.61
EMP3	-2.31
EMP1	0.4
KLHL9	-0.63
SMAP1	-1.48
SMAP2	-2.33
ZMYND8	-1.75
PAF1	0.55
UACA	0.25
ATF7IP	-0.44
PPA2	0.03
	-0.92
KDM1A	-2.42
	0.16
FIG4	-0.88
	2.39
GCC2	-0.59
GCC1	2.47
ANO8	0.12
STAU1	0.54
ITSN1	0.97
ANO6	0.71
ITSN2	3.07
	-0.33
IRF3	1.34
IRF2	-0.11
SPCS1	0.35
SPCS2	-1.41
SPCS3	-2.04
IRF9	2.54
	6.92
CLK1	-0.93
CLK2	0.6
CLK3	-0.37
CLK4	-1.55
HERPUD1	-0.6
ZBTB17	0.57
	-1.63
PHGDH	-1.95
	0.53
AGFG2	0.12
CTTNBP2NL	3.97
AGFG1	-2.33
GTF2H3	-1.16
GTF2H2	-0.11
ZFP36L1	-0.22
ZFP36L2	1.65
CDC42SE1	-1.85
ABHD2	-1.06
	-0.1
ABHD6	-1.16
ABHD4	1.38
ABHD5	1.18
WDR7	-0.24
WDR6	0.29
WDR5	-1.87
WDR4	-2.23
WDR3	-1.31
WDR1	-1.86
MDC1	1.58
CCDC167	2.4
MLXIP	3.64
	7.96
	-0.33
	-0.55
	-0.1
DPCD	0.63
MAN1C1	-0.85
MINPP1	-1.36
C6orf89	-0.91
TROAP	2.18
	1.42
GGPS1	2.44
SAMM50	0.4
FECH	-0.75
TSEN34	-0.67
	0.68
	1.01
BRMS1	-0.73
ATHL1	-0.78
HCLS1	0.95
BARD1	0.16
MKS1	-0.51
EMC8	-1.59
SFXN3	-1.22
SFXN1	-0.62
RRP12	-1.93
SH3KBP1	0.36
RRP15	-3.16
	-0.22
CLNS1A	-3.5
	0.12
NDEL1	-1.53
USP10	-0.69
USP16	0.52
USP14	-2.26
USP15	0.86
USP19	-0.4
C12orf43	0.51
C21orf2	1.4
PRPSAP1	-0.66
PRPSAP2	2.12
RRP1B	-1.22
HS2ST1	-1.05
EMC6	-1.46
METTL14	-0.94
MINA	-0.12
BSCL2	1.54
FAM185A	1.94
FAM167B	-0.2
NAPEPLD	2.82
PPP1CC	-0.3
SLC4A1AP	0.47
SYT13	-0.23
	-2.2
	-1.48
AFG3L2	-0.25
C16orf58	-1.51
OARD1	-1.44
	3.21
	2.64
PDRG1	2.48
WLS	-1.45
MAN2B2	0.94
	2.13
CD44	-0.39
CD47	-0.71
URM1	0.66
RAP1B	-3.28
RAP1A	0.03
SKAP2	-0.68
SMTN	-0.07
L3MBTL2	1.63
EP300	2.47
NCOA2	2.08
NCOA3	-0.11
NCOA1	-1.79
	0.37
NCOA4	-2.9
NCOA5	-0.61
ATF6B	1.52
PIP5K1C	0.12
PIP5K1A	0.86
PPP4R1	2.31
PPP4R2	-3.43
CCNG1	-1.54
CCNG2	0.88
	-0.48
ARMC8	0.63
ARMC9	0.66
ARMC6	-1.03
ARMC5	-1.01
ARMC1	-0.2
BCAP29	-1.62
RELL1	1.42
FBRS	3.1
RNH1	-1.43
HJURP	-0.7
WDR75	-1.15
XRCC4	-0.24
	1.68
	-0.1
XRCC6	-0.22
	0.25
GSK3A	-2.72
GSK3B	-0.83
VARS2	0.67
PRKAB2	0.59
DMWD	-0.94
INF2	1.7
	1.23
ISCA1	-0.68
TFAP4	-0.73
PMF1	0.15
ISCA2	-0.22
SDC1	-1.39
SDC2	-0.03
SDC3	0.23
SDC4	1.76
MAPK14	-1.78
	6.33
	-0.31
MGEA5	-0.72
HNRNPUL2	1.3
HNRNPUL1	0.27
GLE1	-1.58
NAA38	1.0
NAA35	0.1
NAA30	-1.59
METTL21A	0.31
TRIP10	0.44
TRIP11	1.68
TRIP12	-0.39
TRIP13	-3.42
	8.44
KIAA1143	-0.67
MANBAL	-0.23
AIF1L	0.1
ADAM9	-1.97
AATF	-1.83
DNM1L	0.97
	1.06
AP2M1	-0.93
TOMM34	0.78
SNRNP27	-2.65
EDF1	-1.28
TMEM11	-1.92
TMEM17	1.83
	0.47
TMEM19	-0.7
ITPA	-1.0
PDE12	-0.39
ORAI2	-0.12
PDGFRB	-0.2
PDGFRA	-0.23
ORAI1	-0.28
KIRREL	-1.23
TTC28	3.57
MTA2	-1.05
BDP1	4.52
COX7A1	3.89
TTC26	-1.25
TTC27	-1.23
AP1AR	1.42
TTC23	3.0
UFL1	-0.31
ZNHIT2	-1.22
ZNHIT1	0.71
ZNHIT6	-1.49
CKS2	-1.66
NFIL3	0.51
EHD4	-2.01
ASCC2	-0.72
PCDH19	-0.68
NPM1	-4.39
NPM3	0.45
KANSL3	0.85
KANSL2	1.32
KANSL1	-0.44
	-0.47
MXI1	-0.12
PSMF1	-0.61
KIF23	-0.51
KIF22	-0.7
	-0.49
ATMIN	-0.61
RSBN1L	-1.51
PAPD7	-0.28
	10.83
	4.61
MEN1	-1.83
KIAA1033	-0.21
TMEM222	0.45
NABP2	1.88
ACAD11	1.38
NSF	0.02
SPNS1	0.88
KIF2A	-1.68
KIF2C	2.3
SLC35A1	-2.77
KIAA1522	2.19
GABARAPL1	0.32
GABARAPL2	-1.25
MEGF10	1.11
	-0.69
POGZ	-0.4
UBE2J1	-0.62
UBE2J2	-0.72
LY9	0.4
ECH1	1.12
DPY30	-0.42
	-1.16
GCAT	-0.71
SAT1	2.47
ATG16L1	-0.15
ATG16L2	0.98
LFNG	-1.97
PCYT2	-1.07
MTFP1	-0.11
	1.82
SRA1	-1.01
OXSR1	0.23
	1.91
LYN	-1.58
NSDHL	-0.59
KIF9	3.09
KIF4A	-0.37
MNS1	-1.12
AMACR	-2.05
ZFAND5	-1.66
ZFAND3	-0.78
PRKG2	1.63
TIMM8B	-0.26
TUBA8	0.81
LIFR	1.17
C5	1.41
AMOTL1	1.41
AMOTL2	-2.48
LMBR1L	1.34
FAM20A	-0.23
FAM20B	1.42
FAM20C	-0.86
	-0.29
SUGP1	1.57
SPAG9	-1.45
SPAG7	-1.77
SPAG5	2.43
SPAG1	1.32
WDSUB1	0.31
SMARCD3	0.02
SMARCD2	-1.87
SMARCD1	-1.6
NCAPH	-2.5
NCAPG	-1.02
	-0.21
	2.26
BLZF1	-0.46
ROCK1	-0.1
ROCK2	2.59
GPC1	-0.05
	1.33
BBS9	-0.02
TGFB1	0.54
BBS1	0.79
BBS2	-0.1
PLCG1	-1.33
PRKAR2A	-1.77
TARBP2	1.57
	0.29
PRKAR2B	-0.58
EIF4A2	0.27
NR1H2	3.27
NR1H3	-0.11
	1.02
	-0.72
	-0.39
	-0.17
ZNFX1	-0.69
H6PD	1.24
ACBD3	0.12
	-0.4
ACBD6	-0.94
ACBD5	1.83
HBS1L	-1.0
ZMYM2	1.1
ZMYM3	-0.37
ZMYM1	0.93
ZMYM4	0.36
ZFAND6	-0.17
AMPD3	1.65
AMPD2	-1.85
TOP1	-0.55
TGFBI	1.63
DPM3	0.81
DPM2	-0.74
SLC50A1	1.24
TWSG1	-2.11
LYPLA1	3.64
LYPLA2	0.57
CHCHD2	-0.2
POLR3D	-1.04
POLR3E	-1.43
POLR3B	-0.73
POLR3C	-1.0
DTNBP1	-0.94
CD99L2	-0.13
POLR3K	-2.73
POLR3H	-0.03
ENOX2	1.32
RRP36	0.1
NR2F6	0.52
NR2F1	-0.61
NR2F2	-0.53
TENM4	-0.4
MIOS	-0.52
GPALPP1	-0.12
CPSF3L	-1.68
STARD13	2.63
CASC5	-0.24
CC2D1B	-0.97
USP38	0.83
USP39	-0.51
	0.2
GLT8D2	0.2
GLT8D1	0.93
USP30	-1.39
USP31	2.49
USP32	1.1
USP33	0.11
USP34	0.86
USP36	-0.43
USP37	-0.24
PPP1R15A	2.75
PPP1R15B	0.36
	8.44
	1.72
TSN	-3.13
PABPN1	1.26
COPZ2	-1.2
SSH2	0.87
SSH3	0.77
CTBP1	-1.28
TST	-0.76
HEMK1	1.66
	0.86
CINP	1.54
NFX1	-1.9
	-0.73
DAP	-0.71
	-0.69
CIC	3.48
	3.92
KCTD17	0.37
HMGCL	1.01
NAP1L1	-2.69
PLRG1	-1.07
NAP1L4	-0.87
GMDS	0.44
WBP11	-0.18
HMGCR	1.69
CIT	0.53
FGF7	-1.27
ANKRD13B	1.1
GET4	-2.06
UBLCP1	-1.65
EXOC6B	0.72
	-1.94
THAP4	-0.67
	-0.58
	-1.51
	-1.8
DPYSL2	-1.24
SAP30L	2.37
ARL6IP5	-0.37
ARL6IP4	-0.38
DAB2IP	0.98
ARL6IP1	-2.57
	0.29
SLC35B1	-0.42
PES1	-2.12
SLC35B3	-0.73
SLC35B2	-2.25
SLC35B4	-0.57
CHPF	2.53
UBR1	1.83
PSMB10	1.5
UBR7	-0.76
	0.5
FPGS	-3.12
DENND5A	1.04
PPP1R9B	1.31
TCTN1	3.71
C5orf24	1.33
LAYN	-2.12
CHP1	-1.7
AGA	0.7
CLEC11A	-0.45
MTMR14	-0.1
	-0.88
TSEN2	-0.75
	-0.01
SPRR1A	2.49
	-0.51
MYEF2	-1.32
QSOX2	-1.05
QSOX1	2.6
VAPB	-2.58
VAPA	-2.07
DGKZ	2.24
PUS1	-1.74
PUS3	-0.75
PUS7	-2.29
CSAD	-1.66
NOL11	0.17
	-1.44
DGKD	-0.46
DGKE	0.57
OGT	5.43
MFN1	-0.76
OGN	0.78
PWWP2A	2.26
DNTTIP1	0.05
DNTTIP2	-0.23
CYP11A1	0.38
	4.24
UBN2	3.95
UBN1	0.6
HEATR5A	-0.61
NAA50	-2.81
CREB3	-0.88
IMPA1	-0.19
IMPA2	0.82
B4GALT1	-1.94
B4GALT3	2.5
B4GALT5	1.3
B4GALT7	0.83
EHMT1	2.96
EHMT2	1.77
TRAP1	0.14
AARS	-0.89
MIF	0.23
	1.21
	-2.19
AGGF1	-0.28
GNAO1	-0.14
ELK3	-1.16
ELK4	1.33
TANK	3.38
AAR2	-2.43
TMEM37	-2.66
	0.78
TMEM33	-0.42
CNEP1R1	-0.65
FAIM	0.51
CTH	-0.47
ELMO1	0.86
NCKAP1	2.09
CSNK1A1	-3.04
PGD	0.76
RPL37A	-0.46
CRYZ	-1.54
	-2.78
RABGGTB	2.67
DOK1	-1.41
DOK4	2.54
	1.36
	6.37
MELK	-0.47
	13.28
IGBP1	-0.44
	0.09
SSR1	-2.2
RANGAP1	0.6
CAAP1	-1.97
DDHD1	1.06
DDHD2	-1.77
PDZD11	1.23
ZDHHC20	1.71
ZDHHC21	1.66
ZDHHC24	0.26
ZNF408	0.67
	-0.89
CDK11A	1.03
RBM26	0.19
RBM27	-1.24
STAT5A	-0.69
	1.37
RBM22	0.05
COX17	1.87
RBM28	-0.1
CLOCK	1.65
WISP2	-0.85
WISP1	-1.07
YKT6	-1.27
LPAR2	1.31
SH2B2	0.4
SH2B3	2.32
SH2B1	0.18
KIF20B	-0.84
KIF20A	1.07
GSPT2	0.1
GSPT1	-0.84
STMN1	-1.41
STMN2	-0.33
EIF2AK1	-1.71
EIF2AK3	0.14
EIF2AK2	3.48
EIF2AK4	0.18
UBE2D1	0.1
CAMKK2	-1.3
	5.37
FKBP1A	-0.74
SLC25A17	0.43
SLC25A13	0.21
SLC25A12	-1.83
SLC25A11	-3.56
SLC25A10	-1.07
CSPG4	0.94
NUP155	1.26
NUDC	-0.38
SAV1	-0.1
PITPNM1	-0.11
PITPNM2	1.34
KIAA1462	0.18
FTH1	0.89
FKBP10	0.94
FKBP11	-0.55
PFKM	-0.57
JADE2	0.93
NEDD4L	-0.63
SLC12A6	3.09
	0.4
C19orf43	-1.88
IFITM3	1.38
EPOR	1.34
	1.4
	-0.12
	0.44
	0.41
SCD	0.24
	0.52
TUBG1	-1.22
TUBG2	0.28
COPG2	-1.14
COPG1	-0.36
APAF1	0.66
FEM1B	-1.35
SLC12A8	0.57
SPECC1L	1.17
	6.52
DCP1A	0.66
SUCO	-0.95
KEAP1	-2.15
	-0.61
ERAP1	-0.2
	-0.07
UMPS	-2.56
TXNL1	-4.27
PGPEP1	-0.75
PCOLCE2	-1.27
ANK1	0.12
	2.22
MAN1A2	-0.61
SLC4A3	3.64
SLC4A2	0.71
	0.61
CUL5	-0.57
CUL7	0.7
CUL1	-1.71
AIG1	-1.15
TMLHE	0.29
SYNJ2BP	-0.57
HSPA4L	-1.66
PTP4A1	0.09
PTP4A2	1.7
IGF2BP1	0.9
IGF2BP3	-0.67
IGF2BP2	0.55
DCBLD2	-0.97
	-1.23
MAATS1	3.89
	-0.12
MFAP3	-2.16
RARS2	-0.07
	6.59
NT5C3B	0.04
COL6A1	-1.49
COL6A3	1.55
COL6A2	-2.65
DYNLL2	0.58
GHRH	2.01
EEA1	3.14
NEURL4	2.19
DMTF1	1.63
EIF5B	-1.14
EIF5A	-1.93
	1.34
TXN2	-2.43
POLR1A	1.4
POLR1B	-1.23
POLR1C	-0.56
POLR1D	1.76
POLR1E	-1.16
	-1.14
C6orf120	0.59
	1.02
TGIF1	-0.3
	0.98
CREB3L2	-1.63
CCNDBP1	-0.29
CREB3L1	0.71
PLEC	2.6
SNX21	0.38
SNX27	-1.88
SNX24	-0.7
SNX25	3.11
CDKN3	-1.62
QRICH1	-0.69
	-1.66
	2.64
MRPL41	-1.65
	2.54
	2.87
MRPL46	-0.5
MRPL45	-1.49
MRPL44	-0.93
MRPL49	-1.22
MRPL48	-1.19
BCL7C	-1.22
	4.49
BCL7A	2.01
OAZ2	-0.39
OAZ1	0.61
DPPA2	0.72
TIPRL	-1.21
SH3BGRL	0.03
PPP1R13L	1.5
SMPDL3B	2.94
CTDNEP1	-0.82
RBPJ	-0.77
C11orf68	-1.75
	-0.27
PRCP	0.63
MTBP	-0.37
HIST2H2AC	-2.14
	0.82
PAICS	-0.26
	-0.62
UBR3	-0.06
C1orf131	0.58
NFE2L1	0.28
CLDN12	-1.07
FGD1	-1.3
FGD3	-1.04
GMFB	-3.11
	1.24
SNAPC3	0.4
SNAPC2	-2.22
SNAPC1	0.32
ANXA2	-1.56
SNAPC5	-0.53
SNAPC4	2.64
FMR1	2.28
URI1	1.4
	-1.5
OSCP1	-0.72
FAM210B	-0.28
NT5C	0.22
ANXA6	0.72
CELF2	-0.82
	-0.12
	-0.38
DPM1	-1.05
EZH1	-1.12
EZH2	-0.26
DDX19A	-1.43
SLC35D1	1.72
RNLS	2.03
DDX19B	-1.33
VDAC3	-0.38
VDAC2	-1.85
VDAC1	-1.57
RALGAPA1	0.28
	-1.22
AES	1.8
	-1.53
RCN2	-0.92
RCN1	0.0
EPHB3	0.79
RRP8	-0.72
RRP9	-1.22
NPEPL1	1.18
	-0.86
PHIP	0.83
GRAMD1A	-0.81
AEN	-1.38
VARS	-1.52
	1.41
SIDT2	3.34
CDC37L1	0.14
OAF	0.63
PKLR	-2.16
UBR4	2.04
POLR3A	-1.06
OAT	-0.08
KIFAP3	-1.96
NUDT16L1	-1.92
PPIG	-1.54
PPIF	-1.02
PPIE	2.55
PPID	-1.55
PPIC	-1.38
PPIB	-1.23
PPIA	-2.06
PLVAP	0.05
TP53INP2	1.5
IGF1R	-0.51
	-1.02
NUP153	-1.08
C20orf27	-0.78
GRB2	-0.4
NRP2	-2.23
	-2.54
UBC	-2.65
	1.24
	5.28
UBL5	0.71
UBL7	-1.51
AQP5	3.81
UBL3	-1.05
AQP1	1.23
BAX	1.27
LHFPL2	-0.59
XPOT	0.87
TAX1BP1	0.89
SMIM12	-1.15
TAX1BP3	-2.31
SMIM15	1.15
SMIM14	2.3
UBE4B	-0.71
SPOPL	0.4
IK	0.98
COX6A1	-0.28
PRKRIP1	-1.62
AHCTF1	0.78
TYSND1	0.71
HNRNPR	-2.02
ACSL1	0.69
HNRNPU	-1.68
ACSL4	0.64
ACSL5	-1.16
ARL10	-0.52
HNRNPK	-0.25
HNRNPL	-0.01
HNRNPM	-2.3
HNRNPC	-0.98
HNRNPD	-2.33
HNRNPF	-2.13
	-0.31
KHSRP	-1.25
STK25	-0.03
	-0.45
HELZ2	4.84
DDA1	-1.62
WBSCR22	0.98
	-0.22
MANF	-2.48
CAMLG	-1.42
PIN1	-0.81
PIN4	-0.03
FZD4	0.8
FZD7	-1.04
SIMC1	-0.94
NINJ1	0.02
PLXNA1	-1.03
RPL35A	-0.42
C11orf52	3.09
	-1.6
TJAP1	-0.2
C5orf42	1.1
	0.82
CCDC97	1.53
PPP2R2A	-0.94
PQBP1	1.15
CCDC93	1.5
PSMB9	-1.06
PSMB8	-1.46
PSMB7	-0.53
PSMB6	-0.38
PSMB5	-0.42
PSMB4	-1.29
PSMB3	-0.54
PSMB2	-0.26
PSMB1	-0.82
LDHA	-3.92
ACADM	1.07
PGAM5	-2.37
PGAM2	0.86
RAB43	2.64
TRIB2	-0.2
PGAM1	-1.05
CAPN7	0.79
	-0.26
MRPS28	1.41
MRPS26	-2.22
MRPS27	-2.49
MRPS24	-1.07
MRPS25	1.01
MRPS22	-1.67
MRPS23	0.11
MRPS21	1.83
	-4.67
HIST1H2AE	-2.05
HIST1H2AA	-1.29
HIST1H2AK	-0.84
NAT10	-0.65
RAB4A	2.39
SMAD5	0.03
NDUFA6	-0.24
NDUFA7	0.83
NDUFA4	0.17
NDUFA5	-1.36
NDUFA2	0.0
NDUFA3	-0.82
NUF2	-1.87
ATP6AP1	1.47
NDUFA8	-0.16
NDUFA9	-0.55
LRCH4	-0.11
	0.47
VEGFA	3.23
LRCH1	1.36
VEGFB	2.19
FDXR	1.11
SMAD3	0.28
TPGS1	-2.22
	1.24
	-0.25
	1.96
ECT2	-0.99
SSNA1	-1.66
HUWE1	1.45
	1.05
SLC25A37	1.67
SLC25A36	0.18
GOLM1	-0.03
SLC25A32	-0.8
YAE1D1	-0.85
SLC25A39	1.42
HEATR6	-1.3
HEATR3	-0.19
HEATR1	-1.45
POC5	0.54
C5orf15	0.68
	0.69
	7.8
DDX17	-0.77
DEF6	-0.55
DDX10	0.45
TIPIN	0.12
CR1L	2.71
DEF8	-1.06
DDX18	-1.06
RC3H2	0.67
GPR107	0.57
GPR108	-1.8
NOC4L	-1.66
CMIP	-2.17
	-1.4
CDKN2C	1.47
SRSF7	-0.88
SRSF6	-3.85
SRSF1	-1.07
CDKN2D	-1.39
SRSF2	0.98
SRSF9	-2.08
C1orf53	1.78
SLC38A4	1.3
SLC38A7	-0.65
SLC38A6	-0.43
NCK1	0.87
SLC38A2	-0.71
DARS	-2.19
ATP6V0E1	-0.98
RAPSN	-1.38
LDLRAD3	-0.11
RGMA	1.83
PRKCI	1.69
DEGS1	0.62
SUGT1	-1.27
	0.07
PRPS1	-2.26
PRKCA	-0.06
PRKCD	-2.39
C9orf3	1.34
TOM1L2	-1.25
TMEM181	0.09
	2.49
MNAT1	-1.0
ATG3	-1.69
ATG5	0.05
COPZ1	-3.59
	1.11
	7.74
PRR12	0.5
CDV3	-1.33
	-0.44
NOVA1	2.32
ARMCX3	-0.02
ARMCX2	0.36
KLF6	-1.06
KLF5	0.21
KLF9	1.75
ZC3H11A	1.96
PRR14	1.5
NCAPD2	3.34
NCAPD3	-1.05
RRM2	-1.18
RRM1	-0.81
	2.01
REST	-1.45
TWISTNB	0.47
CCDC181	1.11
	-1.32
	1.1
ZNF655	0.57
	-1.78
SEMA7A	0.34
CTBP2	-0.35
GATAD1	-0.68
AJUBA	-0.22
	-0.12
TRMT11	-1.76
SPATS2	1.16
	1.41
PRRC2B	3.46
TNRC18	1.09
	-0.18
PDCD6IP	-1.19
TXNL4A	-2.72
	-0.74
TCEAL8	-1.29
	0.85
NUMA1	-2.17
PARP6	2.54
	-0.75
PARP1	1.14
PARP2	0.47
PARP3	-0.41
ZCCHC9	-1.96
ZCCHC8	-0.59
SRSF11	2.09
SRSF10	-0.34
NRBF2	-0.63
ZCCHC2	-1.9
ZCCHC6	-0.72
LRP10	-0.82
LRP11	-1.22
VTI1A	-0.12
SND1	-0.33
VTI1B	1.69
ACO1	0.36
ACO2	0.36
THTPA	2.5
C11orf73	-0.12
AVL9	2.01
	0.09
GTF2IRD1	-0.51
KLHL38	2.01
TEAD2	0.93
TEAD1	-1.68
MTDH	-1.6
GIT1	0.86
HMGCS1	1.0
CIR1	0.1
	-0.73
	0.05
THG1L	-0.97
STAM2	-1.42
AZIN1	0.08
RAD1	-0.72
SERPINB1	-0.11
CHID1	-0.73
	0.98
	1.63
KMT2C	3.2
KMT2B	3.68
FBXO18	-0.65
SEPT6	-1.9
AHCYL1	-4.02
KMT2E	2.78
AHCYL2	0.31
RBM39	1.18
C9orf78	-1.09
FBXO11	-0.94
FBXO17	-0.57
RBM38	0.86
	8.89
CLCF1	0.85
CTIF	3.09
RILPL2	1.68
MAPK8IP3	3.18
SLC35F5	-0.86
KCTD13	-0.84
SLC35F6	-0.1
AK3	-0.51
AK2	2.4
AK1	-0.24
AK6	-1.15
AK4	-0.43
KCTD10	-1.23
LZTS2	0.34
UBE2S	0.91
VAT1	-1.19
TSC22D1	2.06
TSC22D3	1.51
TSC22D2	-0.64
MICAL2	-0.89
DENND1B	1.33
DENND1A	0.61
BSG	-0.98
HIRIP3	-0.29
RPS13	0.62
RPS12	0.29
RPS11	-0.44
RPS10	0.0
RPS17	-0.4
RPS16	0.35
RPS15	-0.24
RPS14	-1.62
GLA	-0.5
RPS19	-2.06
RPS18	-0.66
RCL1	-0.54
CERCAM	-0.22
PHKB	-0.02
GLS	0.53
	0.57
CRLF2	0.83
CRLF3	-1.12
	3.94
MPP2	1.94
MPP1	0.46
MPP6	0.38
MPP5	-0.72
TCEA1	-0.03
TUBA1B	-4.69
COL1A2	-1.68
DGCR8	-0.37
	0.31
LRPAP1	-0.48
MPV17	1.94
DGCR2	-1.01
OTOG	4.75
KIAA0895	0.34
	-0.72
TEP1	-1.22
C16orf72	-0.04
DCAF12	0.2
DCAF10	-0.5
EMG1	-0.83
DKC1	0.15
BACE1	-1.51
TM2D2	-0.44
TM2D3	0.8
FBXL3	-1.12
	-0.92
FBXL5	-1.33
TMEM185A	0.07
FBXL6	-0.15
ERF	1.14
ERH	-1.14
LBP	-0.02
INPP5B	0.02
LBR	-1.51
RAN	-3.08
INPP5K	1.53
CYP20A1	-1.78
ENY2	-1.47
LBH	-0.91
S100B	-1.1
MARC2	-2.39
LTBR	3.69
MUT	1.21
TBL1X	-2.1
	-0.98
	0.54
PLEKHA5	2.03
PLEKHA2	1.7
PLEKHA3	2.54
RHEB	-1.88
OSBP	-2.2
SNRNP40	-2.03
RPSA	-1.4
AP1G1	-1.36
SNRNP48	0.02
IRS1	0.26
IRS2	-0.38
USP6NL	1.66
PLA2G15	0.93
PLA2G16	-1.96
KAZALD1	0.09
ISOC1	-2.19
SDHAF2	-2.21
C1orf198	0.24
RTN4R	-0.2
HEXIM1	0.05
HNRNPLL	0.15
FERMT2	-1.96
SAMD9L	0.4
	0.33
TRAF7	-1.05
PHF21A	3.57
PASK	-0.77
	-0.29
	0.66
	-0.75
	-0.32
RGP1	0.05
MYOF	0.33
	1.77
PKM	-1.9
HECTD2	2.64
HECTD3	1.57
HECTD1	-1.07
MCC	2.47
IARS	-2.78
RPP30	-2.85
MAD2L1	-1.24
ARL6IP6	-1.14
	3.07
SERTAD1	1.09
SERTAD2	-0.9
SERTAD3	1.24
MAD1L1	0.05
TMEM9B	-3.23
PIK3R4	1.5
PIK3R2	0.13
PIK3R1	1.14
ZFP91	-0.29
CYHR1	0.4
	-1.01
MATN2	-0.34
GNPNAT1	-0.05
RAB6A	-2.77
	-1.51
SQRDL	-0.62
NME1-NME2	-0.95
NDUFC1	-0.38
NDUFC2	-0.27
ARHGAP17	0.1
ARHGAP12	0.93
ARHGAP10	0.54
ARHGAP18	-0.04
	1.66
DDX3Y	0.28
SIK3	0.63
ADAM10	-2.78
	0.41
LHFP	0.9
ADAM15	-1.33
ADAM17	-0.67
	0.18
ADAM19	3.92
MTHFD1L	0.44
HEBP1	-0.59
ZFC3H1	3.43
ASH1L	0.93
DDX39A	0.19
AFF4	3.27
AFF1	-1.61
PNPLA2	2.43
	1.87
PNPLA8	1.65
SLC39A13	0.69
SLC39A10	-0.24
SLC39A11	-0.74
SLC39A14	-0.97
SLK	-0.05
NSUN5	0.73
NYAP1	2.01
PAN3	2.17
PAN2	1.41
ERGIC3	0.55
EEF1A1	0.06
EEF1A2	-0.31
TLN2	0.14
TLN1	0.47
TRIM59	-0.29
	0.07
MYBL2	-0.37
	-1.18
PANK3	-0.23
PANK2	-1.92
	0.05
DAP3	-1.39
MBNL1	0.43
MBNL2	-0.77
MBNL3	0.02
	1.34
	3.09
GNL3	-2.32
GNL2	-0.21
GNL1	-0.29
FBXW11	-0.54
SMARCB1	-0.48
	-0.11
GLIS2	0.78
TMEM39B	0.34
TMEM39A	2.1
FNIP1	-0.12
FNIP2	0.67
PSPH	-0.44
ZFYVE16	3.27
MMADHC	-2.4
UBTD2	-0.3
UBTD1	-2.31
	2.25
AGK	-0.07
BUB1B	-0.35
CDT1	-3.82
ZMAT2	-1.8
	-1.05
EIF1B	-0.31
EIF1AX	-2.41
	5.57
	-2.15
NOM1	-2.33
	0.22
ELMSAN1	-1.6
	-3.0
GORASP2	-1.76
GORASP1	0.87
MAP7D1	-0.35
BSDC1	-0.56
TSR2	-0.17
PSRC1	-1.68
	2.39
MPI	-0.86
HSPA5	-1.14
HSPA4	-2.62
RCAN1	3.07
HSPA9	-3.17
HSPA8	-1.58
PLAT	-0.01
DNAJB12	-0.07
DNAJB11	-3.1
	-0.26
PARVB	-2.01
PLAA	-2.33
PARVA	-4.21
CTDSP1	0.03
CTDSP2	-0.23
FAM83D	-2.31
EMD	-1.22
RAB2B	1.36
MIA3	-0.38
MIA2	-0.5
CTDSPL	1.34
C11orf74	2.26
	-0.54
HTRA1	-0.71
HTRA2	0.28
SASH1	1.73
TSNAX	-1.09
KDM7A	1.83
RPS19BP1	-1.72
BTBD7	1.32
KLHL11	-0.94
RNASEH2A	0.79
RNASEH2C	-2.0
KLHL17	-0.02
SH3D19	-1.32
BCLAF1	-0.15
	1.11
SCAF4	-1.35
DDX5	-2.02
DDX6	0.54
DDX1	-2.76
SCAF8	-1.83
GTPBP10	-0.97
LRRFIP1	-1.63
	-1.54
	1.4
ILK	-1.77
FBXO34	1.34
FBXO30	1.68
FBXO31	-0.11
FBXO33	-0.29
	1.33
SYNCRIP	-0.47
SEMA5A	-0.14
	-0.58
GALNT11	3.4
VKORC1	-0.51
PPL	0.82
FOXG1	-0.31
DLX3	1.1
	2.12
	0.34
	0.38
NRIP1	1.24
CXXC1	-0.73
OPA3	-2.11
OPA1	-0.37
CD151	1.21
LANCL2	-0.61
LANCL1	0.6
NOP9	-1.37
GNS	-2.36
NR3C1	-0.15
CENPK	-0.5
PEMT	1.32
CENPH	-0.52
CENPF	-0.36
CENPE	-0.68
NOP2	-2.93
AIP	0.18
CENPA	1.18
GNE	0.61
CKAP2	-0.66
	-1.22
CENPT	0.37
	0.73
CENPQ	0.2
CKAP5	0.13
NHLRC3	-0.85
NUDT9	-0.87
	-0.7
NUDT2	0.5
NUDT3	2.42
NUDT4	0.56
NUDT5	-2.0
SMPD4	-0.94
SMPD1	1.63
BMPR2	1.17
	-1.88
	0.06
IDH2	-0.64
IDH1	1.05
YTHDF2	-3.01
YTHDF1	-2.07
SNRPB	0.12
	-0.05
	0.66
SNRPF	0.25
	0.4
	-0.12
	2.47
SUDS3	1.73
	3.29
TPGS2	0.16
ASNS	-1.81
ECSIT	-0.61
RUVBL1	-0.81
RUVBL2	-0.84
	-0.57
MYSM1	-0.1
ZNF800	-0.65
MSN	-2.51
ETNK1	-2.06
TTC39B	0.21
DYNC2LI1	-0.03
PTOV1	-0.23
	-2.54
LEO1	-0.97
	1.65
EIF4H	-2.22
PHTF2	1.36
PHTF1	1.64
PTPN21	3.26
SLC9A1	-0.62
SLC9A8	-1.09
SLC9A9	3.07
AP3S2	-2.07
TNS3	0.97
AP3S1	-0.76
IFNGR1	-1.33
IFNGR2	-0.74
	1.24
C16orf87	0.31
INTS12	-1.11
PML	0.59
NAB1	-1.11
NAB2	-1.8
	0.39
FXR1	-1.74
FXR2	-0.3
	0.87
HOOK2	1.41
HOOK3	-2.18
	3.68
OSTF1	-3.23
PHOSPHO1	2.54
SRCAP	4.09
	0.58
GLUD1	-0.57
SSU72	-2.72
PODNL1	1.94
LARP1	-3.01
RBM42	0.18
LARP4	-2.25
RBM45	-0.58
RPS27L	2.06
LARP7	-2.36
RBM48	0.52
RPS27A	-1.02
DPP8	2.25
DPP9	-1.21
	-1.46
DPP3	0.41
UIMC1	-0.78
DPP7	-0.9
NUB1	-1.65
CEP57	1.37
PTPMT1	0.66
CEP55	-1.45
TMCC1	3.07
COL4A3BP	-0.53
HBP1	1.15
MACROD1	0.82
SLC39A1	-2.33
SLC39A3	-0.77
GGNBP2	-2.93
SLC39A7	0.08
SUMF2	-0.24
SUMF1	-0.14
GLIPR2	-1.35
GLIPR1	1.57
GYS1	-1.43
SURF1	0.29
SURF2	-2.64
SURF4	-2.05
SURF6	-1.7
DDX58	1.83
FCGRT	0.26
	2.64
BPGM	2.94
DDX52	-2.02
DDX50	-1.82
DDX51	0.28
DDX56	0.06
GPR149	-0.11
DDX54	-1.31
DDX55	3.55
HNRNPA2B1	-1.54
SIPA1L1	2.69
SIPA1L3	-0.95
SIPA1L2	1.91
HEATR5B	-0.46
FUNDC2	-1.71
ANLN	-1.41
	4.64
	7.09
HEXA	-2.48
HEXB	3.56
DCAF7	-3.47
FLOT1	1.17
FLOT2	-1.97
DCAF4	2.03
IQSEC1	-0.61
IQSEC2	0.34
PDCD2L	-0.94
HOXB9	0.02
TRAFD1	0.63
LRIG1	0.02
RALGAPB	0.09
HOXB6	0.09
HOXB7	1.05
RAB9A	-0.81
CTR9	0.3
PCDHGC3	0.44
CPED1	2.03
THADA	-0.85
STAT6	1.32
RAB2A	-1.81
STAT3	-2.5
STAT2	0.82
STAT1	0.29
CEP250	-0.15
SEPSECS	-1.74
ZYG11B	-1.63
KIAA2013	-1.38
LIN9	-1.42
PALM	0.2
	2.39
UBE4A	0.4
TPRG1L	2.61
PEX19	-0.29
TEX261	0.73
	2.87
TEX264	-0.16
PEX13	-1.77
PEX12	0.21
PEX14	-0.49
TUFM	-2.46
	2.47
BLOC1S6	-0.12
BLOC1S5	-0.11
	0.72
BLOC1S2	-1.15
BLOC1S1	-0.19
SBDS	1.14
CDR2	0.64
	3.81
PAGR1	-1.15
CCNT1	0.83
RPP14	0.07
BPTF	0.79
EIF3H	0.82
EIF3I	-0.49
EIF3K	-1.11
EIF3L	-0.87
EIF3M	-1.48
KIAA1549	3.09
EIF3A	-0.41
EIF3B	-2.58
EIF3C	-1.74
EIF3D	-0.96
EIF3E	-0.9
EIF3F	0.23
EIF3G	-3.22
RABL6	0.96
C18orf8	0.34
CFL2	-1.94
FANCD2	3.21
	4.02
	6.36
WBSCR16	-0.1
C19orf24	-0.46
	6.47
ERLIN1	-1.65
ERLIN2	-0.19
RABL2A	0.47
EFNA5	-0.1
EFNA4	2.5
EFNA1	0.26
	-0.7
FXN	-1.05
YEATS4	2.24
PITRM1	0.33
TCF25	-0.89
TCF20	1.1
FAM50A	-0.48
	0.87
	3.07
RERE	0.9
LPGAT1	1.4
ASS1	1.06
PHACTR4	-0.03
PI4KB	0.16
PI4KA	0.07
TUSC3	-1.51
CRYZL1	-0.83
HSPG2	0.08
HSF1	2.51
GRIPAP1	0.02
PACRGL	0.82
ALDH18A1	-0.51
NUGGC	1.5
NOL12	-1.91
LGALS3BP	1.93
ELMOD2	0.14
	0.87
	-1.89
CREBBP	1.63
TMA16	-0.36
PRUNE2	-0.33
	0.16
LZTFL1	-1.51
SZT2	2.25
SMN1	-0.69
TPM3	-2.3
	-0.45
RFXAP	0.05
SNAPIN	1.3
LPIN2	-0.24
PMPCB	0.46
TMOD3	-0.89
KIAA1524	-0.59
DHCR7	2.52
EI24	0.34
LAMB1	-0.72
LAMB2	0.13
SSB	-1.35
ERBB2	-2.09
	-1.54
INTS10	0.71
TAF6L	1.1
	0.06
CRELD2	-3.54
ADAR	0.64
CAT	1.32
LY75	0.61
EXOSC8	-1.29
EXOSC9	-1.16
TRMT112	-1.85
EXOSC2	-1.74
EXOSC3	-1.37
EXOSC1	-1.77
EXOSC6	-2.0
SIGMAR1	-3.33
EXOSC4	-2.51
CAD	-0.62
SEMA3A	0.44
SEMA3C	-0.4
SEMA3B	0.1
SEMA3F	1.41
	1.5
	-0.47
	0.05
ANO10	-1.7
	2.64
ARPC1B	-0.38
TCAIM	-0.2
RALBP1	2.95
RSRC1	-1.39
	0.53
SYAP1	-0.88
PIAS2	2.94
PIAS3	0.36
	-2.59
PIAS1	0.93
NEXN	0.78
PIAS4	0.63
SPICE1	-0.58
TMEM87B	-0.38
	1.24
IRF2BP2	-1.28
	-1.21
HIPK2	-0.28
ITGB3BP	-0.84
	0.72
TK1	-1.11
MEX3C	1.7
MRRF	-0.95
GHR	1.32
PPP4C	-1.78
COMMD8	-0.7
COMMD9	-1.04
PPP1CB	-0.06
	-0.3
PPP1CA	-1.54
COMMD2	-2.49
	-0.23
COMMD1	1.19
	0.78
COMMD7	-1.62
COMMD4	-1.38
CNBP	-2.8
TKT	0.56
NLN	-1.1
ELAC2	-1.32
HAUS6	0.25
HAUS7	-1.24
HAUS4	-1.72
HAUS5	-0.7
HAUS2	-1.64
HAUS3	-1.94
APOOL	-1.04
HAUS1	-0.75
	-0.14
LSM8	-1.39
SPON2	1.5
	1.85
	-1.59
	-0.69
LATS2	3.15
CYP4V2	-0.38
RPP25L	-1.47
	-0.67
ELMO2	-0.53
LSM5	-0.31
EMC3	-1.18
EMC2	1.37
EMC1	0.39
EMC7	1.16
EEF1D	-3.33
FSCN1	-3.36
EMC4	0.49
DPAGT1	-1.17
	2.96
LSM3	-1.46
DEDD2	0.98
INPPL1	0.88
MAGT1	-2.75
FKRP	1.25
	-0.18
SESTD1	-0.88
	-0.52
CCDC109B	0.28
ATG10	0.34
ATG12	-0.32
ATG13	0.25
ATG14	-0.29
CSE1L	-1.02
DAPK3	-1.4
NADK	1.37
	0.28
UGDH	-0.72
NKRF	0.52
	0.64
RABGGTA	-0.41
	0.93
LRP1	-1.05
PGP	-2.16
AP4E1	1.1
TIMM10B	1.73
EIF4A1	-0.82
EIF4A3	-2.79
REPIN1	-1.04
PHYKPL	2.17
POR	-0.69
CASC3	-1.25
PPOX	1.46
HNRNPH1	-1.46
LUZP1	-0.36
HNRNPH3	-2.77
HNRNPH2	-2.1
LASP1	-2.87
TAOK1	1.0
TAOK2	1.67
	-1.52
AXIN1	-0.77
CYP4F12	2.72
TNFRSF9	1.92
ZNF777	-1.26
CPT1A	0.92
RAB21	-3.19
GGCX	-1.78
RAB24	-0.93
MTMR10	-0.7
RAB28	4.53
MFN2	0.9
TCP1	-2.3
STEAP1	-2.69
STEAP3	0.07
STEAP2	1.3
BZW1	-1.97
	0.83
BZW2	-2.91
SEC23A	0.29
SEC23B	-2.63
WBP1L	2.75
LLPH	-1.97
SDCBP	-2.74
UPP1	0.25
HSPH1	-0.74
IMPDH1	-0.4
	-1.82
PELP1	-0.83
NPC2	0.41
NPC1	0.38
WHAMM	-0.61
SERPINE1	-0.44
C16orf54	-0.28
JADE1	-0.1
ENKD1	0.85
LRP8	-1.89
	-0.47
HPRT1	-0.84
	0.67
	0.32
ITPKB	0.87
NOC2L	-2.61
TIMELESS	-0.58
ZMIZ2	2.12
ZMIZ1	0.36
API5	-3.66
EPHB4	1.16
MFSD11	1.26
MFSD10	1.18
CEP76	-0.37
MFSD12	-0.28
VMP1	-1.83
ACADS	1.16
TNXB	2.32
NNMT	-0.5
ACADL	0.91
EEF1E1	-1.09
TRIM11	1.78
NELFCD	0.31
SMAD4	0.33
	-1.39
JUN	-0.7
SMAD1	-1.16
SMAD2	-2.69
ATP6AP2	-0.21
TBC1D9B	-2.28
JUP	-0.74
FOXM1	2.59
GDF15	3.81
ATP6V0B	-1.54
ATP6V0C	-1.34
ARVCF	0.34
ACAD8	-0.86
ACAD9	-0.89
SLC48A1	-1.19
MPRIP	1.58
	-0.5
FBRSL1	0.79
COX8A	-0.33
ARNTL	-0.47
CTPS1	-4.08
NUP62	-1.52
RNPS1	-1.42
ELOVL6	-0.44
ELOVL5	-0.82
ELOVL1	-0.55
UBE2I	-0.78
UBE2H	1.1
UBE2K	-1.28
UBE2M	1.63
UBE2O	-1.96
UBE2N	-1.45
UBE2A	-1.65
PLAUR	-0.69
UBE2C	-3.55
UBE2B	1.33
UBE2F	2.54
UBE2Z	-2.49
FDX1L	1.01
PSTK	-1.08
	-2.28
	1.26
UBE2T	-0.86
LIN7C	-2.31
ACADVL	0.91
TOPBP1	0.28
TRAPPC6A	3.94
TUBA1C	-5.17
SLC31A1	-1.18
TUBA1A	-4.74
DCAF13	-1.86
CC2D2A	0.6
DCAF11	-0.11
SRBD1	0.39
DCAF15	-1.81
LRFN4	-0.78
SLC31A2	2.08
EXOSC10	-0.12
SBF1	-0.11
FITM2	-1.58
BRD8	-0.12
BRD9	-0.23
	0.43
BRD7	0.21
BRD2	0.45
BRD3	1.25
ELOF1	-2.49
	0.53
PPRC1	-0.94
	-0.94
MCMBP	-2.74
SMDT1	0.23
	0.32
H3F3A	-0.52
TTC21B	1.33
RSBN1	-0.01
HSPE1	-2.13
JUNB	1.69
PHF20	-0.22
PHF23	-0.5
FAU	0.38
FAH	-0.6
RND3	-0.61
DIABLO	-2.87
COL3A1	-0.61
ULK3	0.6
OGDH	-0.17
ULK1	1.32
ULK4	0.1
MPZL1	-1.33
VEZF1	2.17
AARS2	-0.84
SLC26A11	1.24
MAGED1	1.55
MAGED2	2.55
SHOX2	1.2
MAU2	-0.64
FAM198B	0.05
FOXP4	-0.46
STAT5B	-0.07
ZER1	-1.51
MTMR2	-1.29
PKNOX2	3.94
KIAA0391	1.66
RAB7A	-0.62
CD81	-3.26
CD82	-0.33
WDR55	-0.51
CCS	0.9
RPRD1A	0.93
TAF4B	2.72
RPRD1B	-1.27
PFDN1	-1.39
ZC3H8	1.4
PFDN2	-2.46
PFDN5	0.48
PFDN4	-1.54
PITHD1	1.35
	1.13
DYNLT3	-1.73
ZC3H6	2.54
PIH1D2	3.9
C19orf53	-2.39
PIH1D1	-1.29
FETUB	3.38
EPS15L1	-1.25
PTS	0.4
HMBS	-0.21
KDSR	-0.37
RWDD1	0.73
GTSE1	-0.46
EPN1	0.73
EPN3	1.01
	-0.05
ECHS1	0.87
POLDIP3	-2.84
LATS1	0.32
RANBP9	-0.89
C11orf57	0.07
TAGLN2	-1.4
RANBP1	-2.02
TBC1D10B	1.37
RANBP3	-0.54
	-0.29
PHAX	-1.22
IKBKB	1.37
	-1.94
	-1.53
PPP6C	-1.16
IKBKG	-0.44
	1.72
ALDH1A1	4.05
	0.82
SAMHD1	-1.14
TXNDC15	2.1
TXNDC17	0.89
FAM118B	1.33
TXNDC11	-2.16
TEF	-0.72
TXNDC12	-0.39
FHL2	-0.07
FHL3	-0.35
NBN	1.33
	-2.8
TES	-0.9
DUS2	1.01
	1.36
SIAH1	0.87
PSMD14	-0.43
UAP1	-2.3
PSMD11	-3.16
PSMD10	-1.9
PSMD13	0.51
PSMD12	-2.43
HIST1H4F	-3.0
HIST2H4A	-2.29
HIST2H4B	-2.98
TMEM14C	1.22
HIST1H4J	-3.69
TMEM14A	0.67
HIST1H4A	-4.63
HIST1H4H	-3.01
HIST1H4K	-1.61
HIST4H4	-0.59
HIST1H4I	-4.04
HIST1H4L	-2.1
HIST1H4D	-1.63
RND1	2.1
RSL1D1	-1.43
TMEM143	-0.2
JOSD2	-1.66
MAPKBP1	1.5
CSPP1	2.01
SSSCA1	-2.22
DECR2	0.79
MMS19	-1.17
HHAT	1.0
BMP1	1.57
RXRA	0.81
RXRB	0.32
TMEM147	-0.26
IKBKAP	-1.33
TMEM140	1.83
RFT1	-0.72
	0.07
