UBE2Q1	-1.03
RNF14	0.36
RNF10	1.43
RNF11	1.11
RNF13	-0.24
	-1.61
	-1.62
	0.43
MZT2A	-2.3
	-2.41
ATRX	-1.03
	0.24
PMM1	-0.14
ASS1	2.1
	-0.05
ATRIP	-0.75
ZNF703	-0.94
	1.15
	2.12
ZNF706	0.91
ZC3H10	0.44
	0.99
RNF115	-0.35
	0.34
RNF111	0.49
	-0.43
ZC3H18	0.53
SP8	0.54
DHX9	-0.98
TCOF1	-1.11
NSRP1	-0.53
NUP98	-0.52
SP1	-0.37
GRINA	-0.63
SP3	-0.36
NUP93	-1.1
SPPL3	-0.31
GOLIM4	0.3
	1.25
	-1.12
RAB40C	-1.11
	-0.35
GTSE1	-0.77
	0.21
SPPL2A	0.23
SPPL2B	-0.44
ITGA8	-1.02
UGCG	-1.25
ATP2A1	-0.52
ATP2A3	-1.9
ITGA3	-0.36
ITGA4	-0.66
ITGA6	-1.51
PMM2	-0.49
DENND4A	0.52
DENND4B	-1.7
SWAP70	0.89
PHLDA1	-0.04
	0.36
	0.2
FBXL12	-1.01
TIPRL	0.08
FBXL14	1.25
FBXL17	-0.45
FBXL18	-0.24
GHDC	-1.15
	-2.3
COL4A5	1.44
	-1.08
COL4A3	-0.53
GRN	-0.34
CHST7	-1.27
ITGAV	1.19
	-0.69
ITGAL	-1.18
ITGAE	-0.16
	3.15
LRPAP1	-0.83
SMAD5	0.34
GOLPH3L	0.99
SMAD1	0.34
SMAD2	-0.45
SMAD3	-1.29
MUS81	-0.46
AMMECR1L	-0.73
	3.5
IGF2R	-0.63
ABHD14B	-1.07
SLC36A4	1.82
CKS1B	-0.06
	1.89
	0.34
	0.99
ERICH1	-1.49
C14orf119	-0.61
	0.76
HAUS7	-1.41
DRAP1	-1.99
TCEA2	-1.07
	1.61
COX4I1	-0.83
	1.23
BFAR	0.61
	1.06
	1.86
CADPS2	-0.86
RLF	1.02
CCDC112	-0.83
CCDC110	-0.56
LEO1	0.22
ATP1A4	0.61
ATP1A3	0.36
ATP1A2	1.8
ATP1A1	-1.71
	0.01
MGRN1	-0.8
TCP1	1.32
CRTAP	-1.15
SPHK2	1.42
IPO11	-1.22
CUEDC2	-1.09
IPO13	1.5
CPEB4	0.79
CPEB3	1.89
CPEB2	-0.52
	-0.69
SRBD1	-1.51
	0.55
ZNF780B	0.44
	0.06
C2CD5	-0.54
	0.71
	-0.09
	-1.14
XPA	-0.7
	-0.47
MCM10	-0.26
IL10RB	-0.73
ATG4C	-1.26
ATG4B	-0.49
ATG4A	1.78
GPT2	0.56
PNP	-0.53
	0.28
PNN	-0.03
ATP6V0E1	0.48
OPA3	0.55
	0.56
AAAS	-0.39
GCLC	0.68
SIDT2	-0.52
	0.42
MR1	0.19
CNPY4	0.03
CNPY3	-0.89
CNPY2	-0.46
	0.64
SYNJ1	0.07
HMG20A	-0.72
HMG20B	-2.01
AAGAB	0.41
	3.66
SCYL2	0.7
SYNJ2	-1.29
SYPL1	-0.63
	-0.15
	1.38
	-1.38
APP	-0.6
RFX7	-0.5
RFX1	0.62
NRXN1	0.44
YDJC	-0.63
IBA57	0.25
APC	-1.1
TMEM179B	-1.01
ABCE1	-0.36
UQCRC2	-0.46
XPNPEP1	-2.38
	0.48
	-0.76
GGCX	-0.1
ADNP	-0.98
	3.85
	-1.12
NUTF2	-0.17
	-0.28
	-1.11
	0.24
	-1.09
C11orf1	0.59
	-1.06
	-1.38
	1.55
IGFBP3	0.0
BOP1	-1.7
IGFBP7	0.11
CYP2R1	1.69
CKLF	-0.15
HNRNPA1L2	-1.14
GJA1	0.41
	1.42
	0.0
	-0.08
KDM3B	-0.37
KDM3A	-1.69
TMC4	-1.95
NSL1	0.0
TMC6	-1.76
H1FX	-1.18
APIP	-1.26
TMC3	2.29
EIF2B4	0.39
TMC8	-1.48
EIF2B3	-2.04
EIF2B1	-0.84
MAGT1	-0.4
TXNIP	0.0
	-0.28
TMEM14C	-0.65
TMEM14A	-1.43
FANCF	-0.41
	0.28
	-0.37
PHACTR4	-1.33
CLIC4	-0.45
NOP2	-0.23
PHACTR1	1.89
LRSAM1	-0.23
NUP107	-0.98
	0.39
TMEM147	-0.48
	1.41
RIT1	0.25
TMEM141	-1.65
TMEM140	1.86
	-0.3
SECISBP2L	0.91
	-0.48
	-1.21
FAM32A	0.71
	1.88
VMP1	0.75
ZMAT2	-0.61
	0.74
C19orf24	-0.38
C19orf25	0.05
NR1D1	-1.4
MYBL2	-2.42
	1.16
	0.46
ZNF7	0.85
ZNF3	1.58
	-1.41
HNRNPA0	-1.11
OGFR	-0.77
CDC5L	-0.4
	-0.12
RAC3	-0.77
RAC1	0.18
SBDS	0.38
VCP	-0.68
	-0.5
AP2A2	-1.34
FIGNL1	-1.05
	-0.14
NSUN3	0.18
TUBG1	-1.55
TUBG2	-1.23
PTCH1	-1.06
TIMM44	-0.02
PAGR1	-2.22
	-0.49
RAD9A	1.0
	-0.45
ERGIC3	-0.81
ERGIC1	-0.1
	4.41
PDF	-0.82
CPPED1	0.37
	-1.42
	0.39
SPG21	-1.36
	-0.83
	2.03
GSDMC	1.04
GSDMD	-0.61
	0.34
DLGAP4	-0.12
DLGAP5	-1.3
FBXL15	0.0
MBNL2	0.0
CLCN3	0.66
CLCN7	0.14
CLCN5	-0.22
	-0.36
BRD8	-0.3
KSR1	1.03
	-0.38
BRD7	-0.39
BRD3	-0.46
DNAJA2	-0.1
DNAJA3	-0.04
PTPN18	-2.09
DNAJA4	3.68
PTPN13	2.78
PTPN12	0.47
PTPN11	-0.33
	-0.43
UTRN	-0.81
LYAR	-0.77
CSF2RB	-0.23
MRPL24	-0.76
MRPL27	-0.79
MRPL21	0.58
MRPL20	-0.23
SEH1L	-1.32
MRPL22	0.43
	0.39
GAB2	-0.42
MRPL28	-0.46
	0.6
GAB1	-0.32
	6.18
	1.54
	1.25
	3.34
NDRG1	-0.72
NDRG3	-1.62
ZSCAN2	1.6
	-1.42
SRSF4	-0.5
SRSF7	-2.02
SRSF3	-1.19
CDK1	-2.41
MZB1	-2.19
SRSF9	-1.24
TRAPPC6B	-0.19
DNAJB12	-1.5
DNAJB11	0.17
HLA-DQB1	-0.58
DNAJB14	-1.12
RNF139	-2.15
GID4	-0.47
CISD3	-1.56
CISD1	0.0
CLNS1A	-0.67
	1.11
	0.48
TSHZ1	0.56
GID8	-1.54
CHML	-0.6
VILL	0.23
	-1.09
ZNF580	0.31
	1.4
TIPARP	0.24
	0.56
	0.01
	0.33
NIP7	-0.13
	0.09
	-1.5
BCL9L	-0.18
LSM12	-0.76
ZSWIM7	-0.69
CAMKK2	-1.17
COL4A4	-2.24
	-0.96
MYO1F	-0.07
MYO1D	-1.02
MYO1C	-1.91
MYO1B	-0.27
	-0.16
RPL36AL	-0.97
	1.23
CHMP7	-1.4
CHMP6	-1.98
BCR	-0.87
	-0.28
	-0.15
CTPS2	0.49
LGALSL	-0.25
ZER1	-1.06
	0.29
FAM160B1	0.83
	-2.27
	-2.27
ZNF324	-0.87
NEMF	-0.05
ZNF326	1.82
SRF	0.11
ZNF322	0.77
SRI	0.1
ZNF329	0.99
	0.57
LGALS8	1.53
LGALS1	-0.79
AKIRIN2	-0.31
AKIRIN1	0.02
EIF2AK1	-0.06
EIF2AK3	0.09
EIF2AK2	-0.16
TDG	0.04
EIF2AK4	-1.09
NMB	-0.54
MYO19	-0.6
AVPI1	-0.72
TRNT1	-0.41
ASAP1	0.92
ASAP2	1.19
NMI	-1.02
OCRL	0.59
ATG101	-0.17
PLAUR	3.12
	2.32
KIAA1522	1.02
	1.7
	5.9
	4.18
TIMM17B	-0.77
TIMM17A	-0.71
	-1.98
LPCAT4	0.11
LPCAT2	0.91
LPCAT3	-2.08
LPCAT1	-0.74
MID1IP1	-1.12
	-1.55
PIGB	-0.92
PIGC	-1.3
PIGH	-0.2
PIGK	-0.72
PIGL	-0.43
PIGM	-0.38
PIGN	-0.47
PIGO	-2.2
PIGP	-0.1
PIGQ	0.3
PIGS	-0.86
ILKAP	-2.0
PIGU	0.44
PIGV	-0.13
PIGW	2.49
PIGX	-1.64
PIGY	0.97
	-1.64
TAX1BP1	0.42
SERPINB9	-0.62
TAX1BP3	-0.83
ANKLE2	-1.56
RHPN1	-0.17
	0.26
RHPN2	-1.0
	-0.39
BBIP1	2.49
	2.17
	-0.48
RGL1	-0.2
PDK3	-0.17
EBP	-1.17
CYCS	-0.47
LNPEP	-0.37
SEC61A1	-0.51
	-1.67
PECR	0.07
TM2D3	-0.1
	-0.02
OGFRL1	0.2
ZFAND5	1.22
ZFAND3	0.88
MYO5B	-1.16
	0.86
SLC39A13	-1.08
SLC39A10	-2.04
SLC39A11	0.15
SLC39A14	-1.61
CEP120	0.13
EIF1AX	-0.59
EIF1AY	-0.72
	2.17
EIF1AD	-0.62
SMAD4	-0.05
ARHGAP21	0.72
ARHGAP27	-0.25
ARHGAP25	-0.57
EVI5	1.21
MTX3	1.09
DDIT3	1.65
DDIT4	2.41
NFKBIL1	0.5
SLCO4C1	1.24
RBFA	-1.6
NKRF	0.39
AFTPH	0.13
MYSM1	-0.16
ATG2A	0.15
ATG2B	0.24
MLYCD	0.75
BMP6	0.77
KIAA0586	0.07
	-1.53
ASF1A	1.58
TERF2	-0.26
	0.58
ASF1B	-2.14
RASSF1	0.24
PTPMT1	-1.26
RASSF2	-1.3
RASSF5	0.11
RASSF4	-0.87
RASSF7	-1.33
RASSF6	1.01
NHP2	-0.7
CHD1	-0.13
	4.5
CHD4	0.05
CHD7	-1.45
CHD6	0.37
CHD9	0.49
CHD8	0.57
CAP1	-0.69
	0.47
NPC2	0.14
NPC1	0.08
SKIV2L	-0.13
	0.89
	-0.74
TTC5	-0.04
TTC4	-0.09
TTC1	0.92
	-0.24
TTC3	-1.07
PIKFYVE	-0.09
TTC8	0.56
	3.7
	0.88
	3.38
DAG1	0.04
	3.91
TPRKB	-1.24
ETHE1	-1.45
	0.29
MPG	-1.59
PRDM15	-1.17
PRDM12	0.44
PLSCR3	0.85
PRDM10	-0.5
PLSCR1	0.7
MPI	-1.13
	-1.76
RER1	-1.37
MPZ	2.14
SGSM2	-0.82
MCPH1	1.11
KDM1A	-1.23
GRPEL2	-1.19
PLRG1	0.1
	-0.32
	4.53
KRIT1	0.8
	0.02
QRSL1	-0.78
	-0.85
BTG3	-0.85
BTG2	-0.22
BTG1	-0.76
SRD5A1	0.57
	1.28
HELLS	-2.04
DES	-1.97
FAM49B	0.18
ZFP36L1	0.62
ZFP36L2	0.66
GGA1	-0.3
GGA3	0.67
GGA2	-0.51
AP3D1	-0.92
SLC12A6	-0.41
	-0.82
ADH5	-0.66
PKD1	0.55
	3.46
	-2.19
GJC1	0.32
DEK	-1.98
PRKACA	-0.41
PSMB9	-1.71
PSMB8	-1.55
PSMB7	0.19
PSMB6	-0.16
PSMB5	0.1
PSMB4	-0.27
	1.3
PSMB2	0.45
PSMB1	-0.69
	-0.36
HDHD3	1.18
SPG7	-0.31
RMI1	0.87
CORO7	-1.27
	6.64
	5.26
	3.15
	3.1
	4.01
	5.07
	5.99
	5.11
	7.23
KLHDC2	0.28
TRAT1	0.48
KCNK1	-0.75
MLH1	-0.5
LTN1	-0.83
RETSAT	-0.22
	2.16
VPS13D	-1.6
ACOT13	1.48
VPS13A	-0.24
SH3KBP1	-0.28
	2.39
	0.39
BEX4	0.1
	0.64
BEX1	0.96
SCAF11	-0.03
TSR2	-1.26
TMEM160	-0.01
TMEM164	-1.75
EVI2A	-0.48
EVI2B	-0.41
FAHD2B	-0.13
FOXN2	-0.31
REPIN1	-0.64
DPCD	-0.7
NICN1	0.33
	1.92
PMVK	-1.76
	-0.8
GNA13	-0.17
	0.76
TAP1	-1.28
IFFO2	-0.95
CHTF18	-0.93
MFGE8	-0.04
SBF1	0.06
SBF2	-0.78
NOL7	-0.35
ADD2	-0.74
OGDH	-0.35
ADD1	-0.88
CDC73	0.06
LMBRD2	0.0
LMBRD1	-0.32
	-1.41
	0.08
TAS2R14	0.81
BCAT2	-0.67
C1orf131	0.61
MACROD2	0.38
MACROD1	-1.64
GBA2	0.21
GTF2F1	0.17
AKAP1	-0.92
AKAP2	-0.72
GTF2F2	0.17
EIF2D	0.41
AKAP8	-0.73
	-0.51
EIF2A	-0.65
	0.64
CYP26A1	0.0
CCDC117	-0.3
KLHL36	-1.08
NFU1	-0.35
RRP1B	-1.58
HSP90B1	-0.24
KRR1	0.83
CWC27	0.17
	0.39
PEG10	-0.1
CETN3	0.34
CETN2	-0.21
LTC4S	-0.06
H3F3C	-0.34
	-0.56
H3F3A	-1.59
	0.44
	-1.15
	1.29
TRIOBP	-0.91
UCK2	-0.74
PHRF1	0.0
PRPF39	-0.51
	-0.42
BRF2	1.71
	-0.17
BRF1	-0.28
DNAJC8	-0.31
CSNK1A1	0.63
CAMSAP2	-0.85
DNAJC5	-0.01
DNAJC6	1.25
CAMSAP1	-1.2
DNAJC1	-0.83
DNAJC2	0.9
DNAJC3	0.17
	0.56
GOSR1	0.9
RRP15	0.37
RALBP1	0.05
RAP1B	-0.78
RAP1A	-1.05
CCDC91	-1.08
ZNF830	-0.42
	5.4
	-1.17
ZNF839	0.41
	5.93
	4.7
	6.44
	5.39
	6.93
	4.07
	3.84
LRIF1	1.99
	1.29
FAM91A1	-0.42
ACAT1	-1.18
ACAT2	-2.02
	2.21
CD200R1	3.23
LIMD1	-0.58
NUGGC	-1.71
	2.66
	2.0
	1.03
	-0.68
LDLR	-1.8
	1.94
	0.15
	-1.36
	-0.84
ZFYVE21	-1.18
ZFYVE27	-0.48
ZFYVE26	-0.18
TPCN2	-0.65
RAB33B	-0.24
SLC17A5	-0.29
ZFYVE28	-1.06
SETDB1	0.01
UBFD1	0.68
SWI5	0.75
CHAF1A	-1.15
CMTR1	-0.92
TRPV2	-1.87
C16orf54	-0.89
CCND3	-0.46
ITCH	-2.36
	2.07
	-0.97
CHMP4B	-1.41
BAX	-0.55
BAD	-0.17
ZNF205	0.26
COBLL1	-0.71
SLC37A2	2.54
SLC37A3	-0.58
TOB1	0.42
	0.06
SLC37A4	-1.57
TOB2	1.31
CDK12	0.49
CDK13	-0.86
CDK16	-0.04
TMEM255B	0.87
CDK14	0.59
ST5	-1.18
ST7	0.55
GZF1	0.14
BIN2	-1.48
AASDH	-0.56
PIP5KL1	0.11
	0.79
	-0.5
	-0.26
SEC61G	-0.53
SEC61B	-0.78
	0.57
TFG	0.45
IFT81	-0.49
TOMM34	0.01
	-0.75
RND1	2.65
RND3	-0.28
NCL	-1.63
PPP3CA	-1.63
PPP3CB	-0.98
GPATCH8	-0.95
LRRC40	0.5
LRRC42	-0.23
IFT88	1.3
LRRC47	-0.07
	5.24
LRRC49	2.8
	-1.97
	2.54
TSFM	0.0
	3.4
B3GNT9	0.44
	1.19
GPATCH3	-0.34
	-2.03
GINM1	-0.61
	1.79
	0.89
TBCCD1	-0.49
HLA-DRB5	-1.22
CCDC150	2.47
YIF1B	-1.2
YIF1A	-0.52
CCDC159	-1.03
WRAP73	0.51
TIMM50	-1.76
	0.22
	0.29
COG1	1.16
MTCH2	-0.82
FN1	-0.95
	-1.15
	-1.29
	0.39
PCED1A	-0.35
PCED1B	1.32
FUBP3	-0.01
	0.23
NCSTN	0.16
CEP104	-0.14
SAP30	-0.5
TCP11L2	-1.53
	-1.22
GNAI3	-0.5
	0.57
TBC1D9	0.12
C1orf54	1.64
	1.88
ICMT	-0.69
FCF1	-0.03
	0.38
IZUMO4	0.17
ATP6V0A4	0.97
TBC1D1	-2.02
	5.05
	2.69
ATM	-0.5
TBC1D5	-1.54
SMPD4	-0.62
ATR	-1.98
	0.69
SMPD2	-0.37
BRIP1	-0.84
	0.84
	-0.71
DNAJC5B	0.4
	0.74
AAMP	-0.63
HYPK	0.15
TTC27	-0.51
PATL2	-0.11
TTC22	1.18
PATL1	-0.51
U2SURP	-0.61
IL6R	-0.01
ENO1	-1.23
ENO2	-0.38
ENO3	-0.14
CARF	0.81
NPAT	-0.23
TAOK2	-1.68
	1.54
LLGL2	0.2
SLC22A18	-1.93
LLGL1	0.43
ACOX3	-1.53
ACOX1	-0.28
	-0.83
	-0.13
	-1.14
RABGAP1	0.05
SRRD	0.43
PRKAA1	0.24
	-0.9
PFDN2	-0.04
MCL1	-0.07
SORBS1	0.99
POMP	0.65
ODC1	-0.48
ATG16L1	-1.22
ATG16L2	-0.54
	2.39
C3orf33	1.24
	0.47
JADE1	-0.44
ARHGDIA	-1.2
NANP	-0.24
NANS	-0.17
C3orf38	-0.18
	-0.72
IL17RC	2.37
ENDOG	-1.06
STIL	-1.02
TANC2	-0.3
C15orf61	-1.13
LMNA	0.54
BDH2	-1.73
MDP1	0.01
BDH1	-2.07
DDX23	-0.52
DDX21	-0.62
DDX20	-1.01
DDX27	0.57
	1.94
	1.64
	-0.29
DDX28	-1.51
	0.02
UNC13C	0.09
SAC3D1	-1.39
FKBP15	-0.23
UBE2J1	-0.65
UBE2J2	-0.9
RAB3IP	0.95
FBXO10	-1.18
FBXO11	-0.18
TACO1	0.34
	0.49
	2.59
	-0.56
	4.76
	5.31
TRUB1	0.78
TRUB2	0.01
	6.1
	4.61
	6.06
PLA2G6	-1.6
	-2.48
	-1.45
	0.46
	3.93
CCDC77	1.01
ATPAF1	0.42
SHC1	-0.27
PEX26	0.22
	-1.14
CCDC78	-0.06
CGRRF1	1.75
TMEM109	-0.75
TMEM102	-0.04
TMEM101	0.33
TMEM104	2.14
SMPDL3B	0.38
GHITM	-0.41
SMPDL3A	1.33
TRANK1	-0.44
SPEN	-0.08
FKBP1A	0.25
MANEAL	-1.34
PAIP1	-0.98
	0.36
BTBD9	-0.2
TIMM8A	0.68
DAXX	0.63
	0.69
CDC16	-1.53
GDA	1.73
NT5E	-0.08
	1.57
LGALS9B	1.68
UNC50	0.24
	-1.1
PDCL3	-1.61
	-1.15
MAP1S	-0.26
FRMD8	-0.46
FRMD6	0.16
PKNOX1	0.82
	-0.17
GNAS	-1.69
	-1.22
PTCD3	-0.06
	-0.83
GNAL	-0.03
HLTF	-1.98
AGFG1	-0.36
DPF2	-0.54
DPF3	-1.24
ASNA1	-0.56
RPS12	-0.73
RPL18A	-1.04
CEND1	1.75
	-0.8
	-0.83
	0.11
VPS41	-1.48
BCAP29	0.34
TMCC1	0.8
	0.72
	-0.11
SDR42E1	0.66
EPB41L1	-0.59
UBE2I	-0.42
MOCS2	-0.69
	-1.09
ACSS2	-1.99
ACSS1	-0.94
KIDINS220	-0.37
PLEKHM2	-2.04
PLEKHM3	1.82
VPS4A	0.11
VPS4B	0.3
GMEB2	-1.69
GMEB1	-0.37
SLC43A3	-0.59
SLC43A2	-1.05
CNTNAP1	-0.92
MAGEH1	-0.26
VHL	-0.74
	2.16
TREML2	-0.43
PPP1R15B	-1.63
GPAA1	-1.1
	0.26
PALB2	0.08
	-0.21
	5.42
RECK	1.61
	5.61
	4.36
	4.27
GPRIN3	-0.8
GPRIN1	-1.17
	4.48
	3.48
	0.39
	4.7
	4.8
	3.3
HIST2H2BF	-0.61
	-0.54
	-0.44
SPTBN4	1.96
	5.08
SPTBN1	0.05
KLF13	-1.24
	-0.89
KLF11	-1.78
	0.8
	-2.19
KLF15	0.44
	1.17
TFAP2C	0.13
UBE2Z	-0.56
	0.02
NRROS	-0.89
PCNA	-1.69
SLC44A1	-0.62
SLC44A2	1.33
ZBTB7A	-1.46
ZBTB7B	0.53
MSI2	-0.41
	-1.07
ENGASE	1.28
SAMHD1	-1.2
DNPH1	-1.09
RPA1	-0.86
RPA3	-0.97
RPA2	0.27
NDUFS1	-1.09
NDUFS2	-0.12
NDUFS3	-1.01
COQ9	-0.19
	0.0
NDUFS6	-0.44
ISY1-RAB43	-1.31
COQ5	-1.56
	-1.56
	0.74
	4.17
ILF3	-1.31
ILF2	-0.35
ZRANB1	-1.29
	0.57
	-1.53
	-1.51
CHMP2B	-0.07
CHMP2A	-0.81
ATP9A	-0.2
FLAD1	0.86
RREB1	0.48
TPX2	-1.22
DENND2D	-0.25
PPT1	-1.16
WWC1	-0.62
INPP4A	-1.66
MICAL1	-1.99
MICAL3	-1.34
PHC1	0.26
PHC3	0.53
GPR107	0.47
GPR108	-0.56
TRMT10C	-1.63
SCNN1G	-1.49
SAFB	-0.52
EMC10	-0.38
MGMT	-1.53
H2AFV	-1.26
SLC35E3	-1.08
	-1.07
H2AFX	-0.74
H2AFY	-0.43
H2AFZ	-1.44
	-0.42
RNF4	-0.24
RNF5	-0.17
RNF2	0.29
	-0.62
	1.69
CLTA	0.07
CLTC	-1.0
	-0.7
NGLY1	0.08
	1.19
NMD3	-0.56
	1.82
	1.64
ISCA1	-0.02
ISCA2	-1.18
	1.02
FAM118B	-0.37
RECQL	-1.18
	-0.19
ETV3L	-0.11
SIK3	-0.14
	-0.41
	1.33
	1.71
	0.58
KCP	3.67
ACTR8	-0.44
	0.24
ACTR5	0.12
ACTR2	-0.36
	1.79
NUP88	-0.84
GPANK1	0.14
	0.22
	1.09
	1.49
PDE3B	1.0
IL10RA	0.22
GNL3L	0.01
POLDIP3	0.41
RASA1	-0.29
	-0.54
ALDH18A1	-0.2
	-0.44
	0.99
	1.18
ANKS1A	0.64
	-0.11
PPOX	-0.76
	1.57
	1.83
GLB1	0.34
PITPNM1	-0.54
RPL12	-0.6
ADAM10	-0.81
ADAM15	-1.34
ADAM17	1.27
	-1.17
	-0.47
HAGH	-0.17
CPNE1	-2.77
PTPRE	0.95
CPNE5	0.21
	0.08
PYCARD	-1.37
	1.84
DNMT3A	-0.72
AAK1	-0.79
	-0.74
SNRPN	-0.25
GDE1	0.11
SNRPB	-1.37
	0.03
	-0.25
SHANK3	-0.83
	0.72
	1.43
ZDHHC17	1.0
	0.99
ZDHHC13	-0.74
ZDHHC12	-1.1
PRKAG1	-0.12
PRKAG2	0.49
PCSK6	1.9
PCSK7	-1.04
DUSP28	1.23
HIPK2	0.96
HIPK1	0.17
DUSP23	-1.0
LEMD3	-0.91
LEMD2	-0.52
	-0.01
	0.03
NAPG	-0.93
AP3B1	-1.12
	0.22
ESPL1	-1.78
LARP1	-0.25
TWIST1	-0.49
LARP4	0.69
	0.69
	0.39
	-0.95
	0.45
DDX41	-0.68
TMEM45A	-1.17
DDX42	-0.34
DDX47	-0.39
ZGPAT	-0.47
ATMIN	0.12
SNRK	-0.88
	0.83
LGR4	-0.67
	-0.65
CDKN1B	0.08
CDKN1A	0.76
UBE2D2	0.14
UBE2D3	0.66
UBE2D1	1.65
	5.08
GUF1	1.2
	2.83
	5.13
	2.1
	5.2
	4.8
SAMSN1	2.46
	5.65
	4.29
SAP130	0.22
	0.79
APOM	0.63
STX12	0.59
FAM104A	0.18
NFIL3	-0.82
	-1.9
CCDC51	-1.19
TMEM127	-0.21
FOXJ3	-0.99
TMEM121	1.05
TMEM123	-1.88
	3.7
STX16	0.86
TMEM129	-1.16
TMEM128	0.33
	-1.41
STX18	-0.59
NUFIP2	0.74
	-0.02
	-0.74
	-0.63
	2.29
C9orf78	-0.56
SLC35B1	0.15
SLC35B2	-1.32
FBXO30	0.12
SLC35B4	-0.63
FBXO32	-1.53
	0.48
	3.52
	3.91
	4.47
	-0.11
PELP1	-0.15
	-1.47
	0.35
MBOAT7	0.86
SPSB3	-0.54
SPSB2	1.59
HINT2	-0.4
HINT3	-0.97
SLC25A53	1.09
	0.94
	-0.13
CDC34	-0.27
	0.65
CDC37	-0.45
ALAS1	0.84
FICD	-0.83
	-0.07
BRWD3	-0.56
	-1.48
BRWD1	-0.68
KIAA0513	-1.05
BIRC3	0.88
EIF5	0.7
CDCA7L	-2.42
	-1.02
APBA3	0.61
APBA2	-0.7
	0.36
	0.39
PGLS	-1.67
	3.69
	2.1
	1.7
	1.29
	0.45
	2.93
	3.4
MORC2	0.12
WDR7	0.66
MORC1	-0.42
	0.24
	-0.11
RB1CC1	0.9
CCNA2	-2.2
	-0.62
VPS25	-0.59
DYNC1I1	0.49
VPS28	-0.88
	-0.15
SKA1	-1.59
RAI1	-0.03
SKA2	-1.19
C1orf112	-0.95
	-0.17
CBWD1	-0.54
MEF2D	-0.92
ADAT3	-1.28
LGALS3BP	0.2
PLEKHO2	0.12
PLEKHO1	-0.8
	-0.53
E2F6	1.14
E2F5	1.32
E2F3	-0.49
E2F2	-1.11
E2F1	0.83
ZNFX1	-0.74
C6orf89	0.63
E2F8	-0.94
ACBD3	-0.3
ACBD5	0.43
ABLIM1	-0.91
PPP1R13L	-0.97
EEF2	-1.69
	4.89
	5.67
	3.62
	0.99
	6.43
TUSC1	-0.4
TUSC2	-1.4
EPHX1	-0.98
	4.72
HYLS1	0.19
TIGIT	-2.15
	2.44
	4.77
PYCR2	-0.67
PYCR1	-2.12
	2.73
CTBS	-0.62
WNT10A	-2.82
GNG10	0.1
RPLP2	-1.28
URB2	-2.13
URB1	-1.22
LIPA	-0.57
HPCAL1	-1.26
LIPE	0.05
	2.65
EIF2B2	-0.78
DFFA	-0.03
SEC24D	0.08
REV3L	1.35
SEC24A	0.02
SEC24C	-0.42
SEC24B	1.38
RNF19B	-0.29
RNF19A	-0.36
	1.7
MRPL43	-0.36
	4.65
IPP	-0.73
MRPL40	-0.42
MRPL47	-0.16
MRPL46	-0.33
MRPL45	0.9
C16orf91	0.79
TRIP6	-0.06
DPP7	-0.9
	-1.22
	0.88
OTOP1	1.4
	0.31
ZNF691	0.15
ZNF692	-0.71
ARFGAP2	-0.37
ARFGAP3	-0.15
	0.05
UNC93B1	-1.36
LAMB3	0.67
ATP7A	-1.82
CYSLTR1	-0.21
NEK6	-1.86
NEK7	-0.72
NEK4	0.06
RUVBL1	-1.01
RUVBL2	-0.01
	-0.74
U2AF2	-0.65
MPHOSPH6	-0.22
	5.2
	4.95
	4.72
ZZZ3	0.07
CCDC6	0.71
CCDC9	-1.28
MGA	-2.12
MTHFD2	-0.49
MTHFD1	-2.37
TBP	0.03
NSD1	-0.52
	-0.79
	-0.95
	-1.53
NUDCD3	-1.84
NUDCD1	-0.75
ADSS	-1.57
	1.54
STBD1	-0.9
	-0.01
GMNN	-1.68
WDHD1	-1.37
MPLKIP	-0.32
TIMMDC1	0.27
GAS2L1	0.78
RPS27L	-0.62
GAS2L3	1.68
	-0.13
	1.12
ZNF436	1.64
	2.21
RALGDS	0.0
	1.12
	-0.31
	0.34
NUDT11	0.33
NUDT14	-1.19
ZW10	0.05
	0.46
RSRC1	0.42
RTCB	-0.17
STX3	1.21
STX2	-0.6
STX5	-0.36
STX6	1.24
	-1.16
	-0.42
	0.81
	1.55
	4.59
KIAA0232	0.24
	-0.3
TRMT2A	0.21
ECE1	-0.59
TRMT2B	0.17
	2.0
IMPACT	-1.09
DRG2	-0.25
DRG1	0.08
ARHGAP42	-0.29
CLIC1	-1.21
EVC2	0.58
AURKA	-0.35
AURKB	-2.3
AP1B1	0.18
GNPTG	0.15
CDC42EP3	0.38
TXLNA	-0.29
	-0.9
CRIM1	-0.92
	0.23
	1.12
TESC	-0.86
NKTR	-0.39
	-0.28
ACADVL	0.22
RAB4B	0.18
GTF3C2	0.01
	0.47
	-0.95
	-0.25
CAV2	0.09
KIF2C	-0.98
CAV1	-2.68
IL12RB1	-0.19
ATP6AP1	-0.76
ATP6AP2	-0.04
ENSA	-0.49
CLINT1	-0.48
	-1.95
BRCA2	1.03
DMAP1	0.08
LAMTOR1	-0.46
ACTL10	1.87
ACOT8	-0.94
ACOT9	0.02
ACOT7	-0.86
ADCY5	2.35
ADCY6	-1.45
ADCY7	0.66
ADCY3	-2.16
KIF24	0.24
RBBP7	-1.52
SECTM1	1.54
KIF23	-0.58
KIF22	-1.43
JKAMP	0.89
RAB43	-0.04
NUCKS1	-1.63
FAM208A	-0.77
DDI2	-1.23
SKAP2	-1.36
SKAP1	-2.19
C12orf4	0.23
RAB30	-1.01
XRCC1	-1.41
PITPNA	-1.62
XRCC4	-0.95
XRCC6	-0.55
SMURF1	0.92
	0.35
CLEC7A	-0.09
	0.34
	-0.46
	-1.56
SOWAHC	-0.72
AKT1S1	0.58
NARF	-1.41
GSPT2	-0.01
GSPT1	-0.35
RALGPS2	-0.08
MIER1	-0.65
MIER3	0.19
	-0.49
	1.66
PAPD7	-0.69
PAPD4	0.38
ELAC2	0.1
	0.3
LMNB2	-1.06
LRBA	-0.87
MRPS28	0.4
MRPS26	-1.66
MRPS27	0.48
MRPS24	-1.33
CD276	-0.95
MRPS22	-0.68
MRPS23	0.06
MRPS21	-0.8
	0.99
PPP2R5D	-1.02
PPP2R5A	-1.04
PPP2R5B	1.59
	-0.43
LCMT2	-1.24
YY1	-0.33
YY2	0.92
NAMPT	-1.08
	3.4
	5.18
	1.88
	3.97
	5.9
	1.63
	1.97
OPTN	-1.05
JMJD7	0.07
JMJD4	-0.06
	1.96
ZHX2	0.13
ZHX3	-0.79
MCCC2	-1.04
ARL5B	-0.87
ACACA	-1.45
ACACB	-0.33
	-0.05
SIN3B	-0.1
FOXD2	2.68
	-2.4
CCDC34	-1.19
FOXD1	0.53
APPL1	-0.65
APPL2	0.93
	0.17
	-0.98
GAS8	-0.13
MEMO1	0.0
ERLIN2	-1.05
CAPN15	-1.91
CAPN10	0.49
DCTD	0.0
ZMAT5	-0.18
SLC35D1	-0.17
COX7B	-0.12
HIBCH	1.77
SARS2	0.48
CYFIP1	-0.91
NECAP2	-0.23
	-0.97
	0.46
	-1.82
MPRIP	-0.32
	-0.83
	-1.15
C11orf96	-2.44
THUMPD1	-0.69
THUMPD3	0.38
CHORDC1	3.38
TDRD3	0.28
MLLT6	0.72
MLLT1	-0.72
NUP188	-0.56
WDR36	0.39
COPG2	-1.23
GLT8D1	-0.81
COPG1	-1.38
ZNHIT2	0.73
ZNHIT1	-0.03
ZNHIT6	0.18
	0.04
GTPBP4	-1.28
GTPBP6	0.57
GTPBP1	-0.86
GTPBP3	-0.7
GTPBP2	0.84
GTPBP8	-0.26
BPNT1	-0.16
	2.93
IL15RA	0.56
	-1.59
	2.63
BCL9	0.5
EPM2AIP1	-0.32
BCL3	-0.27
PLK1	-2.41
	4.59
NPEPL1	-0.74
PLK2	2.09
CLMN	-1.29
LRFN3	1.12
SPRYD4	-0.42
	2.84
	-1.54
	0.64
	0.34
GIGYF1	-0.07
ZP3	0.36
KIAA0391	-1.17
	1.15
CWC15	-0.73
STK11IP	0.08
MTM1	0.79
CSNK1G2	0.84
CSNK1G3	0.5
CSNK1G1	2.43
SERPINB1	-0.74
SERPINB6	-0.52
PCGF1	-0.66
FAM76B	0.91
	-0.52
MAGED1	-1.65
MAGED2	-0.79
C6orf62	2.17
NFS1	-1.45
	-1.17
ELP6	0.4
ELP4	-0.27
ELP3	-1.3
FBXL3	0.09
	-0.32
ASPHD2	-1.19
	-0.88
CYFIP2	-1.97
	1.65
SPRYD3	-0.71
	-2.38
MANEA	-0.13
RAC2	-0.84
	-0.71
	-1.6
	2.18
CDC123	0.13
UBAP2	-0.82
POLL	-1.32
	2.93
	0.83
	-0.91
ASXL1	-0.6
ASXL2	0.18
HDDC2	0.14
ZBTB39	-0.53
ZBTB38	0.13
	0.99
TMEM9B	0.33
ZBTB33	0.65
	-0.51
ZBTB37	2.4
TLR7	-1.91
SMC1A	-1.64
	1.16
SGTB	1.75
TMEM97	-0.22
	0.71
SGTA	-0.87
TRIM47	-0.91
TRIM44	-0.37
IVD	-0.67
PEX3	0.87
PEX2	-1.1
PEX5	-0.3
	1.13
ESAM	-0.85
AP2A1	-2.46
GAS6	-1.51
ACD	-1.73
RINL	0.15
	0.47
ME1	1.04
GNAI2	-0.65
	2.27
GPR146	-0.17
MPZL2	-0.35
TBK1	1.06
MPZL1	-0.18
AURKAIP1	-0.86
	-0.78
	-0.87
	-1.2
	-1.19
CITED2	1.1
	-1.38
PFDN1	-0.64
DAGLB	1.43
PFDN5	-0.06
PFDN4	0.48
PFDN6	0.5
MTHFR	0.45
HLA-G	-0.9
TOP1MT	0.02
	-0.85
DTNA	-0.14
SLC7A1	-0.63
POMK	-1.88
	-0.24
WSCD1	-1.45
	-0.26
HIRA	0.23
RIN3	1.93
PDE4DIP	-0.95
TOMM20	-0.55
RPS13	-1.02
CLPX	0.56
RPS11	-0.77
RPS10	-1.07
RPS16	-1.45
RPS15	-1.38
RPS14	-1.51
CLPP	-0.39
RPS19	-1.09
RPS18	-0.98
RIPK1	-1.84
LATS1	-0.14
DDOST	-1.13
PDCL	-0.23
CLPB	-0.14
PUSL1	-0.32
FEZF2	0.58
	1.4
PLCXD2	1.53
	1.4
	0.23
ZNF416	1.38
TSSC4	-0.09
ZNF414	-1.38
RRAGD	-2.6
RRAGA	-0.35
RRAGC	0.47
GLIPR1	0.1
SSSCA1	0.62
POU4F2	0.29
GGT1	-0.75
MCOLN1	0.32
FBF1	0.15
HM13	0.22
RASA2	-0.36
RASA3	-0.79
	-0.58
ACTN1	-1.18
SLC40A1	-0.81
ACTN4	-0.7
TINF2	-0.74
EZR	-1.63
PTPRG	-1.04
PTPRF	-0.85
	-0.27
	-1.2
EIF2S2	-0.47
TUFM	-0.64
PTPRA	-1.86
	-0.17
	0.48
PTPRK	-0.32
IFT20	-0.61
	0.3
CPD	-0.19
CPQ	0.03
	-0.17
	-0.15
DMPK	0.4
CLGN	1.42
TFE3	0.85
RRP7A	0.19
	0.03
MON2	-0.52
FAM172A	-0.96
FBXW11	-0.12
	0.08
UBXN7	-0.39
LMTK2	0.16
TOP2B	-0.89
	-0.98
	-1.18
	1.59
CDK5RAP3	-1.28
	-2.11
	-0.84
	-1.39
	-1.84
HMGN1	-1.0
	0.5
	-0.37
	-0.58
RAB6A	-0.92
	-1.0
RC3H1	1.02
RC3H2	2.05
CRIPT	0.75
	1.07
	-1.29
	-0.52
SDAD1	-0.31
ISG15	-1.43
CDK5RAP1	0.38
PIM2	-1.18
BRCC3	-0.04
TMEM8A	0.48
GDI2	-0.7
GDI1	-0.52
ARL5A	0.38
	-1.45
	0.26
	1.39
TFAP4	-0.64
SPDL1	1.23
	-0.54
PSAP	-0.23
WDR34	-2.89
WDR37	0.33
HIST1H2BG	-1.66
WDR33	-0.6
	-1.1
CRIP1	-3.35
EIF4A3	-0.46
EIF4A2	-0.15
ABHD17B	0.19
ABHD17C	-0.83
HIST1H2BB	-1.11
GIGYF2	-1.64
TLE3	-0.64
TLE1	-1.0
FAM206A	0.89
HGSNAT	0.7
NUDT16L1	-0.51
PLP2	-0.73
HIST1H2BN	-0.68
CDC6	-1.25
PROB1	-0.99
PKLR	-0.6
	-0.22
TMEM259	0.81
TFPT	-0.21
	4.7
	-0.47
	-1.32
KIAA1109	-0.11
TM9SF4	0.35
TM9SF1	-0.97
	0.23
TM9SF2	-0.21
	2.45
	-0.56
	-0.46
SPATS2L	0.07
NAT1	1.83
	2.35
	0.52
MBNL1	-0.68
MEPCE	0.26
	2.18
GLOD4	-0.58
	0.41
	-0.83
COX5A	-1.06
	-0.73
TMEM258	-1.08
TMEM256	-0.18
	0.99
KIAA2026	-0.31
CPSF7	-0.18
CPSF6	-1.36
CPSF4	-0.44
CPSF3	-0.65
CPSF2	-1.34
CPSF1	-1.35
MAD1L1	-1.94
ACAA2	-1.58
ACAA1	-1.99
ELOVL5	0.65
	-0.52
SIPA1L3	-0.3
TTLL4	1.25
TTLL7	1.63
LTBP4	-0.08
LTBP3	-1.19
ARIH2	-0.15
ARIH1	-0.74
SEC23B	-0.95
RNPC3	-0.11
QKI	-1.09
SUFU	-0.2
PLA2G4C	0.41
PLA2G4A	0.46
SLC35F6	0.14
LRWD1	-1.08
SLC35F2	-0.12
MBD4	0.76
CMTM8	1.95
MBD6	1.7
MBD1	-0.68
MBD3	-0.37
MBD2	-1.63
CMTM6	0.11
FAM126A	0.63
FAM126B	0.05
TRMT112	0.0
MPC1	-1.55
TSPAN13	1.42
	2.26
REXO1	-0.05
REXO2	0.68
	0.9
SLC25A19	0.86
SLC25A13	-0.53
SLC25A12	-1.39
SLC25A11	-1.96
SLC25A10	-1.76
	1.15
STAT3	-0.05
CCDC14	-0.33
EAF1	0.84
EAF2	-0.82
NDUFA11	0.15
FOXF2	1.45
NDUFA13	-0.68
TMUB1	-0.89
SIPA1L1	-0.74
DNAJA1	1.84
	0.15
SYNCRIP	-1.67
ZNF280C	1.38
	-0.32
	0.55
	0.3
	0.59
GNG5	-0.47
DBF4	-1.01
GNG3	2.49
	-1.26
NOA1	-0.85
ALG8	0.54
PDXK	-1.91
	-0.91
ALG1	-1.7
ALG6	-0.51
ALG5	-0.76
SMARCE1	-1.18
PDXP	-1.81
COX6B1	-0.53
RNGTT	-1.73
STAM	1.52
FUK	-0.62
KIAA1324L	-1.09
	2.23
RAB11A	0.22
FIG4	-1.06
NOSIP	0.32
GCC1	0.2
TBC1D8B	-0.04
	1.1
RASGEF1B	-0.62
FIGN	2.58
SMYD4	1.85
SMYD5	-0.34
TRDMT1	0.14
SLFN5	0.16
MRFAP1	-2.03
	0.68
	2.88
IRF1	0.53
	-1.12
IRF7	0.09
IRF6	0.18
	-0.58
C6orf47	-0.77
LY75	-0.77
SNX29	-0.06
CLK2	1.03
CLK3	0.57
CLK4	0.42
SNX27	-0.32
SNX25	0.07
RUNDC1	-0.06
	0.57
	-0.78
	-0.07
C16orf70	1.32
FECH	-1.75
	0.41
ZBTB12	0.7
ZBTB11	0.41
ZBTB10	-0.91
ZBTB17	-0.17
	-0.31
PNPLA2	-1.19
ZBTB18	-0.78
	-0.91
MTO1	0.91
	1.11
DDX19B	-1.06
LYSMD3	1.91
ACVR2A	1.17
KLHL12	0.21
KLHL13	0.33
KLHL15	0.38
KLHL18	-0.33
TRIM68	1.24
PARD3	-1.68
MTOR	-1.91
UNG	-2.94
	0.76
TRIM62	-0.41
TRIM65	-0.35
TRIM66	-0.7
TRIM67	1.53
DUSP6	-1.2
DUSP1	3.4
C2orf69	-0.71
SOWAHB	0.94
NRF1	-0.25
NAGPA	0.17
INSR	-0.53
FAM192A	0.18
	-1.74
	-0.16
	-0.14
	-0.97
	-0.68
	2.68
ARAP1	0.12
	4.63
BID	0.67
	-1.6
	-1.18
PYGO2	0.49
FAM229B	-0.09
HEMK1	-0.77
	1.49
CYBB	-0.15
	1.78
CYBA	-1.27
	3.32
	0.49
CTNS	-0.39
PHYH	-0.41
	-0.23
ZGRF1	2.46
PPM1A	-1.38
MCC	-1.89
NOTCH1	1.59
NOTCH2	0.37
ZNF655	0.58
ZNF654	-0.02
HSF1	-0.11
	-1.04
HSF2	0.47
CRLF2	-0.85
HSF4	-0.29
RAPGEF6	-1.24
N4BP2L2	-0.69
RAPGEF1	-0.46
	0.81
RAPGEF3	1.66
	3.89
ZNF384	0.14
	2.42
RAPH1	-0.77
	0.35
PARK7	-0.26
RORA	1.45
	-0.08
NXPE3	-0.9
	2.22
ZNF473	0.72
DMTF1	-1.05
	-1.41
MDM2	0.09
MDM4	-0.67
ROR2	-1.43
KIZ	1.49
	1.43
SNRPD2	-0.45
SNRPD1	-0.82
KPNA6	-0.35
	0.16
KPNA4	0.26
KPNA3	1.18
KPNA2	-0.88
	0.82
ARAF	0.48
	0.49
CISD2	-0.9
MTF2	-0.29
IFT46	-0.44
UNC119B	-0.28
	0.22
FRS2	0.29
GOLT1B	0.18
	-1.87
CRK	-0.08
	2.1
	-0.91
	-1.25
DVL3	0.24
GLDC	-0.42
QPCT	-1.18
	4.98
	3.19
	4.86
	5.11
	3.77
B4GALT1	0.33
B4GALT3	0.79
B4GALT2	0.53
B4GALT5	0.55
B4GALT4	-0.36
	-1.02
ROMO1	-1.14
DHRS13	-0.57
TRRAP	0.02
	1.19
	-0.4
CR2	-0.73
	1.47
LGMN	-0.64
TNFRSF1A	0.26
FAM174B	-1.37
FAM174A	0.55
CYP19A1	1.64
MAK16	0.18
	-0.04
	1.86
VMAC	0.57
DOHH	-0.26
GCFC2	0.04
EHMT1	-1.1
EHMT2	-2.01
ADIPOR2	-0.08
ADIPOR1	0.82
HPRT1	0.76
MARK4	-0.22
MARK2	-1.75
MARK3	0.75
	3.49
IGBP1	-0.09
CD63	-1.1
NDUFA12	-0.07
	0.7
CD68	0.5
TPD52L2	-0.08
EFCAB14	0.02
ISOC2	-1.09
ISOC1	-1.1
WDR12	-0.5
WDR11	-0.73
WDR19	-1.38
WDR18	-0.32
	1.36
PPP2R1A	-0.63
PPP2R1B	0.27
FAM204A	0.67
C1orf216	1.01
USP9X	-0.02
USP9Y	0.42
	-0.75
	1.02
ZMYND11	0.37
NOC4L	-1.25
	1.23
ZMYND19	-1.89
	0.56
CGGBP1	-0.04
ZFP42	1.66
FAM83D	0.31
MAD2L1BP	-1.01
DGKZ	-1.38
	-1.28
HSPB1	5.78
PKN1	-1.45
	-0.9
PKN2	1.37
RHOBTB2	0.57
	4.11
	2.14
	0.09
INO80B	0.01
INO80C	-0.52
	0.45
FAM43A	1.29
	-1.04
NGDN	-0.52
	-0.28
HPCA	0.11
C5orf24	-0.87
	0.1
C2CD3	1.08
	1.64
	0.95
LIG4	0.93
	-0.32
CSNK1E	-2.09
LIG1	-2.09
LIG3	-1.24
APEH	-0.37
IREB2	0.46
	1.7
	-2.31
	0.65
KCTD12	-0.16
KCTD17	-1.16
	1.86
ZKSCAN3	1.1
ZKSCAN2	1.53
ZKSCAN5	-0.51
	0.8
ZKSCAN8	-1.13
ATP13A3	-1.56
UFL1	0.14
	0.15
	-1.26
H6PD	-1.23
SLC25A36	-0.99
DCP1A	-1.47
	-0.25
SLC25A39	-0.83
SLC25A38	-1.3
GNG7	-1.02
TUBA1C	-0.73
DENND6B	-0.51
TUBA1A	-1.09
	-0.45
IGSF11	1.79
	-0.44
CHMP5	0.8
FAM102A	-0.64
	0.39
	1.36
TAF7	-0.14
TAF5	-0.1
TAF4	0.11
TAF3	-0.59
TAF2	1.0
	-0.89
	-0.34
	1.77
G6PD	-0.08
HMOX1	5.17
TAF9	0.01
HMOX2	-0.75
TSPAN33	-0.5
TSPAN31	-0.64
ELMO2	-0.18
POMT2	-0.13
AGPS	-0.8
	2.14
	0.82
LRRCC1	-0.21
FNIP1	-0.68
FNIP2	-0.69
SSBP2	-0.44
SMIM7	0.16
	-1.32
SMIM8	1.03
AP2M1	0.1
PDCD6	-0.37
TCF25	-0.97
PDCD4	-1.2
PDCD5	-0.93
TCF20	-1.36
PDCD1	-0.71
	-1.8
HDLBP	-1.15
ERP44	-0.58
ARFGEF1	0.09
ARFGEF2	-0.46
	-0.88
	-0.04
VPS26A	0.27
	0.11
VPS26B	-0.37
	0.31
RLIM	-1.21
SMU1	-0.75
SREBF2	-1.3
SREBF1	-2.66
OXCT1	-1.64
	1.16
	0.03
CIC	-0.18
KARS	0.1
	-1.15
SSRP1	-1.64
IL12A	1.71
	-0.82
TAF6L	-0.17
	1.04
TATDN3	-1.85
TATDN2	0.31
C1orf174	-1.44
RPIA	-0.84
	-0.64
MTA1	-1.78
MTA2	-0.53
LRP10	-0.34
PRPS1L1	0.53
GPC1	-1.28
GPC4	-1.36
HEPH	2.25
SRM	-0.38
MTAP	0.27
BICD2	0.38
SEC22C	0.25
SEC22B	0.4
SEC22A	-1.31
	-1.07
BBS1	0.73
BBS2	-0.03
BBS5	0.05
	1.05
BBS7	0.31
C2orf49	0.92
MUT	-1.78
AGL	1.13
AGK	0.12
	-1.43
NIPA2	-0.16
NIPA1	-0.4
SSFA2	-1.12
	-1.14
AGA	-1.37
PDCD10	0.54
PDCD11	-0.99
	2.65
SLC50A1	-1.0
	0.4
PIK3CA	0.47
PPP4C	-0.63
PRNP	0.15
PIK3CG	-0.33
ZSWIM4	-1.07
	-0.81
ZSWIM6	0.81
RAB11B	-1.43
ZSWIM1	-0.31
TMEM59	-0.57
TMEM56	-0.29
	2.29
	-0.15
ZSWIM8	-0.04
TMEM53	0.44
	1.73
DIMT1	-1.15
	0.04
	1.97
POLR3GL	-1.25
	0.0
	1.64
PRRG4	0.67
	-0.32
	-0.79
	1.64
SNN	-0.23
MAX	-0.78
PARP14	0.01
	-0.79
ERI3	0.06
PARP10	-1.22
ERI1	-0.28
VPS8	-1.44
MAF	-0.96
ACLY	-1.23
ALDH3A2	-0.01
EVC	-0.19
EDC3	-0.37
EDC4	-0.42
ZNF451	-1.51
	0.64
CSDE1	-1.01
BACH2	-0.93
	1.41
	1.73
PAM16	-1.06
GMDS	0.17
LSR	-1.12
LSS	-1.77
AGPAT3	-0.33
MPV17	-0.55
BYSL	-0.22
FAM136A	-0.84
ANAPC1	-0.98
HMCN1	2.14
ANAPC5	-1.08
ANAPC4	-0.9
ANAPC7	-0.22
RPS6KA1	-1.26
SNRPB2	0.02
RPS6KA4	-0.51
RPS6KA5	1.98
RPS6KA6	2.21
PISD	0.55
PSMD14	0.1
PSMD11	0.4
PSMD10	-0.65
PSMD13	0.13
PSMD12	0.85
	-0.68
UTP23	0.95
UTP20	-0.4
MINPP1	0.38
MARCH8	-1.17
	-0.25
METTL2A	-0.19
SMYD3	-1.67
VAPA	0.95
TELO2	-0.81
	1.38
CTH	1.52
	-0.96
ARF3	-1.21
ARF1	-1.23
ARF6	-0.82
ARF5	-0.85
ARF4	0.17
	-0.36
IRF3	0.02
	0.03
MYLK2	1.2
	-0.48
HILPDA	1.16
TRMT44	0.26
MOB2	0.27
	0.59
	1.23
	0.82
MOB4	-0.62
FOXO3	-0.7
NDE1	0.47
IRF5	-0.78
RAB11FIP5	0.31
RAB11FIP4	-0.67
PCBD1	0.83
	0.6
LRRC23	1.53
MYL6B	-0.31
IFIH1	0.07
ACTR10	0.25
	-1.96
HMGB2	-2.47
	-1.81
CHP1	0.39
FYCO1	0.01
SPNS1	1.0
RAB2A	0.3
GCHFR	-1.3
	1.42
WDR45B	-0.94
AASS	0.42
	0.24
	-0.63
CLIP1	-0.86
ETNK1	-0.04
HEXDC	-0.49
DHRS7B	-0.29
CDC37L1	1.97
CD48	-1.07
CD44	-1.28
CD47	-0.33
CD46	-0.48
CD40	-0.29
	-0.34
FPGT	0.59
FGFR1OP	-0.91
	-1.25
MAF1	-0.47
RAB21	0.3
EIF4E3	-0.07
RAB23	0.84
TBL1X	-0.74
	-0.91
RAB26	0.72
FXR1	0.39
RAB28	-0.91
	-0.77
CALR	-0.71
FAR1	-1.23
ACTR1B	-0.67
ACTR1A	0.55
WDR70	0.03
CHPF	-2.15
WDR75	-1.63
WDR74	0.31
WDR77	-1.57
WDR76	-1.22
	2.21
	-0.03
	-1.56
NTAN1	-0.24
NQO2	0.1
	0.77
C15orf39	-0.85
NQO1	1.59
PRPF8	-0.8
SFMBT2	0.55
PRPF4	-1.11
PRPF6	-1.17
CLOCK	0.37
RNMT	0.36
	-0.89
ZFP64	-1.37
PIP4K2A	0.27
PIP4K2C	0.5
PIP4K2B	0.1
ARL14EP	-0.31
LEFTY2	-0.39
LEFTY1	-0.15
ARRDC4	2.09
	2.18
ARRDC1	-1.33
	2.49
RAB27A	-0.11
KIAA0930	-1.95
SH3BP5	0.77
RABGAP1L	-1.27
	-0.65
ELK3	-1.1
CDON	-0.62
ELK1	0.02
ELK4	0.38
PAK1	-1.3
PAK2	-0.05
KIF11	-2.85
FAM122A	0.3
FAM122B	-1.08
NSDHL	-0.26
	-0.38
PANX1	-1.07
CEP97	-1.79
NCKIPSD	-1.68
SUB1	-2.24
ATXN7L3	-1.26
TNS3	-0.75
TRAF3IP1	-0.45
	-1.02
	0.3
	-1.04
	-1.29
ZNF777	-0.87
ARGLU1	-0.98
FASTKD2	0.19
	2.78
CA2	-0.42
KLC4	-1.01
COX18	-1.62
COX19	1.49
PFN2	-1.23
NUBP1	0.49
CREM	1.81
TMEM214	-1.15
COX10	0.16
COX11	-0.57
TRIM3	1.1
GAS2	0.21
COX14	-0.01
	-0.5
COX16	0.0
COX17	-0.25
PDGFRB	0.8
ANKRD13D	-0.82
ANKRD13C	-0.72
KIAA1468	0.71
AIDA	0.68
RTCA	0.73
	-1.21
	3.79
PPA2	-0.14
CYB5D1	1.74
	2.26
NUP62	-0.37
ALCAM	-0.98
	-2.05
TPM3	-0.57
FBXW8	-1.1
FBXW9	-0.95
	0.38
CCPG1	0.39
SIPA1	0.43
FBXW2	0.21
FBXW5	-0.75
FBXW7	0.06
TGFBR2	-1.38
TGFBR1	-0.7
	-0.63
SMNDC1	0.83
TPMT	0.42
IER5L	3.05
	-0.5
PCIF1	-1.86
TJP2	-1.21
COMMD9	0.3
NDOR1	-0.6
PPAN	-1.82
	2.34
	-0.21
	2.5
GKAP1	2.59
	4.8
	2.69
	5.01
	-0.26
DCXR	-1.82
CHPF2	0.64
NFYC	0.04
NFYB	-0.28
NFYA	0.21
	0.41
RABL6	-1.24
SMARCA2	-0.49
SMARCA4	-1.2
RABL3	-0.26
	-0.18
FYN	0.83
TOR1B	1.06
	1.62
	-1.03
CCT6A	0.1
	2.88
CCT6B	0.05
RAB1B	-0.32
RUFY1	-0.38
RUFY3	-0.26
FCGR2B	1.2
OSTC	-1.03
FCGR2A	0.74
RPL7A	-1.61
SKIL	-0.1
	-0.86
CYTH1	-0.73
CYTH3	-0.64
CYTH2	0.49
CYTH4	-1.47
DPH1	-0.78
DPH2	0.36
DPH3	2.44
DPH5	1.72
DPH6	-0.53
	3.03
CANT1	0.02
WBP4	-0.61
	0.8
PTGS1	-0.64
SLK	-0.48
GPAM	0.02
DCK	-0.07
	-0.16
PERP	-0.66
CUL9	-1.0
EIF4ENIF1	0.07
CUL5	0.52
CUL7	-0.56
	-0.81
CUL2	0.08
CUL3	-0.36
TRIM28	-0.77
PNKP	0.04
TRIM24	-0.7
TRIM25	-0.2
TRIM26	0.65
TRIM27	0.26
CREB3	0.48
TRIM21	-0.07
CREB1	-0.78
TRIM23	0.09
PER1	-0.52
PNKD	-0.18
GNPAT	-0.17
TRPT1	-1.31
KAT8	1.18
	2.44
	1.48
VTA1	0.95
KAT5	0.17
ARCN1	0.07
KAT7	0.38
	2.46
NKAP	-0.02
	-0.83
	1.85
	1.4
AES	-1.75
PNRC1	0.34
PNRC2	1.45
GBA	0.89
MMGT1	-0.87
DNAJC24	0.71
DNAJC21	-0.07
	0.99
	0.93
DTD2	0.21
ARHGAP9	2.93
ARHGAP4	-1.32
	0.33
ARHGAP1	-0.75
AEN	-0.43
	-0.28
SPRTN	1.6
PPP6C	-0.11
	3.53
ANXA11	-0.35
	2.59
	2.88
RBL2	-1.83
HSPA4L	1.16
	-0.24
	0.23
HEMGN	-1.23
MRPL4	-0.21
MRPL2	0.25
RPUSD1	-1.57
RPUSD2	-0.37
RPUSD3	-0.84
	-1.18
	0.89
	-0.37
	-0.06
	-0.94
	0.26
	-1.17
EIF4EBP1	-0.03
EIF4EBP2	0.39
	-0.72
BAG2	-0.09
BAG3	4.58
BAG1	-0.34
BAG6	-1.01
BAG4	-0.13
YBEY	0.5
KMO	2.15
MSRB1	1.54
RTKN	0.78
MSRB3	-0.34
CTDP1	-0.72
	3.06
SLC39A1	-0.73
	0.62
CD79A	-1.27
	1.17
ATXN1L	-0.18
GMFG	-0.55
GMFB	-0.39
	1.94
	2.74
CYB561A3	-1.19
	-0.69
PDHA1	-0.56
	6.72
SAP18	0.41
	4.73
ATXN10	-0.68
MYL12B	-1.14
MYL12A	-1.19
G2E3	0.14
TSTA3	-1.71
CAMK1D	-1.79
VARS	-1.78
	-1.22
SMCR8	1.1
	0.4
SEL1L3	-0.54
HIST4H4	-0.86
NAP1L1	-0.41
NAP1L2	0.71
NAP1L4	-0.69
GRAP	-0.05
	-0.23
	0.33
RGS6	0.33
LRRC8C	-1.78
RGS1	1.95
RGS2	2.52
APMAP	0.18
ASPDH	2.08
PEAK1	-0.1
SERTAD2	0.47
	-0.58
SERTAD3	0.13
	-1.03
KIAA1143	1.03
FSD1L	0.87
SH2B2	-2.11
NAB1	-1.11
RDH14	-0.2
KANK2	-1.81
RDH11	0.2
KANK1	-0.16
	-1.13
DOLK	-0.42
	-0.23
	-1.87
CANX	-0.99
NALCN	0.94
CIAPIN1	-1.14
	1.52
	2.77
PTP4A1	0.26
ZSCAN29	-1.39
ZSCAN25	0.78
ZSCAN26	0.31
	-0.95
ZSCAN20	-0.37
ZSCAN21	-0.17
	0.03
CD28	-0.63
SUZ12	-0.98
MRPS9	0.03
MRPS7	-0.39
MRPS6	1.12
IFI35	-1.28
TDRD7	0.26
IFI30	-1.3
ABHD8	0.24
MYLIP	-0.06
OTUD1	-1.75
ABHD2	-0.53
ABHD3	1.23
PA2G4	-0.47
ABHD4	0.57
ABHD5	0.42
NKIRAS2	1.11
WDR55	-0.46
TWF2	-0.14
MBTPS2	-1.46
TMA16	-1.01
MBTPS1	0.78
EIF4G3	-1.87
EIF4G2	-0.15
EIF4G1	-0.95
FAT1	-0.86
GRB2	0.39
	1.2
FAT4	1.15
UQCC1	0.53
	-0.35
UQCC2	-1.33
	2.79
	-0.74
	0.39
SSU72	-0.98
	2.47
LSM8	-0.53
SWT1	-0.44
	2.13
	-0.31
	6.73
RBMX2	0.32
DIRC2	-0.4
	1.34
	-0.97
	-0.9
	0.32
	-1.86
POLR2E	-0.79
POLR2D	-0.44
POLR2G	-0.35
POLR2A	0.06
LSM2	-0.2
POLR2C	0.42
POLR2B	-0.33
POLR2M	-0.82
POLR2L	-0.12
THOP1	-1.15
POLR2I	-1.19
POLR2H	-1.15
POLR2K	-0.9
POLR2J	0.19
	-0.33
TLK1	-1.39
	-0.91
TLK2	0.22
CCL3L3	-0.19
USP53	-0.86
USP51	-0.35
GTF3A	-1.71
	-0.41
ASCC3	0.02
ASCC2	-0.29
VPS72	0.47
AGO1	0.75
AGO3	-0.22
AGO2	0.38
GAMT	-2.29
VBP1	-0.34
FAM120B	-0.02
FAM120A	-1.17
	-0.87
MAPK14	0.57
MAPK10	2.58
MAPK12	-1.12
	-0.02
SHKBP1	-1.0
FZD1	0.56
FZD3	0.55
	2.71
FZD6	-0.06
FZD7	0.25
CACNB1	1.25
DHCR24	-1.99
ASH1L	-0.34
	-0.22
AMFR	-0.56
USO1	-0.82
HIST1H1D	-2.85
	-2.58
	-0.6
	-1.49
HIST1H1C	-2.28
ANKZF1	0.22
SOS2	0.64
SOS1	-1.04
TACC3	-1.19
PICK1	-0.76
TMEM238	-2.23
TMEM237	0.73
MRTO4	-1.01
KIF20B	-1.4
MKI67	-1.47
LPXN	0.46
	-0.98
AZIN1	-0.73
CAB39	0.05
	-0.99
ANKHD1	-0.29
BCL2L11	-0.67
BCL2L12	-1.33
ESCO2	-1.48
	4.59
	4.49
CTU2	0.49
	-0.36
CTU1	-0.22
	3.86
	3.78
	3.19
MSX1	1.36
ADRM1	-0.21
	0.51
SIN3A	-0.48
GTF2H1	0.55
GTF2H4	-1.2
CHD2	-0.74
	0.0
TVP23B	0.81
	0.13
ALDH1B1	-1.9
KAT6A	0.52
COX7A2L	0.11
PCDH9	0.75
	-0.29
RPL38	-1.21
	1.16
RPL36	-1.64
RPL37	-0.87
RPL34	-1.14
RPL35	-1.59
RPL32	-0.93
	1.8
RPL30	-0.81
RPL31	-0.89
TARBP2	-0.28
	6.52
	2.7
ATF5	0.57
ATF4	-0.19
ATF6	0.12
ZNF286A	-0.21
ATF3	1.59
	0.08
SMARCC2	0.01
SMARCC1	-0.32
	-1.47
BUB1B	-2.01
SUMO1	0.03
SUMO3	-1.06
TMCO3	1.05
	-1.44
TMCO6	0.88
	3.01
PPWD1	-0.54
ANKIB1	-0.19
	1.48
KIAA0319	2.61
EEF2K	-1.32
SDF4	-0.85
BLOC1S2	1.91
BLOC1S1	-1.05
LHX8	0.79
MIB1	-1.97
	-0.2
TOR3A	-0.59
	2.41
NADK2	-0.29
SLC38A5	-0.67
B3GALT6	-0.34
SLC38A1	-0.37
SLC38A3	0.71
MDFIC	-0.14
STK4	-0.77
CXCL10	3.15
RSU1	-0.39
	0.44
CXCL16	-1.21
	0.58
UBE4B	0.69
UBE4A	-0.68
HCN2	2.75
	3.78
SNRNP25	0.3
	-0.56
YBX1	-0.79
YBX3	-0.25
YBX2	1.0
RAPGEF2	-1.46
C3orf58	0.75
	0.01
RAB3GAP2	-0.96
STIP1	0.96
CHIC2	0.37
	-0.03
CHIC1	-1.54
PEPD	-1.97
TBC1D23	0.97
TBC1D20	0.8
	0.33
ARPC2	-1.06
FUNDC2	0.2
TBC1D2B	-0.96
RNF44	0.64
SENP7	0.26
	0.83
SENP5	0.7
SENP3	-0.5
SENP2	-0.71
SENP1	-0.91
SAMM50	-0.15
	-0.61
ARPC5	-0.96
ING4	-0.14
ZNF354A	-0.13
ARPC4	-0.52
	-0.84
ING3	0.53
CEP170B	-0.48
	-0.18
	-0.9
WDFY1	0.32
	2.41
	1.17
GFPT1	-0.85
	-1.15
ECHDC2	1.51
ECHDC1	-1.54
DYNC1LI1	-0.34
CEP85L	-0.13
	-1.91
	-1.68
SDCCAG8	-1.09
	0.13
SNIP1	-0.27
	0.04
SDCCAG3	-1.16
	0.18
ITPR2	-0.95
	-0.55
ANKRD37	-0.94
GLS	0.07
	-0.73
ANKRD39	0.03
CDIPT	-0.45
NCOA2	0.3
NCOA3	-0.98
NCOA1	-0.55
	-0.2
NCOA7	0.82
	-0.12
NCOA5	1.14
	0.43
	-0.8
	0.19
NT5C3A	1.01
BSG	-1.27
P4HTM	-0.36
FOXRED2	-1.66
RIF1	-0.43
CAPNS1	-0.63
ABCG1	-1.85
	-0.44
SLC27A4	-1.11
STARD3NL	-0.27
SREK1	0.52
ZNF639	-0.72
ZNF638	-0.07
AK3	-0.03
PRRC1	-0.61
TBCE	0.38
TBCD	-1.35
	-0.08
AK6	0.6
TBCA	0.49
	-1.59
NPNT	-2.26
OXTR	2.29
CDIP1	-0.95
	-0.89
AP1S1	-2.35
PPM1B	-1.02
NCKAP1L	-0.97
	3.82
	-0.89
	1.24
GEN1	-0.05
ZNF496	-1.0
	0.99
CBLL1	0.55
	-1.07
ERH	0.11
PARM1	0.03
HERPUD2	-0.62
HERPUD1	-0.25
	1.66
	1.97
	-0.21
	1.75
RRP9	-0.84
	2.3
	1.79
	3.56
TRA2A	-1.04
	1.86
MDC1	-0.63
FBN1	0.65
	0.64
	0.56
BRMS1L	-0.14
MEX3D	-1.06
	-1.03
MEX3B	0.04
MEX3C	0.1
LACTB2	-1.31
	0.67
ENDOD1	-1.57
BTRC	-0.57
FRYL	-1.03
DEXI	-0.51
GRPEL1	-0.6
AARSD1	0.17
SPTB	-0.44
IMPDH1	-2.03
ZXDB	-0.38
IMPDH2	-0.66
	-0.1
TMEM185B	-0.14
UBXN11	0.36
DNTTIP1	0.01
DNTTIP2	0.57
UBLCP1	-0.67
DYM	-0.42
	6.34
	4.59
	-1.33
	-0.22
	-0.09
MTMR6	-1.5
MTMR4	-0.35
MTMR3	-0.56
	-0.19
NAAA	-2.18
	1.59
TSC22D3	-0.29
TSC22D2	1.1
	-0.36
FCHSD1	0.08
FCHSD2	0.08
	5.87
	3.46
	-0.28
HIPK3	0.78
HIGD2A	-0.66
	-0.73
TRAIP	-1.03
UBA52	-0.58
	-0.12
CD2BP2	0.35
NDUFC1	-1.32
	-0.32
EXOSC8	-1.56
BCKDK	-1.02
EXOSC3	-0.07
EXOSC6	0.0
EXOSC4	-0.08
EXOSC5	-1.11
CYB561	0.5
NCOR2	0.46
	2.1
	2.07
INCENP	-1.26
	4.45
FARP1	-0.41
SYVN1	-1.06
	2.14
EEF1E1	-0.33
	2.8
PSMB10	-0.73
PAOX	-0.86
	0.54
SCYL3	-0.61
SCYL1	-0.86
STXBP1	-1.04
STXBP3	-0.04
STXBP2	-1.44
	-0.77
	-0.15
	0.55
	1.19
OSTM1	-0.13
SKP2	-1.66
SKP1	0.53
	-0.59
NOC2L	-0.87
FANCG	-0.62
CFLAR	0.27
	-0.44
FANCC	-0.5
FANCA	-1.28
HNRNPAB	-0.55
CCZ1	0.58
FANCM	0.69
FANCL	0.76
FANCI	-1.89
GPN2	0.09
	1.0
	-2.57
	-1.49
RPN2	-0.95
MIF	-1.55
	-1.08
KNSTRN	-0.56
ARSB	-1.12
TNFRSF17	-1.58
BNC2	2.65
TFIP11	-0.74
IRS2	0.16
TRAPPC6A	-1.21
CDK2	-2.18
CDK4	-0.17
CDK5	-0.25
CDK6	-0.71
	0.34
	-1.48
	-1.34
CEP57	-0.25
CEP55	-1.28
SPECC1	0.36
LIMS1	-0.09
PRMT2	0.04
	0.18
	1.09
RERE	1.15
SUN2	-2.12
SUN1	-0.56
SZT2	0.25
MIIP	0.21
HSPD1	1.91
NARFL	-1.05
MTX2	-1.19
MTX1	-0.85
LIAS	1.81
PRKCA	-0.53
	0.09
HIST1H3B	-1.72
HIST1H3C	-2.36
HIST1H3A	-1.32
HIST1H3F	-2.0
HIST1H3G	-1.88
HIST1H3D	-1.77
HIST1H3E	-1.71
HIST1H3J	-2.09
HIST1H3H	-1.85
HIST1H3I	-1.73
CDPF1	-0.75
SEC11C	-0.96
PMF1	-0.81
ACKR4	1.15
	-0.81
SCRIB	-1.16
TYMS	-2.7
TYMP	0.29
ZNF791	-0.22
MUL1	-0.64
	0.21
WWP2	-0.72
GPER1	2.9
PPIL1	-0.35
PPIL2	-1.22
PPIL3	1.64
PPIL4	-0.33
RAD17	-1.17
	4.22
PPP1R7	-0.31
	3.58
CCDC97	-0.34
PPP1R8	-0.83
CCDC93	-0.05
	0.93
ZNF574	-0.02
ZNF575	-0.41
DOCK10	0.24
ZNF579	3.01
	0.27
	-0.11
TRPV3	0.4
	0.17
	0.23
CTSO	-1.94
CTSB	-0.03
CTSC	-0.72
CTSD	0.73
CTSF	-0.63
KCNAB2	-0.48
RPL14	-1.0
RPL15	-1.32
CTSZ	-1.44
RPL17	-0.67
RPL10	-1.21
RPL11	-1.37
OMA1	-0.78
RPL13	-1.09
GPATCH4	0.43
CTSS	-1.09
GPATCH2	1.04
RPL19	-0.71
PCYT1A	0.9
NAA10	-0.68
SYK	-1.63
	0.25
EMD	-0.61
DAPP1	-0.62
EMB	-0.17
	2.35
AP2S1	-0.33
AFF4	-0.21
AFF1	-0.17
PDPR	-0.92
	0.78
ALDH16A1	-1.99
USP20	-1.91
CARD6	2.17
STK40	-0.88
ERP29	-0.69
PRKACB	1.84
PHKA1	0.41
PHKA2	-0.45
UBA6	-0.58
STAMBPL1	1.82
PDP2	0.82
UBA2	-0.87
UBA3	-0.76
UBA1	-0.91
	-1.14
PWP1	-1.19
	-0.08
PHF20	-0.03
PHF23	-0.46
	-1.74
NAA16	0.05
UBE2H	-0.51
UBE2K	0.56
NAA15	-0.19
UBE2M	0.6
FAM162A	-1.04
UBE2O	-0.86
UBE2A	0.73
	2.39
UBE2B	-0.05
CCSER2	0.17
	1.0
SPR	2.64
	0.73
UBE2S	-1.02
TOP3A	0.49
UBE2T	-1.34
UBE2W	0.81
TOP3B	0.25
ILK	-0.9
	1.17
HDHD2	-0.33
MTG2	-1.58
BMP2K	-0.83
MTG1	-0.32
RABEP2	-1.46
RABEP1	1.11
MORF4L2	0.59
MORF4L1	-0.32
COCH	-0.13
NDUFA6	0.48
NDUFA4	-0.25
NDUFA3	-0.96
NDUFA1	-1.2
RABEPK	0.48
NDUFA8	-0.36
NDUFA9	-0.8
FLT3LG	1.41
GTF2E2	-0.65
PNOC	0.09
	-1.07
	0.54
FAM171A1	-0.18
	-1.61
	-1.64
TBL1XR1	-0.22
	0.48
CACFD1	-0.43
	0.56
	2.08
GNS	-0.07
SAT2	-0.66
	0.71
DTX2	1.86
DTX3	-1.15
BIRC6	0.39
JARID2	-1.61
BIRC2	-0.8
OXR1	-1.03
GNE	0.06
ANKRD16	-0.21
ANKRD17	-0.55
TXNL4B	0.5
	2.0
ANKRD12	-0.72
ANKRD11	-0.01
	-0.56
TMEM33	0.63
GPR180	0.72
NT5C2	-0.8
POU3F3	0.57
	-1.38
SNRNP200	-1.13
	0.62
CENPB	0.12
	-1.19
	3.03
	-0.94
FAM53B	-0.66
FAM53C	-0.31
POGK	-1.67
	-1.16
FMO4	0.46
ANO10	-1.27
POGZ	-1.29
	1.37
	2.27
AHCY	-1.85
	-0.82
PARG	0.57
DHDDS	0.34
TIMP4	2.03
TIMP2	-0.74
TIMP1	-1.17
PARS2	0.97
PARN	-1.42
	-0.13
	0.44
CRY1	1.07
	-1.19
PATZ1	-0.35
PI4K2A	0.58
HIBADH	-0.89
	1.02
	-0.71
NHLRC2	-0.88
PAFAH1B1	-0.4
CXorf56	0.26
CXorf57	0.8
	0.7
LYN	-0.29
SLC26A11	1.67
LY9	-1.08
ACOT11	0.26
SEMA7A	-0.07
IP6K1	-1.63
OTUD6B	3.14
NACC1	0.27
PDXDC1	-0.63
	-0.92
DDX5	-1.25
DDX6	-1.3
RABAC1	-0.86
TLR6	0.61
DDX1	-0.92
TLR4	-0.3
TLR9	0.34
SCN3A	-0.38
NUP205	-0.52
	-0.16
	0.15
ZNF217	-1.09
	-0.88
ZNF212	-0.35
SLC7A6	-0.88
ZWINT	-2.64
	-0.82
SLC7A5	1.23
FMN1	-1.49
	-2.16
	-1.47
NFKBIE	0.03
NFKBIZ	0.98
ARID4A	-0.69
ARID4B	-0.59
	-0.63
MMS19	-1.58
PGRMC2	-1.78
	-0.7
	-1.42
HAUS8	0.67
HAUS6	1.5
AMER1	-0.54
HAUS2	-0.29
HAUS3	0.49
	-0.91
	-0.37
	-0.02
UBXN8	-0.21
	1.54
UBXN4	0.5
EID2	-0.89
UBXN6	-0.41
MYD88	-1.04
UBXN1	0.69
	-0.65
NACA	-0.44
	-1.26
TFEB	-0.29
	5.41
	5.58
HIST1H2BF	-1.92
	6.91
	5.17
	3.73
	2.18
HIST1H2BC	-0.89
HIST1H2BL	-1.58
HIST1H2BM	-1.02
	-0.45
HIST1H2BO	-0.26
	-0.67
HIST1H2BI	-1.01
HIST1H2BJ	-2.18
HIST1H2BK	-1.36
TNFAIP8	-0.32
VAV1	-0.97
TNFAIP1	-0.12
TNFAIP3	-0.63
ECI2	0.27
ECI1	-0.99
IPO8	-0.21
IPO9	-0.47
IPO7	-0.93
IPO5	-1.24
NRBP1	0.32
RTF1	0.01
SMCHD1	-0.73
SDCBP	-0.31
RAB8B	0.99
RAB8A	-0.62
MARS2	-0.15
SCPEP1	-0.64
	-0.31
	0.35
GABPB2	1.19
PAQR8	-0.57
NIFK	-0.35
GABPB1	0.7
	-0.09
	2.44
FOSL2	-1.21
PAQR4	-0.18
FERMT3	0.53
FERMT1	0.57
	0.4
CRNKL1	-0.54
SIL1	-0.8
	-1.65
	-0.26
WWTR1	0.42
WDR91	0.21
SYNGR2	-1.22
	1.0
DPM2	0.51
NXT2	1.37
NXT1	0.14
DGUOK	-1.01
CSE1L	-0.72
	0.17
	1.49
	1.85
	0.74
ACAD10	1.55
CARNS1	1.99
	1.92
OSGEP	0.03
PLOD2	-0.05
PLOD3	-0.01
PLOD1	0.56
	-0.31
DNASE2	-0.96
C9orf64	0.4
RAD21	-0.31
	1.13
ANLN	0.2
MYOM2	-1.63
USP12	-0.17
ALDH6A1	-0.17
USP11	0.24
USP16	-0.54
USP14	0.55
USP15	0.51
SSBP3	-0.52
USP19	-0.72
BCL10	1.0
MIOS	-1.71
GFI1	-0.64
IL27RA	0.21
UNC45A	-0.37
	2.73
ADAR	-0.32
	-0.96
	-1.33
CRKL	0.13
POGLUT1	0.7
TAP2	-0.38
UBAC1	-1.99
TYK2	-0.36
	0.13
	-1.64
BOD1	0.16
SUPT5H	-0.25
EBNA1BP2	-0.08
	1.43
	-0.79
ACSL5	-0.24
SLC35E2B	-1.48
	-1.21
SF3A1	-0.51
ARHGEF11	0.38
ARHGEF12	0.03
ARHGEF18	-2.28
PIK3C2B	-1.12
PIK3C2A	0.47
	2.02
GNL2	-1.02
MITD1	0.26
	1.33
CEP70	0.47
KLC1	-0.15
KLC2	0.04
ZNF775	-1.1
CEP78	-1.46
ZNF770	1.38
ZNF771	1.81
	-0.49
	-0.49
HINFP	0.51
	3.53
	3.75
	-1.6
BAZ2A	0.12
	-1.6
CHCHD2	-0.99
CHCHD1	-1.26
TANK	1.22
CHCHD4	-1.83
CHCHD5	-0.75
OVCA2	0.13
	2.09
SP2	0.05
	0.24
ZNF512	0.38
ZNF513	1.46
	-0.02
ZNF516	0.8
TSPYL4	1.19
DLG1	-0.12
TSPYL1	0.28
TSPYL2	0.44
	-0.06
DLG3	-1.15
SLC39A8	-0.31
SLC39A9	-0.2
HIST2H3D	-1.87
HIST2H3C	-1.77
HIST2H3A	-1.77
SMG1	0.75
SLC39A3	-0.53
SLC39A4	-2.63
GABPA	-1.02
SLC39A6	0.81
SLC39A7	-0.69
	-0.51
	-2.55
PSIP1	-0.67
MTHFD1L	0.17
	3.68
EPDR1	1.71
MYH10	-1.82
MYH11	-1.53
MYH14	-0.74
	0.93
LMF2	-0.48
SYS1	-1.26
	0.02
	1.24
	-0.52
MAP4K4	0.03
HMBS	0.8
BPGM	0.6
	-1.04
SLCO4A1	-0.11
	1.93
	-1.14
SYCP3	-1.23
ROM1	1.37
	0.12
SCAF4	0.33
	-0.81
SCAF8	-0.84
WEE1	-1.14
TMEM63A	-1.16
MTFMT	-0.87
TMEM63B	-0.19
NAA38	-0.31
NAA35	-0.26
	-0.9
NAA30	0.99
FITM2	-0.09
	-0.97
	-0.06
RBM7	1.3
RBM4	-0.78
RBM3	-1.69
B4GALNT1	2.24
	-0.98
B4GALNT3	1.55
	-0.16
CAT	-0.59
	-0.67
	-1.22
	0.01
AP1S2	-0.52
AP1S3	1.55
	-0.66
	-1.36
	-0.97
	-0.93
CAD	-2.66
PGD	0.11
BBS10	0.93
NUDC	0.46
SRFBP1	-1.77
PELO	2.17
	-0.9
	-0.83
	-1.07
MCUR1	0.49
IVNS1ABP	-1.12
NUMBL	0.94
C21orf91	-0.59
NDUFC2	0.11
	-0.47
	2.36
COA5	-1.33
COA4	-0.23
COA7	-0.58
	1.19
	-0.97
COA3	-0.88
MRS2	-0.26
SEPSECS	0.84
PDE12	0.18
	-0.23
DMXL2	-1.11
DMXL1	0.12
C12orf66	-0.28
C12orf65	0.11
	1.48
ARMCX6	-0.35
HEXB	-0.37
ARMCX3	0.28
	-0.9
	1.81
FUT4	1.0
	1.57
	-0.76
	0.44
	0.31
GMIP	-1.0
UFC1	-0.81
	-0.42
	5.3
	0.37
	-0.7
DDX39A	-0.43
	0.12
CLTB	-0.02
DYNLT3	0.19
STRAP	0.69
CBFB	-0.45
	0.43
PLXND1	0.29
	-0.66
MDH1	-0.67
	0.8
PEX11A	3.23
	1.04
PUF60	-0.97
DBNL	-0.47
KIFC2	1.15
	3.84
PAFAH1B3	-1.13
KIFC1	-1.84
SFN	0.5
CYLD	-0.54
EID3	2.97
EID1	-1.64
ACTB	-1.86
	0.44
STARD10	0.69
	-0.28
DMRT2	0.54
	-1.12
	2.49
PLA2G12A	0.46
ADAL	0.6
MAP1LC3B	1.6
	-0.59
SF3A3	0.09
ARHGAP12	0.15
TNKS2	-0.47
	0.77
	-0.3
	-1.94
	-0.75
	0.79
TIFA	-1.7
ZNF24	0.31
ZNF22	-2.08
BLVRB	1.06
BLVRA	-0.54
EPOR	-0.86
	1.79
	4.18
	7.25
BBS12	0.42
HS6ST1	-1.28
	4.99
	4.81
	3.7
	-0.21
MOAP1	-0.74
PTRHD1	1.12
ZNF236	2.91
ZNF235	1.76
	-1.59
TCERG1	-0.27
	-0.66
CNBP	-0.99
RNPEP	-0.48
	0.54
INO80D	0.18
RNF113A	-0.76
	0.9
INTS12	-0.23
	-0.29
INO80E	-0.62
	2.45
	-0.99
	4.06
RANBP9	0.19
	0.74
NAE1	-0.88
RANBP6	-1.06
RANBP1	0.44
RANBP3	0.62
	-0.46
TXN2	-1.12
AGAP1	-0.78
AGAP2	-0.26
AGAP3	0.23
TAPT1	0.34
TSPO	-0.86
ARNT	-1.01
	-0.35
	-0.82
TRAM1	-0.25
BASP1	-1.19
GDPD1	1.32
	1.67
SLAMF7	0.86
SLAMF6	0.5
CADM1	-1.34
TGFB1	-0.91
FGD4	0.12
	0.35
	3.06
FGD6	1.6
	2.44
	-0.8
FKRP	-0.42
	0.73
NOP58	-0.25
YWHAQ	-1.27
	-0.71
ETS2	1.85
YWHAH	-1.15
ETS1	-1.28
YWHAB	-0.47
YWHAG	-0.26
YWHAE	-0.86
SSNA1	-0.16
FCRLA	0.23
MGAT1	-1.43
	-0.51
MGAT3	-0.17
	1.72
MGAT5	0.18
GLRX	1.33
	2.55
PDCD1LG2	1.7
CHST11	-0.27
VAMP3	-1.52
VAMP2	-0.11
CHST15	-0.58
CHST14	-1.23
VAMP8	-1.18
ROCK1	-0.23
ROCK2	0.77
CKAP5	-1.2
TLR3	2.34
GNPTAB	-0.27
	0.28
	-0.27
CAPRIN2	1.7
	3.04
CCNT1	0.6
CREBZF	1.11
PECAM1	0.25
CBFA2T3	0.01
CBFA2T2	-1.19
IRF2BP2	-0.31
IRF2BP1	0.37
	2.03
C9orf85	-0.79
VRK1	-0.83
VRK3	0.26
VRK2	-1.33
CRYL1	-1.32
WNK1	0.54
LRRC1	0.61
IRF2BPL	-0.03
USP38	0.99
TNIP1	-0.42
USP30	-0.3
RFNG	-0.13
USP32	-0.73
USP33	0.97
USP34	-0.5
SHMT2	-0.57
SHMT1	-2.09
USP37	-1.56
	-0.23
PLD3	-0.99
	0.39
	-1.7
RUNX2	-0.28
RUNX3	0.52
RUNX1	0.62
CSPP1	1.58
	-0.96
DOCK8	-1.55
DOCK9	0.25
DOCK2	-2.09
	0.16
DOCK4	-1.06
SAAL1	-0.5
UHRF1BP1	-0.01
SLC9A6	-0.29
SLC9A7	-0.6
HSPH1	3.58
	-0.56
PBXIP1	-0.99
TNRC18	-1.77
JUN	2.15
SLC9A9	1.08
PLEKHB1	-1.88
JUP	-1.14
SLC23A2	1.37
SCNN1B	-1.23
	0.32
FAM98B	-1.6
FAM98A	-0.34
PLCB3	-0.52
	0.14
SEC13	-0.03
CLEC9A	0.98
	-1.07
	0.11
	0.47
RHBDF2	-1.85
	0.35
	-1.05
MSMO1	-1.01
SMIM12	-0.14
RPP38	-0.9
ITSN2	-0.38
SMIM15	0.62
POLA2	-0.06
SMIM19	-0.08
LAX1	-0.76
MOB3C	-0.12
MOB3A	-0.92
FBXO5	-1.02
FBXO6	-0.81
FBXO7	0.0
FBXO8	-0.17
BCORL1	1.09
TMEM38A	-0.71
NAV1	-1.81
TMEM38B	0.09
C18orf25	-0.37
	-0.72
QSER1	-0.78
BDP1	-0.41
	0.76
DBR1	-1.35
	-0.73
NT5DC1	-0.58
ATL3	-1.04
ATL2	0.18
ATL1	0.9
SLC5A3	1.94
PPIG	-1.02
PPIF	-0.34
PPID	1.93
PPIC	-0.51
PPIB	-1.62
CORO1B	-0.11
CORO1C	-1.12
CORO1A	-1.74
PIN1	-1.62
MID2	0.02
DCPS	-2.92
SMOX	0.26
WASF2	-1.24
WASF3	1.55
FAS	-0.14
	5.25
FAU	-1.11
FAH	0.47
	0.75
LLPH	0.15
YWHAZ	-0.58
	1.87
RRP12	-0.49
AP4E1	-0.71
	-0.45
LZIC	-1.47
MIDN	0.69
TSEN34	-0.5
SNRNP40	-0.22
PITHD1	0.81
C7orf43	1.95
NAA50	-0.73
	1.08
PURB	0.45
PURA	-0.04
CFDP1	-0.28
ATF6B	-0.02
OAF	-1.1
HECTD1	-0.25
HECTD4	-0.59
MAN2B1	0.3
TSPAN5	1.09
OAT	-0.21
	0.98
SNX20	-1.12
	-0.23
FSTL3	2.1
	-0.57
FLII	-0.3
PIR	1.35
RALGAPA1	0.27
	2.65
COG8	-2.3
NUF2	-1.84
COG2	-0.56
	2.21
	0.44
FLI1	-0.49
COG5	-0.94
COG4	-0.59
TIMM10B	0.72
C12orf45	-0.11
NFAT5	-0.73
	0.14
	1.08
MSTO1	-1.15
	2.0
UBC	1.4
	3.8
ANKRD52	0.23
	-0.54
	-0.3
	0.51
POC5	0.68
	-1.08
	4.64
AKR1A1	-0.6
	0.33
	-0.67
NPRL3	-1.07
NPRL2	0.27
KBTBD7	0.02
KBTBD6	1.75
SHCBP1L	1.44
KBTBD4	-0.09
	-0.61
	-0.56
ZBTB4	0.02
KBTBD8	0.57
	-0.12
PCBP4	0.35
UQCRHL	-1.45
PCBP2	-1.15
PCBP3	-1.16
PCBP1	-0.74
RNF220	-0.77
	0.9
LZTS2	0.62
CARD11	-1.14
SIRT3	-0.37
SIRT2	0.44
SIRT1	-1.17
NR4A1	-0.22
SIRT7	-0.96
SIRT6	-0.19
SIRT5	0.5
MED30	0.13
MED31	0.84
	0.75
PAK1IP1	-0.04
	2.09
FAM57A	0.97
PHAX	-1.04
MGAT2	0.07
RBM26	0.43
RBM27	-0.56
	0.0
HECW1	-1.13
RBM28	0.81
RFWD3	-1.88
RSL24D1	-0.57
GSE1	-0.48
TRMT6	-1.21
	2.21
TRMT5	0.23
KDM6A	0.32
KDM6B	2.09
FGF13	-0.41
	3.43
SLC20A2	1.25
	0.62
COL9A2	-0.62
	2.6
	1.45
VAMP4	-0.83
SEMA3G	1.7
OXNAD1	-0.38
DESI2	-1.02
ARL1	0.16
ZNF250	-0.64
ARL3	-0.25
ARL2	-0.73
	-0.42
RRM2	-2.33
	-0.56
ZC3H12A	1.55
ZC3H12C	-0.22
	3.66
DERA	-1.47
	2.17
TSR1	-0.43
TSR3	-1.14
	0.31
	0.48
	1.28
	5.43
	2.76
	6.9
KCNJ11	-0.36
KCNJ15	-0.34
	1.83
	-1.29
	4.31
TMX4	-0.68
ANKAR	1.16
AR	0.29
TMX1	-0.74
TMX3	-0.02
NAGA	-1.66
NAGK	-0.49
	-0.77
DAZAP2	-0.83
	5.57
AHCYL1	-0.33
CREB3L2	-2.32
CREB3L1	1.33
NELFB	-1.31
TUBA1B	-1.42
	3.56
PGAP3	-0.72
	-0.56
C17orf75	-1.06
WLS	-1.1
SRSF11	0.26
	-1.2
	-1.67
THBS1	0.99
NDUFAB1	-0.48
C6orf120	0.37
CDC42SE2	-1.94
CDC42SE1	-2.0
HEBP1	-0.03
OFD1	-0.68
HBS1L	-1.4
VAC14	-0.15
DUS2	-1.8
TMEM186	-1.46
	1.47
	0.23
GEMIN8	-0.43
IWS1	-0.23
APRT	-0.3
	2.67
GYPC	-1.49
TPCN1	-0.78
C19orf53	0.04
	1.06
L2HGDH	0.92
C19orf57	2.02
SNAP23	0.33
IL2RG	-0.77
SNAP29	0.01
	-1.36
	1.86
TOX2	0.09
PRR14	0.77
PRR15	-0.7
	4.68
LMO4	-1.07
PUM2	-0.26
	-0.14
PUM1	-0.66
SFXN2	-1.29
SFXN1	-0.11
GDF7	2.02
CCT8	-0.29
RWDD2A	1.12
RWDD2B	-0.88
CCT2	-0.35
	-1.18
CCT5	-0.39
	2.41
TIMM13	-0.09
TIMM10	-0.02
	1.5
TICRR	-0.69
CDK5RAP2	-1.85
AKTIP	-1.32
SUGT1	0.64
CMTR2	0.1
	2.74
UBALD1	-0.99
UBALD2	-1.22
	-0.64
GFM1	-0.19
ZC3H3	-0.39
ZC3H4	-1.98
ZC3H6	-0.54
CROT	-0.57
	1.43
	-1.81
XIAP	-0.88
	-0.23
SLC4A2	-0.95
DCTN1	-0.78
DCTN6	-0.18
DCTN4	0.95
KCMF1	-0.64
RPS4Y1	-0.54
AP5B1	-1.53
	-1.48
CIITA	0.66
	0.58
OSCP1	0.3
PLCL2	-0.19
CYP20A1	-0.16
RNF25	0.1
UBE2V1	-0.48
UBE2V2	0.02
RNF26	0.05
	1.04
CMBL	-1.41
	-0.4
UBIAD1	-0.61
LSP1	-0.96
C1GALT1C1	0.11
MARS	-0.28
AP1G2	-1.1
IGSF8	-0.91
TRAK2	-1.05
TOM1	-0.93
IGSF1	-0.82
CTNNB1	-1.38
MOB1A	-0.24
TAF8	-1.44
	0.83
CNOT8	0.51
ILVBL	-1.48
APOL6	-0.05
AARS2	-0.23
	0.41
APOL2	0.6
	0.62
CNOT4	0.1
ITGB1	0.22
	-0.28
ITGB5	-2.23
ITGB8	-1.99
ATN1	0.11
LCP2	-1.5
LCP1	-1.26
PMPCB	-0.33
GNB1L	-1.89
NR2C2	-0.05
PMPCA	-0.46
	-0.57
	-0.03
	-1.47
MYO6	-0.1
ATG3	0.09
RPP14	-0.23
	0.89
EAPP	-0.25
GNPDA2	0.79
ZFPM1	-1.26
CDK17	-0.03
MAN1B1	-0.64
TMEM255A	0.74
PCK2	0.15
USP31	0.12
RASAL3	-0.34
URGCP	0.06
LBR	-0.47
RAN	-0.85
USP35	0.82
SLC12A4	-0.6
SLC12A7	1.12
NEO1	-1.17
USP36	-1.22
SLC12A9	-1.46
IMP3	-0.13
EXT2	0.44
IMP4	0.7
ACIN1	-1.41
	0.62
XYLT1	-1.82
NOP9	-0.96
LY96	1.19
	0.2
TESK1	1.3
TESK2	-0.21
	-0.3
ALDH5A1	-2.13
LEPROTL1	-0.85
SPTY2D1	-1.56
TCTA	0.44
SNX3	0.64
SNX2	0.3
SNX1	0.39
SNX6	0.55
SNX5	-0.91
RPL27A	-1.18
SNX8	0.41
TEFM	1.47
	0.18
	-0.61
PTTG1IP	-0.45
	0.99
	1.23
CCDC127	0.54
CCDC126	3.3
CCDC125	0.59
CCDC124	-2.38
CCDC121	1.29
	0.16
	0.29
KHSRP	-0.48
	-1.43
ITPKC	-0.37
ITPKB	-0.73
	-0.38
RNF219	0.81
MGEA5	-0.88
KPNA1	0.46
PKM	-1.74
ITPK1	1.51
TMED7	0.25
ORAI1	-0.95
	1.79
	2.57
	3.4
	2.14
	5.18
	1.53
TMED4	0.0
UHRF1BP1L	1.35
C12orf29	0.41
TUBB2A	-0.69
TUBB2B	-1.91
	-0.95
RNASEH2A	-2.08
CEP170	1.65
RNASEH2B	1.12
	0.04
COMTD1	-2.57
	-0.05
	-1.18
	1.29
NEIL3	0.27
NEIL2	-0.96
	-1.25
BAIAP2L1	-1.74
	1.24
	-0.85
DIEXF	-0.74
	-1.23
PGAM5	-0.14
FANCD2	-1.2
PGAM1	-1.33
MXD3	-1.18
	2.42
MXD1	1.86
AKR1C3	3.04
	-0.52
P2RY6	2.55
	1.15
C1QBP	-1.26
RRP8	0.95
	0.37
FASN	-2.05
ASL	-1.99
ATP6V0B	-0.07
ATP6V0C	-0.1
SYNM	-0.74
LAMP5	-1.97
LAMP3	1.34
LAMP2	0.4
LAMP1	-0.32
PDCD7	-1.33
EP300	0.02
NAT10	-0.85
	1.23
DIS3L	-1.77
LENG1	-0.17
	-1.19
	0.68
CC2D1A	-1.74
	-0.77
RCE1	-1.51
LENG8	-0.69
NEU3	-1.45
	-0.81
UVSSA	-1.37
UQCR10	0.07
UQCR11	-0.58
	1.81
SCN9A	-1.86
RPRD1A	-0.56
RPRD1B	-0.84
NCLN	0.3
	0.18
ASAH1	0.26
	1.19
GABARAPL2	0.58
RAD54L	0.06
	1.13
PRR7	-0.07
DVL2	-1.8
KDM4B	-1.16
MED12	-0.73
MED13	0.71
ABCB7	0.83
ABCB6	1.54
MED16	-0.63
MED17	-0.06
MED18	0.96
ABCB9	0.47
ABCB8	0.87
	0.13
PSME4	0.78
PSME2	-1.36
PSME1	-0.58
EEF1B2	-1.25
MTFR1L	0.96
SLC9A1	-1.16
TOPBP1	-0.14
GOLGB1	0.2
	0.01
	0.0
MLEC	-0.4
LIN7C	0.16
IST1	-0.51
SLC30A9	0.63
SLC30A5	0.57
SLC30A4	1.3
SLC30A6	0.58
	-0.57
KIAA1549	-1.08
	-0.73
EML3	0.3
GADD45B	1.59
EML1	1.81
	-0.48
EML4	-0.32
GADD45G	2.92
PLEKHB2	0.3
ZYG11B	0.89
TAGLN2	-1.23
TAGLN3	1.02
ADM2	1.37
	-1.36
	-1.32
SPEF2	-0.81
ZMYND8	0.26
NARS2	-0.58
NUPL2	-0.71
GMPS	-1.08
PRRC2A	-1.21
CNN2	-1.55
DHODH	-1.74
	-0.51
	1.61
ZNF277	0.36
ZNF276	0.09
ZNF275	-0.43
NCAPH	-2.03
NCAPG	-1.95
CHAC1	1.44
	-0.22
	-0.28
XKR8	0.65
CIAO1	0.15
NOP10	0.75
NOP14	-0.68
PARP8	-1.75
EIF5B	-1.62
EIF5A	-0.62
	-1.55
MAML1	0.48
NONO	-0.91
TMEM173	2.8
UNC119	0.66
TRPM8	-1.55
LSM14A	-1.04
TRPM7	0.79
ZFAND6	0.31
	0.72
	0.3
	-1.52
TUBB3	-1.25
	-0.65
TUBB1	-0.79
FAN1	1.26
	1.64
HERC3	-1.02
HERC2	0.42
	-0.56
HERC4	-0.49
HERC6	-0.51
C19orf70	-0.7
APTX	0.46
SH3BGRL3	-0.32
	0.11
	0.52
BCCIP	-0.01
COPRS	-1.6
	0.31
C11orf68	-0.29
C17orf53	0.67
	-0.54
TFDP2	0.02
MIS18A	-1.58
MKNK2	0.36
MKNK1	-0.63
CCR1	-0.63
CCR2	-1.19
CCR3	-0.22
CCR5	-1.06
RHOT2	-0.31
BCAS2	0.06
BCAS3	-0.99
DRAM2	-0.69
	1.77
	1.62
CD82	-0.26
ERCC3	0.18
CD86	-0.49
	2.41
CCT4	0.55
BCL7C	-0.2
	-0.45
	-1.19
BNIP3L	-2.07
ZBED5	-1.16
ZBED6	1.28
SCP2	-0.73
EFNA4	-0.16
EFNA3	0.33
	1.7
	0.31
PORCN	-1.05
GALNT13	1.93
GALNT10	-0.26
LRP8	-0.1
HLA-DOB	-3.07
DDX24	-0.57
	-1.02
HARS2	0.26
STIM1	-0.42
STIM2	-1.18
S100Z	0.13
LIMK2	-0.89
MAP2	-0.88
MAP7	-0.67
	-0.37
TEAD1	0.36
MAP9	-1.16
PTPN23	0.65
PLEKHF1	0.12
BRI3	0.4
APEX1	-0.83
	0.82
APEX2	-1.28
SERPINI1	0.07
KMT2C	-0.29
KMT2B	0.75
KMT2A	0.26
	-0.34
KMT2E	-0.45
KMT2D	1.17
CLDN23	3.03
MTPN	-0.48
	1.87
THG1L	-0.33
	0.03
DMRTA1	2.47
ZNF710	-1.37
	-0.76
TOM1L2	-0.5
GUK1	-1.07
HLA-DQA1	0.24
	-0.44
ZNF512B	0.53
FAM213A	-1.47
FAM160A2	-0.74
GSR	0.84
LRPPRC	-0.37
LAT2	0.08
DHCR7	-1.58
	-1.19
	0.44
AFG3L2	-1.16
	1.15
TROVE2	-0.12
MSR1	1.81
	-0.06
TUFT1	-0.26
KIAA0825	2.17
ANKMY2	0.32
	-1.5
MYCBP2	-1.01
PTBP3	-1.65
DAP	-1.1
PTBP1	-1.14
	-1.33
RPP30	-0.51
HK2	-0.76
HK1	-1.32
ATP2B1	-1.03
CACNA2D1	1.44
ATP2B4	0.65
FDPS	-1.19
FBXO3	-0.31
XRN1	0.02
XRN2	-0.78
	0.3
	0.5
RFC3	-0.07
	-1.3
PABPC1	-1.13
	-1.12
PABPC4	-1.46
CCDC15	-0.95
FBXO9	0.22
EED	0.5
MAPKAPK5	0.65
MAPKAPK2	-1.38
	0.4
PDHX	0.76
C3AR1	0.61
GOLPH3	-1.73
PIK3R4	-0.21
PIK3R3	0.9
PIK3R2	0.33
PIK3R1	0.7
PDIA6	-1.07
SAMD8	-0.49
	-0.18
PTPRN2	-0.19
HEXIM1	0.55
HEXIM2	-0.43
LRRC14	0.41
	-2.48
	-0.24
	-1.38
RTN4RL2	2.66
	1.92
TOMM40L	0.36
ARMC8	-0.89
	-0.08
RBKS	0.16
NFATC3	1.31
MPHOSPH10	0.55
IDE	-0.24
NCAM1	-1.08
NCAM2	1.24
SORL1	-1.68
TICAM1	-0.13
	-0.32
DROSHA	-1.09
CCDC107	-0.59
CGN	-0.26
RSBN1L	0.73
	1.94
PML	-0.69
REEP3	-0.44
REEP5	-0.89
REEP4	-0.79
	-1.5
	-0.54
	-1.47
MRM1	1.64
	-1.19
	-1.59
NUB1	-1.19
ARL6IP5	-0.67
ARL6IP1	-0.45
CHRNA5	2.29
	-1.2
FER	-1.17
	-1.71
SAV1	0.33
MLST8	-1.57
STAU1	-1.06
CEP152	-1.09
DICER1	0.2
ID2	0.69
ID3	-0.57
MGME1	-0.78
ZNF865	0.98
HP1BP3	-1.63
CD164	-0.38
MSN	-0.71
FOPNL	-0.87
	-0.55
MSC	2.73
SEC31B	1.95
SEC31A	-0.62
XBP1	-1.63
UBOX5	0.94
AQR	-0.13
AHDC1	3.08
SORT1	-1.36
	0.18
	-0.91
PEF1	1.28
ACTL6A	-0.1
LONP2	-0.31
	-1.98
PDGFB	1.45
LONP1	0.16
HCCS	0.24
ORC4	0.4
ORC5	0.53
	1.53
AP5Z1	1.51
ORC1	-1.72
SPATA2	-0.02
RCC1	-1.2
RCC2	-0.54
	1.86
C5orf51	-0.26
DNM1L	0.21
	-0.06
	-0.14
FGFR1OP2	1.23
FHIT	-1.14
NCBP2	-0.08
	-1.58
	0.34
TRAM1L1	-1.42
LAPTM5	-1.06
ARFRP1	0.29
	-1.43
RITA1	1.79
	6.8
HSPA5	0.41
HSPA4	0.54
	-0.3
SPTLC2	0.66
SPTLC3	0.5
SPTLC1	-0.43
MEI1	-0.6
	1.03
ABCD3	-0.43
KDM2B	-0.35
HSPA9	0.16
	0.48
PPHLN1	0.82
NELFA	-0.26
SIRPA	1.26
	-2.25
NELFE	-0.83
TRAPPC9	-0.75
TRAPPC8	0.55
TRAPPC2	0.23
TRAPPC5	-1.01
TRAPPC4	0.36
BAK1	-0.24
L3MBTL2	-0.56
	-0.87
	-1.44
CYP2U1	0.04
LILRB4	-0.29
DGAT1	-0.46
	0.95
PSMG4	-1.4
	0.9
PSMG2	-0.34
PSMG3	-0.13
	2.21
	-0.18
	-0.71
	-0.02
	-0.36
	1.0
KCNH4	0.16
KCNH6	0.24
KCNH2	-1.25
CCDC85B	-2.41
	2.4
	4.39
	4.38
SERBP1	-1.35
	1.6
ZNF296	-1.02
PIK3CB	1.13
ZNF292	-0.91
PIK3CD	-0.19
LIN37	-1.41
NDUFAF4	0.14
NDUFAF3	-0.83
NDUFAF2	-0.69
	-0.26
TRAM2	-0.35
GDAP2	-0.45
FAHD1	0.71
CRBN	0.77
	0.69
	-0.21
	-1.34
	-0.01
ILDR2	-0.03
ILDR1	-0.33
	6.22
GLTP	-0.48
	5.23
	6.05
	2.41
	2.65
BARX2	0.01
NOL9	-0.3
PRKAR1A	-0.91
PRKAR1B	-0.44
SAR1A	-0.53
SAR1B	0.25
NOL6	-0.52
C19orf12	-0.15
NOL3	-0.5
	-1.07
NIPSNAP1	-0.4
SCLY	0.27
DCAKD	-1.47
	-0.05
CLPTM1	-0.17
CDC45	-1.19
	-0.89
	0.57
CDC40	0.5
	-0.47
	-0.96
NADSYN1	-2.19
FIZ1	-0.76
CHAF1B	-1.88
BIN1	0.75
BIN3	0.78
	0.65
DPYD	-1.44
UBTF	-1.0
	0.5
CDCA2	-1.52
	-0.18
	1.64
CDCA4	-1.47
CDCA5	-1.77
CDCA8	-1.11
RSF1	-0.76
ALKBH7	-1.49
SASH3	-0.29
WASF1	0.44
ALKBH5	0.09
	-0.05
CYB5A	-2.16
CYB5B	-0.92
RALB	-0.16
SPG11	-0.88
	0.74
HLA-DMA	-2.59
	-0.99
SYTL1	0.4
SYTL2	0.44
SPRED1	1.16
SPRED2	0.04
BRK1	-0.1
	3.58
CEP85	0.81
VOPP1	-1.06
RELT	-0.19
	1.56
GSS	-1.91
RELN	-1.29
RELB	-0.57
RELA	-0.64
HDGF	-1.43
MRPL36	-0.63
MRPL37	0.24
MRPL34	-0.8
MRPL35	0.1
MRPL33	0.08
UBE2R2	0.63
MRPL39	0.48
FAM69A	-1.21
THOC3	-0.53
THOC7	-0.41
THOC6	-1.21
THOC5	-0.7
	0.21
	1.08
	-0.83
RNF103	-0.9
MTRR	-0.79
	0.5
CD300C	-0.88
CD300A	-0.09
RECQL5	-1.34
RECQL4	-1.38
COPS8	0.21
	-1.04
MSL1	0.24
FOXP4	-1.39
	-0.01
COPS3	-0.46
	1.8
COPS6	-0.42
COPS4	0.25
COPS5	0.63
ZNF592	0.37
ZNF593	0.36
YTHDF1	-0.89
KTI12	-0.69
ZNF598	-0.77
MYCL	-0.07
	0.22
CRY2	0.94
PLCH2	2.74
TKT	-0.34
VEZF1	-0.43
FDFT1	-0.74
FAM135A	0.71
NUDT8	-1.98
NUDT9	1.56
IGF1	-2.2
DLD	0.0
NUDT1	-1.22
NUDT3	-0.9
NUDT4	0.24
NUDT5	-0.67
	0.87
TK1	-3.31
LARS	-0.68
	-0.92
	-1.44
	-1.54
	-0.78
	-0.64
MEF2C	-1.55
MEF2B	0.05
MEF2A	-1.83
DDRGK1	0.1
FBXL20	-0.89
LCORL	-1.1
SSB	0.37
	-0.13
ZNF335	-1.04
FAM168B	-0.87
ZNF330	-1.23
FAM168A	0.7
TEX14	1.29
	-0.32
RPLP0	-1.19
TEX10	-0.91
	-1.57
	2.07
	-2.13
	0.8
NDFIP2	-0.77
NDFIP1	-0.32
CIB1	-0.84
THYN1	-0.93
MRPL38	0.08
TRIO	0.28
MTMR14	-1.37
MTMR11	1.44
MTMR10	-0.86
	-0.43
NCAPH2	-0.46
	0.13
	-0.05
BBX	-1.3
CNOT3	-0.65
	-0.69
	-0.34
CXADR	-0.73
DOT1L	-1.14
MGST3	-0.21
	-1.22
MFN2	-0.23
MFN1	-0.25
FAM117A	0.16
FAM117B	-1.24
FAM166B	1.42
MAD2L1	-1.46
SVIL	0.02
POR	-0.76
	0.28
CCDC167	-0.2
ST3GAL2	-0.39
ST3GAL1	-1.24
ST3GAL6	-0.73
ST3GAL5	-1.73
NINJ1	-1.4
GALNS	1.19
NEK2	-1.79
	4.0
	2.43
	3.88
	-0.2
SLC16A1	-0.35
SLC16A3	-1.07
CEP131	0.06
ARHGAP30	-2.33
ARHGAP31	0.17
BCKDHA	-0.44
WIPF2	0.05
WIPF1	-0.34
MON1A	0.62
MON1B	-1.18
DYNLL1	0.03
DYNLL2	0.46
	0.93
UQCRQ	-0.59
PRICKLE1	0.98
RBM4B	0.22
UQCRH	-1.5
	2.1
GPS1	-0.12
GPS2	0.07
	1.69
	-0.53
CACNA1A	1.43
NEK1	-0.46
	1.2
TAOK1	-0.77
GLRX5	-0.3
GLO1	-0.34
ATP6V0D1	0.15
	-0.12
FLCN	-0.57
BMP8A	-1.48
	-1.41
CNOT6L	0.06
RPL26	-1.0
	2.3
COIL	0.46
SLC15A4	0.78
CARHSP1	-0.56
RBM42	-0.63
RBM45	1.05
RBM47	-0.56
RBM48	0.92
PQBP1	-1.05
TTC14	-0.24
TTC17	-0.94
CCDC28A	-0.36
	1.57
TTC13	-0.35
TTC19	-2.12
SLC22A15	-0.45
	1.05
HIF1A	0.84
SLC31A1	-0.73
SLC31A2	1.78
	2.1
	0.55
ZFP91	-0.5
RICTOR	0.63
	0.11
PPM1G	-1.41
	0.05
THEM4	-1.39
ABCF3	-0.04
ABCF2	-0.05
ABCF1	-0.36
PPM1K	0.89
PJA1	-1.75
PJA2	-0.98
CHEK2	-1.35
CHEK1	-0.92
DALRD3	-0.35
NSMCE2	0.3
PRKAB1	0.94
SIKE1	0.59
	-1.08
	0.95
PTPN9	-0.56
	0.07
PTPN2	-0.68
PTPN1	-0.3
PTPN6	-2.18
PTPN4	-0.13
GINS2	-1.05
GINS3	-1.42
BTF3	-0.74
LRCH4	-0.14
	1.23
	0.17
LRCH1	-0.3
LRCH3	0.44
EPG5	0.34
	0.14
	1.83
	-0.1
ARRB2	-1.39
	6.29
	6.48
	3.87
	2.11
ADI1	-0.37
PSMA2	-0.16
PSMA3	-0.05
PSMA1	-0.03
SLC7A6OS	-0.2
PSMA7	-0.21
PSMA4	0.27
PSMA5	0.3
DSG2	0.68
ZNF106	-0.41
	2.04
MSH2	-2.23
FBXO45	0.9
SEC23A	-0.72
FBXO42	-0.67
SH3BP5L	0.15
RPS6KA3	-1.43
CS	-0.35
RMND5A	-0.4
RMND5B	0.7
NRBF2	0.04
	5.85
	3.23
	4.38
	0.72
	4.58
SEPT11	-1.59
AGPAT5	-2.1
JAGN1	-1.11
RALGAPA2	-1.29
AGPAT1	-2.13
CRYZ	0.41
KIAA1217	-0.28
	1.38
TMEM154	0.75
FOXO1	-0.43
FOXO6	-0.08
FOXO4	0.8
	-2.47
PEX13	0.54
PEX12	2.07
PEX14	-1.46
PEX16	0.14
EIF1B	1.01
MANBAL	1.36
	2.99
	1.65
PRRC2B	-2.34
	0.0
	0.34
NFKBIA	0.51
	0.36
COG7	-0.64
	5.7
C19orf38	0.8
OSTF1	-0.03
PPP1CB	-0.75
PPP1CC	-0.01
	2.99
PPP1CA	-0.65
C11orf24	-1.41
WBP2	-0.31
RFXANK	-0.51
RAE1	-0.47
GANAB	-1.04
SRP9	0.04
	0.13
	-0.6
	1.24
ZYX	-0.58
HIF1AN	0.03
DENND3	-1.02
	0.92
CREBRF	-0.2
PPP1R16B	-1.29
	-0.41
UBR3	0.76
UBR2	0.56
UBR1	1.15
NUCB1	-0.09
HSDL1	-0.21
UBR5	-0.06
UBR4	0.41
SOCS5	0.21
SOCS6	0.08
SOCS1	1.08
	-1.45
PPP2CA	-0.05
PPP2CB	0.4
CCNY	1.65
CCNF	-0.7
	-1.25
CCNC	0.14
CCNH	-0.35
CCNI	-0.74
CCNJ	1.55
CCNK	-1.05
	4.07
TBRG4	0.14
	-1.17
NCKAP5	2.37
	0.05
NCKAP1	-0.22
JMY	-0.84
	-1.12
LRRK1	0.25
PLEKHJ1	-0.95
ABHD10	-1.37
ABHD11	-1.0
	3.01
ABHD13	1.64
CRMP1	-0.66
	-1.02
FN3K	-0.26
PTS	-0.43
MRPL12	-1.26
MRPL13	0.36
MRPL14	-0.49
MRPL15	-0.49
MRPL16	-0.39
MRPL17	-1.39
ARPC3	0.24
MRPL19	-0.03
CDC25A	-1.55
UAP1	-1.88
RNF41	0.44
RNF40	-0.15
	0.99
DCUN1D1	-0.15
ZNF821	0.54
DCUN1D4	-0.41
DCUN1D5	-0.05
	4.64
	3.05
	4.86
ITPR3	-1.16
	5.84
	0.05
	3.85
KDSR	-0.21
LRIG3	0.95
LRIG1	-0.25
	1.9
AP1G1	-0.01
ERCC6L2	1.86
CES2	-0.36
AIFM2	1.41
AIFM1	-0.28
RNF123	0.32
RNF122	-0.92
IL17RA	0.32
LAP3	-0.69
POT1	0.45
FAM217B	0.47
OPN3	-1.43
UCP2	-1.96
NCOR1	0.0
HIST2H2AB	-1.51
TEC	0.36
REPS1	-0.84
	0.15
	-0.21
GPN3	-1.22
NBN	0.85
TMEM30A	0.13
NFKB1	-0.87
NFKB2	-0.7
TES	0.37
MSS51	2.36
RAP2B	-0.79
RAP2A	-0.38
SIAH1	0.23
SIAH2	-0.93
	-1.4
PHLPP2	-1.61
SPECC1L	-0.2
EMILIN1	-1.33
	0.97
PIAS2	0.07
PIAS3	-1.92
PIAS1	0.31
	-1.15
PIAS4	-0.96
HIVEP1	-1.25
HIVEP2	-1.31
ZNF316	-1.87
ZNF318	0.81
ZNF319	-1.29
P2RX1	-1.9
	0.8
P2RX5	-1.85
P2RX4	-0.07
HSPBP1	0.14
HADHB	-0.39
HADHA	-0.2
GPR137	1.89
PLXNB2	-0.86
RMDN2	2.63
RMDN3	0.23
PGRMC1	-0.43
RMDN1	-1.35
AP4M1	-0.78
GPR132	-0.63
ALS2	0.47
LRRC57	-0.54
	-0.94
DENND1C	-0.7
DENND1B	-0.93
LRRC58	-0.47
LRRC59	-0.64
KBTBD2	-0.8
DIS3	-0.21
	0.22
	-0.14
	0.26
	-0.22
	-0.23
SDHA	-1.25
BAP1	0.18
SDHB	-0.31
SHARPIN	-2.12
	2.1
ZCCHC11	-0.96
ZCCHC17	0.53
AP1M1	-0.11
CCDC142	2.28
CCDC149	-0.03
SMG5	0.35
SMG7	-0.55
SMG6	-0.3
DLG5	1.11
	0.0
FKBP11	-0.98
SMG9	-0.77
SMG8	0.43
GRWD1	-0.97
FAM114A2	0.03
IGF1R	-1.85
FAM3C	0.12
SLC45A4	1.53
RAB11FIP1	-1.43
PTGR2	1.27
MTUS1	-0.59
OSBPL8	-0.45
	0.03
IFRD2	-0.9
	-0.69
OSBPL2	-1.07
ATF7IP	0.07
OSBPL7	2.1
OSBPL5	-0.46
TEX9	-0.65
STUB1	-0.79
TUBB4B	-0.07
TUBB4A	-0.11
	1.53
ARHGAP17	0.49
STARD8	2.32
STARD9	-1.13
	1.3
	1.3
STARD3	-0.45
STARD7	0.99
ARHGAP18	-0.11
ARHGAP19	0.14
CAPZB	-0.73
IMPAD1	0.03
	0.18
	0.4
CHKB	0.11
BMS1	-0.11
BCDIN3D	-0.6
AHSA1	1.61
	-2.19
	-0.23
	1.41
TOMM6	0.04
MAPK1IP1L	0.53
DSP	-0.92
OCIAD1	-0.26
PDAP1	-0.51
GSTO1	0.38
RING1	-1.11
	0.23
TTC33	1.41
TTC38	-0.54
	-1.55
	0.43
BCLAF1	-0.78
	0.39
	1.47
	-1.2
ITPRIP	0.45
PLEK	1.0
	-0.23
EEF1A1	-1.23
SETX	-0.11
EEF1A2	-0.84
TMPPE	1.52
SS18	-0.2
HOPX	1.94
	0.1
CAPZA1	-0.55
GEMIN6	0.86
GEMIN7	-0.87
GEMIN4	-1.55
GEMIN5	-0.65
	1.83
PBRM1	0.04
	-1.6
ATPAF2	0.66
KRBA1	-0.94
	-0.58
MCRS1	-0.4
C10orf88	1.21
MLKL	1.54
LARS2	-0.18
	2.13
ERAL1	-0.01
	2.33
DDX17	-1.26
	0.39
DDX11	-1.17
GJB2	-1.88
	0.51
DDX18	-0.5
PSMC1	0.47
PSMC3	-0.1
PSMC5	0.25
	-0.16
ARFIP1	0.27
ARFIP2	0.12
	1.91
KIF18B	-1.62
	0.0
KIAA1551	0.89
TRIP12	-0.74
TRIP13	-1.27
	5.04
	3.17
	-1.11
CERK	-1.07
	4.52
	4.99
HIST3H2A	-1.4
DNAL4	-0.56
GRHPR	-0.21
CLDN10	-0.58
MARCH5	1.18
MARCH7	0.2
MARCH6	-0.56
	7.18
	-1.17
FOXI3	2.04
TMEM175	0.23
	4.94
CLSTN3	-0.7
EIF3H	-0.61
EIF3I	-0.08
	0.26
EIF3K	-0.78
EIF3L	-0.6
EIF3M	-0.25
EIF3A	-1.02
EIF3B	-0.92
EIF3C	-0.42
EIF3D	-0.94
EIF3E	-1.01
EIF3F	0.15
EIF3G	-0.36
	-0.21
FADD	0.83
ARMC10	0.3
NOL11	-0.56
NOL12	-0.51
NME6	-0.96
	0.74
NME1	-0.52
NME3	-0.62
CSTF2T	-0.4
UBTD2	1.03
LARP4B	-0.17
	-0.94
NFATC1	-0.28
NFATC2	-0.2
RPL37A	-1.01
NFATC4	0.64
CCL4	-0.5
CCL5	-2.3
	4.45
	4.58
BLCAP	0.28
	-0.42
	-0.42
HSBP1	0.66
GTF2E1	0.62
GFER	-1.59
	-1.17
	0.47
	-0.03
TUBD1	2.12
	-1.67
	0.91
PPP1R14B	-0.63
	-0.14
	-0.71
SDSL	-0.32
RALY	-1.48
SRRT	-0.49
PCDH15	2.29
ALKBH6	1.39
VPS52	0.11
ALKBH4	-1.89
	1.1
ALKBH2	-0.71
ALKBH3	-0.56
RALA	-1.63
VPS54	-0.13
	1.64
TNIP2	0.71
	-0.03
LSM3	0.04
	1.08
DNAJB9	-0.37
	4.6
DNAJB2	1.39
DNAJB1	5.42
	2.77
DNAJB7	0.5
DNAJB6	0.82
DNAJB4	2.76
GPATCH11	-2.15
AMDHD2	-1.22
DIDO1	-0.42
FRK	2.79
	-0.04
TRMT1	0.79
	5.45
EIF4E2	-0.06
	3.25
	-0.12
	2.96
EPB41	-0.85
ZNF800	0.39
	2.58
	0.28
LIME1	-0.84
	1.21
	-0.34
RNF149	0.73
RNF141	0.46
	2.23
RNF145	-0.53
RNF146	0.56
	-1.7
GRSF1	-1.02
SYNRG	0.21
MSH3	-0.49
MGLL	1.61
MSH6	-0.68
	2.05
	0.2
FAM219A	0.9
CD320	-1.17
PCDH18	0.82
	1.66
XCR1	-0.04
	-0.84
ZNF521	0.63
PACSIN1	-1.18
PACSIN2	-0.73
COPA	-0.59
COPE	-1.06
	-0.58
	0.58
AGTPBP1	0.49
HIST2H2AC	-1.51
PM20D2	-2.25
TOE1	-0.75
TRAFD1	0.23
GSTP1	-0.56
TWISTNB	0.52
VTI1B	-0.35
ATP6V1C1	-1.19
	-1.07
FAM210A	1.46
CDKN2AIP	-0.09
CHSY3	0.55
CHSY1	-0.53
	0.77
MNAT1	-0.24
	-1.87
PPP1R3G	0.16
TOMM7	-0.76
PPP1R3D	-0.2
PPP1R3B	0.21
	-0.48
	-0.81
	-0.99
	-0.98
LUC7L3	0.06
LUC7L2	-0.69
	-0.35
ERLEC1	-1.33
SH3GLB1	0.06
SH3GLB2	-1.62
	0.43
PPP1R37	-0.49
PPP1R35	-1.49
CHERP	-0.08
EHHADH	-0.93
	0.53
NME4	0.08
	0.13
INPP5B	-0.18
INPP5D	-2.02
INPP5E	0.14
NME2	-1.56
SFMBT1	-1.12
INPP5K	0.47
RAI14	0.11
MSANTD4	0.77
	-0.28
	1.02
MSANTD3	1.94
	-0.44
CNST	-0.02
HELQ	0.22
HELZ	0.42
GSKIP	-1.32
MATR3	-1.15
RBAK	-0.58
	0.99
	0.89
	1.88
	1.65
	2.77
	1.84
VPS37C	-0.69
VPS37B	-2.65
VPS37A	2.43
HOMEZ	0.2
PNPLA6	0.02
	0.83
ZBTB6	0.4
PNPLA8	0.25
	0.35
	-1.26
CLUH	-0.83
HMCES	-1.04
FOS	0.43
	1.73
ATG12	-0.02
ZBTB5	0.03
KIAA0753	2.16
	-0.16
SFPQ	-0.56
SAFB2	-0.96
	-0.24
	-2.5
SEC14L1	-2.09
C1orf43	0.01
UPF1	-0.6
	-0.47
UPF2	-1.24
SNED1	2.24
PHTF2	0.15
RBM8A	-0.4
	-1.03
	-1.95
CASK	-0.16
CAST	-0.17
WBP1L	1.15
VCPIP1	-0.22
RNPEPL1	-0.13
COMT	-1.23
WBP11	-0.21
ADAM22	1.58
GLCE	1.64
ADAM28	-1.34
TARDBP	-0.26
PRKRIP1	-0.61
GSTM1	0.03
GSTM2	0.34
IL16	-1.65
MED13L	-1.37
PALLD	1.27
	1.55
	-0.29
	0.93
EFHD2	-0.5
COLGALT1	-1.95
RRM1	-0.75
TTF2	-0.33
PINX1	-1.58
RBMS1	-0.65
AEBP2	-1.32
DAD1	-0.78
CBR4	0.03
	1.32
	-1.11
	1.42
	2.41
	-0.35
	1.21
CPT1A	-1.28
ANXA2	0.3
ANXA5	-0.81
ANXA4	-1.0
ANXA7	0.52
ANXA6	-0.64
	0.08
	-0.75
MCM7	-1.69
MCM6	-1.39
MCM5	-2.25
GCLM	2.38
HECTD3	-0.44
SASS6	0.59
ZDHHC20	-0.24
DUSP14	-0.21
DUSP11	-0.45
MCM9	1.02
DUSP12	-0.15
SQSTM1	2.34
EPC2	1.64
M6PR	0.46
	-2.19
UBQLN1	0.65
ISL2	1.08
PKMYT1	-1.45
	0.93
	-0.56
MROH8	0.07
KIFAP3	-0.35
MROH1	0.01
ZNF143	0.56
MALSU1	-1.2
CCDC102A	-1.68
MBIP	0.19
ZNF146	1.0
ZNF148	-0.68
CPT2	-1.24
PYGB	-0.6
COX8A	-1.18
PYGL	0.23
MAGOH	0.05
PFAS	-1.56
DDX3X	-1.3
VWA8	0.03
SOD1	1.04
VWA7	-0.79
TMF1	0.2
RANGAP1	0.87
	-0.08
LSG1	1.0
KCNN3	0.26
	-0.41
	6.03
PMS2	-0.83
ATXN7L3B	0.62
HNRNPLL	-1.24
	5.11
	4.1
	5.46
	4.32
	4.34
	5.17
	3.71
HUNK	-0.26
	-1.4
SLC19A1	-1.62
NIT2	0.82
NIT1	0.68
VDR	-2.27
FOXK1	-1.91
HCFC1R1	-1.4
	-0.36
INO80	-1.41
ULK1	-1.07
EP400	-0.63
MIS12	-1.05
YPEL5	-0.01
	0.64
KANSL1L	0.85
PIM1	-1.29
TAF13	2.1
SLC35A4	2.69
SLC35A1	-0.63
	-0.31
FAF2	-0.22
PGM1	-2.31
PGM2	-1.64
PGM3	-1.89
	-0.71
ABCB10	-0.18
SART3	0.42
SART1	-0.23
SLC25A42	-0.64
	-0.16
SLC25A46	0.62
CDC26	0.82
TAF11	2.16
CDC23	-0.04
CDC20	-2.59
NUP153	0.2
TOX4	0.9
STON2	2.5
ANKEF1	0.07
	0.01
RPL35A	-1.04
	-1.24
	1.25
TMCC3	0.24
TNPO2	-0.4
TNPO1	0.12
	-0.19
	2.75
MAPK1	-0.85
MAPK6	0.16
PPP1R12A	-0.22
	-1.11
PPP1R12C	0.81
MAPK8	-0.78
	1.65
SGPP2	2.4
SGPP1	-1.02
	0.11
WTAP	0.5
LYL1	-0.26
	-0.22
	0.36
	1.99
	1.1
BCOR	-0.6
THNSL2	-0.49
	2.1
VPS35	-0.48
VPS39	0.43
METTL1	-1.46
	-1.79
METTL3	1.4
METTL4	0.3
METTL5	-0.44
METTL6	-0.66
STAT5B	-1.61
KCTD3	-1.34
LRRC14B	-1.33
KCTD7	1.58
KCTD6	1.66
KCTD5	-0.62
C1orf109	-0.47
	2.4
SLC18B1	-0.4
	0.69
HCFC1	-0.44
ZC3HC1	-0.68
NRAS	-0.77
PDZD11	0.76
SLC38A10	-1.04
	4.69
PXN	-0.52
	-0.17
CABLES1	-1.93
	4.58
	8.43
	4.81
ESF1	0.34
	3.33
CREB3L4	-1.72
	1.96
LIX1L	-0.42
	2.26
	0.5
	0.97
	0.85
TMEM144	-0.52
PACS1	-1.87
PACS2	-0.96
SBNO2	0.22
SBNO1	0.77
BRAP	0.17
USPL1	1.7
RNF166	0.97
RNF169	-0.33
RNF168	0.27
ZBTB40	0.64
UPF3B	0.1
ZBTB43	0.72
ZBTB44	0.58
BRAF	-0.16
PDPK1	-0.46
TREX1	0.44
P4HA2	1.68
	0.33
	-0.47
	-1.25
	-1.68
	-1.09
FDXR	-1.22
ZFYVE19	-0.97
NTNG2	2.05
RPF1	-0.16
RPF2	0.62
ALMS1	-0.41
TAZ	-0.77
MRPL54	0.06
MRPL55	-0.33
MRPL57	0.1
PRIM1	-0.09
MRPL51	-0.44
MRPL52	-1.4
PRIM2	0.7
	0.15
ZNF688	0.27
	-0.6
	-0.36
ZNF687	-1.81
	1.76
AP5M1	-0.35
IQCE	-0.85
	2.16
CDS2	0.1
WDTC1	-1.77
MBTD1	-0.18
POP1	1.33
POP7	-0.87
POP5	-0.77
	0.75
MFAP3	-0.57
FDX1	-0.7
CTCF	-2.31
RASGRP3	-0.36
	-0.5
DSTYK	0.05
FKBP3	-1.61
MYO18A	-1.29
	-0.29
	1.4
PPP1R15A	2.68
GSX2	1.23
FKBP8	-1.05
NF2	0.23
NF1	-0.79
ARID2	-0.59
	4.34
BLMH	0.21
CDAN1	0.66
	-0.99
NCAPD2	-2.71
NCAPD3	-0.62
PPP1R11	0.92
PPP1R10	-0.88
FAM199X	-0.18
PPP1R18	-0.06
C7orf25	1.68
C7orf26	-0.51
	-0.3
TCN2	-0.72
ZNF426	1.67
	-0.32
	0.03
	1.9
	5.51
ATXN7	1.17
	5.36
ATXN2	0.42
ATXN3	1.51
ZNF428	-1.45
	1.07
	2.2
SRGAP3	2.11
SRGAP2	-0.21
	2.18
GPRC5D	-2.36
TSC2	0.13
TSC1	-0.03
NEDD8	0.24
STRIP1	-0.83
	0.18
NEDD1	1.22
SMC3	-0.85
SMC2	-1.67
P2RY10	-0.96
SMC4	-1.31
SMC6	-1.82
STYX	-1.13
	0.62
CPOX	-0.33
GRIPAP1	-0.56
ALG10	0.02
ALG12	-1.42
SHISA5	-0.97
HEBP2	-1.34
RIOK2	0.22
RIOK1	-0.55
LTV1	0.12
MICALL1	-0.73
MICALL2	1.18
	-0.8
BANF1	-0.26
	-1.3
ARL8B	-0.08
RBMS2	1.16
	-0.2
TTC7B	-0.13
TTC7A	-1.04
GYG1	-0.03
PFN1	-1.22
PRDX2	-0.58
	0.97
KLF12	-0.41
MREG	-0.46
EBAG9	1.46
	1.95
	0.03
TMEM219	-0.51
HMBOX1	-0.18
TRIM5	-0.21
	0.74
COX15	-0.48
TFAP2A	0.44
ATRN	-0.36
GAS7	-0.12
	0.33
	-0.68
CBR1	0.6
PTK2B	-1.2
CBR3	1.57
	1.8
	1.43
HYOU1	-0.73
SYNJ2BP	0.42
MKLN1	0.47
EEFSEC	-1.9
	0.14
	-0.74
GBE1	-0.14
	-0.38
RAB5C	-0.51
RAB5B	-0.47
AMACR	-0.44
NHEJ1	-1.67
SLC41A1	-0.85
SLC41A3	-0.76
SLC41A2	0.23
	0.16
SCARB2	-1.0
SCARB1	-1.34
CSF1	1.34
	0.37
ERAP1	-0.82
	0.58
	-0.35
NMRK1	-0.97
CNTN1	0.8
TPST2	-0.66
ZNF169	-0.42
DDX59	-0.56
DDX52	-0.44
DENR	0.51
DDX50	-0.95
DDX51	0.44
DDX56	-0.2
CSRNP1	0.08
	1.53
GATM	-2.15
CDC42BPG	-1.36
FAM129A	0.95
CDC42BPA	0.55
CDC42BPB	-0.4
FAM129B	1.44
TXNRD2	-1.0
	0.04
TXNRD1	1.31
BUB3	-0.98
UBE2E1	-0.67
UBE2E3	-0.52
UBE2E2	-1.5
	6.33
LAT	-1.42
	4.56
	0.13
	0.7
	3.1
	4.66
	1.13
	6.7
	7.28
	0.83
PLA2G15	0.14
EGLN1	-0.65
OGT	-0.33
MCM4	-1.92
MCM3	-2.11
MCM2	-2.09
TMEM131	-0.4
CCDC47	0.14
CCDC43	0.34
SH3D21	1.43
SPRY1	-0.51
ATP6V1F	-0.73
PRPF40A	-0.67
ETF1	-0.56
COASY	-1.02
	1.7
TRIM33	1.04
USF2	-1.09
FBXO21	0.0
USF1	0.09
FBXO25	-0.3
SLC35C2	-0.58
XK	-0.17
GNB5	-1.07
AMBRA1	-0.54
GNB1	-1.57
GNB3	-0.85
GNB2	-0.76
C11orf80	-1.53
FAM107B	0.16
MCMBP	-0.93
	2.09
SRXN1	1.85
FRAS1	0.24
	1.44
	-1.21
	0.4
GTF2A1	0.85
GTF2A2	0.34
RBMX	-0.64
C1D	1.24
IQGAP2	-1.39
IQGAP3	-1.83
	2.36
	0.07
	0.04
THAP3	1.03
CDYL	-0.24
NOD2	-1.13
HCLS1	-1.0
PCMTD2	-1.3
PCMTD1	-1.1
KRI1	-1.76
RP9	0.11
TECPR1	0.6
NDUFS7	-0.73
NDUFS8	-0.83
YKT6	0.52
DYNC1H1	-0.28
TUBA4A	1.02
	0.85
CCNB2	-0.68
CCNB1	-0.82
	0.03
VPS18	0.03
VPS16	-1.13
CSTF1	-0.56
CSTF3	-1.38
COQ3	0.76
POU2F2	-1.07
POU2F1	-1.35
BPTF	0.33
	0.18
PCCB	-0.79
SYMPK	-0.09
SIVA1	-1.99
FCHO1	1.09
	0.62
	-0.68
	-0.92
	0.13
	1.43
CLN6	-2.4
CLN5	-0.82
CLN3	0.25
	0.82
	4.96
	0.47
	5.99
	4.39
	5.14
	2.87
	3.8
	4.34
	4.27
TJP1	0.6
	-1.6
TOR1AIP2	-0.02
TOR1AIP1	0.01
	0.13
	-1.45
RNF187	-1.02
RNF181	0.17
RNF180	0.62
ZNF131	-1.38
PNPO	-0.83
SPESP1	-1.26
ZBTB22	-1.27
RBX1	-0.64
ZBTB20	2.38
ZBTB21	-0.29
GBF1	0.25
ZBTB24	-0.25
ZBTB25	-0.08
	-0.12
APBB1IP	0.2
HRAS	-0.68
CDYL2	1.37
SKI	-1.56
	-1.2
	0.48
	-0.86
CLDND1	1.37
PPAT	0.22
BABAM1	0.6
	0.42
GEM	-0.23
RIC8B	1.5
RIC8A	-0.16
EHBP1	-0.08
	1.59
DDT	-0.6
	-0.64
DDN	0.4
LAMC1	-2.05
GPHN	-0.95
	1.58
RWDD4	-0.28
RWDD3	0.71
RWDD1	0.49
PHF8	-0.43
WWC2	1.68
PHF6	2.06
LAMTOR5	-0.1
PHF2	-1.48
PHF3	-0.87
LAMTOR2	-1.46
	1.17
TCHP	-0.06
	2.76
	3.01
	3.98
	2.7
	-0.14
SS18L2	-0.26
	1.09
VARS2	-0.61
ERN1	0.31
RPS26	-0.83
	-0.7
RPS24	-0.75
RPS25	-1.34
RPS23	-1.07
RPS20	-0.37
PHC2	-1.09
RPS28	-1.47
RPS29	-0.73
CHMP1B	-1.03
MVB12A	-1.37
UCHL1	1.32
UCHL3	-1.67
	3.03
	2.94
	-2.09
	2.21
	0.2
	-0.92
ZNF407	-0.39
ZNF408	1.29
GLE1	-0.46
GPSM3	-0.08
	-0.5
AIMP2	-0.12
AIMP1	-0.83
PRELID1	-0.17
	0.16
	0.84
SOD2	-0.08
MIEN1	0.0
GPX1	0.24
	1.13
C2CD2	-0.22
PRDM5	-0.62
	0.86
VPS33B	0.49
VPS33A	0.92
	-0.86
NBAS	0.41
GPX4	-1.2
GPX7	-0.49
	2.54
PPP6R2	0.36
NIF3L1	-0.41
PPP6R1	-0.35
TMBIM6	-0.86
TMBIM4	-0.34
HIST1H2BD	-0.94
FLNB	0.2
TMBIM1	0.53
CASP6	0.5
CASP7	-0.02
CASP4	0.89
FLNC	0.24
CASP2	-1.59
CASP3	-0.4
CASP1	0.37
CASP8	0.71
CASP9	-0.01
MEA1	-0.91
HIST1H2BE	-1.61
PICALM	-0.79
	0.73
UBE2QL1	-0.54
	-0.28
SETD1A	-1.39
AKT2	-1.07
AKT3	1.16
TTC9C	0.5
	-1.14
	-0.49
	1.01
	-0.93
	-0.72
ANAPC11	-0.72
ANAPC13	-0.96
SIAE	-1.7
MYC	-1.47
TRA2B	-0.75
ENTPD7	-0.32
ENTPD6	-1.74
ENTPD4	0.19
ALOX5	1.24
	1.9
SNAPC3	-0.05
SNAPC4	-1.9
TRMT1L	-0.45
	1.13
	1.53
TNFRSF10A	0.45
	-0.94
SPC24	-1.92
	1.54
METAP1	-0.7
METAP2	-0.21
	1.83
LANCL2	-0.76
LANCL1	-1.01
SRP14	0.31
SRP19	0.33
NPEPPS	-0.48
ODF2	-0.95
TMEM170A	1.1
GNPNAT1	1.23
KIF3C	2.4
KIF3A	-1.81
	-1.23
OLA1	-0.36
	0.9
WNT5B	-0.56
NCF2	0.53
NCF1	-0.07
NCF4	-1.18
	1.38
	0.52
CCDC66	1.42
HNRNPH1	-0.72
HNRNPH3	-0.11
HNRNPH2	-0.15
	4.14
	4.39
SNRNP48	-0.01
RBM12	-0.36
MRPS35	-0.36
MRPS34	-0.97
MRPS36	0.31
MRPS31	-0.01
MRPS30	0.85
MRPS33	-0.57
TBC1D7	-1.4
	0.49
	-0.36
SEL1L	-0.69
SNUPN	-0.46
PDSS1	1.03
	-0.57
UNC13B	-0.67
	5.69
	1.88
	5.14
	2.0
KIAA2013	-0.16
HNRNPUL2	-0.97
HNRNPUL1	-0.72
	5.43
DEGS1	0.49
SPAST	0.54
OSGIN1	3.46
STOML2	-0.7
STOML1	0.21
TPRA1	0.53
EMP3	0.41
EMP1	-0.42
AMOT	0.16
	-0.23
	-0.06
CCDC22	-0.35
CCDC25	0.28
BEND4	1.83
DCAF13	-0.16
DCAF12	-0.12
FRMD4B	0.27
DCAF15	0.02
PAPSS1	-0.66
TXN	-0.37
	0.99
PAPSS2	-0.83
	2.1
	5.94
BLZF1	2.16
WARS2	1.17
LSM10	1.59
TRMT10A	0.0
UBE2G2	-1.05
UBE2G1	-0.37
SLC35E1	-0.79
KCTD21	1.36
	0.45
USP27X	-0.32
MAP7D3	-1.72
MAP7D1	-0.76
	1.3
PRPF38A	0.14
PRPF38B	-0.11
WDSUB1	0.16
	-1.1
G3BP1	-0.51
G3BP2	-1.05
IFNAR2	-1.48
IFNAR1	-0.24
	-1.65
GRAMD1A	-1.28
SGPL1	-0.25
MVK	-1.15
APBB3	-0.62
	0.32
NOB1	-0.16
	0.21
IRAK1	0.4
SAT1	3.53
UNKL	0.82
WDR6	-0.81
WDR5	-0.39
WDR3	-0.68
DIAPH1	0.4
WDR1	-1.1
WRN	0.37
SMARCD3	1.4
SMARCD2	-0.09
COX6A1	-0.83
POU2AF1	-0.89
	1.72
	1.11
CCND2	-2.27
CEP290	-0.48
TM2D2	0.74
CDC7	0.17
TCF12	0.5
TCF19	-0.41
TNKS	0.65
	-0.92
	-1.07
RPS27A	-1.2
NDNF	-1.01
	-1.15
SERPINE2	-0.33
	0.66
EPPK1	1.03
	-0.21
	-0.53
SNX33	0.62
	0.09
HMMR	-0.66
IRGQ	0.24
PDLIM1	-2.07
	1.73
	0.52
	-1.01
INSIG2	-0.51
INSIG1	-1.43
	0.23
RPRD2	-0.36
	3.51
FTO	-1.25
	0.49
TNK2	1.16
TNK1	1.56
CIZ1	-0.96
ZDHHC5	-1.38
ZDHHC7	-0.61
ZDHHC8	-0.77
ANPEP	0.51
TTC39A	2.8
HES6	-1.76
KLHL25	1.68
KLHL24	0.17
KLHL26	-1.11
KLHL21	1.38
KLHL20	0.65
POLQ	-1.22
	0.03
TMEM80	-1.53
SMS	-0.96
KLHL28	0.39
POLG	-1.24
TAF12	-1.25
POLE	-1.52
TAF10	-0.51
POLB	0.14
TAF15	-1.82
FH	-0.72
POLM	-0.73
TRIM56	0.85
	-0.07
POLH	-0.44
NDUFV3	-0.93
NDUFV1	-1.06
	0.34
	-1.05
	1.4
GGH	-0.79
NUS1	-1.74
	-0.7
LAMA5	-1.15
CYP51A1	-1.28
TUT1	-0.31
TAF1C	0.64
TAF1B	-1.21
TAF1A	1.49
	-0.59
ATP6V1E1	-0.24
PLEKHA2	-1.63
CUL1	-0.38
KRTCAP2	-0.6
FAM89A	-0.7
	0.27
FAM89B	-0.44
	0.35
C2CD2L	1.08
	0.59
HS2ST1	-0.82
	3.48
MITF	0.34
PRC1	-2.47
RPTOR	-0.72
EPS15	-0.74
	0.91
HSD17B8	-0.24
HMGCL	-1.49
ZNF646	-0.26
RYBP	0.1
ZNF644	-0.57
HSD17B4	-1.58
ZNF641	2.64
GTPBP10	-1.21
RTN4	0.58
MIS18BP1	-1.19
KPNB1	-0.78
HGS	1.22
	5.6
RTN3	0.3
ABR	-0.75
	-0.04
	0.38
RNF114	0.09
PRCC	-0.09
IER5	1.32
SLU7	-0.07
IER2	0.4
IER3	1.69
ZNF398	-1.01
	-0.29
	-0.1
PRCP	-0.48
ZNF394	0.45
ZNF395	-1.88
PSKH1	1.11
HUWE1	-0.5
PKP4	-0.48
PKP3	1.3
PKP2	-1.52
NUDT22	-2.35
NUDT21	0.52
	0.33
PEBP1	-0.76
FAM173A	-1.08
SPIN4	-1.12
SPIN1	0.13
METTL7A	-1.16
IFT57	0.2
	-0.41
	5.16
CEP192	0.11
STAC	2.29
UTP14A	-1.63
TEX261	0.46
UTP14C	-1.22
	0.16
	2.78
PROSER1	-0.51
	1.1
HTATIP2	0.76
SAMD9L	1.32
F2R	-1.27
SLX4IP	-0.1
CNOT7	-0.86
CNOT6	-0.19
WFS1	-0.09
DDAH1	-0.72
DDAH2	-1.29
CLSTN1	-1.18
	2.59
MBLAC2	1.8
CRELD1	0.34
SLC29A1	-1.23
SHPRH	-0.73
ARL4A	0.83
ADORA2A	-0.69
ADORA2B	0.99
GPKOW	-0.07
TIRAP	1.6
FKTN	-0.07
CSK	-1.55
C6orf203	-0.5
CNOT11	-0.33
	-1.42
GALNT4	0.75
ZWILCH	-1.47
GALNT7	-0.39
GALNT1	0.28
GALNT3	0.17
	0.64
DMWD	0.28
CD70	-0.6
	-1.11
RFC5	-0.55
RFC4	-0.66
RFC1	-1.35
ZFHX3	2.01
RFC2	-0.89
KIF14	-1.31
KIF15	-0.95
DPYSL2	-0.81
SH3BP1	-0.92
SH3BP2	-1.31
CBX8	-0.82
CBX7	-1.99
CBX6	0.2
CBX5	-2.36
CBX4	0.42
CBX3	-1.4
ATXN7L2	0.52
CBX1	-0.47
NLRP5	2.42
	-0.07
FASTKD5	1.55
NLRP1	-1.14
MAU2	-0.1
PSEN2	-1.82
PSEN1	-0.89
WDR26	0.53
WDR24	0.62
	-0.58
WDR20	-0.1
RAB10	0.14
RAB12	0.48
	0.02
RAB14	-0.98
MAPK7	-0.29
SP140	-0.74
RAB1A	0.21
CKS2	0.61
NAGLU	-1.67
	1.97
	-0.36
TDRKH	0.44
MAPK9	1.31
KIF1B	0.37
KIF1C	-0.97
ZFP36	1.76
AATF	-0.66
	-0.72
ERCC1	-1.24
	-1.44
ERCC4	-0.47
ERCC5	-1.6
ERCC6	-1.82
MRPS17	-0.27
NLRP14	2.14
MRPS15	0.24
MRPS12	-1.32
MRPS10	0.25
	0.48
	1.66
	-0.21
	1.64
SPATC1L	0.78
PFKP	-1.04
PFKL	-2.07
PRIMPOL	0.89
	2.25
LMAN2L	1.66
MFSD8	-1.09
ATP8A1	0.09
TMEM248	-0.38
SNURF	-0.4
LSM4	-0.21
TMEM245	0.0
LSM7	-0.65
MFSD5	0.42
WARS	-0.39
TMEM242	-1.46
MFSD6	-1.43
	1.83
	5.02
	5.02
MZT1	-0.56
	-1.75
DCBLD1	1.06
SSR2	-1.05
SSR3	-1.4
NCDN	-0.07
	-0.91
CNTRL	-1.55
CASP8AP2	-0.87
UBA7	-1.66
TPBG	1.62
	0.11
	-0.28
RANBP10	1.41
USB1	-0.32
BHLHE40	1.05
	-1.01
COX20	-1.8
MAGI2	-1.72
MAGI1	-0.97
KLHDC10	0.76
	-1.29
	2.85
GNPDA1	-0.57
	-0.25
LAS1L	-0.53
METTL9	-1.47
SLC25A22	-1.66
SLC25A23	-1.35
SLC25A20	-0.01
SLC25A24	-1.08
SLC25A28	0.19
MAGIX	3.04
FOXA1	1.69
	-0.66
	0.26
COPB1	-0.37
FASTK	-0.4
ISG20L2	0.54
KDELC1	-1.18
	0.43
KDELC2	0.64
CARM1	0.08
	4.51
B9D2	1.14
MKS1	-1.0
PGK2	-1.3
PGK1	-1.01
BECN1	0.36
RPP25L	-0.99
	-0.36
	-1.11
	-1.45
	-1.11
	-0.94
	3.54
RPUSD4	0.63
	1.73
VWA5A	1.25
	-0.28
RPAP3	0.39
YLPM1	0.24
MRPL3	-0.28
	2.51
OXA1L	-1.66
MRPL1	-0.37
KIAA0100	-0.1
POFUT2	-0.12
DOCK11	-0.94
GCSAM	-1.47
POFUT1	-0.29
SNX16	1.33
SNX15	-0.19
SNX12	0.17
SNX11	-1.06
SNX10	0.09
	4.79
ZNF267	0.97
	-0.54
ICAM2	-1.97
ICAM1	0.71
DPM3	-1.35
CTDSP1	-0.45
CTDSP2	-0.32
	2.05
DHFR	0.18
	-0.52
RABGEF1	-0.63
SMTN	-1.57
NUCB2	-0.67
TMEM87B	0.39
TMEM87A	0.63
	0.35
	3.73
SGK1	0.46
ARPC5L	-0.82
CHURC1	-0.01
BOD1L1	-0.04
TBC1D9B	-0.98
NANOS1	1.49
	-1.71
	1.7
MAP4K1	-1.21
MAP4K5	-0.17
CREG1	0.29
SPATA20	-0.2
SPATA24	-1.28
OCEL1	-0.89
MICU1	0.17
PLBD2	1.52
PDCD2L	-0.45
	0.94
	1.15
GAN	0.53
NIPBL	0.15
GAK	-0.69
NRG3	1.81
MBP	-0.29
SUV39H1	-0.97
ATP1B3	-0.65
	-0.44
HCFC2	1.03
	0.11
	1.41
	0.14
CYC1	-0.84
PON2	-0.74
PSAT1	0.08
CPNE3	0.18
TFCP2	-0.13
SPATA2L	-1.3
CKAP2	-1.65
CKAP4	-0.97
	-0.12
BCL2L1	-1.4
	-1.02
	0.14
	-0.03
	-0.22
	4.37
SCO2	-0.78
SCO1	0.82
RBM15B	0.13
UGP2	-0.59
SPINT2	-2.78
SPINT1	-0.67
	4.8
ITSN1	-1.5
	0.12
NDST2	-0.81
BAG5	-0.75
MMADHC	-0.42
PRAF2	-1.2
ZNF668	0.58
ZNF669	1.15
	0.82
ZNF664	0.99
	1.53
SCAMP4	-0.67
SCAMP2	-1.54
SCAMP3	-0.11
	1.19
	-1.15
	-1.48
TSPAN3	-0.6
TSPAN7	-1.78
HELZ2	-0.56
	-0.52
MSRB2	-1.08
TDP1	-1.14
TDP2	-0.08
ZNF444	0.7
ZNF445	-0.69
ZNF446	-0.11
SCOC	-1.18
	-0.58
	-0.58
	-1.18
EPSTI1	0.71
PPIP5K2	-0.28
L3MBTL3	0.64
PPIP5K1	0.49
L3MBTL4	0.31
	0.24
CINP	0.14
	-0.07
SLAIN2	0.67
SLAIN1	-0.22
	3.37
C9orf3	-0.42
	2.78
	0.45
PSENEN	-0.07
	-1.48
OTX2	0.16
SLMAP	0.76
NBEA	0.0
ATG9A	0.06
RPS8	-0.96
ZFC3H1	0.53
OS9	-1.22
SH2D4A	1.05
LNX1	1.33
STAG2	-0.84
STAG1	-1.12
DSTN	0.23
	-1.04
OSBP	-0.12
ARG2	0.98
TMEM50A	-1.3
	-0.21
EHD4	-1.2
EHD3	-0.1
EHD2	0.89
EHD1	-2.05
	1.46
CBLN2	-0.22
NDEL1	-0.37
GON4L	-0.85
ABL1	0.36
	-0.85
ABL2	-0.87
	0.45
	0.44
	1.37
TMED2	-0.57
ARPP19	-0.09
	0.14
SNRPF	-0.98
HNRNPR	-0.77
HNRNPU	-1.12
TMED9	-1.05
TMED8	-0.61
HNRNPK	-1.32
HNRNPL	-1.26
HNRNPM	-0.55
	-0.03
HNRNPC	-0.75
HNRNPD	-1.31
HNRNPF	-1.06
FOXJ2	0.01
HMGA1	-0.23
	2.68
GOLM1	-0.59
RNF167	-0.37
SUDS3	0.74
PLGRKT	-1.03
	-0.47
GLUD1	-0.43
	0.74
	-0.24
ISG20	-0.72
HSP90AA1	3.43
ANKRD33B	-0.15
TADA1	-0.96
TADA3	-1.71
PALD1	-2.33
CD53	-0.43
CD55	0.36
	4.94
AAR2	-0.62
CD59	-0.68
HAX1	-0.17
SLC25A3	-0.48
COL4A3BP	-1.13
C8orf76	0.71
RAB35	1.63
	-0.22
HJURP	-1.56
RAB32	2.16
RAB31	-1.01
NEDD4L	0.72
	-0.57
DOK2	1.78
DOK1	2.72
	0.87
	0.89
ZBTB45	0.56
	2.46
	2.41
PLS3	1.55
	3.52
CLASP2	-0.22
CLASP1	0.09
	-0.61
PDIA5	-2.01
PDIA4	-1.51
PDIA3	-0.7
PDIA2	-0.04
ELF1	0.22
RAB3D	0.27
RAB3B	0.37
RAB3A	-0.04
ARMC6	-0.21
ARMC7	0.66
ARMC5	-0.44
ARMC1	0.52
CCDC120	-0.57
TTC21B	1.38
PDCD6IP	-0.13
SRA1	-0.64
	-0.92
SPATA5	0.94
HIST1H4C	-1.88
HIST1H4B	-2.28
HIST1H4A	-2.38
	6.75
HIST1H4F	-1.68
	-2.25
HIST1H4D	-1.98
HIST1H4K	-1.62
HIST1H4J	-1.62
HIST1H4I	-1.4
HIST1H4H	-2.1
	-0.18
	0.57
HIST1H4L	-2.35
	0.26
	0.33
	1.08
IRS1	-0.9
	-0.09
STK25	-0.13
	-1.32
C11orf58	-0.01
	2.58
	2.31
JRKL	-0.88
	0.39
PPP2R2A	0.16
	-0.58
ZDHHC18	0.27
CEP89	-0.88
GK	-0.05
PTRH2	0.26
PTRH1	-1.26
	-0.65
	1.14
PHKG2	-1.15
P4HA1	-0.53
	-0.42
CTBP1	-1.97
NTHL1	-1.26
C11orf54	0.52
TSG101	-0.47
ORAI2	-1.19
	1.67
ORAI3	-1.03
	0.14
GTF3C3	-0.26
MFSD10	-1.82
GTF3C1	-0.55
MFSD12	-0.26
GTF3C6	-1.77
	1.7
IQSEC1	-1.08
CD99L2	-0.65
XPO1	-0.29
TAPBP	-1.46
XPO4	-1.65
XPO7	0.32
XPO6	0.06
ADRB2	0.29
TTK	-1.38
	-0.5
TTN	0.23
TMEM260	-1.32
TTL	-0.31
	-0.93
	-0.72
	-0.73
XPOT	0.66
DNASE1L1	-1.26
GART	-0.67
ZEB1	0.18
GARS	0.31
SFT2D3	0.17
SFT2D2	-0.24
TP53I13	-1.71
IBTK	-0.12
TOP1	-0.05
ATAD2	-1.18
TCIRG1	-1.22
	1.36
TMEM192	0.34
DLAT	-0.41
GIT1	-0.3
GIT2	-0.71
	-1.21
TMEM199	-0.72
EIF4H	-1.01
SESN1	-0.88
SESN3	1.55
SHROOM3	0.3
SC5D	-0.38
SHROOM1	-0.53
MTIF3	0.7
MTIF2	0.74
SEC16A	-0.3
PELI1	0.75
PELI3	0.04
PELI2	0.16
	1.95
SPARC	-2.05
ELMSAN1	-1.66
MRPL50	-0.59
	2.1
AIG1	-0.41
	-0.23
MRPL53	-0.67
	1.81
	0.34
NFRKB	-0.73
SRPK2	-0.24
RNASEH2C	-1.19
RSL1D1	-0.75
	-1.18
FAM20B	-1.31
FGL2	0.57
CXXC1	-0.79
CXXC4	0.0
LOC389895	-0.61
CTHRC1	-0.16
AGGF1	0.26
PYURF	-0.74
	1.1
FMR1	-0.31
	-1.33
	-1.4
	0.54
EEA1	0.22
SLIT2	-0.05
HOMER1	0.14
	0.5
	-1.01
	-0.65
FXN	-0.04
	-0.48
	0.2
THAP1	-1.2
SNW1	-0.14
THAP4	-2.05
	1.26
	-0.83
THAP7	0.91
YRDC	-0.77
	-1.3
CHID1	-1.11
	0.32
	-0.65
	0.76
TRIM11	-1.88
RPN1	-0.8
TRIM13	-0.26
RPAP1	-0.41
AHCTF1	-0.67
CCRL2	-0.52
PES1	-1.1
EFNB1	-0.05
HDAC5	-1.43
ARL2BP	0.2
PI4KB	-0.25
MAPKAP1	0.3
ASB6	0.53
ASB7	-0.73
SLC16A14	-0.1
ASB8	-0.28
	-0.39
CYB5D2	1.37
	-0.89
CHM	-0.24
TBL2	-0.41
TBL3	-0.29
SH3BGRL	-1.83
PDE8A	0.42
DBI	-1.81
MANBA	-1.54
ZNF174	-0.71
FABP5	-0.8
DBP	0.97
UQCRFS1	-0.33
TMEM43	-0.48
TMEM42	-0.84
	0.99
SERINC1	-0.37
SERINC3	0.03
SERINC2	-0.25
	-0.61
MED1	0.79
MED6	0.06
MED7	0.08
MED4	-0.45
PINK1	-2.03
	-1.05
MED8	0.07
MED9	-0.86
	1.86
	-0.53
ZNF609	-0.14
	2.16
CAMTA1	-1.8
SDF2L1	-0.28
PPP1R9B	-0.4
GCA	-0.35
TCF4	-1.55
TCF3	-1.12
EPS8L2	-0.45
	-0.39
	0.69
PPP5C	-0.84
BTD	-0.49
RPL17-C18orf32	-0.67
BTK	-0.6
MDN1	-1.24
AMPD3	-1.17
AMPD2	-1.48
AMPD1	-1.06
EIF4A1	-0.91
AREG	1.08
	1.57
	4.53
RPS6KB1	-0.02
SNRPA1	-0.8
TRADD	-1.01
RPS6KB2	0.48
	-0.02
UTP15	-1.17
LSM14B	-1.77
UTP18	-1.19
	1.36
UBE2D4	-0.54
GPCPD1	-0.31
DPAGT1	-0.91
SEPHS2	-0.78
SEPHS1	-1.0
	1.57
	-1.18
ATXN2L	-0.35
BUD13	0.45
	0.03
YOD1	1.3
	-0.72
F2RL3	-1.62
	0.36
	1.1
XAB2	-0.16
SETBP1	-0.07
ST6GAL1	-0.68
PRDX6	-0.11
PRDX5	0.2
PRDX4	-1.53
PRDX3	-0.94
	4.32
PRDX1	0.32
	4.86
AP3S2	0.44
AP3S1	-1.85
	2.45
PITX1	0.22
	-0.6
OTUB2	-0.84
	-1.25
AXIN2	1.25
	0.33
RRS1	-1.74
NRDE2	-0.5
	5.74
	-0.1
CROCC	-1.37
	-0.27
VASP	-0.24
PAPOLG	-1.32
PAPOLA	-0.21
PAPOLB	-0.07
LYPLAL1	-0.21
LACC1	0.3
	0.98
	-1.51
KATNB1	-0.96
	-1.02
	0.46
DCAF7	0.51
DCAF5	-0.01
	-0.36
CD38	0.2
	-1.55
ZFX	-1.28
	-0.14
	1.9
	2.31
CD37	-0.48
TXNDC9	-0.2
POLR3G	-0.29
POLR3B	0.25
POLR3C	0.34
POLR3A	-0.14
	-0.54
TXNDC5	-1.6
POLR3K	-0.07
TOPORS	0.11
JOSD2	0.96
DNMT1	-1.73
PSD4	-1.31
WDR62	-1.21
WDR60	0.2
WDR61	-0.56
	-0.99
	-0.39
PRMT8	1.85
PRMT9	1.55
	5.72
R3HDM4	-1.02
PRMT3	0.74
PRMT1	-1.3
PRMT6	0.26
	1.99
SLC25A5	-1.34
SLC25A4	-1.23
	0.11
HMGCR	-0.07
MTPAP	-1.58
	1.53
ORMDL2	-0.49
ORMDL3	-0.23
ORMDL1	0.39
KIF5B	0.35
	1.81
NCMAP	-0.63
	0.4
ACADS	-0.65
HSPG2	-1.61
KAT2B	-0.69
KAT2A	-0.31
	-0.65
IFNGR1	-0.18
IFNGR2	0.41
	3.65
CMIP	-0.04
	2.3
ACADM	-1.1
SUCO	0.92
IARS2	-0.5
USP48	-0.51
USP47	-0.29
PPARGC1A	-1.15
PPARGC1B	-1.21
USP42	-0.18
	2.03
	-1.58
	0.33
SMAP1	-1.28
	2.65
	-0.44
SCRN3	2.3
SCRN2	-1.97
BLM	-1.13
ATOX1	-0.11
ACAD8	-0.43
UEVLD	-1.02
NEU1	-0.48
TPRG1L	0.42
USP8	0.45
RPS7	-1.21
RPS6	-0.96
RPS5	-0.78
RPS3	-1.76
RPS2	-1.09
	0.81
VDAC3	0.1
VDAC2	-0.35
VDAC1	-0.84
	1.4
	2.14
	0.32
HSP90AB1	1.12
SLC52A2	-0.33
DEF6	-0.44
DHX57	-0.03
DEF8	-0.63
	-1.59
	0.23
TMEM201	-1.29
TMEM203	0.18
TMEM205	-0.44
TMEM206	0.42
	1.15
TMEM209	-0.18
SLC6A15	-0.72
GALT	-0.36
HMGCS1	-1.39
DDIT4L	1.82
PREPL	-0.52
GALE	-1.94
CDK7	0.54
GALM	0.14
NUP50	0.21
RPSA	-1.09
NUP54	-0.69
	1.24
	2.74
	1.08
	5.3
	3.63
	1.47
	3.26
	4.07
	5.21
KIAA0556	1.25
	3.76
CSNK2B	-0.6
MCM3AP	-1.07
KLF10	-0.69
BBC3	3.0
FBXO34	-0.84
PRICKLE4	2.14
RPL28	-0.86
PCYOX1	-0.31
RPL24	-0.77
	0.67
RPL21	-0.78
RPL23	-1.3
RPL22	-1.06
	-1.28
SLC16A10	-0.78
SLC16A13	-0.66
	1.17
	-1.36
EYA1	1.36
	-0.58
EYA3	-0.12
FBXO31	-0.48
	1.16
MPND	-0.79
SMARCB1	-1.06
USE1	-0.69
CD27	0.2
PIEZO1	-0.87
	-0.78
	-0.97
GABARAPL1	1.94
	1.86
	0.95
	2.72
OAZ2	0.19
OAZ1	0.41
HAVCR2	0.61
	-0.24
MAFK	-0.11
CREBL2	0.81
MAFA	0.62
MAFB	3.1
PLIN2	1.11
PLIN3	-0.92
MAFF	0.63
MAFG	0.95
MED10	-0.08
SMAP2	-0.84
MED11	-0.03
	-0.75
RBPJ	0.12
KDM4A	0.72
MED14	-0.49
URI1	-0.27
CCR10	-1.58
WDR54	-1.14
WDR53	1.21
	2.68
KRAS	-1.44
	0.47
ACYP2	0.36
EEF1G	-0.51
EEF1D	-1.29
ACSL1	-0.92
ADAM8	-1.04
ADAM9	-1.14
ARPC1B	-0.69
CYTIP	-0.57
ARPC1A	0.15
TRIM38	-0.42
RPL8	-1.31
RPL9	-1.76
RPL6	-1.24
RPL7	-0.96
RPL4	-0.84
RPL5	-1.11
	2.3
RPL3	-1.41
G6PC3	-0.89
TMEM120A	-0.32
FEN1	-1.49
ACSL4	-0.82
CTIF	-1.34
SULF2	-2.57
THAP11	0.54
LUC7L	1.67
ZC3H7B	0.39
ZC3H7A	-0.49
SCD	-1.67
MNT	-0.26
	2.31
RNF20	0.08
SULF1	-2.62
FLYWCH2	1.01
INTS9	0.08
FLYWCH1	1.61
RCN2	-2.38
RCN1	-0.26
	1.2
DNAJC30	0.66
RHOH	-0.3
IFIT1B	0.67
RHOC	-0.66
RHOB	1.05
RHOA	-0.86
ACO2	0.47
RHOG	-0.38
PBK	-0.59
RHOD	0.96
TMEM64	-1.35
TMEM60	-0.03
TMEM69	-0.21
TMEM68	1.0
ITM2C	-1.9
KLHL42	-0.45
ITM2A	-1.77
	-0.68
CIR1	-0.33
SMC5	0.54
	1.94
OGFOD1	0.24
ZNF629	0.53
OGFOD2	-0.19
ZNF624	0.66
	0.46
	0.99
ZNF622	-0.51
	-0.92
UGT2B17	-0.78
NEURL4	1.36
TRIM32	-1.71
	-1.26
MLXIP	0.52
TRIM35	0.2
PTTG1	-1.57
ADO	0.08
ADM	0.85
COMMD3-BMI1	-0.65
S100A6	0.04
CD151	-1.21
	-0.02
VIPAS39	1.36
	2.49
	-1.86
	-0.98
	1.82
DECR2	-0.97
	0.65
	1.61
ACVR1	-0.78
JUNB	0.31
JUND	-0.53
TFF2	1.66
HIST1H2AM	-2.46
HIST1H2AL	-3.59
	-2.62
HIST1H2AH	-2.13
HIST1H2AK	-2.66
HIST1H2AJ	-2.1
HIST1H2AE	-1.6
HIST1H2AD	-1.62
HIST1H2AG	-2.98
SWSAP1	0.52
HIST1H2AC	-0.86
HIST1H2AB	-3.2
PRPF19	-0.37
	-0.87
HIGD1A	1.03
	4.39
	2.95
	5.88
	6.38
	3.22
	1.79
TRAF1	-0.49
TRAF2	-0.04
TRAF3	-0.16
TRAF4	0.1
TRAF5	-1.65
TRAF6	0.22
TRAF7	-0.63
HOOK3	-0.16
HOOK1	-1.41
ESD	-0.53
ABCC10	-0.86
MIEF2	0.13
SLC4A1AP	-0.16
TBC1D10A	0.71
	5.1
	6.28
LASP1	0.0
	3.85
	4.55
COMMD8	-1.87
	0.01
COMMD3	0.09
	0.33
COMMD1	-1.84
	1.81
COMMD7	-1.04
METTL18	0.95
	4.23
METTL13	0.55
METTL16	-1.25
METTL17	-0.41
METTL14	0.14
METTL15	-1.21
ZMYM2	-1.38
ZMYM3	-2.62
ZMYM6	0.31
ZMYM4	0.64
	-1.38
CAMK2G	0.61
	0.46
TMEM184B	-1.21
TMEM184C	0.64
	3.15
LURAP1L	2.28
	-1.86
PABPN1	-0.73
ANO8	-0.75
ANO9	0.44
NUAK1	0.45
NUAK2	-2.02
MYL1	-1.13
CELF2	-0.62
	0.02
POLR1A	-0.61
POLR1B	-1.3
POLR1C	0.14
POLR1D	-0.93
HIP1R	-0.74
	1.28
WDR41	-0.61
DUS1L	-0.62
WDR43	-1.7
WDR44	0.99
WDR45	-0.29
WDR46	0.13
WDR47	0.49
WDR48	0.03
SLC30A1	0.01
GTF2B	-1.15
JAK3	0.13
JAK1	-0.8
	-0.49
FURIN	-0.94
NR1H2	-0.2
NMRAL1	-0.94
HOXB7	0.69
HOXB4	0.46
PPARD	0.95
C5orf15	-0.4
MAGOHB	-0.95
DEPTOR	-1.59
GADD45A	1.53
NDUFB10	-0.48
MPP1	0.11
MORC3	-0.33
	-0.29
	-0.08
MKRN1	-0.9
ACO1	-0.22
	0.68
MKRN2	-0.65
	0.96
LHFPL2	-0.54
	1.88
MORC4	1.18
ACTBL2	-0.77
F11R	-0.84
ELL2	1.04
DDB1	-0.63
KIF21A	0.34
KIF21B	0.22
ARL8A	0.61
BBS9	0.32
CEP44	0.46
ST7L	1.06
JSRP1	-1.59
	-1.33
	-0.52
IL21R	0.11
	-1.06
APOBEC3B	-1.3
HSPE1	1.83
PRKD2	-0.38
PRKD3	-1.02
CTTN	1.33
SLC7A7	-0.11
PLCG2	-0.4
PLCG1	-0.92
EIF2S1	-0.07
EIF2S3	-0.45
GPI	-1.38
LPIN2	-1.53
	-0.73
ITM2B	-1.04
	-1.32
	-1.1
	2.32
	1.13
	-0.82
	0.71
KLF6	0.15
	1.02
	-0.35
KLF3	-0.3
KLF2	-0.27
	-0.67
	1.62
	-1.27
N4BP1	0.67
N4BP2	-0.36
HEATR6	0.03
	-0.19
HEATR1	0.36
FAM189B	0.67
REST	-0.79
SFSWAP	0.6
OSER1	0.54
DEDD	0.01
	-0.94
NUP37	-0.68
MAP3K10	1.94
ATP13A1	-1.03
	0.4
MAP3K13	1.99
ADNP2	-0.81
DDA1	-0.27
	0.35
SLC1A4	-1.2
SLC1A5	-0.39
FUCA1	-0.52
FUCA2	-0.36
ATP13A2	-0.47
C2orf74	-0.23
DHTKD1	-1.8
OSBPL1A	0.12
IKBKG	-1.58
IKBKE	-2.17
MICB	0.52
	0.9
RARA	-0.31
	0.05
GNL1	-1.03
DHRS7	-0.35
	-0.73
DHRS1	-1.15
	2.33
RARS	-0.01
	-0.48
CACUL1	-0.13
DYRK1A	0.32
NABP2	-1.59
SCN2A	1.02
	-0.48
JAKMIP1	-0.63
DHRSX	-0.98
PCYT2	0.08
	-0.81
	-0.8
	-0.8
SMARCAL1	-0.85
IMPA1	-0.62
BAZ1B	-0.17
TPR	-0.64
PHGDH	-0.89
SNAI3	-1.44
SDE2	0.3
PTGES3	0.37
PTGES2	-1.48
SLC2A3	-0.51
	2.81
	4.57
DIXDC1	1.2
PLAGL2	-0.49
SYF2	-0.64
	-0.17
METRNL	-0.56
	2.42
	-0.7
VANGL1	0.38
CCAR2	-0.53
MTDH	-0.87
MADD	-0.16
EXO1	-1.0
TAB1	-0.06
	1.38
SLC46A3	1.64
	0.02
GTF2IRD1	-1.17
PDIK1L	0.83
CHAC2	0.69
AGMAT	-1.42
ZNF628	0.64
EPAS1	0.01
	-0.47
TBC1D30	0.0
FBRS	-0.58
	4.84
TOR2A	-1.06
CREBBP	-1.99
	1.9
TMEM126A	0.65
TMEM126B	0.49
	1.29
TIGD2	-0.74
TIGD5	-0.03
	0.95
INF2	0.97
SET	-1.49
NEURL1	-0.93
	-0.13
YME1L1	0.04
VKORC1	-0.93
SUGP1	-2.02
	-0.83
RCL1	-1.87
MRPS18A	-0.17
MRPS18B	-0.09
MRPS18C	0.44
ELMOD1	1.15
ELMOD2	-0.02
CLU	2.8
CHAMP1	-0.72
TAF9B	0.4
SF3B5	-0.67
SF3B4	-0.03
PNPT1	0.82
SF3B6	-0.49
SF3B3	-1.12
SF3B2	-1.25
	-0.12
PRKX	0.22
CNIH1	0.36
AP4B1	1.84
NSMCE4A	0.62
ELAC1	-0.19
INPPL1	-0.69
DDHD1	1.3
ADCK5	1.53
ADCK2	0.56
DNAJC14	0.1
DNAJC15	-0.01
DNAJC13	-0.1
DNAJC10	-1.31
DNAJC11	-0.74
EPRS	-0.58
FEM1B	-1.69
FEM1C	-0.04
DNAJC18	1.27
FEM1A	-1.08
EDF1	-0.68
SUPT16H	-1.44
	0.56
	-1.17
LMAN1	-0.52
LMAN2	-1.04
MLX	-0.15
	1.43
	-0.68
	0.54
NRL	0.68
PFKFB2	-1.02
ITPA	-0.6
	-0.25
ADD3	-2.1
ACTG1	-1.8
ACTG2	-1.12
ZDBF2	-0.34
PPP4R1	-1.67
PPP4R2	-1.05
	2.58
	-0.32
CWC22	-0.09
TMED10	-0.4
MAP3K8	0.0
	6.37
MAP3K2	0.38
MAP3K3	-0.75
PRPF31	0.08
	3.86
DEAF1	0.1
	-1.54
IER3IP1	0.05
PET117	-1.63
	-0.68
NUP214	-1.25
TPGS2	-1.67
TPGS1	-0.17
	1.17
NUP210	-1.0
KIAA0319L	0.04
ZNF207	-0.56
	-0.42
	0.08
IDH2	-1.38
IDH1	0.1
	0.25
	-0.51
PASK	-0.12
SH2D2A	1.37
PRR14L	-0.67
	0.47
SETD3	-1.33
SETD2	0.5
SETD5	1.25
B3GALNT2	-0.12
	1.53
ITFG1	-0.01
THADA	-1.0
	0.18
	-0.08
LXN	-0.54
RGP1	0.34
AKNA	-1.09
DUOX1	2.09
	1.86
	1.38
	-0.43
	-0.65
	2.76
	4.42
	6.35
JADE3	0.27
JADE2	-0.09
	4.79
	0.65
	0.36
ECH1	-0.9
RRM2B	1.0
	1.29
	0.27
NPPC	0.57
DECR1	-0.19
HERC1	0.07
TP53	-1.2
MOGS	-0.62
ST8SIA4	-1.11
SHQ1	-0.08
	-1.24
FARS2	-0.76
RPS15A	-1.23
	-1.14
	1.22
NSMAF	-0.08
HARS	-0.01
BTBD10	0.67
SRPRB	-0.6
CTDNEP1	-0.13
	-0.62
MASTL	-1.62
DUS3L	-0.86
	-0.14
	0.16
	-1.47
WAC	0.36
	-0.17
MAST3	0.2
MAST4	0.58
	-1.29
WAS	-0.37
GALK1	-2.44
RAB9A	0.94
RBFOX1	0.62
C5orf30	-0.69
FARSB	-0.22
FARSA	-0.38
FIS1	-1.09
STX17	0.14
C9orf72	1.88
ZMIZ2	0.39
ZMIZ1	-0.69
	0.16
	0.6
CUTA	-1.04
IL23A	1.55
CUTC	-1.04
	-0.02
MOSPD3	0.94
MOSPD2	-0.27
MOSPD1	2.24
ATP11B	-0.41
ATP11A	0.52
PAN3	1.86
PAN2	-0.26
TLN2	0.68
PCDHGA11	1.48
TLN1	-1.0
DPP9	-0.06
	-2.04
POLE4	-0.3
DPP3	-1.3
DPP4	1.1
SUOX	-0.38
STK35	-0.81
KNOP1	-0.13
CEP63	-1.1
COQ10B	-0.01
COQ10A	0.13
	0.26
PHF5A	-0.34
MRPS16	-0.06
HS1BP3	-1.94
PCP4	-0.6
RNFT2	-0.76
RNFT1	0.15
HBP1	-0.71
SECISBP2	0.77
TMEM167A	0.58
ELOF1	0.44
TRMT61A	-0.34
	-0.36
ZFYVE9	-0.25
DHX16	-0.68
LEPROT	0.5
LDOC1	-0.23
DGCR8	-0.45
MUM1	1.19
CCDC88B	-0.65
CCDC88C	-2.63
NDUFB11	-0.79
	1.5
ZNF787	-0.3
GOT2	0.28
	0.55
GOT1	-0.01
RPP40	0.13
RNASE6	-1.2
	-0.91
	-1.14
	-0.44
QTRT1	-0.66
SMIM20	-0.9
	0.88
	1.1
FBXL8	0.58
ROBO1	-0.21
CCDC82	-0.01
ROBO3	1.9
FBXL5	-0.48
CCDC86	-1.19
FBXL7	-0.04
FBXL6	0.28
NIPSNAP3A	-1.28
CTR9	0.11
ZNF558	0.27
ZNF565	1.48
	0.44
STMN1	-2.29
IKBIP	0.59
	5.5
RNH1	-0.65
TOMM22	-0.25
	1.47
UBE3B	0.55
UBE3C	-0.74
UBE3A	-0.06
MRPL41	-0.97
CD9	-1.51
	0.22
	-0.07
	3.85
	0.33
TOP2A	-3.46
MTRF1	1.75
	0.25
TMTC1	1.28
	0.23
CEP164	0.67
	5.25
	3.37
	0.02
SLC26A2	0.53
MIA3	-0.46
MIA2	-0.1
MTFR1	-0.49
GET4	0.2
FGF2	0.16
CMSS1	-0.82
BCAN	-0.45
SDC1	-0.93
SDC2	1.75
SDC4	1.49
ELOVL7	-0.47
ELOVL4	0.44
HTT	0.3
	0.65
	-0.51
	0.52
	0.0
DIABLO	0.14
ATP1B1	-0.74
CWF19L1	0.13
NAA20	0.55
HSPA2	5.76
NAA25	1.36
SGCE	-0.18
CNKSR1	-1.39
SGCB	-1.39
	0.23
CNKSR2	0.34
	-1.79
DUSP5	-0.96
DUSP4	-2.37
DUSP7	-0.02
SNRNP70	-0.95
	0.21
DUSP3	-0.05
DUSP2	1.03
NKD2	-1.38
LRRC8A	0.69
RBL1	-1.94
ELL	-0.56
LRRC8B	2.46
	-0.37
RDX	-0.25
	-0.25
	-0.67
	0.35
	-1.1
MTF1	-0.14
RPL39	0.72
TAB3	-0.61
TBC1D19	0.25
	0.99
PCDH1	-1.05
TBC1D12	-1.3
TBC1D13	2.1
TOR4A	1.01
TBC1D17	-1.64
TBC1D14	-0.51
FBL	-1.55
AUTS2	-0.75
	0.3
NUMA1	-1.1
	1.9
	-0.09
	5.5
HSPA1A	5.5
	-1.78
CACTIN	-0.46
FAM83G	0.91
HSPA1L	5.67
IDH3A	-0.82
	0.13
IDH3G	-0.15
	0.83
TARBP1	-0.09
VKORC1L1	-1.04
	1.23
	-0.49
	0.01
DGKG	1.11
DGKE	-0.45
ICK	0.64
TMEM106B	-0.13
TMEM106C	-0.46
CNP	-0.35
MPHOSPH8	-0.05
SRP72	-0.72
	-0.52
BMF	-1.1
RTEL1	-0.99
NPM1	-1.18
NPM3	-1.24
HSPA13	-0.01
PEMT	-0.25
TXNDC15	0.03
MXI1	-0.74
TXNDC17	-0.55
CCSAP	-1.17
TBC1D10B	0.07
DXO	-0.96
PPCS	-0.91
SCFD1	0.78
SCFD2	-1.07
PPP3R1	0.08
MEN1	-0.04
AP5S1	-0.04
DDX54	-1.04
SEMA4A	-1.43
SEMA4B	0.12
NEK9	-1.42
SEMA4D	-0.17
MKL1	-0.59
	0.67
OTUD7B	-1.06
	0.46
SP110	-1.07
SUMO2	-1.52
FOCAD	0.09
	0.14
SCCPDH	-1.94
	-1.28
HSPA8	2.64
SERP1	-0.71
	2.92
	0.99
CNDP2	-0.76
MOCS3	-1.06
TTI2	-0.16
TTI1	0.25
	2.44
AHR	0.85
GADD45GIP1	-1.09
COX6C	0.02
	1.11
STK38L	0.28
ACTA1	-3.17
QSOX2	-1.42
	-0.09
QSOX1	-0.51
	0.35
PDS5B	-1.7
	4.9
WDR83OS	0.14
TSTD1	-1.32
TSTD2	0.13
	-0.31
TADA2A	0.45
TADA2B	-0.48
NR2C2AP	-1.57
PAICS	-0.82
PAFAH2	1.84
UBXN2B	0.0
UBXN2A	0.12
	-1.19
	0.74
DYNC2LI1	0.77
	-0.52
PUS7L	0.58
	0.45
ZNF226	0.84
KCNQ5	-0.07
KCNQ1	-1.05
BLOC1S4	-1.39
VEGFA	-0.31
VEGFB	-0.96
BNIP1	-0.88
BNIP2	0.24
	2.94
EMC9	1.06
EMC8	1.41
FLOT1	-2.49
FLOT2	-1.81
	6.63
EMC1	-0.68
	-0.81
EMC7	-0.3
EMC6	-0.1
	4.08
CLCC1	0.31
	-0.33
	0.08
OTUD4	0.22
AP3M1	0.21
AP3M2	0.46
AKAP13	-1.49
AKAP11	-0.09
HTRA2	0.54
SPI1	-1.43
ANTXR2	1.79
	0.65
C16orf72	0.12
EGLN2	0.35
NASP	-2.48
	2.35
TNKS1BP1	-0.59
	-1.37
ARID5B	-0.36
ARID5A	-1.07
	0.54
	0.4
ABT1	0.16
MAP2K7	-0.77
LAPTM4A	0.4
SPCS1	-0.92
SPCS2	-1.0
SPCS3	-1.28
ANKH	0.08
EMID1	0.17
	-0.35
ALOX5AP	0.21
WDR81	-0.87
WDR82	0.03
	-0.2
CTNNAL1	0.2
WDR89	-0.25
	-0.44
HLA-DRA	-1.11
CAMLG	0.4
	0.99
ESYT1	-1.73
ESYT2	-2.03
CXCR3	-1.43
CXCR4	-0.86
	0.19
JAG1	1.36
	1.99
APPBP2	-0.96
TLDC1	-0.7
QRICH1	-0.41
E4F1	0.19
CRYBB1	0.08
	0.31
EXOC3	-1.06
EXOC1	-0.4
EXOC6	-1.28
EXOC7	-0.11
EXOC5	0.11
EXOC8	0.16
ANK3	0.09
MGAT4B	-1.12
BZW1	-0.21
BZW2	-1.58
	0.44
RAD18	-1.35
TNRC6C	0.27
TNRC6B	-0.79
TNRC6A	0.36
USP28	0.94
	0.49
USP25	-0.66
USP24	-1.37
USP22	-0.26
	-1.51
	0.21
ADAMTS3	2.84
ARHGEF9	0.9
ARHGEF6	-0.48
ARHGEF7	0.03
ARHGEF2	-1.03
ARHGEF3	-0.07
COTL1	-0.97
ARHGEF1	-0.55
GMCL1	0.12
	0.55
CDH2	-0.52
CENPN	0.21
CENPL	-0.01
CENPI	-0.83
CENPH	-1.77
	-0.99
CENPF	-1.4
CENPE	-0.32
CENPC	-1.64
HAGHL	-2.06
LDB1	-0.49
SSH2	-1.02
	1.44
SSH1	1.7
CENPU	-1.09
CENPT	-0.49
CENPQ	-0.2
CENPP	-1.03
LIN9	0.3
MIF4GD	-1.23
ARSA	-0.29
PLEKHA5	-0.64
	-1.33
PLEKHA7	-0.64
	1.29
	-0.39
PLEKHA3	-0.1
SLC9B2	0.98
PLEKHA8	0.15
	-0.4
	1.82
SEC62	-1.17
SEC63	0.02
DHX38	0.29
TRIB3	-1.02
DHX32	0.15
	-0.4
DHX34	-0.1
DHX37	-0.67
SAMD4B	0.12
CABIN1	-1.44
	-0.6
ZNF768	-1.55
	0.92
ZNF764	0.89
	-1.02
PGBD1	1.0
TPT1	-0.14
RPP21	0.76
RPP25	-0.26
ECSIT	0.93
JTB	-0.12
	-0.59
	-1.95
SUPT6H	0.45
	-0.48
C18orf32	0.63
DOPEY2	-1.13
DOPEY1	-0.05
ZNF503	1.23
ZNF507	-0.35
	1.4
	1.48
GPBP1	1.39
	-1.6
AZI2	1.53
TTPAL	-0.09
RACGAP1	-1.12
MYH9	-1.62
	0.48
RAF1	-0.09
ANO5	0.47
IRF2	-0.27
ANO6	-0.02
VGLL4	0.07
ABRACL	-0.91
PUS1	-0.11
PUS3	1.58
MACC1	-0.97
FGD3	-0.7
PUS7	-0.59
CEP250	0.13
	-1.44
	2.61
MERTK	0.19
UHRF1	-2.94
UHRF2	0.05
FAM149B1	0.8
CNNM3	-0.96
CNNM4	1.01
TANGO6	0.95
PIP5K1C	0.02
PIP5K1A	-0.14
KEAP1	0.62
MYO9A	-0.56
ZBTB8OS	0.35
	-0.42
	-1.11
POLA1	-1.73
SMN1	-0.42
PHF10	-1.39
PHF12	-1.3
PHF13	-0.58
	0.41
	1.33
FBRSL1	0.32
EZH1	0.04
MEGF8	-1.55
EZH2	-2.2
ARSK	1.24
	1.76
UBN2	0.47
UBN1	-0.03
RAVER1	-0.33
RAVER2	-0.46
NAA40	-0.48
RB1	0.33
	-0.08
	1.15
	0.11
	-0.84
ZBTB3	0.42
ZBTB2	-1.04
ZBTB1	1.06
MAT2A	-1.26
	-1.29
ATAD3A	-1.09
MAT2B	0.17
	0.17
ZBTB9	0.01
NBR1	-1.03
	-0.35
	0.09
	-0.37
CUL4A	-0.62
CUL4B	-0.62
TRMT12	0.83
BOLA1	0.07
BOLA3	0.3
IMMT	-0.66
GLCCI1	-0.38
NDUFB9	0.32
NDUFB8	-0.7
NDUFB7	-0.56
NDUFB6	-0.62
NDUFB5	0.25
NDUFB4	0.4
NDUFB3	-0.51
NDUFB2	-0.5
NDUFB1	-0.77
	-0.73
	2.17
GPR37	-0.4
NUDT19	-0.99
FAM50B	1.24
FAM50A	-1.26
FMNL3	-0.48
	-0.58
STAP2	-0.6
STAP1	-1.23
ZIC5	0.44
ZC3HAV1	0.07
	0.96
MAPRE1	-1.03
MAPRE3	1.62
ANKRD44	-0.7
ANKRD46	-0.34
ANKRD40	-0.35
ANKRD49	-0.48
	-1.4
	2.81
	2.72
	2.35
	3.33
	3.78
	4.4
	4.58
	2.63
	3.13
TAGAP	2.26
GTF2I	-1.83
PHB	0.16
	-1.56
	-0.04
PGGT1B	-0.51
	-0.03
	-0.59
	-0.37
	1.51
	0.26
RNF215	0.15
RNF216	1.01
LZTR1	0.87
	-0.84
RNF213	-0.32
MED28	0.59
	-0.1
MED23	0.25
MED25	-0.34
ATRAID	-0.35
MED27	0.02
MED26	-0.79
SEPT9	0.14
SEPT8	-0.42
CC2D1B	0.98
SEPT7	-1.75
SEPT6	-1.3
SEPT1	-0.26
SEPT2	-1.97
KANSL2	0.58
KANSL1	-0.22
TRIAP1	1.17
RBM34	-0.27
YARS	-0.21
	0.03
	-1.49
SENP6	-0.19
	-0.4
	0.81
RBM38	-0.84
EPHB1	-0.05
	0.11
GPR155	-1.15
PARP4	0.24
EPN1	-0.18
PARP1	-1.33
CHUK	2.0
	0.76
TP53INP1	0.14
	0.23
ZDHHC2	-1.13
ALDH4A1	1.03
MELK	0.0
NVL	1.19
NADK	0.05
ACTC1	-1.42
	-1.02
ZNF35	-0.58
	2.06
	0.03
SH3GL1	-0.61
	0.56
SLC10A3	-1.14
	-0.69
	4.55
FTH1	0.44
UGGT2	-0.09
BSPRY	0.09
	-0.11
	-1.39
	-0.4
	-0.93
PAWR	-0.4
RAD51B	0.35
	-0.54
KRTAP16-1	1.99
CTDSPL2	-0.55
	-1.2
GATAD2B	0.48
GATAD2A	-0.44
	4.01
	6.26
	3.85
HMGXB3	-0.81
HMGXB4	-1.48
LGI2	-0.56
DIP2A	-1.06
DIP2B	0.57
MYLPF	2.05
YES1	-0.36
	-1.01
	3.39
KCNS3	1.42
ZCCHC3	-0.1
ZCCHC6	-0.41
ZCCHC4	0.83
RENBP	-2.18
	-1.28
ENPP5	1.38
SPOP	-0.06
CHADL	2.63
	5.69
	4.66
TP53BP1	0.24
TP53BP2	0.24
IPPK	0.2
	2.33
ARID3A	-1.17
UPP1	-1.03
ARID3B	-0.51
	4.11
	3.78
	3.78
	3.09
ADPRHL2	-0.92
DARS	-2.28
LYPLA1	-1.8
LYPLA2	-1.48
GLRX2	2.8
GLRX3	0.8
S100A11	-0.95
S100A10	-0.33
	-0.58
	1.86
	1.12
C19orf44	1.1
ACP2	-0.31
AHCYL2	0.49
GRK6	-0.48
GRK4	1.41
ASH2L	-1.3
	-1.61
CYBRD1	0.58
CAPN7	0.84
CAPN1	-1.17
	-0.6
	2.11
NECAB3	0.59
SEPT10	-1.65
SPAG9	-0.51
PRRC2C	-0.66
SPAG7	-0.18
P4HB	-1.65
SPAG5	-0.09
	0.04
SPAG1	-0.49
KLHL6	0.15
KLHL5	-0.2
KLHL2	2.24
KLHL3	0.27
PRKDC	-1.85
KLHL9	1.47
CAB39L	1.83
FUT11	-0.3
	0.89
	0.48
	0.57
DYRK2	0.14
KATNA1	-0.32
KDELR2	-0.8
KDELR1	-0.96
HIRIP3	-1.98
ST14	-1.04
RP2	0.32
ST13	1.08
MUTYH	0.38
	-0.53
CDV3	-0.92
TCTN3	-0.55
TXLNG	-0.9
PCTP	-1.62
	-0.94
GRAMD4	-0.37
	-0.06
	-1.27
PLEC	0.29
LRMP	0.51
	0.51
	-1.09
	-0.98
NCOA4	-0.69
POMGNT1	-0.28
POMGNT2	-0.83
	-1.19
	-0.59
	-0.67
CLDN12	1.2
FNBP1	-1.83
TMEM19	-1.22
	-0.25
	-0.6
	0.74
	-0.49
APOOL	0.75
TENM3	0.16
	-0.47
ZNF746	-0.76
	1.04
TIAM1	-1.8
	0.18
PHIP	-0.42
AGTRAP	-0.48
	-0.75
	-0.03
	4.98
	6.98
	6.98
CCDC71L	0.16
MPV17L2	0.13
	1.44
SYNE1	-0.28
SYNE2	-0.08
SYNE3	-0.87
TNFRSF13B	-0.98
GOPC	0.29
YTHDC1	-0.04
YTHDC2	-0.29
ZCRB1	-0.88
ZNF526	-1.47
	-0.02
	0.23
STEAP3	0.5
	0.68
YAE1D1	1.15
UBASH3B	1.12
AVL9	-0.19
GRHL1	2.12
GRHL3	-2.01
UBQLN2	1.06
	1.62
	-0.6
	1.16
UBQLN4	-0.95
C1GALT1	0.59
WHAMM	0.41
BIVM	-0.23
DAPK3	-1.4
DAPK1	0.21
DPY19L1	-0.53
NR3C1	-0.42
DPY19L3	0.08
	5.82
PIM3	-0.58
	4.87
	5.57
SRPK1	0.07
TMEM39A	0.3
PGP	-2.6
GORAB	0.89
RNLS	1.67
MYO7A	0.51
MYO7B	2.44
UBL5	-0.45
UBL7	-0.49
STK10	-1.82
	-1.83
	0.93
GPAT2	-0.8
FKBP4	1.21
FKBP5	-1.05
	0.62
FKBP2	-1.41
NAA60	-1.18
	-0.27
FKBP9	-0.71
GABARAP	-1.13
MANF	-0.29
SV2C	1.53
SAMD1	0.2
PCCA	-0.46
MAN2C1	-1.06
WIPI2	-0.58
	-0.16
CTNNBL1	-0.13
	-0.56
BET1L	-0.54
GM2A	-1.52
CSRP1	-2.06
	0.94
HSD17B12	-0.03
ATP6V1D	0.06
HSD17B10	-1.26
HSD17B11	-0.1
ATP6V1A	0.12
DTL	-1.31
TBCC	0.28
	0.83
ATP6V1H	0.03
TBCB	-0.56
	0.32
SPTSSA	-2.28
	1.95
ARNTL	-0.09
PANK3	0.09
PANK2	-1.29
SLC2A1	0.21
	0.05
	-1.1
HEATR5B	-0.69
ATF1	-0.4
	-0.44
NFASC	1.07
RAP1GDS1	-0.52
	0.72
GGCT	-1.66
CBL	-0.29
PRDM4	-0.72
SLC22A5	1.23
PDRG1	0.34
PRDM1	0.14
PDE6D	0.03
MYBBP1A	-1.6
FLNA	0.28
EFCAB7	0.6
	0.15
RCAN1	2.77
LETM1	-1.05
PRKCSH	-0.95
BRIX1	0.16
	-0.15
RAD51AP1	-0.59
RBM11	1.43
RBM10	-0.7
RBM15	-1.04
RBM14	0.49
PARVB	-1.51
PARVG	2.57
MVP	-0.51
	5.87
BEND3	-0.59
RXRA	-0.44
RXRB	0.38
CCNYL1	-0.84
MVD	-0.19
ALDH9A1	-0.42
	2.57
	2.57
WRNIP1	-1.25
CXorf21	0.68
SUCLA2	0.27
ABCA7	0.49
ABCA5	-0.44
ABCA1	-0.6
RFT1	0.15
CLN8	-0.09
NBEAL1	-1.21
NBEAL2	-0.94
	-1.53
	2.43
PSMD8	0.22
	1.12
PSMD5	-0.39
PSMD4	0.2
PSMD7	-0.33
PSMD6	0.39
PSMD1	0.17
PSMD3	0.31
PSMD2	0.47
RTP4	1.05
	0.74
	0.87
	1.77
HIST2H4B	-1.91
SELPLG	0.0
	0.16
RPGRIP1L	-0.47
HIST2H4A	-1.91
BANP	-0.59
RRN3	-0.08
STXBP4	0.21
	1.05
MCFD2	-0.67
ST6GALNAC4	-1.49
COPS7B	0.68
	0.53
COPS7A	0.44
NCK1	1.59
NCK2	-0.69
LPIN1	-1.07
	0.93
DKK1	-0.54
RABGGTB	0.8
KIF13B	-1.49
RABGGTA	-0.39
KDM7A	-0.57
FAM111A	0.57
	-0.66
IPMK	0.27
TGDS	-0.91
	-0.36
	0.43
HPS5	-0.28
HPS6	-0.22
HPS1	-0.33
HPS3	-2.41
	-0.38
NFE2L3	-0.68
NFE2L2	1.2
NFE2L1	0.58
	0.32
	4.58
	-0.72
KLF4	1.36
	-0.98
ZNF263	-1.27
	-0.07
TSNAX	-0.16
ASNSD1	-0.07
PTAR1	0.27
RBBP9	-0.69
C17orf49	-0.7
SCAND1	-0.84
RBBP8	-1.7
	3.06
STK17B	-0.95
	-0.79
CEP350	0.74
	-0.07
HPSE	-1.27
ZC3H11A	-0.85
IAH1	-0.62
ARID1B	-2.03
ARID1A	-0.97
YEATS2	0.69
	-0.64
YIPF3	-0.57
YIPF2	-0.45
YIPF5	0.28
YIPF4	0.84
YIPF6	0.63
SDR39U1	0.09
CYB5R4	0.09
	-0.55
VLDLR	-0.75
CYB5R1	1.72
SPTAN1	-0.16
RBBP6	0.27
	1.05
RBBP5	0.03
RBBP4	-0.9
BTF3L4	-0.28
C19orf66	-0.72
YPEL3	-0.9
FTSJ3	-0.26
DERL1	-0.36
DERL3	-0.92
RAD54L2	0.82
	1.4
MLLT11	2.42
DAP3	0.23
	0.42
EIF4E	-0.13
PRSS16	-0.29
EIF4B	-0.86
DNAJC9	-1.31
HSPBAP1	0.51
	-0.76
HAT1	-1.13
ZBTB26	0.51
CCDC106	-0.46
	2.14
	-0.58
HDAC1	-1.26
HDAC3	-0.03
HDAC2	-0.71
THEMIS	1.09
HDAC4	-1.31
HDAC7	-0.51
HDAC9	-0.47
HDAC8	-0.33
TMEM161A	0.64
OXSR1	-0.72
GNL3	-1.38
NDC80	-1.84
CDT1	-1.84
	0.19
VIM	-1.88
	4.27
TRAPPC11	0.25
TRAPPC10	-0.79
TRAPPC12	-0.82
CST3	-0.73
	-0.19
CST5	1.56
	-0.28
	0.64
CSTB	-0.85
	1.32
GMPPA	-1.89
GMPPB	-0.48
	-0.05
	0.19
SND1	-1.97
CMC2	-0.53
CMC4	1.72
	-3.09
	3.42
	-1.94
	0.02
	-1.12
	-0.03
	-0.5
RPL10A	-1.15
RAD50	-0.56
RPL10L	-1.03
KY	2.82
SRCAP	0.01
USP1	-0.25
USP4	-1.86
	0.18
USP7	-0.28
	0.11
	0.47
RNF38	-1.05
SOX2	-0.89
RNF34	-0.84
SOX1	0.51
SOX4	0.78
RNF31	-0.23
	-1.77
CEBPB	1.52
CEBPG	0.34
RALGAPB	0.41
XRCC5	-0.87
MAP3K12	0.06
PHKB	-0.79
CEBPZ	-0.42
	2.18
INTS3	-2.9
INTS2	1.06
INTS1	-0.44
INTS6	-0.71
INTS5	-1.07
INTS4	0.19
TPP1	-0.23
TPP2	-0.81
INTS8	-0.54
	0.16
	-0.8
	0.69
CTNNA1	-0.9
	3.72
	1.21
LYST	-1.0
YTHDF2	-0.48
	-0.48
TOMM40	-0.5
TM7SF3	-0.51
	0.71
MYL6	-0.9
	0.5
MYL4	0.59
NARS	-0.2
	-0.37
	0.63
	-0.21
ATP2C1	0.62
CDKN2AIPNL	-1.03
MYL9	-0.9
CERS6	0.65
NCEH1	-1.19
CERS2	-0.67
TFB2M	-0.61
MPP6	-0.71
MPP5	0.3
FAM110A	-0.77
SYT11	0.81
TUBGCP3	-0.07
	0.33
	-1.0
PRPSAP2	-1.98
STAU2	-1.14
ETFDH	-1.2
	2.79
FAAH	-2.15
	3.5
MAN1A1	-0.22
MAN1A2	0.11
IKBKB	-1.46
ATIC	-1.17
NIN	-0.42
DONSON	-1.77
MYO5C	-1.32
HDAC10	-1.69
MYO5A	-0.16
	1.15
	4.04
	5.39
	5.0
	6.46
	4.85
GORASP2	-0.17
GORASP1	-0.69
PPRC1	-1.31
CRTC2	0.4
FAM13B	1.6
	0.39
	0.47
SUMF2	-1.17
SDHAF1	-0.4
SDHAF2	0.0
SUMF1	-1.49
	0.1
TWSG1	-1.02
	0.93
PIK3IP1	-1.51
	1.5
SURF1	0.3
HECA	-0.21
FNDC3B	0.24
SURF2	-0.85
ZFAND2B	-0.86
SURF4	-0.18
ZFAND2A	6.37
	-0.03
	-0.49
GBP3	1.97
GBP2	-1.46
	0.21
MAL2	0.58
IFNLR1	0.35
MAN2A1	-0.92
	0.19
MB21D2	-0.92
CCDC134	-1.25
CCDC137	-0.4
CCDC130	0.2
RBFOX2	-0.43
GALK2	0.33
TIMM22	0.65
STK33	0.65
STRN	0.47
STK36	-1.26
STK38	-1.77
STK39	-1.09
GGNBP2	-1.84
PAPD5	-0.86
C12orf10	0.92
DARS2	-0.23
DNAAF1	-1.03
DNAAF2	-0.61
	-1.22
	1.66
	3.62
STAT6	-1.94
STAT4	0.9
NUSAP1	-2.06
STAT2	-0.57
STAT1	-1.43
CEP162	0.0
CHRNB1	-0.25
	1.84
HBEGF	2.53
	2.16
RABIF	0.26
	-0.73
	-1.57
HTATSF1	-0.9
AKR1B1	0.6
BTAF1	-0.38
PLXNA3	0.09
PLXNA2	-1.1
PLXNA1	-0.34
PBDC1	-0.34
ASNS	0.08
MTMR2	-0.72
PDE4B	0.72
RHEB	0.4
	0.55
CCNL1	0.9
	0.57
MAP2K3	0.64
MAP2K2	-1.49
MAP2K1	-0.56
	-0.48
AACS	-1.62
SCAP	-0.52
	0.3
MINK1	-1.12
SERTAD1	1.29
	0.26
	1.71
TM9SF3	-0.18
	0.26
ACY1	-1.58
	0.29
	-0.27
ATP6V1G1	-0.28
MTR	-1.67
SUCLG2	-2.39
SUCLG1	-0.43
	1.94
ALDOA	-1.26
UHMK1	-0.53
ALDOC	-1.31
ALDOB	-1.11
BAZ1A	-0.94
MAP3K14	-0.65
TIA1	-0.91
MTFP1	-0.48
ABCC4	0.13
ABCC5	-0.68
ABCC1	-0.73
DNAH14	0.5
TMOD3	-0.19
PSMF1	0.03
	1.99
	0.86
	0.34
TALDO1	0.67
APLP2	0.07
	1.79
BORA	0.54
DTD1	-1.82
	1.73
GOLGA2	-0.17
GOLGA3	0.28
GOLGA4	0.44
GOLGA5	0.27
OSBPL10	1.92
	-0.78
ENPP4	1.38
RSPRY1	-0.57
ENPP1	1.91
	0.46
	1.0
	-0.1
CSNK2A2	-1.51
CSNK2A1	0.28
	-0.43
	4.85
	-1.95
FZR1	-0.38
CD2AP	-2.01
ZZEF1	-0.1
	-2.72
KDM5D	0.22
DPYSL4	0.84
KDM5A	-0.37
KDM5B	-1.44
MRPL44	0.3
UBE2L6	-0.25
GLUL	-1.39
	0.75
UBE2L3	0.4
	-1.17
DNM2	-0.55
	1.16
TRAP1	-0.36
IFT122	-1.35
	3.9
ZNF282	-0.32
	0.11
ZNF281	0.98
	0.81
STRN4	0.41
ORC3	-0.06
STK24	-0.58
KIAA0040	-1.26
STT3B	-0.49
STT3A	-0.82
RFXAP	-0.32
	1.29
ETV3	1.0
ETV5	-1.91
ETV6	0.1
FAM8A1	0.33
	4.75
	5.77
	0.19
BTBD6	1.51
BTBD3	-1.59
TUBA8	0.3
RAD23B	0.0
	1.32
	-2.07
IKZF1	-0.71
IKZF3	-0.65
	1.97
C11orf71	0.22
	-1.14
SACM1L	-1.24
	0.64
	-0.8
TCEAL1	0.61
TCEAL6	0.88
TCEAL5	0.29
	-2.19
	0.64
TCEAL8	-1.71
RGS16	1.14
RGS14	-1.21
	-0.5
RGS12	0.28
RGS10	0.14
PSPH	-0.25
	-1.62
	0.73
RGS19	-1.39
	1.64
	-0.74
PHF20L1	0.07
	-0.07
WIZ	-0.15
TIMM21	-0.36
UTP6	-0.25
	-1.1
UTP3	-1.1
CLEC16A	0.31
SLC33A1	-0.9
	-1.66
CACYBP	0.97
BTN2A2	-0.23
	-0.38
ELF2	-1.4
ELF4	0.64
ZRSR2	0.08
PRPS2	-1.86
CAND1	-0.7
PRPS1	0.3
CDR2	0.41
BRPF3	-0.56
BRPF1	-0.47
	-0.63
TTLL12	-1.08
LDHA	-2.53
LDHB	-1.03
LDHC	-1.76
ODF2L	0.81
DDX10	0.67
ACAP1	-1.58
ACAP2	-0.87
	0.28
	-1.07
CFL1	-1.46
	-0.8
C8orf82	-0.6
	-1.51
CCHCR1	-1.29
SLC7A11	1.89
ANKRD13A	-0.51
AIP	-0.72
SERPINH1	5.34
GSTK1	-0.53
