UBE2Q1	-0.97
RNF14	0.29
RNF10	0.95
RNF11	-0.26
RNF13	-1.24
	-0.9
	-0.94
	-0.01
MZT2A	-0.62
	-1.21
ATRX	-0.92
	0.18
PMM1	0.67
ASS1	0.26
	-0.37
ATRIP	0.32
ZNF703	-0.63
	0.58
	1.66
ZNF706	-0.31
ZC3H10	0.51
	1.21
RNF115	-1.51
	0.92
RNF111	-0.76
	-0.44
ZC3H18	0.57
DHX9	0.14
TCOF1	0.18
NSRP1	-1.0
NUP98	-0.67
SP1	-0.04
GRINA	0.35
SP3	0.32
NUP93	-0.65
SPPL3	-0.03
GOLIM4	0.32
OPA3	0.65
	-0.22
RAB40C	-1.27
	0.94
GTSE1	1.91
	1.29
	0.09
SPPL2A	0.03
SPPL2B	0.11
ITGA8	-0.09
UGCG	-1.41
ATP2A1	-0.29
ATP2A3	0.14
ITGA3	1.32
ITGA4	0.32
ITGA6	-1.22
PMM2	-0.33
DENND4A	-0.14
DENND4B	-1.55
SWAP70	1.24
PHLDA1	-0.06
	-0.03
	-0.3
FBXL12	-0.37
TIPRL	-0.39
FBXL14	0.44
FBXL17	0.17
FBXL18	0.31
GHDC	-0.67
	-0.99
FAM212A	1.01
COL4A5	2.27
	-0.44
COL4A3	-0.06
GRN	0.24
CHST7	0.05
ITGAV	0.73
	-0.49
ITGAL	-0.38
ITGAE	1.09
	1.77
LRPAP1	0.24
SMAD5	0.54
GOLPH3L	-0.17
SMAD1	0.08
SMAD2	0.41
SMAD3	-0.57
MUS81	-1.25
AMMECR1L	-0.87
	1.1
IGF2R	-0.1
ABHD14B	1.38
SLC36A4	0.5
CKS1B	0.15
	0.92
	-0.01
ERICH1	-0.29
C14orf119	-0.69
	0.21
HAUS7	-0.32
DRAP1	-0.96
TCEA2	1.52
COX4I1	-0.32
BFAR	0.69
	0.15
	1.58
CADPS2	-1.22
RLF	0.05
CCDC112	-0.48
CCDC110	-0.85
LEO1	0.08
ATP1A4	1.44
ATP1A3	1.43
ATP1A1	-0.88
	-0.63
MGRN1	-1.06
TCP1	-0.43
CRTAP	-0.18
SPHK2	0.76
IPO11	-1.25
CUEDC2	-0.82
IPO13	0.56
CPEB4	-0.62
CPEB3	0.44
CPEB2	-1.05
	-0.65
SRBD1	-0.99
	0.12
ZNF780B	-0.39
	1.01
C2CD5	-0.03
	1.32
	0.51
	0.13
SP2	0.67
	0.01
MCM10	1.99
IL10RB	-0.78
ATG4C	-0.28
ATG4B	-0.38
ATG4A	0.58
GPT2	0.15
PNP	0.26
	0.33
PNN	0.11
ATP6V0E1	-0.49
	0.69
	0.36
AAAS	-0.08
SIDT2	-0.29
PSMB10	-0.31
MR1	0.35
CNPY4	0.6
CNPY3	-0.48
CNPY2	-0.11
	-0.59
SYNJ1	-1.38
HMG20A	-0.04
HMG20B	-0.52
AAGAB	0.41
	0.66
SYNJ2	-0.36
SYPL1	-0.3
	0.41
	1.01
	-0.86
APP	-0.98
RFX7	-1.14
RFX1	1.42
YDJC	0.51
IBA57	0.63
APC	-1.41
TMEM179B	-0.81
ABCE1	-0.3
UQCRC2	-0.31
XPNPEP1	-1.72
	-0.58
	-0.28
GGCX	-0.23
ADNP	-0.25
	0.59
	-0.84
NUTF2	-0.56
	-0.82
	-0.72
	-0.51
	-0.32
C11orf1	0.33
	-1.22
	0.07
	1.03
IGFBP3	0.03
BOP1	-0.34
IGFBP7	1.59
CYP2R1	0.55
CKLF	-0.28
HNRNPA1L2	-0.62
GJA1	-0.32
	1.74
	0.93
	0.85
KDM3B	0.92
KDM3A	-2.23
TMC4	-0.3
NSL1	0.14
TMC6	-0.58
H1FX	-0.81
APIP	-1.4
EIF2B4	0.01
TMC8	-0.06
EIF2B3	-1.8
EIF2B1	-0.95
MAGT1	-0.8
TXNIP	-0.35
TMEM14C	-0.21
TMEM14A	-0.25
FANCF	0.04
	0.96
	-0.23
ZSWIM1	-0.57
PHACTR4	-1.52
CLIC4	-0.3
NOP2	0.0
PHACTR1	0.64
LRSAM1	0.53
NUP107	-0.28
	0.17
TMEM147	-0.95
	0.57
RIT1	-0.8
TMEM141	-1.21
TMEM140	0.83
	1.7
SECISBP2L	0.68
	-0.84
	-0.79
FAM32A	0.97
	-0.05
VMP1	-0.21
ZMAT2	-0.11
	-0.32
C19orf24	0.39
C19orf25	1.34
NR1D1	-0.41
MYBL2	-1.7
	0.67
	0.25
ZNF7	1.22
ZNF3	1.53
	-0.03
	-0.51
HNRNPA0	0.32
OGFR	0.34
CDC5L	-0.25
	0.08
RAC3	0.58
RAC1	0.31
SBDS	0.38
VCP	-0.65
	0.61
AP2A2	-0.35
FIGNL1	-0.53
	0.21
NSUN3	-0.77
TUBG1	0.84
TUBG2	1.15
PTCH1	-0.22
TIMM44	-0.04
PAGR1	-1.1
	-0.03
RAD9A	0.82
	-1.21
ERGIC3	-0.03
ERGIC1	-0.87
	2.2
PDF	-0.06
CPPED1	0.35
	-0.25
	-0.51
SPG21	-0.69
	-0.95
GSDMC	0.74
GSDMD	0.19
	-0.01
	1.8
DLGAP4	-0.6
DLGAP5	0.14
FBXL15	0.94
MBNL2	-2.04
CLCN3	-0.42
CLCN7	-0.05
CLCN5	0.17
	-1.07
BRD8	0.42
KSR1	1.27
	-0.11
BRD7	-0.58
BRD3	0.62
DNAJA2	0.01
DNAJA3	-0.13
PTPN18	0.2
DNAJA4	-1.23
PTPN13	2.07
PTPN12	0.02
PTPN11	-1.21
	0.83
UTRN	-0.62
LYAR	0.49
CSF2RB	-0.84
MRPL24	-0.19
MRPL27	-1.19
MRPL21	-0.05
MRPL20	0.27
SEH1L	-1.23
MRPL22	-0.25
	1.17
GAB2	-0.63
MRPL28	0.02
	1.26
GAB1	-0.8
	0.17
	-0.09
	0.38
	2.12
	0.36
NDRG1	-0.24
NDRG3	-1.16
	-1.02
SRSF4	0.7
SRSF7	-0.68
SRSF3	0.11
CDK1	-1.09
MZB1	-1.34
SRSF9	-0.63
TRAPPC6B	-0.98
DNAJB12	-1.94
DNAJB11	-0.63
HLA-DQB1	0.24
DNAJB14	-1.45
RNF139	-2.27
GID4	-0.75
CISD3	0.83
CISD1	-0.05
CLNS1A	-0.93
	-0.04
	0.21
TSHZ1	-1.28
GID8	-0.85
CHML	0.47
VILL	-0.22
	-1.64
ZNF580	2.07
	1.61
TIPARP	-0.05
	1.17
	0.51
	0.23
NIP7	-0.31
	-0.75
	0.02
BCL9L	0.71
LSM12	-1.07
ZSWIM7	-0.91
CAMKK2	0.78
COL4A4	-0.77
	-0.28
MYO1F	-0.45
MYO1D	-0.41
MYO1C	-0.36
MYO1B	0.12
	1.19
RPL36AL	-0.51
CHMP7	-1.07
CHMP6	-1.02
BCR	-0.2
	-1.02
	0.25
CTPS2	1.29
LGALSL	-0.22
ZER1	-0.63
	0.55
FAM160B1	-0.05
	-0.71
	-0.71
ZNF324	-0.38
NEMF	-0.56
ZNF326	0.57
SRF	0.35
ZNF322	-0.05
SRI	0.56
ZNF329	0.97
	1.14
LGALS8	-0.01
LGALS1	-0.52
AKIRIN2	-0.73
AKIRIN1	-0.35
EIF2AK1	0.27
EIF2AK3	-0.17
EIF2AK2	-1.06
TDG	-0.02
EIF2AK4	-0.88
NMB	0.09
MYO19	0.01
AVPI1	0.18
TRNT1	-0.36
ASAP1	-0.43
ASAP2	-0.09
NMI	-1.14
OCRL	0.35
ATG101	-0.14
PLAUR	-0.25
	2.0
	-0.2
KIAA1522	1.24
	0.59
	2.51
	0.86
TIMM17B	-0.18
TIMM17A	-0.48
	-0.97
LPCAT4	0.81
LPCAT2	-0.74
LPCAT3	-1.19
LPCAT1	0.1
MID1IP1	0.31
	1.06
PIGB	-0.82
PIGC	-0.74
PIGH	-0.35
PIGK	-0.28
PIGL	-0.77
PIGM	-0.54
PIGN	-0.69
PIGO	-1.93
PIGP	-0.28
PIGQ	1.41
PIGS	-0.39
ILKAP	-1.05
PIGU	0.6
PIGV	0.87
PIGW	1.9
PIGX	-1.28
PIGY	-0.09
	-0.84
TAX1BP1	0.07
SERPINB9	-0.82
TAX1BP3	-0.93
ANKLE2	-1.43
RHPN1	0.62
	1.15
RHPN2	0.5
	-0.11
BBIP1	0.46
	1.28
	0.67
RGL1	0.35
PDK3	0.91
EBP	0.24
CYCS	-0.43
LNPEP	0.23
SEC61A1	-0.53
	-1.01
PECR	0.22
TM2D3	-1.05
	-0.01
OGFRL1	0.93
ZFAND5	-0.04
ZFAND3	-0.07
MYO5B	-1.46
	0.83
SLC39A13	-0.45
SLC39A10	-1.6
SLC39A11	-0.11
SLC39A14	-1.52
CEP120	-0.28
EIF1AX	-0.78
EIF1AY	-0.14
	0.89
EIF1AD	-0.88
SMAD4	0.02
ARHGAP21	0.96
ARHGAP27	0.22
ARHGAP25	-1.12
EVI5	0.98
MTX3	-0.02
DDIT3	-0.7
DDIT4	-1.02
NFKBIL1	0.0
RBFA	0.18
NKRF	-0.95
AFTPH	-0.16
MYSM1	-0.86
ATG2A	0.32
ATG2B	0.19
MLYCD	0.56
BMP6	1.98
KIAA0586	0.4
	0.86
ASF1A	-0.3
TERF2	-0.13
	0.59
	-0.26
ASF1B	0.55
CUTA	-0.36
RASSF1	0.35
PTPMT1	0.11
RASSF2	-0.44
RASSF5	-0.18
RASSF4	0.06
RASSF7	0.96
RASSF6	-0.38
NHP2	-0.28
CHD1	0.07
	0.85
CHD4	0.54
CHD7	0.44
CHD6	0.88
CHD9	0.8
CHD8	0.08
CAP1	-0.56
NPC2	-0.02
NPC1	-1.37
SKIV2L	0.45
	-0.45
	-0.34
TTC5	0.72
TTC4	-0.75
TTC1	-0.16
	0.49
TTC3	-0.34
PIKFYVE	-0.66
TTC8	0.83
	1.6
	-0.72
	1.43
DAG1	1.01
	-0.12
TPRKB	-1.4
ETHE1	-0.12
	-0.68
MPG	-0.23
PRDM15	-0.59
PLSCR3	1.15
PRDM10	-1.29
PLSCR1	0.1
MPI	0.02
CPT1A	-0.25
	-1.6
RER1	-1.07
MPZ	0.14
SGSM2	0.12
MCPH1	1.76
KDM1A	0.25
GRPEL2	-1.16
PLRG1	-0.95
	-0.97
	2.63
KRIT1	0.25
	-0.21
QRSL1	-0.89
	-0.41
	1.58
BTG2	0.1
BTG1	0.03
SRD5A1	0.02
	0.79
HELLS	0.0
DES	-0.52
FAM49B	-0.66
ZFP36L1	-0.78
ZFP36L2	0.37
GGA1	0.88
GGA3	0.62
GGA2	0.4
SLC12A6	-0.2
	0.06
ADH5	1.19
PKD1	1.34
	0.98
	-0.8
GJC1	0.98
DEK	-0.44
PRKACA	0.48
PSMB9	-0.83
PSMB8	-0.93
PSMB7	-0.56
PSMB6	-0.97
PSMB5	-0.38
PSMB4	-0.81
	1.09
PSMB2	-0.3
PSMB1	-0.89
	1.64
HDHD3	0.83
SPG7	-0.14
RMI1	0.85
CORO7	-0.05
	5.06
	4.6
	1.63
	1.2
	2.04
	0.99
	2.99
	1.8
	2.17
	1.82
TRAT1	-0.42
KCNK1	-0.29
MLH1	-1.19
LTN1	-1.32
RETSAT	0.65
	1.25
VPS13D	-0.79
ACOT13	-0.03
VPS13A	-0.39
SH3KBP1	0.29
	1.95
	-0.19
BEX4	-1.6
	-0.26
BEX1	0.47
SCAF11	-0.22
	0.86
TMEM160	1.58
TMEM164	0.11
EVI2A	-0.25
EVI2B	-0.34
	1.82
FOXN2	0.36
REPIN1	0.42
DPCD	-0.36
NICN1	0.88
	1.24
PMVK	-1.1
	-0.49
GNA13	-0.48
NOL9	-0.29
TAP1	-0.28
IFFO2	-0.77
CHTF18	1.01
MFGE8	0.24
SBF1	0.54
SBF2	-1.12
	-0.12
NOL7	0.03
ADD2	0.91
OGDH	-0.71
ADD1	-0.3
CDC73	-0.85
LMBRD2	-0.87
LMBRD1	0.23
	0.03
	-0.08
SRFBP1	-1.51
BCAT2	1.77
C1orf131	0.52
MACROD1	0.2
GBA2	-0.25
GTF2F1	-0.1
AKAP1	0.09
AKAP2	0.85
GTF2F2	-0.91
EIF2D	1.15
AKAP8	0.38
	-1.15
EIF2A	-0.57
CYP26A1	-0.56
CCDC117	-1.08
KLHL36	-0.79
NFU1	-0.21
RRP1B	-0.88
HSP90B1	-0.99
	1.45
KRR1	0.16
	-0.64
PEG10	1.28
CETN3	1.44
CETN2	0.55
LTC4S	1.55
H3F3C	-0.19
	-0.44
H3F3A	-0.11
	0.63
	-0.16
	0.55
TRIOBP	1.05
C8orf48	1.06
	1.69
UCK2	0.86
PHRF1	0.47
PRPF39	-0.33
	1.23
BRF2	0.04
	-0.42
BRF1	0.42
DNAJC8	0.1
CSNK1A1	-0.22
CAMSAP2	-1.17
DNAJC5	-0.68
DNAJC6	-1.26
CAMSAP1	-1.21
DNAJC1	0.21
DNAJC2	-0.82
DNAJC3	-0.13
RRP12	-0.37
GOSR1	0.1
RRP15	0.64
RALBP1	0.07
RAP1B	-0.83
RAP1A	-1.14
CCDC91	-1.29
ZNF830	-0.39
	3.04
	-0.65
ZNF839	1.09
	1.67
	0.67
	0.69
	3.65
	1.25
	1.92
	1.89
LRIF1	1.23
	0.34
FAM91A1	-1.25
	1.39
ACAT1	-0.35
ACAT2	-0.65
	1.11
CD200R1	1.37
LIMD1	-0.13
NUGGC	-0.61
	1.09
	1.81
	0.66
	1.16
	0.35
LDLR	-0.28
	0.98
	-1.21
	-0.08
ZFYVE21	-0.01
ZFYVE27	-0.13
ZFYVE26	0.56
TPCN2	0.54
RAB33B	-0.51
SLC17A5	-0.01
ZFYVE28	-0.49
SETDB1	0.22
UBFD1	-0.24
SWI5	0.36
CMTR2	0.42
CMTR1	-0.46
	-0.73
C16orf54	0.2
CCND3	-0.19
ITCH	-2.08
	0.61
	-0.83
CHMP4B	-0.27
BAX	-0.28
BAD	-0.06
ZNF205	-0.3
COBLL1	-1.42
SLC37A2	1.39
SLC37A3	-1.01
TOB1	-0.61
	0.18
SLC37A4	0.84
TOB2	0.83
CDK12	0.1
CDK13	-0.6
CDK16	0.3
TMEM255B	1.66
CDK14	-0.23
ST5	-1.35
ST7	0.2
GZF1	0.37
BIN2	-0.98
AASDH	0.34
PIP5KL1	0.42
	1.45
	-0.11
	0.32
SEC61G	-0.7
SEC61B	-0.83
TFG	-0.91
IFT81	-0.36
TOMM34	-0.15
	-0.57
RND1	-0.02
RND3	-1.03
NCL	-0.51
PPP3CA	0.04
PPP3CB	-1.01
GPATCH8	-0.89
LRRC40	0.21
LRRC42	1.32
IFT88	0.87
LRRC47	0.29
	2.07
LRRC49	1.79
	-0.68
	0.72
TSFM	0.95
	0.85
B3GNT9	1.88
	0.82
GPATCH3	-1.1
	-1.29
GINM1	-0.63
	1.22
TBCCD1	0.84
HLA-DRB5	-0.9
CCDC150	1.46
YIF1B	-0.07
YIF1A	0.06
CCDC159	-0.64
WRAP73	-0.05
TIMM50	-1.72
	-0.06
	1.23
COG1	1.04
MTCH2	0.14
FN1	-0.39
	-1.42
	-1.14
	0.41
PCED1A	0.03
PCED1B	1.98
FUBP3	0.41
	0.54
NCSTN	0.12
CEP104	0.16
SAP30	0.58
TCP11L2	-0.81
	-0.9
GNAI3	-0.24
	0.32
	1.01
ICMT	-0.47
FCF1	-1.21
	-0.43
ATP6V0A4	0.85
TBC1D1	-1.57
	3.42
	1.48
ATM	0.49
TBC1D5	-0.52
SMPD4	-0.55
ATR	-1.22
	0.54
SMPD2	1.22
BRIP1	1.01
	-0.14
	-0.51
AAMP	-0.57
HYPK	-0.74
TTC27	-0.66
PATL2	0.79
TTC22	0.56
PATL1	0.08
U2SURP	-1.01
IL6R	0.3
ENO1	-0.61
ENO2	-0.71
ENO3	-0.15
NPAT	-0.37
TAOK2	-1.26
	0.6
LLGL2	0.76
SLC22A18	-1.37
LLGL1	1.91
ACOX3	-1.37
ACOX1	-1.13
	-1.02
	-0.21
	-0.37
RABGAP1	0.28
SRRD	1.04
PRKAA1	-0.12
	-0.43
PFDN2	-0.1
MCL1	-0.48
SORBS1	-0.67
POMP	-0.34
ODC1	-0.17
ATG16L1	-1.19
ATG16L2	0.89
	1.82
C3orf33	1.15
	0.42
JADE1	0.25
ARHGDIA	-0.93
NANP	0.53
NANS	0.02
C3orf38	-0.79
	-0.31
IL17RC	1.55
ENDOG	0.0
STIL	-0.55
TANC2	0.34
C15orf61	-0.6
LMNA	0.55
BDH2	-1.03
MDP1	0.55
BDH1	-1.18
DDX23	-0.44
DDX21	0.2
DDX20	-0.49
DDX27	0.37
	1.01
	-0.04
DDX28	-0.86
	-0.62
UNC13B	1.28
UNC13C	-0.13
SAC3D1	0.93
FKBP15	0.46
UBE2J1	0.38
UBE2J2	-0.69
RAB3IP	-0.03
FBXO10	-0.59
FBXO11	0.14
TACO1	0.42
FBXO15	0.91
	-0.36
	1.52
	0.63
	-0.52
	1.34
	1.92
TRUB1	0.6
	2.32
	0.6
	1.57
	2.92
PLA2G6	-0.29
	0.22
	-1.05
	0.15
	1.24
CCDC77	0.24
	1.07
SHC1	-0.4
PEX26	0.57
	-1.31
CGRRF1	1.39
TMEM109	0.24
TMEM102	1.29
TMEM101	0.34
TMEM104	1.4
SMPDL3B	0.93
GHITM	-0.99
SMPDL3A	-0.23
TRANK1	-0.35
SPEN	-0.63
FKBP1A	0.28
MANEAL	-1.31
	-0.76
	0.4
PAIP1	-1.33
	-0.84
BTBD9	0.24
TIMM8A	0.22
DAXX	1.17
	1.13
CDC16	-1.25
NT5E	0.66
XPA	-0.72
	0.17
LGALS9B	0.85
UNC50	-0.25
	-0.64
PDCL3	-0.52
	-1.2
MAP1S	0.42
FRMD8	0.24
FRMD6	0.93
PKNOX1	1.8
	0.02
GNAS	-0.82
	-0.21
PTCD3	-0.15
	-0.43
GNAL	0.47
HLTF	-0.66
AGFG1	-1.12
DPF2	-0.82
DPF3	-0.51
ASNA1	0.05
RPS12	-0.11
RPL18A	-0.71
CEND1	1.21
	-0.2
	-1.02
	1.43
VPS41	-1.12
BCAP29	1.25
TMCC1	0.75
	0.22
SDR42E1	0.14
EPB41L1	-1.58
UBE2I	0.17
MOCS2	-1.51
	-0.24
ACSS2	0.59
ACSS1	0.61
	0.83
PLEKHM2	-1.57
PLEKHM3	0.21
VPS4A	0.38
VPS4B	0.46
GMEB2	-1.7
GMEB1	0.55
SLC43A3	0.11
SLC43A2	-0.1
MAGEH1	0.29
VHL	0.62
	1.48
TREML2	-0.04
PPP1R15B	-2.1
GPAA1	-0.01
	0.28
PALB2	-0.01
	-0.43
	3.9
	-0.31
	2.28
	1.88
	1.89
GPRIN3	-0.15
GPRIN1	0.23
	0.99
	1.87
	-0.39
	1.36
	1.48
	1.15
HIST2H2BF	0.23
	-0.04
	-0.44
SPTBN4	1.24
	1.56
SPTBN1	-0.37
KLF13	0.68
	-0.53
KLF11	-0.7
	-0.33
	-0.83
KLF15	1.76
TFAP2A	0.98
TFAP2C	0.81
	0.97
NRROS	-0.62
PCNA	-0.97
SLC44A1	-0.41
SLC44A2	0.45
ZBTB7A	-0.23
ZBTB7B	0.61
MSI2	0.39
	-0.25
ENGASE	0.66
SAMHD1	-0.46
DNPH1	-0.4
RPA1	-0.07
RPA3	-0.43
RPA2	-0.16
NDUFS1	-0.76
NDUFS2	0.39
NDUFS3	-1.2
COQ9	1.17
	0.03
NDUFS6	-0.24
ISY1-RAB43	-1.5
COQ5	-1.03
	-0.44
	1.88
ILF3	-1.01
ILF2	0.06
ZRANB1	-1.37
	-0.22
	0.0
	0.78
CHMP2B	-1.06
CHMP2A	-0.21
ATP9A	-0.71
FLAD1	0.51
RREB1	1.29
TPX2	0.27
DENND2D	0.18
PPT1	-0.47
WWC1	-0.45
INPP4A	-0.64
MICAL1	-0.53
MICAL3	-0.96
PHC1	0.91
PHC3	-0.19
GPR107	0.31
GPR108	0.2
TRMT10C	-1.65
SCNN1G	-1.47
SAFB	0.2
EMC10	0.15
MGMT	-1.08
H2AFV	-0.31
SLC35E3	-0.59
	-0.52
H2AFX	0.45
H2AFY	-0.48
H2AFZ	-0.26
	-1.15
RNF4	-0.06
RNF5	1.81
RNF2	0.83
	0.02
CLTA	0.36
CLTC	-0.85
	0.02
NGLY1	0.34
	0.3
NMD3	-0.89
	1.13
	0.89
ISCA1	-1.15
ISCA2	-0.32
	-0.12
	1.07
FAM118B	-0.74
RECQL	-0.62
	0.06
ETV3L	0.0
SIK3	-0.19
	-0.49
	0.6
	-0.15
KCP	2.18
ACTR8	-0.48
ACTR5	-0.54
ACTR2	-0.4
	1.04
NUP88	-0.55
GPANK1	1.94
	0.16
	0.53
	1.21
PDE3B	0.41
IL10RA	-0.75
GNL3L	0.56
POLDIP3	0.14
HM13	-1.2
	-0.54
ALDH18A1	0.96
	-0.42
	-0.06
	-0.1
ANKS1A	0.9
PPOX	0.44
	0.34
	0.19
GLB1	0.79
ACTRT3	-0.91
RPL12	0.1
ADAM10	-0.03
ADAM15	-1.01
ADAM17	0.91
	-0.74
	-0.62
HAGH	-0.14
CPNE1	-1.78
PTPRE	0.24
CPNE5	1.01
	0.9
PYCARD	0.08
DNMT3A	1.11
AAK1	-1.39
	-0.19
SNRPN	-0.58
	-0.05
GDE1	-0.43
SNRPB	-0.7
	-0.75
	0.7
SHANK3	-0.29
	0.32
	0.85
ZDHHC17	1.29
ZDHHC13	-0.86
ZDHHC12	-0.1
PRKAG1	0.07
PRKAG2	-0.55
PCSK7	-1.22
DUSP28	1.8
HIPK2	-0.06
HIPK1	0.1
DUSP23	0.32
LEMD3	-0.64
LEMD2	0.33
	0.61
BLMH	0.18
NAPG	-0.27
AP3B1	-0.39
	0.0
ESPL1	0.47
LARP1	0.03
TWIST1	-0.45
LARP4	-1.38
	0.0
	-0.81
	-0.22
	0.2
DDX41	-0.38
TMEM45A	-0.59
DDX42	0.22
DDX47	-0.29
ZGPAT	-0.11
ATMIN	-0.67
SNRK	-1.21
	1.55
LGR4	-0.47
	0.2
CDKN1B	0.63
CDKN1A	-0.54
UBE2D2	-0.49
UBE2D3	-0.48
UBE2D1	-1.03
	2.02
GUF1	1.23
	1.13
	1.98
	1.29
	1.59
	3.27
SAMSN1	1.42
	2.77
	1.94
SAP130	0.76
	1.67
APOM	0.02
STX12	-0.22
FAM104A	0.24
NFIL3	-0.26
	-1.11
CCDC51	-0.44
TMEM127	-0.63
FOXJ3	-1.72
	0.35
TMEM123	-2.12
	0.77
STX16	-0.64
TMEM129	-0.36
TMEM128	0.78
	-0.65
STX18	-2.07
NUFIP2	-0.38
	0.14
	0.46
	-0.79
	0.67
C9orf78	-0.68
SLC35B1	-0.25
SLC35B2	-0.17
FBXO30	-0.87
SLC35B4	-0.13
FBXO32	-1.92
	-0.38
	1.8
	1.89
	2.62
GNS	-0.27
PELP1	1.26
	-0.67
	0.15
MBOAT7	0.06
SPSB3	-1.08
SPSB2	1.83
HINT2	1.08
HINT3	-1.43
SLC25A53	2.04
	-0.06
	-0.66
CDC34	-1.07
	0.36
CDC37	-0.22
ALAS1	0.58
FICD	-0.16
	-1.15
BRWD3	-1.24
	-0.45
BRWD1	-0.4
	-0.06
BIRC3	-0.24
EIF5	-0.35
CDCA7L	-0.71
	-0.82
APBA3	0.82
APBA2	0.11
	1.14
	1.14
PGLS	-1.23
	2.74
	-0.05
	-0.19
	0.34
	-0.46
	1.37
	1.22
MORC2	0.86
WDR7	0.19
MORC1	-0.4
	0.18
	0.66
	1.57
	1.45
RB1CC1	-0.04
CCNA2	-1.11
	-0.37
VPS25	0.01
DYNC1I1	-1.28
VPS28	-0.17
	-0.27
SKA1	-0.43
RAI1	0.93
SKA2	0.03
C1orf112	-0.33
	-0.2
CBWD1	-0.38
MEF2D	-0.99
ADAT3	-0.66
LGALS3BP	0.28
PLEKHO2	0.76
PLEKHO1	-0.64
	-0.71
E2F6	0.79
E2F5	1.32
E2F3	-1.25
E2F2	1.27
E2F1	1.63
ZNFX1	0.23
C6orf89	0.77
E2F8	0.28
ACBD3	-0.33
ACBD5	0.73
ABLIM1	-0.24
PPP1R13L	0.4
EEF2	-0.69
	1.34
	3.17
	1.77
	1.69
	0.3
TUSC1	-0.01
TUSC2	-2.01
EPHX1	-0.29
	2.44
HYLS1	1.06
TIGIT	-0.93
IZUMO4	0.2
	2.76
PYCR2	-0.02
PYCR1	-2.0
	1.84
CTBS	0.03
WNT10A	-1.04
GNG10	1.61
RPLP2	-0.49
URB2	-1.64
URB1	-0.21
LIPA	0.15
HPCAL1	-1.21
LIPE	-0.32
	1.49
EIF2B2	-1.15
DFFA	-0.66
SEC24D	-0.53
REV3L	1.02
SEC24A	-0.53
SEC24C	0.22
SEC24B	0.48
RNF19B	-0.01
RNF19A	0.7
	1.14
MRPL43	0.19
	2.09
IPP	-0.39
MRPL40	0.23
MRPL47	-0.34
MRPL46	-0.47
MRPL45	0.3
C16orf91	0.55
TRIP6	-0.16
DPP7	-0.45
	-0.76
	0.12
	-0.27
ZNF691	0.57
ARFGAP2	-0.11
ARFGAP3	-0.5
	-1.05
UNC93B1	-0.12
LAMB3	0.56
ATP7A	-1.2
CYSLTR1	-1.02
NEK6	-1.11
NEK7	-0.52
NEK4	0.66
RUVBL1	-0.72
RUVBL2	-1.04
	-0.19
U2AF2	-0.28
MPHOSPH6	-0.39
	2.27
	1.98
	1.86
ZZZ3	-0.36
CCDC6	1.16
CCDC9	-0.77
MGA	-1.79
MTHFD2	-1.14
MTHFD1	-1.14
TBP	-1.3
NSD1	1.24
	-0.92
	-0.07
	-0.68
NUDCD3	-1.71
NUDCD1	-0.91
ADSS	-1.46
	1.17
STBD1	-0.68
	0.25
GMNN	-0.72
WDHD1	-1.12
MPLKIP	-0.07
TIMMDC1	0.4
RPS27L	-0.45
GAS2L3	1.17
	-1.18
ZNF436	-1.0
	1.8
RALGDS	-0.33
	1.02
	-0.41
	0.03
NUDT11	-0.33
ZW10	-0.99
	0.02
RSRC1	0.95
RTCB	0.03
STX3	-0.81
STX2	-0.36
STX5	-0.28
STX6	0.27
	-0.73
	0.56
	0.49
	0.46
	3.28
KIAA0232	0.03
	0.03
TRMT2A	-0.14
ECE1	-0.1
TRMT2B	0.11
	-1.16
IMPACT	-0.99
DRG2	-0.14
DRG1	0.05
ARHGAP42	0.01
CLIC1	-0.53
EVC2	0.04
AURKA	1.19
AURKB	0.46
AP1B1	0.51
GNPTG	0.4
CDC42EP3	-0.51
TXLNA	0.35
	-0.13
CRIM1	-0.5
	-0.06
	-1.07
TESC	-1.84
NKTR	-1.49
	0.65
ACADVL	0.21
RAB4B	0.26
GTF3C2	0.49
	0.72
	-1.32
	-0.88
CAV2	0.83
KIF2C	1.16
CAV1	-0.37
	0.4
IL12RB1	-0.56
ATP6AP1	-0.7
ATP6AP2	-0.57
ENSA	-0.09
CLINT1	-0.71
	-1.14
DMAP1	0.2
LAMTOR1	0.11
ACTL10	0.95
ACOT8	-0.61
ACOT9	-0.57
ACOT7	-0.13
ADCY5	1.48
ADCY6	-0.97
ADCY7	-0.77
ADCY3	-1.08
KIF24	-0.89
RBBP7	-1.11
SECTM1	0.9
KIF23	1.46
KIF22	-0.26
JKAMP	-0.1
RAB43	0.32
NUCKS1	-0.04
FAM208A	-0.14
DDI2	-0.61
SKAP2	-0.96
SKAP1	-1.06
C12orf4	-0.3
RAB30	-0.99
XRCC1	-0.28
PITPNA	-1.78
XRCC4	-1.08
XRCC6	-0.36
SMURF1	1.23
	0.31
CLEC7A	-1.09
	0.4
	-1.38
	-0.68
SOWAHC	1.57
AKT1S1	0.84
NARF	-1.2
GSPT2	0.82
GSPT1	-0.15
RALGPS2	0.94
MIER1	-0.88
MIER3	0.03
RSL1D1	-0.3
PAPD7	0.23
PAPD4	-0.19
ELAC2	-0.03
	-0.5
LMNB2	0.43
LRBA	-0.17
MRPS28	0.87
MRPS26	-0.77
MRPS27	0.92
MRPS24	-0.47
CD276	-0.07
MRPS22	-1.54
MRPS23	-0.3
MRPS21	-0.54
	-0.21
PPP2R5D	-0.22
PPP2R5A	-1.16
PPP2R5B	0.88
	-0.54
LCMT2	-0.55
YY1	0.58
YY2	1.08
NAMPT	-1.22
	1.59
	1.68
	1.24
	1.08
	2.89
	1.77
	1.72
	1.44
	1.52
OPTN	-0.68
JMJD7	0.25
JMJD4	0.0
	0.59
ZHX2	0.27
ZHX3	-0.01
MCCC2	-0.78
ACACA	-0.9
ACACB	-0.61
	0.15
SIN3B	-0.52
FOXD2	1.6
	-0.71
CCDC34	0.28
FOXD1	1.8
APPL1	0.15
APPL2	1.58
	-0.31
	0.32
GAS8	-0.99
MEMO1	0.99
ERLIN2	-0.51
CAPN15	-0.99
CAPN10	0.75
ZMAT5	0.33
SLC35D1	-0.09
COX7B	-0.51
HIBCH	-0.42
SARS2	0.96
CYFIP1	-0.68
NECAP2	0.11
	-0.71
	-0.84
MPRIP	-0.23
	-1.98
	-0.91
C11orf96	-0.75
THUMPD1	-1.0
THUMPD3	0.13
CHORDC1	-0.78
TDRD3	-0.21
MLLT6	1.04
MLLT1	0.6
NUP188	0.38
WDR36	0.38
COPG2	-0.01
GLT8D1	0.21
COPG1	-0.62
ZNHIT2	1.01
ZNHIT1	0.73
ZNHIT6	-0.08
	0.18
GTPBP4	-0.65
GTPBP6	1.42
GTPBP1	-0.82
GTPBP3	0.74
GTPBP2	0.72
GTPBP8	1.3
BPNT1	0.23
	0.61
IL15RA	-0.42
	-0.91
	0.54
BCL9	1.52
EPM2AIP1	0.16
BCL3	-0.29
PLK1	-1.03
	3.66
NPEPL1	0.02
PLK2	0.44
CLMN	-0.79
SPRYD4	0.66
	0.21
	-0.87
	0.32
	0.96
GIGYF1	1.23
ZP3	0.86
KIAA0391	-1.17
	-0.18
CWC15	-0.59
STK11IP	0.57
MTM1	1.23
CSNK1G2	1.48
CSNK1G3	0.18
CSNK1G1	1.81
SERPINB1	0.69
SERPINB6	0.8
PCGF1	-0.86
FAM76B	1.39
	-0.47
MAGED1	-1.14
MAGED2	-0.18
C6orf62	0.57
NFS1	-1.29
	-1.32
ELP6	1.3
ELP4	-0.86
ELP3	-1.01
	0.18
ASPHD2	-0.99
	-1.27
CYFIP2	-1.13
	1.13
SPRYD3	-0.51
	-1.5
MANEA	-1.07
RAC2	-0.13
	0.22
	-0.16
KLHDC2	0.02
CDC123	-0.42
UBAP2	-1.04
POLL	-1.27
	0.32
	0.0
	0.72
ASXL1	-0.32
ASXL2	0.44
HDDC2	1.24
ZBTB39	-1.0
ZBTB38	0.06
	0.28
TMEM9B	0.39
ZBTB33	0.16
	-0.76
ZBTB37	1.71
TLR7	-2.24
SMC1A	-0.77
SGTB	0.68
TMEM97	-1.06
	1.46
SGTA	-0.54
KIAA0895	1.25
TRIM47	0.34
TRIM44	0.51
IVD	0.39
PEX3	-0.23
PEX2	-0.71
PEX5	0.61
	0.08
ESAM	0.8
AP2A1	-1.06
GAS6	-0.56
ACD	-1.37
RINL	1.64
	0.93
ME1	-0.8
GNAI2	0.13
	0.7
GPR146	1.01
MPZL2	-1.21
TBK1	-0.11
MPZL1	0.11
AURKAIP1	-0.46
	0.48
	-0.14
	-0.74
SLC7A7	0.6
CITED2	-0.04
	-0.73
PFDN1	-1.23
DAGLB	0.12
PFDN5	-0.08
PFDN4	-0.53
PFDN6	-0.03
MTHFR	-0.2
HLA-G	-0.29
TOP1MT	0.93
	-0.16
DTNA	0.46
SLC7A1	-1.14
POMK	-1.14
	0.46
WSCD1	-0.86
	-0.91
HIRA	0.52
RIN3	0.98
PDE4DIP	-0.05
TOMM20	-0.07
RPS13	-0.6
CLPX	0.05
RPS11	-0.44
RPS10	-0.29
RPS16	-0.76
RPS15	-0.71
RPS14	-0.79
CLPP	-0.02
RPS19	-0.52
RPS18	-0.6
RIPK1	-1.38
LATS1	-0.36
DDOST	-0.42
PDCL	-0.22
	-0.71
CLPB	0.15
PUSL1	0.75
FEZF2	-0.06
PLCXD2	1.17
	1.67
	0.12
ZNF416	1.09
TSSC4	0.17
ZNF414	-0.74
RRAGD	-1.48
RRAGA	-0.34
RRAGC	-0.51
GLIPR1	-0.07
SSSCA1	0.45
POU4F2	0.88
GGT1	-1.29
MCOLN1	0.58
RASA1	0.28
RASA2	-0.16
RASA3	-0.33
	-0.36
ACTN1	-0.82
SLC40A1	-0.21
ACTN4	-0.18
TINF2	-0.53
EZR	-0.58
PTPRG	-0.17
PTPRF	-0.52
	-0.43
	-0.44
EIF2S2	-0.98
	2.88
PTPRA	-1.11
	-0.83
	-0.57
PTPRK	-0.1
IFT20	-0.88
	1.15
CPD	0.14
CPQ	-0.02
	0.24
	-0.72
DMPK	1.01
CLGN	-0.68
RRP7A	0.43
MON2	-1.11
FAM172A	-0.66
FBXW11	-0.77
	-0.35
UBXN7	-0.23
LMTK2	-0.23
TOP2B	0.05
	-0.68
	-1.12
	0.13
	-0.89
	0.29
	0.56
	0.36
HMGN1	0.02
	0.02
	0.21
	-0.29
RAB6A	-0.85
	0.55
RC3H1	0.18
RC3H2	1.32
CRIPT	0.37
	0.45
	-1.45
	0.07
SDAD1	0.42
ISG15	-0.97
CDK5RAP1	0.01
PIM2	-0.22
BRCC3	1.47
TMEM8A	1.0
GDI2	-0.44
GDI1	-0.72
ARL5A	0.67
ARL5B	-0.9
	-0.43
	1.35
TFAP4	-0.18
SPDL1	1.63
	-0.56
PSAP	-0.42
WDR34	-0.97
WDR37	0.59
HIST1H2BG	-0.84
WDR33	0.06
	-0.77
CRIP1	-2.11
EIF4A3	-0.4
EIF4A2	-0.42
ABHD17B	0.2
ABHD17C	-0.73
HIST1H2BB	-0.26
GIGYF2	-1.33
TLE3	0.11
TLE1	0.02
FAM206A	0.05
HGSNAT	0.47
NUDT16L1	0.3
PLP2	0.12
HIST1H2BN	0.98
CDC6	0.76
PROB1	0.3
PKLR	0.78
	-0.55
TMEM259	0.1
TFPT	0.42
	0.82
	-0.2
	-0.25
KIAA1109	-0.55
TM9SF4	0.15
TM9SF1	-0.43
	-0.17
TM9SF2	-0.36
	1.78
	-0.06
	0.34
SPATS2L	-0.97
NAT1	0.34
	0.75
	0.33
MBNL1	-0.57
	1.45
MEPCE	0.26
	2.01
GLOD4	0.31
	-0.47
	1.07
COX5A	-0.98
	-0.32
TMEM258	-1.01
TMEM256	0.84
	0.02
KIAA2026	-0.23
CPSF7	-0.12
CPSF6	-0.49
CPSF4	-0.28
CPSF3	-0.84
CPSF2	-1.4
CPSF1	-0.79
	0.36
MAD1L1	-1.35
ACAA2	-0.27
ACAA1	-0.57
ELOVL5	-1.01
	-0.25
SIPA1L3	0.95
TTLL4	1.35
TTLL7	0.09
LTBP4	0.64
LTBP3	-0.12
ARIH2	0.0
ARIH1	-1.46
SEC23B	-0.53
RNPC3	-0.48
QKI	-0.63
SUFU	0.08
PLA2G4C	1.17
PLA2G4A	0.17
SLC35F6	-0.51
LRWD1	1.09
SLC35F2	0.94
MBD4	0.52
CMTM8	1.8
MBD6	0.5
MBD1	-1.31
NRBP1	0.45
MBD3	0.71
MBD2	-0.28
CMTM6	0.13
FAM126A	-0.06
FAM126B	-0.26
TRMT112	-0.39
MPC1	-1.07
TSPAN13	1.75
	0.88
REXO1	0.41
REXO2	0.0
SLC25A19	1.34
SLC25A13	-0.78
SLC25A12	-1.47
SLC25A11	-0.87
SLC25A10	0.12
	0.5
STAT3	0.42
CCDC14	0.5
EAF1	0.0
EAF2	-1.33
NDUFA11	-0.23
FOXF2	1.22
NDUFA13	-0.08
TMUB1	-1.35
SIPA1L1	-1.29
DNAJA1	-1.07
	-1.24
SYNCRIP	-0.87
ZNF280C	0.2
	0.11
	0.55
	1.06
	0.72
GNG5	-0.3
DBF4	-1.18
	0.29
NOA1	-0.12
ALG8	0.76
PDXK	-0.97
	-0.11
ALG1	-1.32
ALG6	-0.44
ALG5	-0.59
SMARCE1	-1.45
PDXP	-1.09
	0.91
	-0.43
STAM	0.24
FUK	-0.11
KIAA1324L	-0.94
	-0.21
RAB11A	0.2
FIG4	-1.08
NOSIP	0.33
GCC1	0.28
TBC1D8B	0.54
	0.45
RASGEF1B	-1.35
SMYD4	2.07
SMYD5	0.5
TRDMT1	-0.35
SLFN5	1.14
MRFAP1	-1.93
	-0.76
	1.32
IRF1	1.25
	-1.02
IRF7	0.41
IRF6	0.58
	-0.54
C6orf47	1.19
LY75	0.1
SNX29	-0.18
CLK2	0.18
CLK3	0.03
CLK4	-1.31
SNX27	-0.07
SNX25	0.27
RUNDC1	0.03
	-0.85
	-0.03
C16orf70	0.36
FECH	-1.93
	-0.1
SYVN1	-0.69
ZBTB11	0.13
ZBTB10	-0.34
ZBTB17	0.26
	0.01
PNPLA2	-0.06
ZBTB18	0.12
	-0.55
MTO1	0.04
	0.12
DDX19B	-0.78
LYSMD3	0.59
ACVR2A	0.8
KLHL12	-0.33
KLHL13	0.28
KLHL15	0.29
KLHL18	-0.18
	-0.04
TRIM68	0.93
PARD3	-0.67
MTOR	-1.64
UNG	-1.02
	-0.44
TRIM62	-0.55
TRIM65	0.7
TRIM66	0.02
TRIM67	1.24
DUSP6	1.38
DUSP1	-0.01
	2.01
C2orf69	0.2
SOWAHB	1.23
NRF1	-0.07
NAGPA	-0.25
INSR	0.85
FAM192A	0.23
	-1.06
	-0.76
	-0.08
	-0.97
	0.53
	1.78
ARAP1	0.9
	1.25
BID	-0.58
	-1.28
	0.34
PYGO2	1.31
FAM229B	-0.67
HEMK1	0.59
	0.09
	0.46
CYBB	1.36
CYBA	-0.44
	1.57
	1.37
CTNS	-1.19
PHYH	0.05
ZGRF1	1.26
PPM1A	-1.14
MCC	-1.64
NOTCH1	-0.05
NOTCH2	1.29
ZNF655	0.74
ZNF654	-0.18
HSF1	0.52
	-0.51
HSF2	0.25
CRLF2	-1.87
HSF4	-0.56
RAPGEF6	-1.68
N4BP2L2	-0.85
RAPGEF1	-0.17
	-0.01
CERK	-0.42
	2.24
ZNF384	-1.02
	1.29
RAPH1	-0.23
	-0.29
PARK7	0.07
RORA	0.57
	0.4
NXPE3	-1.1
	1.49
ZNF473	0.44
DMTF1	-0.8
	-0.48
MDM2	-0.32
MDM4	-0.56
ROR2	1.14
KIZ	0.05
	0.63
SNRPD2	-0.22
SNRPD1	-0.43
KPNA6	-1.07
	-0.17
KPNA4	-0.02
KPNA3	0.86
KPNA2	-0.5
	-0.01
ARAF	0.76
	-0.03
CISD2	-1.56
IFT46	-0.58
UNC119B	1.04
	0.58
FRS2	-0.26
GOLT1B	-0.69
	-1.71
CRK	-0.21
	1.07
	1.08
DVL3	-0.49
GLDC	1.18
QPCT	-0.66
	3.24
	1.44
	1.61
	2.27
	1.4
B4GALT1	0.02
B4GALT3	-0.3
B4GALT2	0.36
B4GALT5	0.38
B4GALT4	-1.16
	0.44
ROMO1	-0.58
DHRS13	1.34
TRRAP	0.51
	-1.08
	-0.05
CR2	-0.03
	0.23
LGMN	-0.04
TNFRSF1A	0.23
FAM174B	-1.53
FAM174A	0.73
CYP19A1	-0.42
MAK16	-0.17
	-0.09
	0.25
VMAC	1.62
DOHH	-0.57
GCFC2	0.8
EHMT1	-0.82
EHMT2	-0.51
ADIPOR2	-0.4
ADIPOR1	0.57
HPRT1	-0.12
MARK4	-0.18
	-1.57
MARK2	-1.98
MARK3	0.01
	2.42
IGBP1	0.01
CD63	-0.34
NDUFA12	-0.34
	1.22
	1.73
CD68	-0.05
TPD52L2	-0.75
	0.14
EFCAB14	-0.8
ISOC2	-0.86
ISOC1	-0.61
WDR12	-0.23
WDR11	-0.77
WDR19	-1.44
WDR18	0.19
	1.2
PPP2R1A	0.17
PPP2R1B	0.51
FAM204A	0.73
C1orf216	-0.14
USP9X	0.18
USP9Y	1.17
	-0.51
	0.15
ZMYND11	1.08
NOC4L	-1.42
	0.26
ZMYND19	-0.9
	-0.8
CGGBP1	0.48
ZFP42	1.17
FAM83D	1.03
MAD2L1BP	-1.05
DGKZ	-0.3
	-0.44
HSPB1	-0.88
PKN1	-0.66
	0.98
PKN2	0.91
RHOBTB2	1.59
	1.08
	1.35
	-0.1
INO80B	-0.92
INO80C	-0.89
	0.37
FAM43A	-1.35
	-0.99
NGDN	-0.77
	-0.65
HPCA	0.42
C5orf24	-0.5
	-0.97
C2CD3	1.37
	0.46
	0.36
LIG4	1.27
	-0.3
CSNK1E	-1.24
LIG1	-0.27
LIG3	-0.92
APEH	1.05
IREB2	-0.63
	1.22
	-1.0
SAMD9L	0.35
	0.08
KCTD12	0.08
KCTD17	-1.12
	0.92
	-0.29
ZKSCAN3	0.63
ZKSCAN2	1.68
ZKSCAN5	-0.56
	0.12
ZKSCAN8	-1.88
ATP13A3	-1.08
UFL1	-0.08
	-1.19
H6PD	-0.23
	-0.93
SLC25A36	-1.07
DCP1A	-1.82
	-0.79
SLC25A39	0.11
SLC25A38	-0.73
GNG7	-0.11
TUBA1C	0.27
DENND6B	0.2
TUBA1A	0.27
	-0.24
IGSF11	1.52
	0.93
CHMP5	-0.36
FAM102A	-1.07
	0.15
	0.45
TAF7	0.28
TAF5	-0.52
TAF4	0.88
TAF3	-0.74
TAF2	-0.3
	-0.47
	-0.41
	1.32
G6PD	0.91
HMOX1	0.5
TAF9	0.0
HMOX2	-0.33
TSPAN33	0.78
TSPAN31	-0.2
ELMO2	-0.91
POMT2	0.54
AGPS	-0.85
LRRCC1	0.02
FNIP1	-0.66
FNIP2	0.53
SSBP2	-0.15
SMIM7	0.19
	-0.85
SMIM8	-0.08
AP2M1	0.43
PDCD6	-0.13
TCF25	-1.13
PDCD4	-0.11
PDCD5	0.21
TCF20	-1.14
PDCD1	-1.5
	-1.08
HDLBP	-0.89
ERP44	-0.89
ARFGEF1	0.11
ARFGEF2	-0.72
	-0.74
	0.84
GFI1	0.85
VPS26A	-0.34
	0.45
VPS26B	0.75
	0.85
RLIM	-1.52
SMU1	-0.8
SREBF2	-0.01
SREBF1	-1.1
OXCT1	-0.16
STAC	1.58
CIC	-0.47
KARS	0.44
RAB39A	-0.31
	-0.45
SSRP1	-1.05
IL12A	0.9
	-1.04
RNGTT	-1.51
TAF6L	0.35
	0.01
TATDN3	-1.78
TATDN2	0.61
C1orf174	-0.59
RPIA	-0.08
	0.45
MTA1	-1.11
MTA2	0.43
LRP10	0.61
PRPS1L1	-0.07
GPC1	-0.35
GPC4	-0.18
HEPH	1.56
SRM	0.39
MTAP	-0.07
BICD2	-0.07
SEC22C	1.58
SEC22B	0.06
SEC22A	-1.44
	-0.44
BBS1	1.01
BBS2	1.29
BBS5	0.21
	0.31
BBS7	-0.53
C2orf49	-0.21
	1.63
MUT	-1.63
AGL	1.23
AGK	-0.02
	-0.22
NIPA2	-0.26
NIPA1	-0.85
SSFA2	-1.05
	-0.96
AGA	-1.05
PDCD10	-0.95
PDCD11	-1.31
	1.28
SLC50A1	-0.81
	0.72
PIK3CA	0.38
PPP4C	-0.43
PRNP	-0.45
PIK3CG	-0.21
ZSWIM4	-0.98
	0.1
ZSWIM6	0.08
RAB11B	-0.83
	0.98
TMEM59	-0.47
TMEM56	0.4
	0.8
ZSWIM8	0.14
TMEM53	0.54
	1.39
DIMT1	-0.8
	-0.63
POLR3GL	0.27
	-0.11
	-0.08
PRRG4	-1.06
	0.18
	-1.21
	2.8
	1.09
SNN	0.35
MAX	-0.93
PARP14	-1.26
	-0.68
ERI3	-0.8
PARP10	0.48
ERI1	-0.08
VPS8	-1.19
MAF	0.01
ACLY	-0.04
ALDH3A2	0.4
EVC	0.71
EDC3	-0.28
EDC4	0.19
ZNF451	-1.54
	0.26
CSDE1	-0.56
BACH2	1.17
	0.06
PAM16	-1.61
GMDS	0.06
LSR	0.14
LSS	0.19
AGPAT3	-0.43
MPV17	0.15
BYSL	0.59
FAM136A	-0.29
ANAPC1	-0.76
ANAPC5	-0.83
ANAPC4	-0.59
ANAPC7	-0.06
RPS6KA1	-1.33
SNRPB2	-0.71
RPS6KA4	1.56
RPS6KA5	1.47
RPS6KA6	1.49
PISD	1.1
PSMD14	-1.02
PSMD11	-0.73
PSMD10	-1.03
PSMD13	-0.32
PSMD12	-0.28
	-0.26
UTP23	1.25
UTP20	0.1
MINPP1	-0.16
	-0.26
METTL2A	-0.25
SMYD3	-1.23
VAPA	0.4
TELO2	0.41
CTH	-0.05
	0.17
ARF3	-0.77
ARF1	-1.06
ARF6	-0.06
ARF5	0.55
ARF4	-0.24
IRF3	0.25
	0.37
MYLK2	-0.23
	0.13
HILPDA	-0.07
TRMT44	-0.36
MOB2	0.69
	0.98
	1.02
	1.05
MOB4	-0.91
FOXO3	0.18
NDE1	0.84
IRF5	-0.44
RAB11FIP5	0.85
RAB11FIP4	0.18
PCBD1	-0.6
	0.36
LRRC23	1.9
MYL6B	0.07
IFIH1	-0.48
ACTR10	-0.48
	-0.86
HMGB2	-0.55
	0.26
CHP1	0.45
FYCO1	0.53
SPNS1	0.34
RAB2A	-0.95
GCHFR	-1.11
	1.08
WDR45B	-0.86
AASS	0.03
	0.23
	-0.92
CLIP1	-0.16
ETNK1	0.13
HEXDC	0.43
DHRS7B	-0.71
CDC37L1	0.45
CD48	-1.17
CD44	-0.73
CD47	-0.11
CD46	-0.19
CD40	0.02
	0.85
FPGT	-0.23
FGFR1OP	0.09
	-0.44
MAF1	-0.32
RAB21	-0.36
EIF4E3	-0.41
RAB23	1.09
TBL1X	-0.41
	-0.79
RAB26	0.72
FXR1	-0.43
RAB28	-0.59
	-0.14
CALR	-0.7
FAR1	-0.94
ACTR1B	-0.23
ACTR1A	0.26
WDR70	0.03
CHPF	-1.01
WDR75	-1.02
WDR74	-0.05
WDR77	-1.29
WDR76	1.07
	0.89
	1.8
	-0.43
	-0.36
NTAN1	0.19
NQO2	-0.77
	1.04
C15orf39	0.26
NQO1	-0.1
PRPF8	-0.42
SFMBT2	-0.45
PRPF4	-0.74
PRPF6	-0.74
CLOCK	-0.26
RNMT	0.39
	-0.57
ZFP64	-0.92
PIP4K2A	0.57
PIP4K2C	1.25
PIP4K2B	0.69
ARL14EP	-1.12
LEFTY2	1.32
LEFTY1	1.3
ARRDC4	1.9
	1.52
ARRDC1	0.04
	0.93
RAB27A	0.05
KIAA0930	-1.43
SH3BP5	1.25
RABGAP1L	-0.09
	-0.21
ELK3	-0.99
CDON	-0.67
ELK1	-0.23
ELK4	1.08
	0.56
PAK1	0.03
PAK2	-0.28
KIF11	-1.04
FAM122A	0.06
FAM122B	-0.37
NSDHL	-0.29
	-0.92
PANX1	-0.97
CEP97	-1.14
NCKIPSD	-1.08
SUB1	-0.96
ATXN7L3	-0.29
LCN10	-0.3
TNS3	-0.35
TRAF3IP1	-0.75
	-0.87
	0.5
	-0.45
	-0.31
ZNF777	-0.87
ARGLU1	-0.03
FASTKD2	-0.82
	1.92
CA2	-0.01
KLC4	-1.22
COX18	-0.54
COX19	1.17
PFN2	-1.25
NUBP1	0.97
CREM	-0.84
TMEM214	-0.4
COX10	-0.23
COX11	0.6
TRIM3	0.34
GAS2	0.67
COX14	0.24
	-0.97
COX16	0.06
COX17	-0.04
ANKRD13D	-0.8
ANKRD13C	-0.78
KIAA1468	-0.89
AIDA	-0.36
RTCA	-0.32
	-0.88
	1.41
PPA2	0.89
CYB5D1	1.53
	0.49
NUP62	-0.03
ALCAM	-0.3
	-1.07
TPM3	-0.75
FBXW8	-0.89
FBXW9	-0.22
	1.5
CCPG1	-0.43
SIPA1	2.0
FBXW2	0.17
FBXW5	-1.46
FBXW7	0.49
TGFBR2	-0.66
TGFBR1	-0.42
	-0.65
SMNDC1	0.72
TPMT	0.81
IER5L	0.33
	0.63
PCIF1	-1.28
TJP2	0.95
COMMD9	0.24
NDOR1	-1.06
	1.67
PPAN	-1.07
	0.98
	-1.22
BABAM1	0.38
GKAP1	1.59
	2.74
	1.75
	1.31
	1.43
DCXR	-0.92
CHPF2	0.32
NFYC	-0.56
NFYB	0.26
NFYA	-0.1
	0.64
RABL6	-0.25
SMARCA2	-0.35
SMARCA4	-0.06
RABL3	-0.54
	-0.41
OLAH	0.32
FYN	-0.23
	1.53
TOR1B	0.33
	1.2
	-0.79
CCT6A	-0.76
	1.64
CCT6B	-0.7
RAB1B	-0.19
RUFY1	0.65
RUFY3	0.61
FCGR2B	-0.33
OSTC	-1.03
FCGR2A	0.18
RPL7A	-0.72
SKIL	0.19
	1.26
CYTH1	-0.15
CYTH3	1.04
CYTH2	0.7
CYTH4	0.34
DPH1	-0.28
DPH2	0.02
DPH3	0.69
DPH5	1.45
DPH6	-0.65
	-0.52
CANT1	-0.31
WBP4	-0.11
	0.72
PTGS1	0.63
SLK	-0.31
GPAM	0.34
DCK	2.25
	0.21
PERP	0.45
CUL9	0.87
EIF4ENIF1	0.08
CUL5	-0.85
CUL7	-0.21
	-0.76
CUL2	-0.09
CUL3	-0.25
TRIM28	0.22
PNKP	0.98
TRIM24	0.17
TRIM25	0.49
TRIM26	-0.24
TRIM27	0.79
CREB3	0.29
TRIM21	0.02
CREB1	-1.52
TRIM23	-0.05
PER1	0.64
PNKD	0.74
GNPAT	0.5
TRPT1	0.26
KAT8	1.6
	0.84
VTA1	0.79
KAT5	0.7
ARCN1	-0.4
KAT7	-0.23
	0.61
NKAP	-0.08
	-0.36
	1.24
AES	-0.26
CD300A	0.09
PNRC1	0.36
PNRC2	0.57
GBA	0.63
MMGT1	-0.7
DNAJC24	-0.56
DNAJC21	0.02
	-0.12
	1.19
DTD2	-0.57
ARHGAP9	1.32
ARHGAP4	-0.75
	-0.55
ARHGAP1	-0.16
AEN	0.39
	-0.3
SPRTN	0.5
PPP6C	-0.56
	1.77
ANXA11	-0.52
	3.31
RBL2	-1.05
HSPA4L	-2.02
	-0.61
	-0.55
HEMGN	-0.16
MRPL4	0.64
MRPL2	-0.12
RPUSD1	-0.66
RPUSD2	0.98
RPUSD3	-0.4
	-0.72
	0.64
	0.06
	0.0
	-0.41
	0.15
	-0.5
EIF4EBP1	-0.91
EIF4EBP2	0.65
	-0.22
BAG2	-0.3
BAG3	-0.97
BAG1	0.69
BAG6	0.29
BAG4	0.89
YBEY	0.44
KMO	1.54
MSRB1	-0.14
RTKN	0.93
MSRB3	-0.12
CTDP1	-0.1
	0.23
SLC39A1	-0.28
CD79A	-0.81
	1.68
ATXN1L	0.08
GMFG	1.01
GMFB	-0.3
	1.64
CYB561A3	-0.99
	-0.51
PDHA1	-0.09
	2.15
SAP18	0.18
	2.06
ATXN10	-0.27
MYL12B	-0.56
MYL12A	-0.41
G2E3	0.41
TSTA3	-1.39
CAMK1D	-0.08
VARS	-0.63
	1.89
	1.89
SMCR8	0.8
	0.12
SEL1L3	-0.69
HIST4H4	-0.66
NAP1L1	-0.61
NAP1L2	-0.54
NAP1L4	-0.46
	0.35
RGS6	-0.1
LRRC8C	-1.23
RGS1	-0.8
RGS2	-0.95
APMAP	0.88
PEAK1	0.61
SERTAD2	0.28
	-0.39
SERTAD3	-0.45
	-1.09
KIAA1143	-0.16
FSD1L	0.8
SH2B2	-1.14
NAB1	0.18
RDH14	0.57
KANK2	-0.36
RDH11	-0.97
KANK1	0.35
	-0.97
DOLK	-0.54
	0.35
	-1.63
CANX	-0.92
NALCN	1.3
CIAPIN1	-0.99
	0.41
	4.1
PTP4A1	-0.13
ZSCAN29	-0.89
ZSCAN25	1.36
ZSCAN26	-0.11
	-0.72
ZSCAN20	-0.97
ZSCAN21	0.85
	-0.63
CD28	-0.71
SUZ12	-0.57
MRPS9	-0.2
MRPS7	-0.08
MRPS6	-0.82
IFI35	-1.31
TDRD7	1.87
IFI30	0.74
ABHD8	1.38
MYLIP	0.33
OTUD1	-1.95
ABHD2	-0.7
ABHD3	-0.82
PA2G4	-0.27
ABHD4	0.02
ABHD5	-1.17
NKIRAS2	0.39
WDR55	-0.82
TWF2	0.38
MBTPS2	-1.0
TMA16	-0.73
MBTPS1	0.88
EIF4G3	-1.7
EIF4G2	-0.06
EIF4G1	0.01
FAT1	-0.51
GRB2	-0.04
	0.32
FAT4	0.63
UQCC1	-0.67
	-0.02
UQCC2	-0.87
	1.35
	-0.34
	-0.29
SSU72	-0.75
	0.18
LSM8	-0.82
SWT1	-1.67
	0.8
	-0.58
	2.89
	1.15
RBMX2	-0.19
DIRC2	-0.7
	1.19
	-1.08
	-0.12
	-0.16
	-0.79
POLR2E	-0.47
POLR2D	0.42
POLR2G	0.01
POLR2A	0.02
LSM2	1.41
POLR2C	-0.17
POLR2B	-0.64
POLR2M	-0.66
POLR2L	0.12
THOP1	0.33
POLR2I	-0.96
POLR2H	-0.46
POLR2K	-1.15
POLR2J	-0.55
	-0.03
TLK1	-1.54
	-0.74
TLK2	-0.44
CCL3L3	-0.41
USP53	-1.46
USP51	-0.81
GTF3A	-1.88
	0.55
ASCC3	0.06
ASCC2	-0.43
VPS72	0.78
AGO1	1.05
AGO3	-1.06
AGO2	0.06
GAMT	-1.76
VBP1	-1.07
FAM120B	-0.9
FAM120A	-0.6
	0.51
MAPK14	0.35
MAPK10	1.82
MAPK12	-0.05
SHKBP1	-0.76
FZD1	0.94
FZD3	0.27
	1.48
FZD6	-1.05
	-0.5
CACNB1	1.96
DHCR24	0.4
ASH1L	-0.72
	-0.95
AMFR	-0.22
USO1	-1.01
HIST1H1D	-1.01
	-0.13
	0.92
	0.87
HIST1H1C	-0.67
ANKZF1	-0.03
SOS2	0.86
SOS1	-1.1
TACC3	2.19
PICK1	0.19
TMEM238	0.42
TMEM237	1.04
MRTO4	-0.28
KIF20B	-0.48
MKI67	0.99
LPXN	-0.73
	-1.45
AZIN1	-1.73
CAB39	-1.12
	-0.79
ANKHD1	-0.15
BCL2L11	-1.52
BCL2L12	-0.14
ESCO2	-0.78
	2.25
	3.04
CTU2	1.05
	2.47
CTU1	0.39
	1.77
	1.26
	2.33
MSX1	-1.48
ADRM1	-0.39
	-0.33
SIN3A	1.48
GTF2H1	-0.12
GTF2H4	-1.33
CHD2	-0.55
	0.49
TVP23B	0.17
	0.29
ALDH1B1	-0.99
	1.27
COX7A2L	-0.17
	-1.26
RPL38	-0.91
RPL39	-0.81
RPL36	-0.86
RPL37	-0.47
RPL34	-0.9
RPL35	-0.79
RPL32	-0.74
	1.39
RPL30	-0.51
RPL31	-0.97
TARBP2	0.41
	0.95
	0.07
ATF5	0.94
ATF4	-0.41
ATF6	0.06
ZNF286A	-1.14
PPCS	-0.82
	0.1
SMARCC2	0.8
SMARCC1	1.19
	-0.54
BUB1B	-0.73
SUMO1	-0.66
SUMO3	0.24
TMCO3	0.86
	-0.84
TMCO6	1.82
	2.05
PPWD1	-1.37
	0.45
	1.43
KIAA0319	1.26
EEF2K	-0.11
BLOC1S4	0.15
BLOC1S2	-0.03
BLOC1S1	-0.48
LHX8	0.17
MIB1	-1.43
	0.53
TOR3A	0.23
NADK2	0.6
SLC38A5	-0.53
B3GALT6	1.08
SLC38A1	-0.89
SLC38A3	0.34
MDFIC	0.29
	0.07
STK4	-0.65
CXCL10	0.68
RSU1	-0.67
	-0.7
CXCL16	-0.87
	0.8
UBE4B	-0.11
UBE4A	-1.33
HCN2	2.15
	1.2
SNRNP25	1.21
	-0.05
YBX1	0.28
YBX3	0.17
YBX2	1.51
RAPGEF2	-0.2
C3orf58	-0.27
	0.14
RAB3GAP2	-1.43
STIP1	-1.03
CHIC2	-0.41
CHIC1	-1.25
PEPD	-2.11
TBC1D23	0.07
TBC1D20	0.73
	0.86
ARPC2	-0.43
FUNDC2	0.71
TBC1D2B	0.03
RNF44	0.63
SENP7	-0.03
	1.38
SENP5	0.19
SENP3	0.18
SENP2	-1.0
SENP1	-1.62
SAMM50	-0.07
	-0.29
ARPC5	0.04
ING4	-0.74
ZNF354A	-0.36
ARPC4	-0.11
	-0.59
ING3	0.55
CEP170B	-0.82
	0.05
	1.94
	-0.7
WDFY1	0.55
	1.79
GFPT1	-0.93
	-0.61
ECHDC2	1.91
ECHDC1	-1.29
DYNC1LI1	-0.45
	1.92
	-0.76
	0.1
SDCCAG8	0.07
	0.08
SNIP1	-0.06
	-0.79
SDCCAG3	-0.29
	0.62
ITPR2	-0.55
	-0.66
ANKRD37	-2.47
GLS	-0.46
	-0.63
ANKRD39	-0.32
CDIPT	0.01
NCOA2	0.02
NCOA3	-0.57
NCOA1	0.76
	-0.43
NCOA7	-0.21
	-0.1
NCOA5	2.54
	0.13
	-1.06
	-0.3
NT5C3A	0.26
BSG	-0.57
P4HTM	0.25
FOXRED2	0.02
RIF1	-0.19
CAPNS1	-0.35
ABCG1	-1.99
	0.76
SLC27A4	-0.8
STARD3NL	-0.9
SREK1	-0.33
ZNF639	-0.1
ZNF638	-0.51
AK3	0.6
PRRC1	-0.37
TBCE	-0.58
TBCD	-0.57
	-0.97
AK6	-0.25
TBCA	-0.48
	-0.61
NPNT	-1.64
OXTR	0.6
CDIP1	-0.52
	-0.74
AP1S1	-1.08
PPM1B	-0.87
NCKAP1L	-0.68
	2.09
	-1.58
	0.64
GEN1	0.44
ZNF496	-0.66
	-0.1
CBLL1	-0.37
	-0.84
ERH	-0.28
PARM1	-0.41
HERPUD2	-0.21
HERPUD1	-1.13
	0.76
	1.19
	0.88
	1.09
RRP9	0.33
	1.07
	1.1
	0.91
TRA2A	-1.02
	0.84
	-0.12
	0.9
MDC1	0.2
UBQLN1	-0.54
FBN1	0.63
	0.34
	-0.25
BRMS1L	-0.41
MEX3D	0.32
	-0.58
MEX3B	0.78
MEX3C	0.13
LACTB2	-1.42
	0.79
ENDOD1	0.34
BTRC	-0.58
FRYL	-0.6
DEXI	-0.39
GRPEL1	-0.53
AARSD1	-0.22
SPTB	1.1
IMPDH1	-0.9
ZXDB	-0.2
IMPDH2	0.63
	-0.16
TMEM185B	0.31
UBXN11	0.62
DNTTIP1	0.01
DNTTIP2	-0.88
UBLCP1	-0.67
	1.54
	2.34
	-0.51
	-0.23
	-0.08
MTMR6	-1.8
MTMR4	0.35
MTMR3	-0.44
	0.04
NAAA	-1.61
	0.78
TSC22D3	-0.38
TSC22D2	0.91
	-0.25
FCHSD1	0.73
FCHSD2	0.35
	-0.78
	2.39
	1.79
	1.93
	0.78
HIPK3	0.35
HIGD2A	-0.47
	-0.31
TRAIP	-0.43
UBA52	-1.04
	-0.46
CD2BP2	0.12
NDUFC1	-0.77
	-0.03
EXOSC8	-1.63
BCKDK	-0.83
EXOSC3	-0.17
EXOSC6	1.34
EXOSC4	-0.06
EXOSC5	-0.29
CYB561	0.0
NCOR2	0.31
	1.73
INCENP	0.83
	0.96
FARP1	1.58
BTG3	-0.69
	0.12
EEF1E1	-0.03
	1.69
	-0.64
PAOX	-0.3
SCYL2	-0.22
SCYL3	-0.68
SCYL1	0.12
STXBP1	0.41
STXBP3	0.15
STXBP2	-0.86
	0.03
	-0.39
	0.85
	0.55
OSTM1	-0.32
SKP2	-0.9
SKP1	-0.53
	0.68
NOC2L	-0.29
FANCG	0.37
CFLAR	-0.23
	-0.33
FANCC	-0.5
FANCA	-0.6
HNRNPAB	0.11
CCZ1	0.33
FANCM	1.39
FANCL	0.92
FANCI	-0.82
GPN2	0.62
	1.22
	1.44
	-0.48
	-0.76
MIF	-1.03
	-0.72
KNSTRN	-0.29
ARSB	-0.84
TNFRSF17	-0.37
TFIP11	0.16
IRS2	0.91
TRAPPC6A	0.09
CDK2	-0.92
CDK4	-0.13
CDK5	-0.12
CDK6	-0.53
	0.46
	-0.93
	-0.66
CEP57	-0.56
SPECC1	-0.97
LIMS1	0.18
PRMT2	0.94
	-0.04
	-0.63
RERE	-1.03
SUN2	-0.6
SUN1	0.61
SZT2	-0.27
MIIP	0.79
HSPD1	-1.63
NARFL	-0.56
MTX2	-1.05
MTX1	-0.6
LIAS	1.42
PRKCA	0.07
	-0.44
HIST1H3B	0.25
HIST1H3C	-0.25
HIST1H3A	0.26
HIST1H3F	-0.21
HIST1H3G	0.53
HIST1H3D	-0.48
HIST1H3E	0.2
HIST1H3J	-0.19
HIST1H3H	-0.14
HIST1H3I	-0.05
CDPF1	-0.87
SEC11C	-1.17
PMF1	-0.49
ACKR4	0.69
	-0.54
SCRIB	0.15
TYMS	0.39
TYMP	1.46
ZNF791	0.04
MUL1	-0.53
	1.29
WWP2	-0.77
PPIL1	-1.42
PPIL2	-2.17
PPIL3	1.46
PPIL4	-0.99
	1.94
PPP1R7	-0.11
	1.37
CCDC97	0.2
PPP1R8	-0.95
CCDC93	0.11
	1.11
ZNF574	0.05
ZNF575	-0.1
DOCK10	-0.06
ZNF579	1.88
	1.19
	0.12
TRPV3	-1.26
TRPV2	-1.47
ATPAF1	-0.2
	0.12
CTSO	-1.79
CTSB	0.34
CTSC	-0.14
CTSD	-0.26
KCNAB2	-1.26
RPL14	-0.52
RPL15	-0.68
CTSZ	-1.23
RPL17	-0.58
RPL10	-0.65
RPL11	-0.82
OMA1	-0.47
RPL13	-0.1
GPATCH4	0.81
CTSS	-0.48
GPATCH2	-0.2
RPL19	-0.43
PCYT1A	-0.52
NAA10	-0.41
SYK	-0.62
	0.66
EMD	-0.6
DAPP1	-0.7
EMB	1.16
	0.57
AP2S1	0.03
DCTD	0.08
AFF1	-0.66
SLCO4C1	0.5
	-0.54
ALDH16A1	-0.25
USP20	-1.52
CARD6	0.8
STK40	-2.29
ERP29	0.31
PRKACB	-0.59
PHKA1	0.6
PHKA2	0.04
UBA6	-0.82
	1.01
PDP2	0.44
UBA2	-0.38
UBA3	-0.67
UBA1	-0.21
	-0.21
PWP1	-1.12
	0.12
PHF20	-0.06
PHF23	-0.07
	-1.03
NAA16	-1.17
UBE2H	-0.95
UBE2K	-0.45
NAA15	-0.02
UBE2M	0.23
FAM162A	0.82
UBE2O	-1.1
UBE2A	-0.05
	1.82
UBE2B	-1.19
CCSER2	-1.06
	-0.44
UBE2Z	-0.62
	0.33
UBE2S	-0.55
TOP3A	0.4
UBE2T	-0.04
UBE2W	0.3
TOP3B	0.26
ILK	0.11
	1.34
HDHD2	0.04
MTG2	-1.53
BMP2K	-1.31
MTG1	0.07
RABEP2	-0.17
RABEP1	0.16
MORF4L2	-0.32
MORF4L1	-0.24
NDUFA6	0.25
NDUFA4	-0.34
NDUFA3	-0.41
NDUFA1	-0.44
RABEPK	0.3
NDUFA8	-0.07
NDUFA9	-0.67
FLT3LG	1.53
GTF2E2	-1.59
PNOC	1.22
	-0.33
	0.57
FAM171A1	0.54
	-1.67
	-0.52
TBL1XR1	-0.23
	1.93
CACFD1	-1.71
	0.98
	-0.01
	-0.81
SAT2	-0.18
	-0.44
DTX2	1.46
DTX3	-0.24
BIRC6	0.51
	0.78
JARID2	-1.43
BIRC2	-0.97
OXR1	-0.31
GNE	-0.09
ANKRD16	1.24
ANKRD17	-0.64
TXNL4B	-0.16
RPAP1	-0.57
ANKRD12	-1.45
ANKRD11	-0.29
	0.4
TMEM33	-0.34
GPR180	-1.37
NT5C2	-0.77
MEA1	-0.67
	-0.73
SNRNP200	-0.34
	0.63
CENPB	0.5
	0.05
	1.73
	-0.65
FAM53B	-0.41
FAM53C	-0.58
POGK	-0.93
	-0.95
ANO10	-0.13
POGZ	-0.86
	1.83
	1.4
AHCY	-0.7
	-0.18
PARG	0.43
DHDDS	-0.22
TIMP4	1.44
TIMP2	-0.22
TIMP1	-0.02
PARS2	0.06
PARN	-1.69
	0.64
	0.21
CRY1	0.8
	-0.71
PI4K2A	0.28
HIBADH	0.21
	0.46
	0.86
NHLRC2	-0.82
PAFAH1B1	-0.93
CXorf56	-0.4
CXorf57	0.71
	0.48
LYN	-0.58
SLC26A11	0.63
LY9	-0.61
	0.71
SEMA7A	-0.75
IP6K1	-1.0
OTUD6B	2.18
NACC1	-0.24
PDXDC1	-0.47
	-0.87
DDX5	-0.1
DDX6	-0.33
RABAC1	-0.36
TLR6	0.46
DDX1	-0.97
TLR4	-0.06
TLR9	0.48
SCN3A	-1.41
NUP205	-0.29
	-0.31
	0.25
ZNF217	-1.0
	-0.26
ZNF212	0.02
SLC7A6	-0.63
ZWINT	-0.26
	-0.48
SLC7A5	-0.9
FMN1	-0.94
	-1.59
	0.04
NFKBIE	1.13
NFKBIZ	-0.45
ARID4A	0.13
ARID4B	-1.07
	-0.5
MMS19	-1.3
PGRMC2	-0.37
	-0.13
	-0.91
HAUS8	1.66
HAUS6	1.05
AMER1	0.27
HAUS2	-0.93
HAUS3	-0.21
	-0.63
	0.19
	0.54
UBXN8	-0.6
TFE3	0.18
UBXN4	-0.45
EID2	0.89
UBXN6	0.3
MYD88	0.35
UBXN1	1.03
DLX2	0.59
	-0.11
NACA	-0.83
	0.02
TFEB	0.49
	2.6
	1.18
HIST1H2BF	-1.03
	1.51
	2.13
	1.72
	0.97
HIST1H2BC	0.0
HIST1H2BL	-0.28
HIST1H2BM	0.89
	-0.11
HIST1H2BO	0.18
	0.85
HIST1H2BI	-0.66
HIST1H2BJ	-0.72
HIST1H2BK	-0.67
TNFAIP8	0.21
VAV1	0.03
TNFAIP1	0.59
TNFAIP3	-0.61
ECI2	0.19
ECI1	0.49
	0.23
IPO8	-0.31
IPO9	-0.08
IPO7	-1.25
IPO5	-0.24
	0.23
RTF1	1.12
SMCHD1	-0.22
SDCBP	-0.91
RAB8B	0.89
RAB8A	-0.45
	1.2
MARS2	0.94
SCPEP1	-0.87
	-1.54
	0.58
PAQR8	0.66
NIFK	0.05
GABPB1	-0.85
	-0.16
	1.24
FOSL2	-1.56
PAQR4	1.78
FERMT3	0.25
FERMT1	1.34
CRNKL1	-0.43
SIL1	0.01
	-1.2
	-0.57
WWTR1	0.54
WDR91	1.52
SYNGR2	-0.69
	1.14
DPM2	0.35
NXT2	-0.08
NXT1	0.71
DGUOK	-1.17
CSE1L	-0.08
	-0.03
	0.95
	0.93
DNAJC9	0.47
	0.86
ACAD10	0.96
	0.88
OSGEP	0.79
PLOD2	-1.23
PLOD3	-0.49
PLOD1	-0.42
	0.77
DNASE2	-0.92
RAD21	0.06
ANLN	-0.68
MYOM2	-0.17
USP12	-0.43
ALDH6A1	0.73
USP11	-0.32
USP16	-0.86
USP14	-0.14
USP15	0.25
SSBP3	-0.92
USP19	-0.37
BCL10	0.04
	1.23
IL27RA	1.59
UNC45A	0.71
	1.17
ADAR	-0.49
	-0.08
	-0.72
CRKL	-0.29
POGLUT1	0.79
TAP2	0.19
UBAC1	-1.22
TYK2	0.02
	0.29
	-0.93
BOD1	-0.59
SUPT5H	-0.24
EBNA1BP2	0.51
	-0.59
ACSL5	-0.06
SLC35E2B	-0.76
	-0.22
SF3A1	-0.06
ARHGEF11	1.27
ARHGEF12	0.4
ARHGEF18	-1.21
PIK3C2B	-0.26
PIK3C2A	0.62
	1.15
GNL2	-0.22
MITD1	-0.55
	0.32
CEP70	0.75
KLC1	-0.07
KLC2	0.1
ZNF775	-0.25
CEP78	-0.61
ZNF770	0.19
ZNF771	0.64
	0.21
	0.21
HINFP	0.0
	1.25
	2.67
	0.01
BAZ2A	0.14
	-1.31
CHCHD2	-0.7
CHCHD1	-0.22
TANK	0.88
CHCHD4	-1.23
CHCHD5	-0.76
OVCA2	0.95
	-0.29
ZNF512	1.15
ZNF513	1.95
	-0.47
ZNF516	1.35
TSPYL4	-0.06
DLG1	0.16
TSPYL1	0.11
TSPYL2	-0.33
	0.96
DLG3	-0.32
SLC39A8	0.7
SLC39A9	-0.14
HIST2H3D	-0.25
HIST2H3C	-0.01
HIST2H3A	-0.01
SMG1	0.59
SLC39A3	0.86
SLC39A4	-0.51
GABPA	-0.73
SLC39A6	0.03
SLC39A7	-0.22
	-0.15
	-1.58
PSIP1	0.25
MTHFD1L	0.0
	0.59
EPDR1	0.28
MYH10	-0.25
MYH11	-0.44
MYH14	-0.22
	1.06
LMF2	0.95
SYS1	-1.82
	-0.58
	-0.36
	0.59
MAP4K4	1.1
HMBS	0.98
BPGM	0.38
	0.63
	-0.06
SLCO4A1	-0.34
	1.7
	-0.2
SYCP3	0.42
ROM1	-0.07
	-0.53
SCAF4	0.72
	-0.47
SCAF8	-0.78
WEE1	1.47
TMEM63A	-0.63
MTFMT	0.09
TMEM63B	-0.79
NAA38	0.2
NAA35	-0.16
	0.02
NAA30	-0.08
FITM2	-0.92
	-0.28
	-0.1
	-0.41
RBM7	0.82
RBM4	-1.38
RBM3	-0.78
B4GALNT1	-0.62
	0.11
B4GALNT3	0.58
	0.63
CAT	-0.63
	-0.03
	-0.92
	0.06
AP1S2	0.74
AP1S3	-0.43
	-0.84
	-0.78
	-0.35
	-0.42
CAD	-1.32
PGF	1.47
PGD	-0.13
BBS10	0.52
NUDC	-0.68
DYM	-0.84
PELO	0.81
	-0.35
	1.46
	-0.51
MCUR1	2.15
IVNS1ABP	-0.57
NUMBL	0.84
C21orf91	-0.73
NDUFC2	-0.24
	-0.09
COA5	-0.8
COA4	0.69
COA7	1.14
	-0.43
	-0.12
COA3	-0.43
MRS2	1.15
SEPSECS	1.62
PDE12	-0.45
	-0.82
DMXL2	0.18
DMXL1	0.12
C12orf66	0.46
C12orf65	-0.8
	1.43
ARMCX6	-0.06
HEXB	-0.32
ARMCX3	-0.31
	-0.78
	-0.78
	0.85
	0.68
FUT4	0.97
	0.16
	-0.77
	-0.27
GMIP	-0.47
UFC1	-0.03
	-0.41
	-0.15
	-0.95
DDX39A	0.28
	0.12
CLTB	-0.52
DYNLT3	0.25
STRAP	-0.28
CBFB	0.55
	0.27
PLXND1	0.06
	-0.24
MDH1	0.15
	1.15
PEX11A	1.77
	1.34
PUF60	-0.65
DBNL	0.36
KIFC2	0.59
PAFAH1B3	0.15
KIFC1	1.52
SFN	0.81
CYLD	-0.79
EID3	1.98
EID1	-0.59
ACTB	-0.81
	0.82
STARD10	1.44
	-0.03
DMRT2	-0.75
	-0.45
	1.38
PLA2G12A	0.46
ADAL	1.15
MAP1LC3B	0.36
	-0.48
SF3A3	0.47
TNKS2	-1.01
	-0.16
	0.17
	-1.04
	-0.39
	-0.03
TIFA	-0.97
ZNF24	0.61
ZNF22	-1.27
BLVRB	0.18
BLVRA	0.75
EPOR	-0.41
	1.13
	1.33
	2.45
	1.87
HS6ST1	-1.15
	1.32
	0.84
	0.94
	-0.1
MOAP1	0.14
PTRHD1	0.67
ZNF236	1.75
ZNF235	0.55
	-0.55
TCERG1	-0.36
	-0.15
CNBP	-0.53
RNPEP	0.35
	0.79
INO80D	-0.12
RNF113A	-1.3
	0.59
INTS12	-0.72
	-0.25
INO80E	1.27
	1.55
	0.01
	0.87
RANBP9	0.0
	-0.78
NAE1	-0.58
RANBP6	-0.91
RANBP1	0.98
RANBP3	-0.34
	-0.9
TXN2	-0.81
AGAP1	-0.59
AGAP2	-0.21
TAPT1	0.02
TSPO	0.52
ARNT	-0.61
	-0.12
	-0.69
TRAM1	-0.28
BASP1	-0.52
SLC23A2	0.22
	1.2
SLAMF7	-0.42
SLAMF6	2.26
CADM1	-0.45
TGFB1	0.3
FGD4	0.26
	-0.92
	1.86
FGD6	-0.5
	1.56
	-0.49
FKRP	-0.79
	0.43
NOP58	-0.54
YWHAQ	-0.44
	0.38
YWHAH	0.03
ETS1	0.12
YWHAB	-0.29
YWHAG	-1.0
FCRL6	-0.58
YWHAE	-0.43
SSNA1	-0.24
FCRLA	0.59
MGAT1	-0.56
	-0.09
MGAT3	0.01
	0.75
MGAT5	-0.07
GLRX	-0.54
	1.39
PDCD1LG2	-0.03
CHST11	0.81
VAMP3	-1.44
VAMP2	0.42
CHST15	-1.26
CHST14	0.27
VAMP8	-0.54
ROCK1	-0.79
ROCK2	0.98
CKAP5	-0.08
TLR3	1.9
GNPTAB	-0.73
	-0.89
	0.21
CAPRIN2	1.15
	2.18
CCNT1	-0.11
CREBZF	-0.73
PECAM1	0.82
CBFA2T3	1.03
CBFA2T2	-0.48
IRF2BP2	-0.04
IRF2BP1	1.28
C9orf85	-0.79
VRK1	0.85
VRK3	0.12
VRK2	-1.67
CRYL1	-0.72
WNK1	0.09
LRRC1	0.47
IRF2BPL	0.49
USP38	0.19
TNIP1	-0.58
USP30	-1.52
RFNG	-0.2
USP32	-0.14
USP33	0.48
USP34	-0.7
SHMT2	-0.6
SHMT1	-1.72
USP37	-1.29
	1.49
PLD3	-0.7
	-1.36
	-1.26
RUNX2	0.19
RUNX3	-0.94
RUNX1	1.26
CSPP1	-0.45
	-0.04
DOCK8	-0.12
DOCK9	0.33
DOCK2	-2.1
	-0.29
DOCK4	-1.37
SAAL1	-0.32
UHRF1BP1	-0.05
SLC9A6	0.1
SLC9A7	-0.2
HSPH1	-1.54
	-0.2
PBXIP1	-0.13
TNRC18	-1.93
JUN	-0.26
SLC9A9	0.43
	-0.4
JUP	1.31
TRAM2	-0.18
SCNN1B	-0.65
	-0.72
FAM98B	-1.75
FAM98A	-0.48
PLCB3	-0.24
	1.37
SEC13	-0.31
CLEC9A	0.58
	-1.2
	0.74
	0.64
RHBDF2	-0.81
	-0.32
	-0.12
MSMO1	-0.8
SMIM12	0.14
RPP38	-0.94
ITSN2	-1.43
SMIM15	0.58
POLA2	0.49
SMIM19	-0.69
LAX1	0.13
MOB3C	-0.89
MOB3A	-1.1
FBXO5	0.28
FBXO6	-0.65
FBXO7	-0.86
FBXO8	-0.12
BCORL1	2.06
TMEM38A	0.96
NAV1	1.1
TMEM38B	0.08
C18orf25	-1.45
	0.02
QSER1	-1.06
BDP1	-1.21
	0.17
	0.12
DBR1	-0.96
	-0.2
NT5DC1	0.17
ATL3	-0.81
ATL2	0.46
ATL1	0.0
SLC5A3	0.35
PPIG	-0.64
PPIF	0.45
PPID	-0.41
PPIC	1.61
PPIB	-1.08
CORO1B	1.02
CORO1C	0.32
CORO1A	0.34
PIN1	-0.11
MID2	-1.23
DCPS	-1.73
SMOX	-0.59
WASF2	-1.04
FAS	-0.9
	1.22
FAU	-0.7
FAH	0.31
	-0.19
LLPH	-0.05
YWHAZ	0.11
	1.6
	-0.38
AP4E1	-1.12
	-0.14
LZIC	-0.54
MIDN	0.6
TSEN34	0.49
SNRNP40	0.05
PITHD1	0.54
C7orf43	1.17
NAA50	-1.19
PURB	1.35
PURA	0.44
CFDP1	0.86
ATF6B	0.43
OAF	-0.3
HECTD1	-0.52
HECTD4	-0.69
MAN2B1	0.51
OAT	0.94
	1.35
	1.58
SNX20	-0.28
	0.06
	-0.75
FLII	0.8
PIR	0.75
RALGAPA1	-0.84
RALGAPA2	-0.78
COG8	-1.36
NUF2	0.05
COG2	-0.49
	0.23
	0.64
FLI1	-0.28
COG5	-1.95
COG4	0.76
TIMM10B	0.65
C12orf45	0.0
NFAT5	-1.84
	0.45
	0.36
MSTO1	-1.3
	-0.48
UBC	-1.2
	1.27
	2.08
ANKRD52	0.9
	0.45
	-0.57
	0.33
POC5	-0.11
	-0.92
	2.99
AKR1A1	0.3
	-0.59
	-0.45
	-0.29
NPRL3	-0.83
NPRL2	0.44
KBTBD7	-1.09
KBTBD6	0.75
KBTBD4	0.44
	-0.31
	-1.8
ZBTB4	0.8
KBTBD8	-0.65
	1.51
PCBP4	1.38
UQCRHL	-0.17
PCBP2	-0.82
PCBP3	-0.29
PCBP1	-0.6
RNF220	0.22
	0.63
LZTS2	1.49
CARD11	-0.31
SIRT3	0.83
SIRT2	0.06
SIRT1	-0.77
NR4A1	-1.59
SIRT7	-1.11
SIRT6	-0.19
SIRT5	1.36
MED30	0.22
MED31	-0.59
	0.87
PAK1IP1	0.67
	1.64
HOPX	-0.46
PHAX	-0.07
MGAT2	0.87
RBM26	0.1
RBM27	-1.12
	0.31
HECW1	-0.73
RBM28	1.1
RFWD3	-1.61
RSL24D1	-1.09
GSE1	0.54
TRMT6	0.21
	1.82
TRMT5	0.33
KDM6A	-0.81
KDM6B	0.81
FGF13	0.91
	0.66
	3.18
SLC20A2	1.58
COL9A2	-1.08
	1.77
	1.58
MNAT1	-0.41
VAMP4	-0.61
SEMA3G	1.8
OXNAD1	-0.32
DESI2	-0.92
ARL1	-0.4
ZNF250	-0.98
ARL3	0.32
ARL2	0.64
	0.59
RRM2	-0.08
RRM1	0.04
ZC3H12A	-0.4
ZC3H12C	-1.21
	2.35
DERA	-0.96
	0.72
TSR1	-0.31
TSR3	-0.42
	0.58
	-0.47
	0.25
	0.51
	1.08
	1.73
	1.77
	1.49
KCNJ11	-0.01
KCNJ15	-0.79
	-0.21
	-1.11
	1.16
TMX4	1.45
ANKAR	-0.26
AR	0.82
TMX1	-0.61
TMX3	-0.49
NAGA	-1.17
NAGK	0.53
	0.08
DAZAP2	-1.17
	-0.11
AHCYL1	0.39
CREB3L2	-0.83
NELFB	-0.61
TUBA1B	0.2
	2.36
PGAP3	-0.89
	-0.89
C17orf75	-0.61
WLS	1.15
SRSF11	0.15
	-0.16
	-0.6
NDUFAB1	-0.81
C6orf120	0.93
CDC42SE2	-1.33
CDC42SE1	-1.49
HEBP1	1.55
OFD1	-1.38
HBS1L	-1.81
VAC14	-0.34
DUS2	-1.16
TMEM186	-1.46
	-0.08
	0.32
GEMIN8	-0.03
IWS1	-0.56
APRT	0.27
	1.52
GYPC	-1.08
TPCN1	0.18
C19orf53	0.23
	1.39
L2HGDH	1.1
C19orf57	0.78
SNAP23	-1.64
IL2RG	-0.03
SNAP29	-0.1
	-0.1
	-0.1
TOX2	0.34
PRR14	0.68
	1.62
TNFSF14	-1.0
LMO4	0.13
PUM2	-0.06
	-0.35
PUM1	-0.9
SFXN2	0.35
SFXN1	0.08
GDF7	1.14
CCT8	-0.55
RWDD2A	0.49
RWDD2B	0.12
CCT2	-0.57
	-0.72
CCT5	-0.59
	1.62
TIMM13	0.09
TIMM10	0.5
	-0.1
TICRR	0.62
CDK5RAP2	-1.27
AKTIP	-0.76
SUGT1	-0.83
CDK5RAP3	-0.78
	1.69
UBALD1	-0.91
UBALD2	-0.76
	-0.65
GFM1	-0.98
ZC3H3	-0.42
ZC3H4	-0.77
ZC3H6	-0.63
CROT	-0.76
	0.54
	-2.11
XIAP	-1.38
	0.77
SLC4A2	0.08
DCTN1	-0.23
DCTN6	-0.78
DCTN4	0.17
KCMF1	-1.6
RPS4Y1	0.72
AP5B1	-1.26
	-0.17
CIITA	1.75
OSCP1	-0.14
PLCL2	0.71
CYP20A1	-0.39
RNF25	-0.82
UBE2V1	-1.15
UBE2V2	0.0
RNF26	0.45
	0.19
CMBL	-1.46
	-0.39
UBIAD1	0.85
LSP1	0.4
C1GALT1C1	0.35
MARS	-0.68
AP1G2	-0.07
IGSF8	0.3
TRAK2	-1.26
TOM1	-0.27
IGSF1	-0.86
CTNNB1	-0.96
MOB1A	-0.26
TAF8	-1.33
	-0.47
CNOT8	0.44
ILVBL	0.49
APOL6	-0.65
AARS2	-0.44
	1.05
APOL2	0.16
	0.33
CNOT4	-0.64
ITGB1	0.07
	0.63
ITGB5	-0.58
ITGB8	-1.53
ATN1	0.75
LCP2	-1.8
LCP1	-0.77
PMPCB	-0.26
GNB1L	-1.7
NR2C2	0.43
PMPCA	0.0
	-0.42
	1.1
	-0.06
MYO6	0.28
ATG3	0.5
RPP14	-0.05
	1.01
EAPP	-0.38
GNPDA2	-0.48
ZFPM1	-0.51
CDK17	-0.7
MAN1B1	0.78
TMEM255A	-0.11
PCK2	-0.51
PATZ1	0.88
RASAL3	0.01
URGCP	1.42
EGF	1.8
LBR	-0.36
RAN	-0.44
USP35	1.89
SLC12A4	0.14
SLC12A7	-0.21
NEO1	-0.63
USP36	-0.39
SLC12A9	-0.62
IMP3	0.76
EXT2	0.5
IMP4	0.54
	1.63
	0.47
XYLT1	-1.85
LY96	0.74
	0.07
TESK1	0.77
	0.23
ALDH5A1	-0.32
LEPROTL1	-1.43
SPTY2D1	-2.48
TCTA	0.85
SNX3	-0.91
SNX2	0.69
SNX1	0.45
SNX6	0.96
SNX5	-1.1
	1.86
RPL27A	-0.51
SNX8	0.57
TEFM	0.14
	0.18
	-1.37
	-0.54
PTTG1IP	0.48
	0.12
	0.12
CCDC127	0.35
CCDC126	2.13
CCDC125	0.8
CCDC124	-1.89
CCDC121	-0.6
	0.14
	0.86
KHSRP	0.24
	-0.6
ITPKC	0.58
ITPKB	0.33
	-0.21
RNF219	1.42
MGEA5	-1.01
KPNA1	0.06
PKM	-0.75
ITPK1	1.88
TMED7	0.22
ORAI1	-0.87
	1.14
	2.11
	0.59
	2.22
	0.98
TMED4	0.16
UHRF1BP1L	0.93
C12orf29	0.87
TUBB2A	-0.04
TUBB2B	-1.04
	0.23
RNASEH2A	-1.08
CEP170	0.71
RNASEH2B	1.44
	0.21
COMTD1	-1.22
	0.05
	-1.16
NEIL3	-0.57
NEIL2	-1.11
	-0.91
BAIAP2L1	-0.52
	0.64
	-1.19
DIEXF	-0.14
	-0.19
PGAM5	0.43
FANCD2	-0.26
PGAM1	-0.37
MXD3	1.01
	1.57
MXD1	0.66
AKR1C3	1.69
	-0.25
P2RY6	1.66
	0.91
C1QBP	-0.51
RRP8	0.4
	0.59
FASN	0.53
ASL	-1.15
ATP6V0B	-0.16
ATP6V0C	0.11
SYNM	-1.14
LAMP5	-0.03
LAMP3	0.98
LAMP2	-0.08
LAMP1	-0.21
PDCD7	-1.67
	0.63
EP300	0.17
NAT10	-0.51
DIS3L	-0.29
LENG1	-0.42
	-0.23
	0.52
CC2D1A	-1.67
	-0.95
RCE1	-1.4
LENG8	-0.13
NEU3	-1.2
	-0.51
UVSSA	-0.45
UQCR10	0.19
UQCR11	-0.22
SCN9A	-1.24
RPRD1A	-0.76
RPRD1B	-0.4
NCLN	0.19
	0.05
ASAH1	-0.05
	-0.48
GABARAPL2	0.92
	-0.78
DVL2	-1.1
KDM4B	0.35
MED12	-0.27
MED13	0.01
ABCB7	0.5
ABCB6	0.33
MED16	-0.07
MED17	-0.1
MED18	0.72
ABCB8	0.34
	-0.15
PSME4	0.24
PSME2	-0.95
PSME1	0.76
EEF1B2	-0.48
MTFR1L	0.65
SLC9A1	-1.39
TOPBP1	-0.35
GOLGB1	0.1
	0.85
	-0.42
MLEC	0.43
LIN7C	-0.24
IST1	-0.65
SLC30A9	0.61
SLC30A5	-0.87
SLC30A4	0.41
SLC30A6	-0.81
	0.0
KIAA1549	-1.22
PLEKHB1	-0.95
EML3	0.86
GADD45B	0.21
	-0.63
EML4	0.17
GADD45G	-0.17
PLEKHB2	-0.53
ZYG11B	1.23
TAGLN2	-0.4
ADM2	0.55
	-0.77
	0.01
SPEF2	-0.43
ZMYND8	-0.47
NARS2	-0.6
NUPL2	-1.24
GMPS	0.36
PRRC2A	-0.08
CNN2	-1.61
DHODH	-0.36
	0.27
	0.67
ZNF277	-0.62
ZNF276	1.29
ZNF275	-0.23
NCAPH	-0.49
NCAPG	-0.08
CHAC1	-0.44
	-0.2
	0.05
XKR8	1.57
CIAO1	0.18
NOP10	-0.25
NOP14	0.11
PARP8	-1.26
EIF5B	-1.8
EIF5A	-0.33
	-1.54
MAML1	0.57
NONO	-0.45
CLSTN1	-0.43
UNC119	1.56
TRPM8	-1.52
LSM14A	-0.79
TRPM7	-0.1
ZFAND6	0.18
	0.72
	0.33
	-0.4
TUBB3	-0.89
	-1.28
TUBB1	0.5
FAN1	1.14
	0.36
HERC3	-0.14
HERC2	0.44
	0.74
HERC4	-1.71
HERC6	-0.3
C19orf70	-0.35
APTX	-0.23
SH3BGRL3	-0.48
	-0.11
	-0.73
	-0.52
BCCIP	0.52
COPRS	-1.27
	0.68
C11orf68	0.12
SLCO2B1	1.44
C17orf53	1.5
	-0.84
TFDP2	-0.23
MIS18A	-0.95
MKNK2	-0.74
MKNK1	-0.64
CCR1	0.09
CCR2	-0.03
CCR3	1.13
CCR5	0.45
RHOT2	0.25
BCAS2	-1.23
BCAS3	-0.59
DRAM2	-0.82
	-0.36
	0.5
CD82	-0.05
ERCC3	0.38
CD86	0.13
	1.45
BCL7C	1.6
	-0.47
	0.27
BNIP3L	-1.28
ZBED5	-1.08
ZBED6	0.37
SCP2	-1.16
EFNA4	-0.07
EFNA3	-0.36
	1.1
	0.59
PORCN	0.14
GALNT13	1.52
GALNT10	0.09
LRP8	-0.28
	1.18
HLA-DOB	-1.99
DDX24	-0.25
	-0.57
HARS2	0.05
STIM1	-0.5
STIM2	-0.62
S100Z	0.44
LIMK2	-0.9
MAP2	-1.01
MAP7	-0.17
	-0.1
TEAD1	-0.73
MAP9	-1.02
PTPN23	0.56
PLEKHF1	1.06
BRI3	0.83
APEX1	0.21
	0.78
APEX2	-0.73
SERPINI1	2.01
KMT2C	-0.8
KMT2B	0.97
KMT2A	0.29
	-0.16
KMT2E	-0.67
KMT2D	0.56
MTPN	-0.43
	1.68
THG1L	-0.48
DMRTA1	1.27
ZNF710	0.66
	-0.84
TOM1L2	-0.38
GUK1	-0.77
HLA-DQA1	0.4
	-0.63
ZNF512B	1.6
FAM213A	-0.45
FAM160A2	-0.21
GSR	-0.49
LRPPRC	-0.37
LAT2	0.55
DHCR7	-0.09
	-0.84
	0.41
AFG3L2	-0.12
	0.56
TROVE2	-0.47
MSR1	1.32
	0.44
TUFT1	0.69
KIAA0825	1.17
ANKMY2	-0.61
	-0.65
MYCBP2	-0.59
PTBP3	-1.22
DAP	-1.2
PTBP1	-0.45
	-0.68
RPP30	-0.59
HK2	0.41
HK1	-0.84
ATP2B1	-0.96
ATP2B4	0.34
FDPS	-0.04
FBXO3	0.22
XRN1	-0.48
XRN2	-1.04
	-0.09
RFC3	1.48
	-0.22
PABPC1	-0.4
	-0.52
PABPC4	0.26
CCDC15	-0.71
FBXO9	1.25
EED	0.22
MAPKAPK5	0.3
MAPKAPK2	-0.83
PDHX	-0.22
C3AR1	-0.23
GOLPH3	-0.72
PIK3R4	-1.45
PIK3R3	1.35
PIK3R2	0.58
PIK3R1	0.29
PDIA6	-1.1
SAMD8	-1.12
	0.31
PTPRN2	0.59
HEXIM1	0.08
HEXIM2	0.27
LRRC14	1.15
	-1.92
	0.66
	0.1
	-0.03
RTN4RL2	2.15
	1.35
TOMM40L	0.08
ARMC8	-0.62
	-0.45
RBKS	-0.47
NFATC3	1.05
MPHOSPH10	-0.21
IDE	-1.04
NCAM1	0.04
SORL1	0.85
TICAM1	-1.13
	-0.26
DROSHA	-1.72
CCDC107	0.64
CGN	-0.59
PML	-0.39
REEP3	0.27
REEP5	0.42
REEP4	-0.08
	-1.05
	-0.01
	-1.22
MRM1	1.51
	-1.31
	-1.0
NUB1	-0.84
ARL6IP5	0.13
ARL6IP1	0.15
CHRNA5	-0.64
	-0.66
FER	-1.45
	-1.35
SAV1	-0.2
MLST8	-0.92
STAU1	-1.24
CEP152	-0.97
DICER1	0.36
ID2	0.47
ID3	0.27
MGME1	-0.64
ZNF865	1.81
HP1BP3	-0.47
CD164	0.13
MSN	-0.92
FOPNL	-0.97
	-0.25
MSC	0.91
SEC31B	1.67
SEC31A	-0.53
XBP1	-0.46
UBOX5	0.98
AQR	-0.3
AHDC1	1.93
SORT1	0.92
	-0.48
	0.14
PEF1	-0.29
ACTL6A	0.53
LONP2	-0.92
	0.0
PDGFB	0.15
LONP1	-0.17
HCCS	-0.14
ORC4	0.31
ORC5	0.99
ORC3	-0.35
AP5Z1	0.26
ORC1	-0.8
SPATA2	-0.67
RCC1	0.03
RCC2	-0.09
	0.93
C5orf51	-0.98
DNM1L	-0.01
	2.26
	-0.16
FGFR1OP2	0.15
FHIT	-0.51
NCBP2	0.38
	-1.66
	0.05
TRAM1L1	-1.12
LAPTM5	-0.8
ARFRP1	1.82
	-0.22
RITA1	1.34
	-0.6
	1.01
HSPA5	-0.64
HSPA4	-1.3
	0.33
SPTLC2	0.58
SPTLC3	-0.48
SPTLC1	-0.85
MEI1	0.7
	0.58
ABCD3	-0.76
KDM2B	0.9
HSPA9	-0.8
	-0.41
PPHLN1	0.57
NELFA	0.24
SIRPA	0.13
	-0.42
NELFE	-0.13
TRAPPC9	0.41
TRAPPC8	-0.19
TRAPPC2	-0.89
TRAPPC5	-0.27
TRAPPC4	1.05
BAK1	0.04
L3MBTL2	-0.87
	-0.14
	-0.36
CYP2U1	0.46
LILRB4	0.46
DGAT1	-0.31
	1.04
PSMG4	-1.13
	0.34
PSMG2	0.16
PSMG3	0.18
	1.13
	-0.64
	-0.87
	1.38
	0.45
	-0.63
KCNH4	-0.47
KCNH2	-0.84
CCDC85B	-0.97
	0.86
	1.57
	1.86
SERBP1	-0.4
	1.01
ZNF296	0.65
PIK3CB	1.57
ZNF292	-1.87
PIK3CD	0.42
LIN37	-1.53
NDUFAF4	0.24
NDUFAF3	-0.71
NDUFAF2	-0.78
	-0.35
GDAP2	-1.27
FAHD1	1.61
CRBN	0.22
AP3D1	-0.49
	-0.71
	0.01
	0.71
ILDR1	0.5
	2.76
GLTP	-0.26
	2.29
	2.89
	1.31
	1.06
BARX2	-0.28
	1.06
IL3RA	-0.06
PRKAR1A	-0.62
PRKAR1B	0.8
SAR1A	-1.37
SAR1B	0.06
NOL6	-0.45
OLIG2	-0.65
C19orf12	0.02
NOL3	0.36
	0.12
NIPSNAP1	0.04
SCLY	0.46
DCAKD	-0.77
	1.22
CLPTM1	0.36
CDC45	-0.81
	-0.65
	0.02
CDC40	-0.82
	-0.16
	-0.92
NADSYN1	-1.38
CHAF1A	0.76
CHAF1B	-0.27
BIN1	1.49
BIN3	1.44
	-0.27
DPYD	-0.53
UBTF	0.64
	-0.41
CDCA2	-0.03
	-0.38
CDCA4	-0.45
CDCA5	-0.71
CDCA8	1.54
RSF1	-0.4
ALKBH7	-0.73
SASH3	0.58
WASF1	-0.23
ALKBH5	-0.35
	0.79
CYB5A	-0.84
CYB5B	-0.68
RALB	0.92
SPG11	0.1
HLA-DMA	-2.26
	-0.72
SYTL1	-0.07
SYTL2	1.47
SPRED1	1.01
SPRED2	0.75
BRK1	0.76
	0.62
CEP85	0.75
VOPP1	-0.53
RELT	0.3
	0.59
GSS	-1.37
RELN	-0.78
RELB	-0.65
RELA	-0.64
HDGF	-0.68
MRPL36	-1.1
MRPL37	0.47
MRPL34	0.22
MRPL35	0.57
MRPL33	-0.42
UBE2R2	0.47
MRPL39	0.55
FAM69A	0.26
THOC3	0.13
THOC7	-0.24
THOC6	-0.38
THOC5	-1.05
	-0.99
	0.72
	-0.36
RNF103	-0.53
MTRR	-1.14
	-0.26
CD300C	-0.76
	0.57
RECQL5	-1.25
RECQL4	0.28
COPS8	-0.37
	0.37
MSL1	0.21
FOXP4	-0.88
	-0.44
COPS3	-0.37
	1.78
COPS6	0.04
COPS4	-0.06
COPS5	-0.26
ZNF592	1.32
ZNF593	0.91
YTHDF1	-1.04
KTI12	-0.18
ZNF598	-0.51
MYCL	0.7
	0.3
CRY2	0.47
TKT	-0.23
VEZF1	0.43
FDFT1	-0.07
FAM135A	-0.72
NUDT8	1.24
NUDT9	0.01
IGF1	-1.11
DLD	-0.09
NUDT1	1.29
NUDT3	-0.34
NUDT4	-0.81
NUDT5	-0.59
	1.1
TK1	-1.45
	0.18
LARS	-0.34
	0.16
	-0.62
	-0.44
	-0.8
	-0.56
MEF2C	-1.3
MEF2B	0.05
MEF2A	-1.41
DDRGK1	0.33
FBXL20	-0.52
LCORL	-0.98
SSB	-0.22
	-0.18
ZNF335	-1.21
FAM168B	-1.32
ZNF330	-1.08
FAM168A	1.55
TEX14	0.34
	-0.44
RPLP0	-0.06
TEX10	-1.22
	-0.23
	-0.25
	-1.64
	0.94
NDFIP2	-0.66
NDFIP1	-0.12
CIB1	-0.78
THYN1	-1.03
MRPL38	0.06
TRIO	0.27
MTMR14	-0.57
MTMR11	0.54
MTMR10	0.06
	0.98
NCAPH2	-0.08
	1.12
	-0.25
BBX	-0.32
CNOT3	-0.54
	0.5
	-0.29
CXADR	0.18
DOT1L	-0.52
MGST3	-0.36
	-0.97
MFN2	-0.32
MFN1	-0.82
FAM117A	0.22
FAM117B	0.79
SNRNP48	0.14
MAD2L1	-0.21
SVIL	-0.62
POR	-0.51
	0.35
CCDC167	0.03
ST3GAL2	0.34
ST3GAL1	0.29
ST3GAL6	-0.05
ST3GAL5	-0.96
NINJ1	-1.73
GALNS	0.98
NEK2	-0.07
	1.45
	0.52
	2.73
	0.28
SLC16A1	0.14
TUFM	-0.5
SLC16A3	0.24
CEP131	0.96
ARHGAP30	-1.52
ARHGAP31	-0.78
BCKDHA	-0.16
WIPF2	-0.79
WIPF1	-0.65
MON1A	0.82
MON1B	-1.23
DYNLL1	-0.13
DYNLL2	0.14
	-0.95
UQCRQ	-0.26
PRICKLE1	1.34
RBM4B	0.13
UQCRH	-0.21
	0.2
GPS1	-0.24
GPS2	-0.52
	-0.76
	-0.25
CACNA1A	1.18
NEK1	-0.56
	1.6
TAOK1	-1.11
GLRX5	0.5
GLO1	-0.05
ATP6V0D1	0.39
	0.02
FLCN	-0.7
BMP8A	-0.67
	-0.52
CNOT6L	-0.77
	1.38
COIL	0.66
SLC15A4	0.83
CARHSP1	0.35
RBM42	-0.17
RBM45	0.62
RBM47	-0.07
RBM48	0.04
PQBP1	-0.77
TTC14	0.14
TTC17	-0.79
CCDC28A	-0.14
	0.18
TTC13	0.57
TTC19	-1.45
	0.85
HIF1A	0.38
SLC31A1	-0.61
SLC31A2	0.36
	-0.05
	-0.95
ZFP91	-0.18
RICTOR	0.99
	-0.35
PPM1G	-0.77
	-1.21
THEM4	-0.35
ABCF3	-0.27
ABCF2	-0.07
ABCF1	-0.17
PPM1K	0.14
PJA1	-1.5
PJA2	-0.34
CHEK2	-0.73
CHEK1	0.27
DALRD3	-0.37
NSMCE2	0.36
PRKAB1	1.25
SIKE1	0.58
	-0.94
	-0.03
PTPN9	-0.56
	-0.59
PTPN2	-0.59
PTPN1	0.09
PTPN6	-0.05
PTPN4	-0.31
GINS2	0.98
GINS3	-0.74
BTF3	-0.35
LRCH4	-0.12
	0.63
	0.49
LRCH1	-0.04
LRCH3	0.6
EPG5	-0.46
	0.91
	1.85
	0.06
ARRB2	-0.92
	0.7
	3.82
	1.94
	0.72
ADI1	0.31
PSMA2	-0.47
PSMA3	-1.04
PSMA1	-0.63
SLC7A6OS	-0.34
PSMA7	-0.56
PSMA4	-0.68
PSMA5	-0.96
DSG2	0.4
ZNF106	-0.78
	0.69
MSH2	-0.94
FBXO45	0.13
FBXO40	1.3
FBXO42	-0.36
SH3BP5L	0.16
RPS6KA3	-1.41
CS	-0.97
RMND5A	-1.08
RMND5B	0.1
NRBF2	-0.81
	2.51
	1.3
	0.67
	1.01
	1.24
SEPT11	-1.46
AGPAT5	-1.26
JAGN1	-1.2
AGPAT1	-0.93
CRYZ	-1.86
KIAA1217	-0.65
	0.68
TMEM154	0.87
FOXO1	0.02
FOXO4	0.47
	-1.33
PEX13	0.37
PEX12	1.03
PEX14	-0.98
PEX16	0.51
EIF1B	-0.23
MANBAL	1.16
	1.66
	-0.01
PRRC2B	-1.57
	0.83
	0.22
NFKBIA	-0.14
	-0.75
COG7	-0.3
	2.39
C19orf38	-0.78
OSTF1	0.18
PPP1CB	-0.27
PPP1CC	-0.18
PPP1CA	0.19
C11orf24	-1.07
	0.47
WBP2	-1.41
RFXANK	-0.33
RAE1	-0.7
GANAB	-0.36
SRP9	0.3
	0.35
	0.66
ZYX	0.25
HIF1AN	0.0
DENND3	0.51
	0.28
CREBRF	-1.34
PPP1R16B	0.09
	-0.52
UBR3	-0.1
UBR2	0.3
UBR1	-0.12
NUCB1	-0.43
HSDL1	-0.33
UBR5	-0.03
UBR4	-0.28
SOCS5	0.78
SOCS6	-0.59
SOCS1	-0.67
	-0.38
PPP2CA	-0.6
PPP2CB	-0.32
CCNY	0.94
CCNF	1.61
	-0.55
CCNC	-1.18
CCNH	-1.47
CCNI	-0.56
CCNJ	1.09
CCNK	-1.87
	1.12
TBRG4	0.58
	0.32
NCKAP5	1.06
	0.3
NCKAP1	-1.09
JMY	-0.7
	-1.0
LRRK1	0.68
PLEKHJ1	0.46
ABHD10	-0.92
ABHD11	0.79
	2.05
ABHD13	-0.13
CRMP1	-0.59
	-0.94
FN3K	1.01
PTS	-1.23
MRPL12	-0.58
MRPL13	-0.07
MRPL14	0.06
MRPL15	-0.19
MRPL16	0.31
MRPL17	-1.14
ARPC3	0.19
MRPL19	-0.01
CDC25A	-0.83
UAP1	-0.27
RNF41	-0.11
RNF40	0.57
DCUN1D1	-0.18
DCUN1D4	-1.08
DCUN1D5	-0.5
	2.3
	0.8
	1.95
ITPR3	0.49
	2.05
	0.21
	2.31
	1.6
KDSR	0.07
LRIG3	0.8
LRIG1	0.66
	0.72
AP1G1	-0.23
ERCC6L2	1.5
CES2	-0.17
AIFM2	-0.06
AIFM1	0.29
RNF123	0.96
RNF122	-0.66
IL17RA	0.5
LAP3	-1.36
POT1	0.9
FAM217B	0.33
OPN3	-1.22
UCP2	0.88
NCOR1	0.32
HIST2H2AB	-0.3
TEC	0.06
REPS1	-1.09
	-1.46
	0.06
GPN3	-1.14
NBN	0.13
TMEM30A	-0.4
NFKB1	-1.31
NFKB2	-0.85
TES	-0.15
RAP2B	0.04
RAP2A	0.22
SIAH1	0.02
SIAH2	-1.75
	-0.06
PHLPP2	-0.72
SPECC1L	-0.15
EMILIN1	1.22
	-0.68
PIAS2	-0.19
PIAS3	-0.55
PIAS1	0.13
	0.45
PIAS4	0.36
HIVEP1	-1.24
HIVEP2	-1.09
ZNF316	-0.77
ZNF318	1.27
ZNF319	-1.09
P2RX1	-0.88
	0.73
P2RX5	-0.89
P2RX4	-0.69
HSPBP1	0.56
HADHB	0.07
HADHA	0.69
GPR137	1.43
PLXNB2	0.26
RMDN3	-0.16
PGRMC1	0.84
RMDN1	-1.07
AP4M1	-0.39
GPR132	-0.44
ALS2	-0.31
LRRC57	-0.46
	-1.36
DENND1C	0.19
DENND1B	-0.87
LRRC58	-0.76
LRRC59	-0.23
KBTBD2	0.11
DIS3	-0.06
	1.34
	-0.01
	-1.39
	0.82
	0.75
SDHA	-0.44
BAP1	0.39
SDHB	0.02
SHARPIN	-1.82
	1.13
ZCCHC11	-0.59
ZCCHC17	-0.19
AP1M1	0.8
CCDC142	1.28
CCDC149	0.22
SMG5	0.25
SMG7	-1.07
SMG6	0.05
DLG5	0.38
ARID1B	-1.47
	-0.77
FKBP11	-0.76
SMG9	-0.85
SMG8	-0.22
GRWD1	-0.66
FAM114A2	0.04
IGF1R	-0.25
FAM3C	-0.57
SLC45A4	0.47
RAB11FIP1	-0.2
PTGR2	1.62
MTUS1	-0.17
OSBPL8	-0.26
	0.82
IFRD2	-0.21
	-0.26
OSBPL2	-1.01
ATF7IP	0.53
OSBPL7	0.4
OSBPL5	1.14
TEX9	-1.11
	0.05
STUB1	-0.38
TUBB4B	0.24
TUBB4A	0.29
	1.31
ARHGAP17	1.31
STARD8	1.84
STARD9	-0.04
	0.82
	1.02
STARD3	0.3
STARD7	0.34
ARHGAP18	0.37
ARHGAP19	1.15
CAPZB	-0.16
	1.01
IMPAD1	0.14
	0.84
CHKB	0.69
BMS1	-0.39
BCDIN3D	0.18
AHSA1	-0.59
	-1.31
	-1.22
	0.66
MAPK1IP1L	0.18
DSP	1.56
	-0.19
	1.09
PDAP1	-0.24
GSTO1	0.56
RING1	-0.67
	0.45
TTC33	1.08
	0.21
TTC38	0.44
TRUB2	0.17
	-1.13
	1.58
BCLAF1	-0.38
	1.53
	0.87
	-1.13
ITPRIP	0.69
PLEK	0.45
	0.58
	-0.49
EEF1A1	-0.7
SETX	0.4
EEF1A2	0.46
TMPPE	2.27
SS18	-0.19
	-0.25
CAPZA1	-0.93
GEMIN6	1.19
GEMIN7	-0.47
GEMIN4	-0.56
GEMIN5	-0.06
	-0.51
PBRM1	0.44
	-0.45
ATPAF2	0.44
KRBA1	-0.79
	-0.14
MCRS1	-0.22
C10orf88	0.39
MLKL	-0.48
LARS2	0.7
	1.66
ERAL1	0.2
	1.35
DDX17	-0.59
	0.67
DDX11	0.6
GJB2	-0.98
	0.95
DDX18	-0.24
PSMC1	0.09
PSMC3	-0.57
PSMC5	-0.57
	-0.73
ARFIP1	-0.39
ARFIP2	0.86
	1.35
KIF18B	0.11
	1.62
KIAA1551	0.93
	-0.41
TRIP12	-0.66
TRIP13	0.6
	2.06
	1.46
	0.45
	2.32
	2.63
	1.78
HIST3H2A	-0.41
DNAL4	-0.29
GRHPR	-0.7
CLDN10	0.05
MARCH5	0.13
MARCH7	0.06
MARCH6	-0.46
	3.37
	-0.52
FOXI3	1.09
TMEM175	1.06
	1.51
CLSTN3	0.49
EIF3H	-0.67
EIF3I	-0.24
	-0.26
EIF3K	-0.62
EIF3L	-0.31
EIF3M	-0.35
EIF3A	-0.12
EIF3B	-0.09
EIF3C	-0.53
EIF3D	-0.04
EIF3E	-1.48
EIF3F	0.02
EIF3G	-0.4
	-1.06
FADD	0.22
ARMC10	1.26
NOL11	-0.87
NOL12	-1.33
NME6	-0.66
	-0.29
NME1	-0.25
NME3	-0.61
CSTF2T	-0.74
UBTD2	0.25
LARP4B	-0.42
	-0.51
NFATC1	0.38
NFATC2	0.06
RPL37A	-0.89
NFATC4	1.44
CCL4	-0.14
CCL5	-1.5
	2.04
	1.95
BLCAP	-0.71
	0.68
	0.41
HSBP1	-0.38
GTF2E1	0.87
GFER	-1.69
	-0.84
	1.11
	1.15
TUBD1	1.08
	-0.09
	0.87
PPP1R14B	0.87
	-0.18
	-0.65
SDSL	-0.61
RALY	-0.69
SRRT	-0.31
PCDH10	0.36
PCDH15	1.62
ALKBH6	-0.17
VPS52	0.21
ALKBH4	-1.23
	0.21
ALKBH2	-0.7
ALKBH3	-0.68
RALA	-1.27
VPS54	-0.47
TNIP2	0.87
LSM3	-0.67
	-0.09
DNAJB9	-0.73
	2.23
DNAJB2	-0.34
DNAJB1	-0.69
	1.46
DNAJB7	-0.63
DNAJB6	-0.61
DNAJB4	-0.24
GPATCH11	-1.69
AMDHD2	-0.44
DIDO1	0.83
FRK	-0.16
	-0.15
TRMT1	0.7
	1.83
EIF4E2	0.41
	2.03
	1.41
	-0.01
	1.56
EPB41	-0.78
ZNF800	0.11
	2.36
	1.9
	1.5
	-0.17
LIME1	-0.13
	0.59
	-0.72
RNF149	0.3
RNF141	0.28
	-0.21
RNF145	-0.33
RNF146	0.83
	-0.66
GRSF1	-0.1
SYNRG	0.11
MSH3	0.38
MGLL	1.31
MSH6	0.43
	1.39
	-0.67
FAM219A	-0.82
CD320	-0.08
TXN	-0.62
PCDH18	0.45
XCR1	0.34
	-0.67
ZNF521	0.53
PACSIN1	-1.82
PACSIN2	0.49
COPA	-0.49
COPE	-0.61
	-0.43
	-0.32
AGTPBP1	-0.67
HIST2H2AC	-0.81
PM20D2	0.23
TOE1	-0.01
TRAFD1	0.13
GSTP1	-0.78
TWISTNB	0.64
VTI1B	0.66
ATP6V1C1	-1.8
	-0.98
FAM210A	1.51
CDKN2AIP	-0.57
RPN2	-0.85
CHSY1	0.26
	-0.3
	-1.07
TOMM6	0.13
TOMM7	-0.45
PPP1R3D	-0.25
PPP1R3C	0.72
PPP1R3B	-0.52
	0.05
	-0.04
	-0.29
	-0.08
LUC7L3	-0.19
LUC7L2	-0.33
	1.23
ERLEC1	-2.02
SH3GLB1	-0.66
SH3GLB2	-0.34
	-0.44
PPP1R37	-0.41
PPP1R35	0.35
CHERP	0.52
EHHADH	-0.29
	1.17
NME4	0.98
	-0.1
INPP5B	-0.63
INPP5D	-0.62
INPP5E	0.33
NME2	-0.96
SFMBT1	-1.01
INPP5K	0.44
RAI14	0.5
MSANTD4	0.43
	-0.64
	-0.1
MSANTD3	1.31
	-0.59
CNST	-0.78
HELQ	0.16
HELZ	-0.45
GSKIP	-0.45
MATR3	-0.11
RBAK	-0.93
	0.72
	0.93
	1.24
	1.9
	0.72
VPS37C	-0.67
VPS37B	-1.69
VPS37A	-0.19
TIAM1	-0.9
PNPLA6	0.41
	1.29
ZBTB6	0.1
PNPLA8	-1.04
	0.81
	-0.52
CLUH	-0.97
HMCES	-1.79
FOS	0.5
HOMEZ	1.1
ATG12	0.09
ZBTB5	-0.22
KIAA0753	1.31
	-1.08
SFPQ	-0.32
SAFB2	-0.29
	0.46
	-0.2
SEC14L1	-1.33
C1orf43	-0.49
UPF1	0.09
	-0.04
UPF2	-0.87
PHTF2	0.02
RBM8A	-0.06
	-0.9
	-1.14
CASK	0.85
CAST	0.27
WBP1L	1.4
VCPIP1	-0.76
RNPEPL1	1.81
COMT	0.5
WBP11	-0.23
ADAM22	0.94
GLCE	0.69
ADAM28	-1.25
TARDBP	0.22
PRKRIP1	-0.98
GSTM1	-0.1
GSTM2	0.14
IL16	-0.66
MED13L	-1.19
PALLD	-0.13
AFF4	-0.75
	-0.76
	1.88
EFHD2	0.98
COLGALT1	-0.45
TTF2	1.43
PINX1	-0.68
RBMS1	-1.69
AEBP2	-1.0
DAD1	-1.01
CBR4	0.03
	0.71
	-0.94
	-0.47
	1.67
	-1.07
	0.6
ANXA1	1.51
ANXA2	-0.26
ANXA5	-0.19
ANXA4	0.15
ANXA7	-0.33
ANXA6	-0.58
	0.02
	0.59
MCM7	1.03
MCM6	-0.76
MCM5	-0.25
GCLM	0.65
HECTD3	-0.06
SASS6	0.27
ZDHHC20	-0.23
DUSP14	-1.06
DUSP11	-0.65
MCM9	1.67
DUSP12	0.41
SQSTM1	0.03
EPC2	1.54
M6PR	0.28
	-1.26
	0.18
ISL2	0.25
PKMYT1	0.55
	0.61
	-0.35
MROH8	1.69
KIFAP3	0.36
MROH1	0.7
ZNF143	0.24
MALSU1	-0.63
CCDC102A	-1.14
MBIP	-0.13
ZNF146	0.78
ZNF148	-1.13
CPT2	-1.32
PYGB	0.0
COX8A	-0.37
PYGL	1.01
MAGOH	-0.36
PFAS	0.19
DDX3X	-0.6
VWA8	0.25
SOD1	-0.49
VWA7	-0.76
TMF1	0.0
RANGAP1	-0.36
	0.11
BAMBI	1.39
LSG1	0.11
KCNN3	0.42
	-1.06
	3.09
PMS2	-0.1
ATXN7L3B	0.38
HNRNPLL	-1.67
	2.58
	1.36
	1.73
	1.82
	0.85
	2.38
	1.45
HUNK	-0.78
	-1.37
SLC19A1	-0.18
NIT2	-0.57
NIT1	0.08
VDR	-1.8
FOXK1	-1.22
HCFC1R1	-1.47
	-0.42
INO80	-1.33
DPY19L3	-0.1
EP400	-0.7
MIS12	-0.93
	0.95
KANSL1L	-0.16
PIM1	0.29
TAF13	1.08
SLC35A4	1.4
SLC35A1	-0.64
	-1.16
	1.98
CDS2	-0.55
FAF2	-0.2
PGM1	-0.9
PGM2	-0.41
PGM3	-1.5
	1.2
ABCB10	1.51
SART3	0.18
SART1	0.54
SLC25A42	0.04
	-0.53
SLC25A46	-0.35
CDC26	-0.41
TAF11	1.95
CDC23	-0.04
CDC20	0.19
NUP153	-0.12
TOX4	-0.09
STON2	0.46
ANKEF1	-0.8
	0.2
RPL35A	-0.71
	-1.06
	1.43
TMCC3	0.96
TNPO2	-0.81
TNPO1	-0.32
	0.12
	2.04
MAPK1	-0.64
MAPK6	-1.04
PPP1R12A	-0.54
	-0.92
PPP1R12C	0.67
MAPK8	-0.97
	1.13
SGPP2	1.78
SGPP1	-1.05
	1.77
WTAP	0.52
LYL1	0.05
	-0.81
	0.77
	0.62
BCOR	-0.23
	1.13
VPS35	-0.32
VPS39	0.53
METTL1	-1.31
	-0.37
METTL3	0.89
METTL4	-0.16
METTL5	-0.68
METTL6	-0.88
STAT5B	-1.07
KCTD3	-1.18
LRRC14B	0.7
KCTD7	1.64
KCTD6	-0.62
KCTD5	-0.85
C1orf109	-0.61
	1.09
SLC18B1	0.18
	0.74
HCFC1	0.01
ZC3HC1	-1.2
NRAS	0.33
PDZD11	0.49
	1.13
SLC38A10	-0.18
	1.54
PXN	0.24
	-0.06
CABLES1	-1.88
	1.62
	1.16
	3.73
ESF1	0.33
	1.12
CREB3L4	-0.76
	1.03
	0.63
	2.65
LIX1L	-1.01
KIDINS220	0.15
	0.7
	-0.98
	-0.67
	-0.14
TMEM144	0.06
PACS1	0.03
PACS2	-0.04
SBNO2	0.25
SBNO1	0.25
BRAP	-0.64
USPL1	0.32
RNF166	1.43
RNF169	-0.92
RNF168	0.3
SEC23A	-1.07
ZBTB40	-0.03
UPF3B	-0.42
ZBTB43	0.46
ZBTB44	0.16
BRAF	-0.28
PDPK1	-0.85
TREX1	0.3
P4HA2	-0.67
	-0.1
	0.09
	-0.33
	-0.71
	-0.06
FDXR	0.28
ZFYVE19	-0.87
RPF1	-0.42
RPF2	0.19
ALMS1	0.53
TAZ	-0.14
MRPL54	0.41
MRPL55	-0.99
MRPL57	0.36
PRIM1	0.62
MRPL51	-0.47
MRPL52	-0.98
PRIM2	0.5
	0.24
ZNF688	1.29
	-1.0
ZNF687	-1.44
	0.55
AP5M1	-0.94
	1.22
	1.36
	1.8
WDTC1	-0.16
MBTD1	0.59
POP1	-0.59
POP7	-0.55
POP5	-0.2
	1.3
MFAP3	-0.74
FDX1	-0.31
CTCF	-1.19
RASGRP3	0.83
RASGRP1	0.66
	-0.76
DSTYK	0.27
FKBP3	-0.82
MYO18A	-0.66
	0.26
PPP1R15A	0.62
FKBP8	-0.22
	0.63
NF2	0.68
NF1	-0.68
ARID2	-0.23
	0.58
	0.44
CDAN1	1.24
	0.01
NCAPD2	-1.02
NCAPD3	0.35
PPP1R11	0.68
PPP1R10	-0.21
FAM199X	-0.46
PPP1R18	-0.87
C7orf25	1.57
C7orf26	0.02
	0.6
TCN2	-0.2
ZNF426	0.46
	0.23
	-0.41
	0.75
	2.59
ATXN7	1.9
	2.49
ATXN2	-0.98
ATXN3	0.74
ZNF428	-0.63
	1.02
RECK	1.58
SRGAP2	0.36
	0.78
GPRC5D	-0.27
TSC2	1.05
TSC1	-0.58
NEDD8	0.68
STRIP1	-0.5
	0.15
NEDD1	0.6
SMC3	0.15
SMC2	-0.91
P2RY10	-0.86
SMC4	-0.35
	0.28
SMC6	-0.87
STYX	-0.97
	0.45
CPOX	-0.33
GRIPAP1	-0.83
ALG10	0.77
ALG12	-0.91
SHISA5	-0.17
HEBP2	-0.49
RIOK2	-0.95
RIOK1	0.09
LTV1	-0.02
MICALL1	0.88
MICALL2	-0.49
	0.19
BANF1	-0.03
	-1.49
ARL8B	-0.46
ARL8A	-0.14
	0.54
TTC7B	1.07
TTC7A	0.02
GYG1	0.72
PFN1	-0.63
PRDX2	-0.12
	0.85
KLF12	0.33
MREG	-0.22
EBAG9	0.89
	-0.26
	0.4
TMEM219	0.79
HMBOX1	-0.03
TRIM5	-0.1
COX15	-0.52
ATRN	-0.63
GAS7	-0.89
	0.86
	0.44
CBR1	-0.27
PTK2B	-0.44
CBR3	1.22
	-0.68
	1.01
HYOU1	-0.95
SYNJ2BP	0.15
MKLN1	0.16
EEFSEC	-1.08
	0.9
	-0.22
GBE1	-0.52
RAB5C	-0.77
RAB5B	-0.35
AMACR	0.02
NHEJ1	-1.72
SLC41A1	-0.84
SLC41A3	0.35
SLC41A2	0.1
	1.01
SCARB2	0.08
SCARB1	-1.89
CSF1	0.33
	-0.51
ERAP1	-0.06
	-0.41
	-0.26
NMRK1	-1.19
CNTN1	0.49
TPST2	-0.25
DDX59	-0.56
DDX52	-0.87
DENR	0.46
DDX50	-0.63
DDX51	0.93
DDX56	-0.43
CSRNP1	0.78
	0.33
GATM	-0.86
CDC42BPG	-0.2
FAM129A	-1.14
CDC42BPA	0.3
CDC42BPB	0.18
FAM129B	1.62
TXNRD2	-0.52
	0.56
TXNRD1	-0.36
BUB3	-0.02
UBE2E1	-0.81
UBE2E3	-0.39
UBE2E2	-2.0
	3.6
LAT	-0.92
	3.05
	1.52
	0.77
	1.7
	2.51
	3.38
	0.45
	1.88
	2.65
PLA2G15	1.11
EGLN1	-0.56
OGT	0.01
MCM4	0.56
MCM3	-0.1
MCM2	0.66
TMEM131	-0.45
CCDC47	-0.37
CCDC43	0.13
SH3D21	1.07
ATP6V1F	-0.31
PRPF40A	-0.99
ETF1	-0.69
COASY	-1.52
	-0.12
TRIM33	0.97
USF2	0.36
FBXO21	0.36
USF1	-0.3
FBXO25	-0.09
SLC35C2	-0.56
XK	1.35
GNB5	0.08
AMBRA1	-1.05
GNB1	-1.22
GNB3	-0.94
GNB2	0.13
C11orf80	-0.42
	0.4
FAM107B	-1.19
MCMBP	-0.34
	0.8
SRXN1	-0.15
FRAS1	-0.1
	1.23
	-1.14
	-1.44
GTF2A1	0.32
GTF2A2	-0.42
RBMX	-0.44
C1D	0.63
IQGAP2	-0.12
IQGAP3	0.18
	2.07
	-0.23
	-0.23
THAP3	1.58
	-0.36
CDYL	-0.35
NOD2	-0.56
HCLS1	-0.55
PCMTD2	0.0
PCMTD1	0.47
KRI1	-1.25
RP9	-0.48
TECPR1	1.03
NDUFS7	-0.24
NDUFS8	-0.12
YKT6	-0.08
DYNC1H1	-0.4
TUBA4A	0.22
	0.02
CCNB2	1.29
CCNB1	0.77
VPS18	0.78
VPS16	-0.32
CSTF1	-0.37
CSTF3	-0.95
COQ3	0.61
POU2F2	0.02
POU2F1	-1.49
BPTF	0.45
	1.25
PCCB	0.26
SYMPK	0.57
SIVA1	-0.47
FCHO1	-0.34
CCT4	-0.78
	-0.71
	-0.53
	0.82
CLN6	-1.37
CLN5	-0.34
CLN3	0.18
	0.71
	1.65
	0.49
	2.29
	0.62
	1.53
	1.59
	1.41
	3.3
	3.13
TJP1	1.1
	-0.31
TOR1AIP2	-0.48
TOR1AIP1	-0.18
	-0.53
	-0.91
RNF187	0.35
RNF181	-0.59
ZNF131	-1.54
PNPO	0.15
SPESP1	-0.99
RBX1	-0.28
ZBTB20	2.0
	0.4
GBF1	-0.06
ZBTB24	1.68
ZBTB25	0.21
	-0.18
APBB1IP	1.29
HRAS	0.46
SKI	-1.29
	-0.99
	0.0
	-0.97
CLDND1	-0.08
PPAT	0.81
	0.11
GEM	-1.34
RIC8B	0.27
RIC8A	0.17
EHBP1	0.94
	1.73
DDT	0.15
LAMC1	-0.42
GPHN	-0.8
	-0.48
RWDD4	-0.15
RWDD3	1.27
RWDD1	0.41
PHF8	-1.72
WWC2	2.42
PHF6	-0.03
LAMTOR5	-0.23
PHF2	-1.7
PHF3	-1.27
LAMTOR2	-1.13
	1.22
TCHP	0.75
	0.45
	0.85
	1.33
	1.62
	-0.16
SS18L2	0.32
	0.41
VARS2	0.93
ERN1	-0.34
RPS26	-0.59
	-0.64
RPS24	-0.86
RPS25	-0.8
RPS23	-0.91
RPS20	-0.4
PRDX3	-0.68
PHC2	-0.34
RPS28	-0.91
RPS29	-0.68
CHMP1B	-0.66
MVB12A	-0.34
UCHL1	-0.07
UCHL3	-1.81
	1.79
	1.72
	-1.24
	1.37
	0.99
	-0.13
ZNF407	-0.38
ZNF408	-0.02
GLE1	0.3
GPSM3	1.15
	-0.38
AIMP2	1.11
AIMP1	-0.86
PRELID1	0.43
	0.99
	-0.09
SOD2	0.21
MIEN1	0.63
GPX1	0.54
	0.56
C2CD2	0.33
PRDM5	0.59
	0.76
VPS33B	1.36
VPS33A	1.27
	-0.67
NBAS	0.4
GPX4	-0.25
	-0.17
	1.79
PPP6R2	0.01
NIF3L1	-0.76
PPP6R1	-0.33
TMBIM6	-0.68
TMBIM4	-0.3
HIST1H2BD	-0.8
FLNB	0.14
TMBIM1	0.84
CASP6	0.97
CASP7	-0.88
CASP4	-0.18
FLNC	0.02
CASP2	-1.43
CASP3	0.19
CASP1	-0.59
CASP8	-0.05
CASP9	0.09
HIST1H2BE	-0.21
PICALM	-1.63
	-0.25
UBE2QL1	-0.53
	-0.17
SETD1A	-0.74
AKT2	0.14
AKT3	1.54
TTC9C	-0.23
	-0.74
	-0.24
	-0.01
	-0.74
	-0.43
ANAPC11	-0.13
ANAPC13	0.5
KAT6A	0.57
SIAE	-1.14
MYC	-0.33
ENTPD7	0.08
ENTPD6	-1.34
ENTPD4	0.0
ALOX5	1.37
SNAPC3	0.25
SNAPC4	-1.65
TRMT1L	-0.46
	0.5
TNFRSF10A	-0.17
	-0.47
SPC24	1.27
METAP1	0.72
METAP2	-0.34
	1.36
LANCL2	-0.01
	0.93
LANCL1	-0.53
SRP14	-0.5
SRP19	0.21
NPEPPS	-0.2
ODF2	0.44
TMEM170A	0.07
GNPNAT1	1.74
KIF3C	0.8
KIF3A	-1.22
	-1.23
OLA1	-0.27
	0.85
WNT5B	0.39
NCF2	0.8
NCF1	0.59
NCF4	0.07
	0.04
	0.97
CCDC66	1.29
HNRNPH1	-0.51
HNRNPH3	-0.02
HNRNPH2	-0.04
	1.05
	1.17
TBC1D9	1.39
RBM12	0.13
MRPS35	-0.81
MRPS34	-0.1
MRPS36	0.4
MRPS31	-0.68
MRPS30	0.76
MRPS33	-1.01
TBC1D7	-0.43
	0.71
	-0.28
ABHD16B	-0.04
SEL1L	-0.47
SNUPN	-0.39
PDSS1	1.78
	-0.2
	2.11
	1.46
	0.81
	1.42
	-1.3
KIAA2013	0.93
HNRNPUL2	-0.07
HNRNPUL1	-0.14
	2.52
DEGS1	0.61
SPAST	0.9
OSGIN1	0.62
STOML2	-0.44
STOML1	1.15
TPRA1	1.45
EMP3	0.48
EMP1	-1.01
AMOT	-0.43
	-0.61
	0.22
CCDC22	-0.16
CCDC25	0.36
BEND4	-0.76
DCAF13	-0.81
DCAF12	-0.03
DCAF15	0.35
PAPSS1	0.0
	-0.3
	-0.2
PAPSS2	0.81
	1.63
	2.75
BLZF1	0.94
WARS2	1.24
LSM10	0.26
	1.35
TRMT10A	-0.92
UBE2G2	0.14
UBE2G1	-0.16
SLC35E1	-1.0
KCTD21	0.87
	0.63
USP27X	-0.16
MAP7D3	-1.18
MAP7D1	-0.59
	0.64
PRPF38A	-0.11
PRPF38B	-0.63
WDSUB1	1.06
	-1.37
G3BP1	-0.24
G3BP2	-0.58
IFNAR2	-1.55
IFNAR1	-0.09
	-1.53
SGPL1	-0.61
MVK	-1.01
APBB3	-0.06
	-0.18
NOB1	0.11
	-0.29
IRAK1	0.3
SAT1	0.15
UNKL	0.4
WDR6	0.42
WDR5	-0.16
WDR3	-0.18
DIAPH1	-0.25
WDR1	-0.5
WRN	-0.42
SMARCD2	0.61
COX6A1	-0.39
	-0.47
POU2AF1	0.28
	1.07
CCND2	-1.54
CEP290	-0.67
TM2D2	-0.76
CDC7	0.72
TCF12	0.69
TCF19	1.62
TNKS	-0.19
	-0.6
	-0.69
RPS27A	-0.4
NDNF	0.38
	-1.07
SERPINE2	-0.45
	1.67
EPPK1	0.44
	0.36
	-0.73
	0.02
HMMR	1.41
IRGQ	0.26
PDLIM1	-1.29
	0.04
	0.87
	-0.25
INSIG2	-0.84
INSIG1	-0.32
	0.57
RPRD2	-0.35
	-0.2
FTO	-1.07
	-0.25
TNK2	1.79
PAFAH2	0.86
CIZ1	-1.6
ZDHHC5	-1.57
ZDHHC7	-0.39
ZDHHC8	-0.42
TTC39A	1.61
KLHL25	-0.5
KLHL24	0.24
KLHL26	-0.64
KLHL21	0.51
KLHL20	-0.91
POLQ	-1.33
	-0.49
TMEM80	-0.6
SMS	-0.37
KLHL28	-1.08
POLG	-1.08
TAF12	-1.41
POLE	1.01
TAF10	-0.44
POLB	-0.93
TAF15	-0.71
FH	-0.35
POLM	0.63
TRIM56	0.62
	1.62
POLH	-0.35
NDUFV3	0.01
NDUFV1	-0.21
	0.34
	-0.59
	0.75
GGH	-0.05
NUS1	-1.38
	-0.9
LAMA5	-0.41
CYP51A1	-0.07
TUT1	-0.1
TAF1C	0.97
TAF1B	0.86
TAF1A	1.31
	-0.82
ATP6V1E1	-0.55
PLEKHA2	-0.71
CUL1	-0.31
KRTCAP2	-0.43
FAM89A	0.21
	-0.08
FAM89B	1.01
	0.04
C2CD2L	0.64
	0.01
HS2ST1	1.02
	1.54
MITF	-0.08
PRC1	-0.44
RPTOR	-1.71
EPS15	-0.45
	1.39
HSD17B8	0.43
R3HDM4	-0.9
ZNF646	-0.91
RYBP	-0.88
ZNF644	-0.43
HSD17B4	-1.48
ZNF641	2.05
GTPBP10	-1.35
CYR61	0.63
RTN4	-0.06
MIS18BP1	-0.16
KPNB1	0.36
HGS	0.54
	1.22
RTN3	-0.3
ABR	-0.05
	0.46
	0.38
RNF114	0.28
PRCC	-0.02
IER5	-1.12
SLU7	-0.2
IER2	0.21
IER3	-0.71
ZNF398	-1.47
	0.18
	0.09
PRCP	0.29
ZNF394	-0.04
ZNF395	-0.11
PSKH1	0.7
HUWE1	-0.61
PKP4	1.07
PKP3	0.79
PKP2	-0.2
NUDT22	-1.27
NUDT21	1.21
	-0.55
PEBP1	-0.53
FAM173A	-0.38
SPIN4	0.18
SPIN1	0.29
METTL7A	1.14
IFT57	1.1
	0.85
	0.02
	1.6
CEP192	0.24
UTP14A	-1.17
TEX261	-0.77
UTP14C	-0.79
	0.4
PROSER1	-1.38
	0.79
HTATIP2	-0.31
	1.1
F2R	-0.52
SLX4IP	-0.47
CNOT7	-1.13
CNOT6	-0.55
WFS1	0.3
DDAH1	0.75
DDAH2	-0.43
	1.56
MBLAC2	1.85
CRELD1	0.38
SLC29A1	0.01
SHPRH	-1.01
ARL4A	1.2
ADORA2A	0.05
GPKOW	-0.03
TIRAP	0.18
FKTN	0.66
CSK	0.02
C6orf203	-0.15
CNOT11	-0.37
	-0.82
GALNT4	0.24
ZWILCH	-0.54
GALNT7	0.97
GALNT1	0.22
GALNT3	-0.59
	1.28
DMWD	1.09
CD70	-2.01
	-0.29
RFC5	0.07
RFC4	0.04
RFC1	-1.38
ZFHX3	1.83
RFC2	0.23
KIF14	-0.84
KIF15	1.06
DPYSL2	-0.88
SH3BP1	2.01
SH3BP2	-1.14
CBX8	-0.91
CBX7	-0.69
CBX6	0.45
CBX5	-0.88
CBX4	0.89
CBX3	-0.25
ATXN7L2	1.3
CBX1	1.15
NLRP5	1.58
	-0.51
FASTKD5	1.06
NLRP1	0.66
MAU2	-0.07
PSEN2	-1.26
PSEN1	-0.82
DNAJC28	1.2
WDR26	0.2
WDR24	0.82
	-0.29
WDR20	-0.76
RAB10	-0.62
RAB12	-0.23
	0.13
RAB14	-1.27
MAPK7	-0.71
SP140	-0.79
RAB1A	-0.34
CKS2	-0.09
NAGLU	0.08
	0.84
	-0.48
TDRKH	0.45
MAPK9	2.24
KIF1B	-0.58
KIF1C	-1.16
SPCS3	-0.1
ZFP36	0.23
AATF	0.05
	-0.68
ERCC1	-0.96
	-1.23
ERCC4	-0.82
ERCC5	-1.2
ERCC6	-1.38
MRPS17	-0.06
MRPS16	0.21
MRPS15	-0.08
MRPS12	-1.26
MRPS10	0.22
SPIRE2	1.07
	0.91
	1.01
SPATC1L	0.76
PFKP	0.18
PFKL	-0.49
PRIMPOL	1.47
	1.5
LMAN2L	0.17
MFSD8	-1.59
ATP8A1	1.03
TMEM248	-0.61
SNURF	-1.27
LSM4	0.65
TMEM245	0.6
LSM7	-0.75
MFSD5	0.73
WARS	-1.38
TMEM242	-0.77
MFSD6	-0.63
	-0.99
	1.42
	1.42
MZT1	-0.48
	-0.82
DCBLD1	0.66
SSR2	-0.32
SSR3	-0.19
NCDN	0.83
	0.19
CNTRL	-0.89
CASP8AP2	-0.79
UBA7	-1.12
TPBG	1.03
	-0.08
	-0.47
RANBP10	0.74
USB1	0.92
BHLHE40	0.57
	-1.31
COX20	-1.34
MAGI2	-1.05
MAGI1	-0.41
KLHDC10	-0.44
	-0.65
	0.47
GNPDA1	-0.27
	-0.35
LAS1L	-0.12
METTL9	-1.01
SLC25A22	-0.99
SLC25A23	-0.08
SLC25A20	0.64
SLC25A24	-0.38
SLC25A28	1.53
MAGIX	1.7
FOXA1	1.23
	-0.54
	-0.69
COPB1	-0.01
FASTK	-0.57
ISG20L2	1.0
KDELC1	-0.91
	1.64
KDELC2	1.68
CARM1	0.73
	0.96
B9D2	2.11
MKS1	0.78
PGK2	-0.89
PGK1	-1.0
BECN1	0.98
RPP25L	0.61
	-1.11
	-0.36
	-1.0
	-0.33
	1.95
RPUSD4	0.35
	1.09
VWA5A	0.22
	0.09
RPAP3	-0.19
YLPM1	0.74
MRPL3	-0.14
	1.07
OXA1L	-1.86
MRPL1	-0.52
KIAA0100	-0.3
POFUT2	-0.72
DOCK11	-0.73
GCSAM	-0.17
POFUT1	0.33
SNX16	0.85
SNX15	0.13
SNX12	-0.3
SNX11	-0.76
SNX10	-0.92
	1.56
ZNF267	0.11
	0.12
ICAM2	-1.34
ICAM1	0.41
DPM3	-0.38
CTDSP1	1.67
CTDSP2	1.52
	-0.12
RABGEF1	-0.42
SMTN	-0.39
NUCB2	0.33
TMEM87B	0.47
TMEM87A	0.21
	0.56
	0.97
SGK1	-0.78
ARPC5L	-1.39
CHURC1	0.31
BOD1L1	0.02
TBC1D9B	0.56
NANOS1	0.26
	-1.11
	1.13
MAP4K1	-0.19
MAP4K5	-0.91
CREG1	0.74
SPATA20	0.25
SPATA24	-0.19
OCEL1	-0.24
MICU1	-0.28
PLBD2	0.32
PDCD2L	0.38
	-0.47
	-0.18
GAN	0.4
NIPBL	-0.19
GAK	-0.23
	2.65
MBP	0.16
ACIN1	-1.52
SUV39H1	-0.39
ATP1B3	-0.12
ATP1B1	0.42
HCFC2	0.85
	0.12
	0.76
CYC1	0.39
PON2	-0.59
PSAT1	-1.22
CPNE3	0.62
TFCP2	-0.46
SPATA2L	-0.69
CKAP2	-0.73
CKAP4	0.65
	0.88
BCL2L1	-1.17
	-0.1
	-0.26
	0.0
	-0.57
	2.28
SCO2	-0.05
SCO1	0.43
RBM15B	0.58
UGP2	0.72
SPINT2	-2.1
SPINT1	0.93
	1.55
ITSN1	-0.92
	-0.19
NDST2	-0.93
BAG5	-0.52
MMADHC	-0.7
PRAF2	-0.39
ZNF668	0.69
ZNF669	-0.01
	-0.86
ZNF664	1.06
	-1.49
SCAMP4	0.59
SCAMP2	-1.86
SCAMP3	0.05
	0.01
	-0.92
	-0.44
TSPAN3	0.46
TSPAN7	-0.46
HELZ2	0.35
	0.59
MSRB2	0.86
TDP1	-1.67
TDP2	0.32
ZNF444	1.85
ZNF445	-1.07
ZNF446	1.25
SCOC	-1.47
	-0.61
	-0.34
	-1.06
RPS5	-0.51
EPSTI1	1.14
PPIP5K2	-0.89
L3MBTL3	0.56
PPIP5K1	1.3
L3MBTL4	-0.26
	-0.1
CINP	-1.2
RASD1	1.67
	-0.86
SLAIN2	0.19
SLAIN1	0.61
	0.22
C9orf3	0.14
	-0.85
	1.88
PSENEN	-0.24
	-0.89
THBS1	-0.01
SLMAP	-0.19
NBEA	0.66
ATG9A	-0.97
RPS8	-0.71
ZFC3H1	-0.11
	-0.36
OS9	-0.34
SH2D4A	1.0
LNX1	1.2
STAG2	-1.24
STAG1	-1.19
DSTN	-0.59
	0.0
OSBP	-0.04
ARG2	-1.19
TMEM50A	-1.06
	-0.61
EHD4	-0.3
EHD3	1.2
EHD2	1.01
EHD1	-1.03
	1.2
CBLN2	1.25
NDEL1	-1.74
GON4L	-1.0
ABL1	1.46
	-0.95
ABL2	-0.4
	0.11
	-0.06
	1.75
TMED2	-0.15
ARPP19	-1.16
GRAP	0.07
SNRPF	-0.9
HNRNPR	0.24
HNRNPU	-0.89
TMED9	-0.74
TMED8	0.47
HNRNPK	-0.77
HNRNPL	-0.35
HNRNPM	-0.53
HNRNPC	-0.21
HNRNPD	-0.16
HNRNPF	-0.22
FOXJ2	0.17
HMGA1	0.79
	1.36
GOLM1	-0.86
RNF167	-0.5
SUDS3	0.01
PLGRKT	-0.71
	-0.09
GLUD1	-0.01
	1.11
	0.51
ISG20	-0.76
HSP90AA1	-1.01
ANKRD33B	1.17
TADA1	-0.55
TADA3	-0.33
PALD1	-0.86
CD53	0.06
CD55	0.09
	1.73
AAR2	-0.87
CD59	-0.44
HAX1	-0.46
SLC25A3	-0.56
COL4A3BP	-1.97
C8orf76	0.6
	-0.47
HJURP	-0.56
RAB32	0.89
RAB31	-0.99
NEDD4L	1.28
	0.67
DOK2	-0.58
DOK1	1.12
	0.39
	1.03
ZBTB45	0.96
	1.12
YPEL5	0.08
PLS3	-0.04
	2.07
CLASP2	-0.26
CLASP1	-0.53
	-0.34
PDIA5	-2.02
PDIA4	-0.9
PDIA3	-0.74
PDIA2	0.91
ELF1	0.05
RAB3D	1.14
RAB3B	-0.04
RAB3A	0.19
ARMC6	0.53
ARMC7	0.06
ARMC5	1.58
ARMC1	1.18
CCDC120	-0.26
TTC21B	0.64
PDCD6IP	-0.21
SRA1	-0.8
	0.67
SPATA5	0.52
HIST1H4C	-0.25
HIST1H4B	-0.86
HIST1H4A	-0.61
	-0.57
HIST1H4F	0.04
	-0.52
HIST1H4D	-0.49
HIST1H4K	-0.36
HIST1H4J	-0.36
HIST1H4I	-0.22
HIST1H4H	-0.65
	0.07
	0.27
HIST1H4L	-0.62
	0.14
	-0.1
	0.51
IRS1	-0.31
	-0.88
STK25	0.24
	-0.26
C11orf58	0.11
	1.8
	1.06
	1.61
JRKL	-0.54
	0.69
PPP2R2A	-0.67
	-0.09
ZDHHC18	-0.47
CEP89	-0.72
GK	0.19
PTRH2	1.12
PTRH1	-0.51
	0.52
	-0.13
PHKG2	-0.71
P4HA1	-0.81
	1.04
CTBP1	-0.87
NTHL1	-0.14
C11orf54	0.73
TSG101	-1.14
ORAI2	0.04
	0.83
ORAI3	1.26
	1.29
GTF3C3	-1.06
MFSD10	-0.22
GTF3C1	0.36
MFSD12	0.24
GTF3C6	-1.9
IQSEC1	-0.39
CD99L2	-0.26
XPO1	-0.74
TAPBP	-0.6
XPO4	-1.09
XPO7	0.25
XPO6	0.52
ADRB2	0.44
TTK	-0.31
	-0.85
TTN	-0.6
TMEM260	-0.95
TTL	0.32
	-0.98
	-0.26
	-0.57
XPOT	-0.41
DNASE1L1	-0.35
GART	0.33
ZEB1	-1.51
GARS	-0.63
SFT2D3	1.43
SFT2D2	0.59
TP53I13	0.61
IBTK	0.01
TOP1	-0.02
ATAD2	-0.19
TCIRG1	-0.21
TMEM192	0.31
DLAT	-0.1
GIT1	0.33
GIT2	-0.46
	-0.28
TMEM199	-0.85
EIF4H	-0.95
SESN1	-0.59
SESN3	-0.97
SHROOM3	-0.5
SC5D	-1.02
SHROOM1	0.44
MTIF3	0.86
MTIF2	-0.15
MIOS	-2.0
PELI1	0.83
PELI3	-0.48
	1.92
SPARC	-1.59
ELMSAN1	-0.76
MRPL50	-1.01
	0.78
AIG1	0.52
	-0.44
MRPL53	-0.38
	1.06
NFRKB	-0.67
SRPK2	0.11
RNASEH2C	0.16
	-0.75
FAM20B	-0.88
FGL2	-0.36
CXXC1	0.35
CXXC4	1.34
LOC389895	-0.32
CTHRC1	0.93
AGGF1	0.36
PYURF	-0.08
	-0.06
FMR1	0.5
	-0.73
	-0.07
	0.66
EEA1	0.67
SLIT2	0.2
HOMER1	-0.06
	0.84
	0.63
	0.35
FXN	1.8
	-0.67
	-0.39
THAP1	-1.32
SNW1	-0.06
THAP4	-0.51
	-0.12
	-1.23
THAP7	0.73
YRDC	-0.52
	-0.51
CHID1	-0.45
	-0.44
	-0.5
	-0.52
TRIM11	-1.33
RPN1	-0.79
TRIM13	0.59
RPL26	-0.55
IQCE	0.4
AHCTF1	-0.56
CCRL2	-0.71
PES1	-0.42
EFNB1	-0.99
HDAC5	-0.83
ARL2BP	0.95
PI4KB	-0.31
MAPKAP1	0.07
ASB6	-0.35
ASB7	-0.76
SLC16A14	1.58
ASB8	-0.16
	0.1
CYB5D2	1.57
	-0.54
CHM	-0.81
TBL2	0.12
TBL3	-0.02
SH3BGRL	-1.14
PDE8A	-0.08
DBI	-0.03
MANBA	-1.07
ZNF174	0.12
FABP5	0.07
DBP	-1.17
UQCRFS1	0.47
TMEM43	-0.38
TMEM42	-0.43
SERINC1	-0.42
SERINC3	-0.53
SERINC2	-0.23
	0.12
MED1	0.61
MED6	-0.18
MED7	0.97
MED4	-0.84
PINK1	-1.08
	-0.5
MED8	0.04
MED9	-0.91
	-0.25
	1.21
ZNF609	0.71
	1.32
CAMTA1	-0.64
SDF2L1	-0.24
PPP1R9B	0.72
GCA	0.04
TCF4	-0.38
TCF3	0.21
EPS8L2	0.39
	0.06
	0.6
PPP5C	-0.77
BTD	0.11
RPL17-C18orf32	-0.59
BTK	1.29
MDN1	-0.76
AMPD3	-0.68
AMPD2	-1.15
AMPD1	1.01
EIF4A1	-0.14
AREG	-0.5
	1.7
RPS6KB1	0.53
SNRPA1	-0.37
TRADD	0.64
RPS6KB2	0.59
	-0.4
UTP15	-1.12
LSM14B	-0.44
UTP18	-0.82
	1.24
UBE2D4	0.12
GPCPD1	-1.16
DPAGT1	-0.56
SEPHS2	-0.44
SEPHS1	0.08
	0.85
	-0.98
ATXN2L	-0.48
BUD13	1.14
	0.05
YOD1	1.56
	-1.1
	-0.2
	1.04
XAB2	0.14
SETBP1	1.61
ST6GAL1	-0.54
PRDX6	-0.22
PRDX5	-0.07
PRDX4	-1.33
	2.57
	1.36
PRDX1	-0.79
	1.25
AP3S2	-0.17
AP3S1	-1.09
	1.15
PITX1	-0.51
	-0.16
OTUB2	-0.1
	-1.1
AXIN2	2.26
	-0.14
RRS1	-0.47
NRDE2	-0.62
	1.64
	-0.89
CROCC	-0.33
	-0.05
VASP	-0.11
PAPOLG	-1.07
PAPOLA	-1.2
PAPOLB	-0.52
LYPLAL1	-0.14
LACC1	0.14
	0.9
	-0.82
KATNB1	-0.56
	-1.25
	0.94
DCAF7	0.13
DCAF5	0.15
	0.92
CD38	0.32
	-0.99
ZFX	-1.24
	0.23
	0.17
CD37	0.27
TXNDC9	-0.73
POLR3G	0.02
POLR3B	0.35
POLR3C	0.21
POLR3A	-0.21
	-0.31
TXNDC5	-0.31
POLR3K	0.64
TOPORS	-0.51
JOSD2	0.93
DNMT1	-0.57
PSD4	-0.52
WDR62	-0.59
WDR60	0.82
WDR61	-0.34
	-0.59
	-0.33
PRMT8	1.32
PRMT9	1.6
	2.4
HMGCL	-1.11
PRMT3	0.65
PRMT1	-0.69
PRMT6	1.25
	0.46
SLC25A5	0.09
SLC25A4	-0.9
	0.58
HMGCR	-0.61
MTPAP	-1.62
ORMDL2	-0.38
ORMDL3	0.28
ORMDL1	0.15
KIF5B	-0.21
	0.85
NCMAP	-0.43
	-0.1
ACADS	0.66
HSPG2	-0.82
KAT2B	0.85
KAT2A	-1.13
	-0.16
IFNGR1	-0.81
IFNGR2	-0.23
SEC16A	0.25
CMIP	0.45
	-1.38
ACADM	-1.04
SUCO	-0.03
IARS2	0.44
USP48	-0.71
USP47	-0.76
PPARGC1A	-1.65
PPARGC1B	0.36
USP42	0.91
	1.58
	-1.31
	-0.1
SMAP1	-0.52
	-0.49
SCRN3	2.52
SCRN2	-0.82
BLM	-0.2
ATOX1	-0.13
ACAD8	0.05
UEVLD	-1.4
NEU1	-0.54
TPRG1L	-0.25
USP8	-0.42
RPS7	-0.78
RPS6	-0.41
ADAMTS13	1.21
RPS3	-1.08
RPS2	-0.37
	0.63
VDAC3	-0.56
VDAC2	-0.04
VDAC1	-0.78
	0.97
	1.14
HSP90AB1	-0.96
SLC52A2	-0.01
DEF6	-0.05
DHX57	0.57
DEF8	-0.42
	-1.41
	-0.17
TMEM201	0.0
TMEM203	1.5
TMEM205	-0.37
TMEM206	-0.17
	-0.12
TMEM209	0.17
SLC6A15	-0.51
GALT	0.43
HMGCS1	-1.28
DDIT4L	1.43
PREPL	-1.01
GALE	-1.31
CDK7	-0.7
GALM	-0.21
	2.06
	0.98
NUP50	-0.04
RPSA	-0.12
NUP54	-1.31
	0.18
	1.78
	0.25
	1.0
	1.6
	0.03
	0.95
	1.66
	3.06
KIAA0556	0.87
	-0.04
CSNK2B	-0.22
MCM3AP	-0.78
KLF10	-0.07
	2.69
BBC3	2.54
FBXO34	-0.78
PRICKLE4	0.78
RPL28	-0.86
PCYOX1	0.67
RPL24	-0.74
	-0.34
RPL21	-0.79
RPL23	-0.84
RPL22	-0.7
	-1.37
SLC16A10	-0.99
SLC16A13	-0.94
	1.01
	0.27
EYA1	0.86
	-0.1
EYA3	-1.01
FBXO31	1.02
	0.58
MPND	0.15
SMARCB1	0.07
USE1	-0.75
CD27	0.52
PIEZO1	-0.46
	-0.49
	-1.54
GABARAPL1	0.28
	0.92
	1.22
	1.61
	1.61
OAZ2	0.23
OAZ1	-0.53
HAVCR2	0.18
	-0.58
MAFK	-0.12
CREBL2	0.72
MAFA	1.2
MAFB	1.25
PLIN2	2.3
PLIN3	0.04
MAFF	0.91
MAFG	-0.18
MED10	-0.55
SMAP2	-0.4
MED11	0.74
	0.79
RBPJ	-0.31
KDM4A	0.85
	0.95
MED14	-0.64
URI1	-0.46
CCR10	0.55
WDR54	0.41
WDR53	-0.2
	1.88
KRAS	-1.52
	-0.27
ACYP2	0.41
EEF1G	-0.58
EEF1D	0.14
ACSL1	-0.82
ADAM8	0.06
ADAM9	-2.54
ARPC1B	-0.09
CYTIP	-0.68
ARPC1A	0.27
TRIM38	0.17
RPL8	-0.78
RPL9	-0.81
RPL6	-0.78
RPL7	-0.73
RPL4	-0.48
RPL5	-0.76
	0.78
RPL3	-0.6
G6PC3	-0.3
TMEM120A	1.09
FEN1	0.26
ACSL4	-0.47
CTIF	-1.28
SULF2	-0.87
THAP11	0.78
LUC7L	1.26
ZC3H7B	0.97
ZC3H7A	-0.05
SCD	-0.52
MNT	1.05
TRMT12	1.42
RNF20	0.17
SULF1	-1.88
FLYWCH2	0.97
INTS9	-0.01
FLYWCH1	0.66
RCN2	-1.77
RCN1	-0.44
	0.34
DNAJC30	0.98
RHOH	-0.28
IFIT1B	-0.16
RHOC	-0.05
RHOB	0.33
RHOA	-0.27
ACO2	0.12
RHOG	-0.56
PBK	1.6
RHOD	1.15
TMEM64	0.64
TMEM60	0.77
TMEM69	-0.76
TMEM68	1.23
ITM2C	-0.71
KLHL42	1.06
ITM2A	-0.71
	-0.39
CIR1	-0.13
SMC5	0.94
	1.01
OGFOD1	0.32
ZNF629	1.19
OGFOD2	-1.05
ZNF624	0.85
	0.34
ZNF622	-0.14
	0.22
UGT2B17	-0.06
NEURL4	1.57
TRIM32	-0.6
	-0.97
MLXIP	-0.24
TRIM35	1.66
PTTG1	-0.14
ADO	0.57
ADM	-0.16
COMMD3-BMI1	0.72
S100A6	0.89
CD151	0.22
	0.59
VIPAS39	-0.31
	-0.45
	-0.78
	-0.73
	1.34
	0.54
KIAA0513	-1.88
	0.66
ACVR1	-0.4
JUNB	-0.64
JUND	0.34
HIST1H2AM	-1.08
HIST1H2AL	-1.94
	-0.88
HIST1H2AH	-0.74
HIST1H2AK	-1.23
HIST1H2AJ	-0.21
HIST1H2AE	-0.38
HIST1H2AD	0.17
HIST1H2AG	-1.39
SWSAP1	0.06
HIST1H2AC	0.27
HIST1H2AB	-1.23
PRPF19	-0.27
	0.5
HIGD1A	0.48
	1.96
	1.16
	2.33
	1.94
	1.2
	1.01
TRAF2	0.24
TRAF3	-0.26
TRAF4	1.21
TRAF5	-1.13
TRAF6	-1.01
TRAF7	-0.5
HOOK3	0.1
HOOK1	-1.29
ESD	0.4
ABCC10	-0.91
MIEF2	1.39
SLC4A1AP	-0.67
TBC1D10A	1.76
	1.43
	2.46
LASP1	0.72
	-0.34
	2.86
	0.42
COMMD8	-0.82
	0.6
COMMD3	1.39
	-0.54
COMMD1	-1.45
	0.5
COMMD7	-0.51
METTL18	-0.03
	-0.1
METTL13	0.74
METTL16	-1.6
METTL17	-0.77
METTL14	-0.58
METTL15	-0.2
ZMYM2	-1.44
	0.58
ZMYM6	0.4
ZMYM4	0.34
	-0.55
CAMK2G	-0.26
	0.79
TMEM184B	-0.35
TMEM184C	-0.18
	1.23
LURAP1L	-0.1
	-1.03
PABPN1	0.85
ANO8	0.91
ANO9	-0.16
NUAK1	0.05
NUAK2	-1.22
MYL1	-0.39
CELF2	-0.48
	-0.48
POLR1A	-0.32
POLR1B	-1.49
POLR1C	0.68
POLR1D	-0.11
HIP1R	0.87
WDR41	0.17
DUS1L	-0.25
WDR43	-1.26
WDR44	0.42
WDR45	-0.05
WDR46	0.29
WDR47	-0.73
WDR48	0.29
SLC30A1	0.22
GTF2B	-1.51
JAK3	-0.2
JAK1	-0.1
	0.05
FURIN	-0.38
NR1H2	-0.18
NMRAL1	-1.21
CHUK	0.78
HOXB4	0.17
PPARD	1.02
C5orf15	-0.34
MAGOHB	-0.95
DEPTOR	0.04
GADD45A	-0.34
NDUFB10	-0.11
MPP1	-0.42
	1.58
MORC3	-1.62
	0.18
	-0.35
MKRN1	-0.54
ACO1	0.18
MKRN2	-1.18
	1.06
LHFPL2	-0.59
MORC4	0.14
ACTBL2	0.09
F11R	0.25
ELL2	-1.04
DDB1	-0.08
KIF21A	-0.58
KIF21B	0.11
BBS9	-0.2
CEP44	0.44
ST7L	0.29
JSRP1	0.21
	-0.76
	-0.86
IL21R	0.46
	-0.51
APOBEC3B	-0.68
HSPE1	-1.47
PRKD2	-0.12
PRKD3	-0.63
CTTN	1.48
DHFR	1.49
PLCG2	0.23
PLCG1	-0.18
EIF2S1	-0.15
EIF2S3	-0.32
GPI	-0.51
LPIN2	-1.07
	-0.51
ITM2B	-0.09
	-0.46
	-0.39
	1.03
	0.17
	-0.35
	-0.51
KLF6	0.12
	-0.28
	0.51
KLF3	-0.12
KLF2	-0.17
	-0.32
	1.37
	-0.03
N4BP1	0.02
N4BP2	0.61
HEATR6	1.04
	0.15
HEATR1	0.28
FAM189B	1.75
REST	0.07
SFSWAP	0.71
OSER1	-0.29
DEDD	-0.8
	-0.72
NUP37	0.25
MAP3K10	1.46
ATP13A1	-0.3
	-0.06
MAP3K13	0.54
ADNP2	-0.17
DDA1	-1.57
	-0.45
SLC1A4	-0.56
SLC1A5	-0.45
FUCA1	0.64
FUCA2	0.95
ATP13A2	0.54
C2orf74	0.53
DHTKD1	-0.94
OSBPL1A	-0.75
IKBKG	-1.2
IKBKE	-1.51
MICB	-0.26
	-0.28
RARA	-0.65
	2.03
GNL1	-0.15
DHRS7	-0.33
	-0.56
DHRS1	-0.27
	1.2
RARS	-0.2
	-0.08
CACUL1	-0.72
DYRK1A	0.96
NABP2	-0.95
SCN2A	0.47
	-0.11
JAKMIP1	0.17
DHRSX	0.45
PCYT2	1.82
	-0.27
	-0.27
	-0.26
SMARCAL1	-1.24
IMPA1	-1.01
BAZ1B	-0.16
TPR	-0.19
PHGDH	-1.5
SNAI3	0.34
SNAI1	-0.46
SDE2	0.02
PTGES3	-1.17
PTGES2	-0.96
SLC2A3	-1.21
	1.42
	2.18
PLAGL2	-0.8
SYF2	-0.4
	-0.1
METRNL	0.64
	1.83
	-0.89
VANGL1	0.5
CCAR2	0.11
MTDH	-0.88
MADD	-0.01
EXO1	-0.39
TAB1	0.48
	0.11
SLC46A3	0.4
COX6B1	-0.34
	1.44
GTF2IRD1	-1.43
PDIK1L	0.35
CHAC2	-1.07
AGMAT	-0.63
ZNF628	1.65
EPAS1	0.61
	0.83
FZD7	0.36
TBC1D30	-0.06
FBRS	-0.27
	3.58
TOR2A	0.21
CREBBP	-1.96
	1.52
TMEM126A	-0.87
TMEM126B	-0.69
	0.91
TIGD2	-0.47
TIGD5	2.07
	0.33
INF2	1.59
SET	-0.7
NEURL1	-0.92
	-0.81
YME1L1	-0.42
VKORC1	-0.02
	0.28
SUGP1	-1.9
	-0.49
RCL1	-1.23
MRPS18A	0.08
MRPS18B	0.0
MRPS18C	1.2
ELMOD2	0.19
CLU	0.13
CHAMP1	0.83
NRARP	0.34
TAF9B	1.97
SF3B5	-1.07
SF3B4	0.2
PNPT1	0.45
SF3B6	-0.51
SF3B3	0.06
SF3B2	0.03
	0.77
PRKX	1.67
SEMA6A	1.5
CNIH1	-0.39
	0.02
AP4B1	-0.62
NSMCE4A	0.69
ELAC1	-0.6
INPPL1	0.25
DDHD1	1.1
ADCK5	2.01
ADCK2	0.43
DNAJC14	0.69
DNAJC15	0.21
DNAJC13	0.45
DNAJC10	-0.88
DNAJC11	-0.89
EPRS	-1.01
FEM1B	-0.9
FEM1C	-0.08
DNAJC18	0.92
FEM1A	-0.93
EDF1	-0.57
SUPT16H	-0.56
	1.06
	-0.1
LMAN1	-0.64
LMAN2	-0.21
MLX	0.04
	-0.77
	-0.22
	0.1
NRL	-0.04
PFKFB2	-0.21
ITPA	-0.06
	-0.81
ADD3	-1.52
ACTG1	-0.44
ACTG2	0.8
ZDBF2	-0.33
PPP4R1	-1.31
PPP4R2	-0.99
CWC27	-0.5
CWC22	-0.46
TMED10	0.23
MAP3K8	-1.14
	1.54
MAP3K2	-0.53
MAP3K3	-1.21
PRPF31	0.48
	2.95
DEAF1	0.98
	-1.5
IER3IP1	0.69
PET117	-0.2
	-1.04
NUP214	-1.49
TPGS2	-1.46
TPGS1	0.95
	0.64
NUP210	0.21
KIAA0319L	0.28
ZNF207	-0.6
	0.74
	-0.42
IDH2	0.3
IDH1	-0.63
	-0.32
	-0.05
PASK	1.8
SH2D2A	0.59
PRR14L	-0.59
	0.19
SETD3	-1.32
SETD2	0.48
SETD5	0.65
B3GALNT2	0.31
ITFG1	-0.27
	0.63
THADA	-0.63
	1.44
LXN	-0.36
RGP1	0.82
	1.58
AKNA	-0.54
DUOX1	1.18
	0.93
	0.64
	1.23
	0.82
	1.45
	2.57
	0.41
JADE3	0.87
JADE2	1.67
	2.42
GPX7	1.23
	1.01
	0.27
ECH1	0.7
RRM2B	1.86
	0.45
	-0.3
NPPC	-0.2
DECR1	1.08
HERC1	-0.11
TP53	-0.95
MOGS	-0.23
ST8SIA4	0.03
	0.29
SHQ1	-0.4
	-0.79
FARS2	-0.59
RPS15A	-0.61
	-1.05
	-0.49
NSMAF	-0.9
HARS	-0.27
BTBD10	-0.19
SRPRB	-0.45
CTDNEP1	-0.13
	0.03
MASTL	-0.84
DUS3L	-0.38
	-0.51
	-0.1
	-0.47
WAC	0.14
	1.01
MAST4	1.46
	-0.42
WAS	0.4
GALK1	-1.16
RAB9A	0.7
RBFOX1	-0.04
C5orf30	0.47
FARSB	0.15
FARSA	0.31
FIS1	-0.43
STX17	-0.69
C9orf72	0.78
ZMIZ2	0.3
ZMIZ1	-0.38
	0.32
	1.14
	-0.1
IL23A	-0.51
CUTC	0.56
	-0.51
MOSPD2	-0.2
MOSPD1	0.44
ATP11B	-0.18
ATP11A	1.97
PAN3	1.42
PAN2	0.88
PCDHGA11	0.75
TLN1	-0.13
DPP9	0.09
	-0.19
POLE4	0.64
DPP3	-1.31
SUOX	-0.27
STK35	-0.48
KNOP1	0.85
CEP63	-0.79
COQ10B	-1.06
COQ10A	0.53
	0.58
PHF5A	-0.96
HS1BP3	-1.74
PCP4	-1.18
RNFT2	-0.61
RNFT1	-1.45
HBP1	-0.23
SECISBP2	0.03
TMEM167A	-0.43
	0.63
ELOF1	-0.49
TRMT61A	0.11
	-0.15
ZFYVE9	-0.15
DHX16	-1.23
LEPROT	0.88
LDOC1	1.42
DGCR8	1.2
MUM1	-0.19
	-0.62
CCDC88B	0.02
CCDC88C	-1.22
NDUFB11	-0.35
	0.93
ZNF787	0.23
GOT2	0.35
	-0.25
GOT1	-0.47
RPP40	0.62
RNASE6	0.02
	0.12
	-1.26
	-1.03
QTRT1	-0.63
SMIM20	-0.99
	-0.08
	-0.97
FBXL8	1.65
ROBO1	-0.18
CCDC82	-0.37
FBXL3	1.4
FBXL5	-0.25
CCDC86	-0.4
FBXL7	1.62
FBXL6	1.51
NIPSNAP3A	-0.84
CTR9	0.16
ZNF558	-0.12
ZNF565	1.2
	0.11
STMN1	0.38
IKBIP	1.29
	2.4
RNH1	0.35
TOMM22	0.36
	-0.29
UBE3B	-0.09
UBE3C	-0.86
UBE3A	0.19
MRPL41	-0.09
CD9	-0.64
	0.91
	-0.21
	2.53
	0.02
TOP2A	0.23
MTRF1	1.56
	0.83
TMTC1	-0.54
	-0.65
CEP164	1.14
	1.32
	1.59
	-0.5
SLC26A2	1.27
MIA3	-0.47
MIA2	-0.86
MTFR1	-0.1
GET4	1.05
FGF2	-0.97
CMSS1	-0.39
BCAN	-1.62
SDC1	0.5
SDC4	1.43
ELOVL7	-0.07
ELOVL4	-0.22
HTT	0.58
	0.06
	-0.09
	0.79
	1.1
	-0.89
DIABLO	-0.29
CWF19L1	0.25
NAA20	0.14
HSPA2	-0.52
NAA25	-0.25
SGCE	0.14
CNKSR1	-0.9
SGCB	-1.35
	0.77
	-1.19
DUSP5	-0.75
DUSP4	-2.07
SNRNP70	0.31
	-0.29
DUSP3	-0.12
DUSP2	-0.28
NKD2	-1.01
LRRC8A	0.49
RBL1	-1.4
ELL	0.54
	-0.04
RDX	-0.16
	-0.27
	1.18
	-0.71
	0.68
	-0.28
MTF1	-0.86
MTF2	-0.52
TAB3	-0.01
TBC1D19	-0.74
	0.76
PCDH1	-1.5
TBC1D12	-0.89
TBC1D13	1.5
TOR4A	0.72
TBC1D17	-1.86
TBC1D14	0.91
FBL	-0.18
AUTS2	-0.62
	-0.09
NUMA1	0.16
	1.39
	-0.04
	-0.62
HSPA1A	-0.62
	-1.05
CACTIN	0.73
FAM83G	-0.11
	0.68
HSPA1L	-0.68
IDH3A	-0.45
	1.73
IDH3G	-0.26
	-0.84
TARBP1	-0.03
VKORC1L1	-0.45
	0.63
	-0.46
	0.19
DGKG	-0.28
DGKE	-0.53
ICK	0.23
TMEM106B	-0.44
TMEM106C	0.62
CNP	0.07
MPHOSPH8	-0.29
SRP72	-0.43
	-0.12
BMF	0.14
RTEL1	-0.57
NPM1	-0.79
NPM3	-0.92
HSPA13	-0.42
PEMT	-0.65
TXNDC15	0.5
MXI1	1.44
TXNDC17	1.1
CCSAP	0.14
TBC1D10B	0.85
DXO	-1.2
ATF3	-0.57
SCFD1	-0.54
	1.62
SCFD2	-1.09
PPP3R1	-0.01
MEN1	0.51
AP5S1	-0.43
DDX54	0.2
SEMA4A	-0.81
SEMA4B	1.06
NEK9	-0.03
SEMA4D	-0.58
MKL1	-0.04
	0.83
OTUD7B	-1.15
	-0.16
SP110	-1.04
SUMO2	-0.76
FOCAD	0.5
	-0.29
	0.84
SCCPDH	-0.43
	-1.38
HSPA8	-0.84
SERP1	-0.87
	0.35
CNDP2	-1.16
MOCS3	-1.13
TTI2	-0.67
TTI1	0.25
	0.97
AHR	1.65
GADD45GIP1	-0.64
COX6C	-0.02
	0.94
STK38L	-0.17
ACTA1	-1.81
QSOX2	-0.62
	0.69
QSOX1	0.07
	-0.34
PDS5B	-1.35
ANKIB1	1.01
	2.36
WDR83OS	-0.56
TSTD1	-0.54
TSTD2	0.07
	0.01
TADA2A	0.83
TADA2B	0.35
NR2C2AP	-1.4
PAICS	0.28
RSBN1L	-0.37
UBXN2B	1.35
UBXN2A	-0.41
	-0.54
	0.57
DYNC2LI1	0.33
	-0.28
PUS7L	0.66
	-0.59
ZNF226	-0.21
KCNQ5	1.1
KCNQ1	0.34
SDF4	-0.15
VEGFA	-2.07
VEGFB	-0.47
BNIP1	-1.65
BNIP2	0.1
	0.15
EMC9	1.82
EMC8	1.42
FLOT1	-1.68
FLOT2	-0.28
	1.11
EMC1	-0.71
	-0.51
EMC7	-0.26
EMC6	-0.14
	1.21
CLCC1	0.11
	0.01
	0.4
OTUD4	-0.66
AP3M1	-0.47
AP3M2	1.45
AKAP13	-0.54
AKAP11	0.67
HTRA2	1.55
SPI1	-1.21
ANTXR2	1.35
	0.06
C16orf72	-0.18
EGLN2	0.78
NASP	-1.02
	0.93
TNKS1BP1	-0.22
	-0.36
ARID5B	-0.36
ARID5A	-0.01
	0.79
	-0.06
ABT1	0.31
MAP2K7	0.13
LAPTM4A	0.06
SPCS1	-0.34
SPCS2	-0.53
ZMYM3	-1.25
ANKH	0.46
EMID1	1.44
	-0.74
ALOX5AP	0.65
WDR81	-0.95
WDR82	-0.09
	0.4
CTNNAL1	-0.99
WDR89	-0.48
	-0.79
HLA-DRA	-0.27
CAMLG	-0.4
	0.18
ESYT1	0.27
ESYT2	-1.55
CXCR3	0.95
CXCR4	-2.14
	0.1
JAG1	-0.03
	0.93
APPBP2	-1.12
TLDC1	0.18
QRICH1	-0.87
E4F1	-0.12
CRYBB1	0.41
	0.92
EXOC3	-1.0
EXOC1	-0.41
EXOC6	-1.09
EXOC7	-0.24
EXOC5	-0.37
EXOC8	-0.1
ANK3	-1.24
MGAT4B	-0.71
BZW1	-0.37
BZW2	-1.39
RAD17	-0.87
RAD18	-1.17
TNRC6C	0.94
TNRC6B	-0.07
TNRC6A	0.2
USP28	1.39
	1.12
USP25	-0.68
USP24	-1.74
USP22	0.31
	-1.06
	1.17
ADAMTS1	0.14
ADAMTS3	0.44
ARHGEF9	1.29
ARHGEF6	0.17
ARHGEF7	-0.49
ARHGEF2	0.32
ARHGEF3	0.67
COTL1	-1.8
ARHGEF1	0.23
GMCL1	-0.07
	0.76
CDH2	-0.05
CENPN	0.68
CENPL	-0.12
CENPI	0.79
CENPH	-0.26
	-0.14
CENPF	0.9
CENPE	0.98
CENPC	-1.12
HAGHL	-0.26
LDB1	-0.29
SSH2	-0.9
	1.35
SSH1	0.72
CENPU	-0.01
CENPT	-1.32
CENPQ	-0.47
CENPP	-0.01
LIN9	1.1
MIF4GD	0.21
ARSA	0.67
PLEKHA5	0.54
	0.13
PLEKHA7	0.47
	-0.94
PLEKHA3	-0.92
SLC9B2	1.74
PLEKHA8	0.94
	-0.17
SEC62	-0.75
SEC63	0.35
DHX38	0.58
TRIB3	-2.18
DHX32	-0.38
DHX34	-0.07
DHX37	-0.31
SAMD4B	-0.84
CABIN1	-0.19
	-0.4
ZNF768	-1.34
	1.13
ZNF764	0.92
	-0.79
TPT1	-0.55
RPP21	-0.01
ECSIT	0.72
JTB	0.34
	-0.3
	-1.87
SUPT6H	-0.62
	0.46
C18orf32	-0.92
DOPEY2	-1.12
DOPEY1	-0.12
ZNF503	-0.69
ZNF507	-0.07
NOP9	-0.39
TSR2	-1.39
	0.76
GPBP1	-0.07
	-0.68
AZI2	-0.41
TTPAL	0.63
RACGAP1	1.04
MYH9	-0.73
	1.94
RAF1	0.07
ANO5	1.14
IRF2	-0.3
ANO6	0.32
VGLL4	0.01
ABRACL	0.05
PUS1	0.55
PUS3	0.38
MACC1	-0.72
FGD3	-1.14
PUS7	-0.22
CEP250	0.52
	-0.67
	1.22
MERTK	-0.8
UHRF1	-0.52
UHRF2	-0.54
FAM149B1	0.78
CNNM3	1.86
CNNM4	0.55
TANGO6	0.98
PIP5K1C	1.38
PIP5K1A	-0.73
KEAP1	0.54
MYO9A	0.32
ZBTB8OS	-0.46
	-0.31
	-0.41
POLA1	0.39
SMN1	-0.31
PHF10	-1.1
PHF12	-1.61
PHF13	0.06
	1.41
	1.17
FBRSL1	0.14
EZH1	0.27
MEGF8	-1.29
EZH2	-0.75
ARSK	-0.38
	1.32
UBN2	0.27
UBN1	-1.03
RAVER1	0.07
RAVER2	-0.16
NAA40	0.32
RB1	1.09
	-0.67
	0.65
	-0.31
	-0.84
ZBTB3	0.54
ZBTB2	-0.43
ZBTB1	1.41
MAT2A	-0.28
	-0.43
ATAD3A	-0.08
MAT2B	0.18
	-0.17
ZBTB9	0.83
NBR1	-1.15
	-0.25
	0.36
	0.18
	1.19
CUL4A	-0.45
CUL4B	0.07
BOLA1	0.23
BOLA3	0.37
IMMT	-0.65
GLCCI1	0.24
NDUFB9	-0.07
NDUFB8	-1.24
NDUFB7	0.41
NDUFB6	0.02
NDUFB5	0.56
NDUFB4	-0.7
NDUFB3	-0.15
NDUFB2	-0.26
NDUFB1	-0.66
	-0.75
GPR35	-0.49
GPR37	0.72
NUDT19	-0.58
FAM50B	1.95
FAM50A	-0.35
	1.01
FMNL3	0.55
	-0.12
STAP2	0.12
STAP1	-1.19
ZIC5	0.4
ZC3HAV1	-0.67
	0.35
MAPRE1	-0.61
MAPRE3	-0.75
ANKRD44	0.95
ANKRD46	-0.52
ANKRD40	-0.59
ANKRD49	-1.03
	-1.24
	1.17
	1.32
	0.65
	0.51
	1.72
	1.63
	1.1
	0.65
	2.34
GTF2I	-0.96
PHB	-0.15
	-1.34
	-1.02
PGGT1B	-0.17
	-0.31
	-0.19
	-1.16
	1.61
	-0.08
RNF216	0.02
LZTR1	0.15
	-1.61
RNF213	0.6
MED28	-0.35
	-1.33
MED23	-0.19
MED25	0.37
ATRAID	0.6
MED27	-0.5
MED26	-0.96
SEPT9	0.45
SEPT8	1.38
CC2D1B	0.07
SEPT7	-1.64
SEPT6	-0.96
SEPT1	-0.54
SEPT2	-1.21
KANSL2	0.61
KANSL1	0.57
TRIAP1	1.08
RBM34	-0.3
YARS	-0.82
	0.58
	-2.27
SENP6	-0.05
	0.34
	0.05
RBM38	0.41
EPHB1	0.18
	-0.32
GPR155	-1.28
PARP4	0.37
EPN1	0.18
PARP1	-0.42
	0.93
TP53INP1	0.36
	0.69
ZDHHC2	-0.71
ALDH4A1	1.56
MELK	1.4
NVL	1.53
NADK	-0.19
ACTC1	0.26
	-1.51
ZNF35	-0.88
	1.02
SH3GL1	0.14
SLC10A3	-0.44
	-0.79
	2.37
FTH1	-0.85
UGGT2	-0.05
BSPRY	1.1
	0.62
	-0.92
	-0.29
	-0.82
PAWR	0.39
RAD51B	0.51
	0.8
CTDSPL2	0.43
	-0.82
GATAD2B	0.89
GATAD2A	-0.24
	2.23
	3.71
	1.55
HMGXB3	-1.02
HMGXB4	-1.19
LGI2	0.18
DIP2A	-0.51
DIP2B	-0.4
MYLPF	1.25
YES1	-1.02
	1.01
	1.19
KCNS3	0.46
ZCCHC3	0.61
ZCCHC6	-0.9
ZCCHC4	1.0
RENBP	-1.49
	1.33
ENPP5	1.09
SPOP	0.4
	1.78
	1.12
TP53BP1	0.75
TP53BP2	0.32
IPPK	0.12
	1.06
ARID3A	0.53
UPP1	-1.46
ARID3B	-0.9
	2.21
	1.39
	1.39
	0.41
ADPRHL2	-0.72
CEP85L	-0.2
DARS	-1.88
LYPLA1	-2.17
LYPLA2	-1.78
GLRX2	0.52
GLRX3	-0.08
S100A11	-0.61
S100A10	-0.27
	-0.16
	0.92
	0.05
C19orf44	-0.1
ACP2	0.13
AHCYL2	-0.66
GRK6	0.59
ASH2L	-0.42
	-1.17
CAPN7	1.64
CAPN1	0.35
	1.78
NECAB3	0.61
SEPT10	-0.08
SPAG9	-0.69
PRRC2C	-0.67
SPAG7	0.28
P4HB	-1.01
SPAG5	-0.92
	-0.34
SPAG1	-0.6
KLHL6	-0.53
KLHL5	-0.31
KLHL2	0.96
KLHL3	-0.38
PRKDC	-0.64
KLHL9	1.93
CAB39L	0.34
FUT11	0.6
	-0.01
	0.88
	-0.12
DYRK2	0.66
KDELR2	-0.82
KDELR1	-0.51
HIRIP3	-1.11
ST14	-0.41
RP2	0.03
ST13	-0.59
MUTYH	0.1
	1.32
CDV3	-0.67
TCTN3	-0.35
TXLNG	-1.18
PCTP	-1.29
	-0.13
GRAMD4	0.45
	-0.39
	-0.93
PLEC	1.31
LRMP	0.57
	0.63
	0.09
	-0.84
NCOA4	-0.22
POMGNT1	-0.36
POMGNT2	-0.1
	0.51
	-0.47
	-0.25
CLDN12	-1.34
FNBP1	-1.68
TMEM19	-0.48
	-0.1
	0.23
	-0.29
	-0.55
APOOL	-0.58
TENM3	-0.46
	-0.08
ZNF746	-0.44
	0.57
	0.56
PHIP	0.15
AGTRAP	0.43
	-0.23
	0.18
	0.83
	0.87
	0.87
CCDC71L	0.72
MPV17L2	-0.2
	0.04
SYNE1	-0.14
SYNE2	1.03
SYNE3	-0.55
TNFRSF13B	0.14
GOPC	-1.02
YTHDC1	-0.77
YTHDC2	-0.86
ZCRB1	-0.94
ZNF526	-0.91
	0.06
STEAP3	1.7
YAE1D1	1.04
UBASH3B	0.74
AVL9	-0.78
GRHL1	1.5
GRHL3	-0.84
UBQLN2	0.6
	-0.18
GCLC	0.09
UBQLN4	0.23
C1GALT1	-0.27
WHAMM	0.19
BIVM	-0.31
DAPK3	-1.23
DAPK1	-0.68
DPY19L1	0.31
NR3C1	-0.58
ULK1	-1.44
	3.56
PIM3	-1.06
	1.97
	0.88
IL18R1	0.18
SRPK1	0.35
	0.63
TMEM39A	0.18
PGP	-1.17
GORAB	0.43
RNLS	0.73
MYO7A	0.33
UBL5	-0.34
UBL7	-0.06
STK10	-0.76
	-1.08
	-0.76
GPAT2	0.55
	-0.2
FKBP4	-1.53
FKBP5	0.65
	0.18
	0.97
FKBP2	-1.3
NAA60	-1.14
	0.0
FKBP9	0.51
	0.91
GABARAP	-0.36
MANF	-0.01
SV2C	0.97
SAMD1	1.64
PCCA	-1.23
MAN2C1	-0.65
WIPI2	-0.09
	0.21
CTNNBL1	-0.01
	-0.16
GM2A	-0.36
CSRP1	0.31
HSD17B12	0.01
ATP6V1D	-0.51
HSD17B10	-0.85
HSD17B11	1.36
ATP6V1A	-0.73
	0.18
DTL	-0.59
TBCC	0.43
	0.69
ATP6V1H	-0.2
TBCB	0.06
	1.2
SPTSSA	-1.7
	1.17
ARNTL	-0.03
PANK3	-0.51
PANK2	-0.35
SLC2A1	-0.01
	-0.03
	-0.25
HEATR5B	1.05
ATF1	-1.19
	-0.17
NFASC	0.27
RAP1GDS1	-0.38
GGCT	0.24
CBL	0.53
PRDM4	-1.33
SLC22A5	1.32
PDRG1	0.12
PRDM1	-0.28
PDE6D	0.72
MYBBP1A	-1.17
FLNA	0.56
EFCAB7	-1.13
	0.43
RCAN1	1.9
LETM1	-0.21
PRKCSH	-0.34
BRIX1	0.76
	0.55
RAD51AP1	-0.12
RBM11	-0.18
RBM10	-1.12
RBM15	-0.47
RBM14	-0.08
PARVB	-1.64
PARVG	0.16
MVP	0.29
	2.9
BEND3	0.11
RXRA	-0.33
RXRB	0.39
CCNYL1	-0.71
MVD	1.05
ALDH9A1	-0.13
GRAMD1A	-0.77
WRNIP1	-1.18
CXorf21	1.13
SUCLA2	0.17
ABCA7	0.33
ABCA5	-0.33
ABCA1	1.28
RFT1	0.8
CLN8	-0.61
NBEAL1	-1.07
NBEAL2	-0.99
	-0.5
	1.84
PSMD8	-0.55
	0.41
PSMD5	-0.41
PSMD4	-0.61
PSMD7	0.23
PSMD6	-0.66
PSMD1	-0.43
PSMD3	-0.54
PSMD2	-0.55
RTP4	1.15
	0.49
	0.6
HIST2H4B	0.0
SELPLG	0.06
	-0.43
RPGRIP1L	0.32
HIST2H4A	0.0
BANP	-1.43
RRN3	-0.87
STXBP4	-0.36
	-0.11
MCFD2	-0.52
ST6GALNAC4	-0.93
COPS7B	0.4
	-0.54
COPS7A	-0.12
NCK1	1.28
NCK2	-0.85
LPIN1	-0.82
DKK1	-0.59
RABGGTB	-0.26
KIF13B	-0.9
RABGGTA	0.43
KDM7A	-0.6
FAM111A	2.09
	-0.22
SPR	-0.12
TGDS	-0.76
	-1.39
HPS5	-0.55
HPS6	0.72
HPS1	0.94
HPS3	-1.17
	0.3
NFE2L3	0.63
NFE2L2	0.1
NFE2L1	-0.09
	0.22
	2.97
	-0.52
KLF4	0.33
	-0.53
ZNF263	-1.05
	0.66
TSNAX	-0.83
ASNSD1	0.03
PTAR1	0.75
RBBP9	0.34
C17orf49	-0.32
SCAND1	-0.2
RBBP8	-1.23
	0.93
STK17B	-0.54
	0.17
CEP350	-0.29
	-0.86
HPSE	-0.35
ZC3H11A	-0.66
IAH1	0.09
	0.18
ARID1A	0.31
YEATS2	-1.26
TRA2B	-1.05
YIPF3	-0.21
YIPF2	-0.04
YIPF5	-0.24
YIPF4	0.14
YIPF6	-0.06
SDR39U1	0.26
CYB5R4	-0.44
	-0.15
VLDLR	1.33
CYB5R1	-0.27
SPTAN1	-0.96
RBBP6	-0.17
	0.97
RBBP5	-0.67
RBBP4	-0.23
BTF3L4	0.09
C19orf66	0.52
YPEL3	0.16
FTSJ3	-0.45
DERL1	-0.46
DERL3	-0.68
RAD54L2	1.19
FAHD2B	0.01
MLLT11	-1.09
DAP3	-0.42
	0.56
EIF4E	-0.57
PRSS16	-0.42
EIF4B	-0.38
	-0.3
ZBTB21	-0.68
HSPBAP1	0.67
	-0.5
HAT1	-0.7
ZBTB26	-0.47
CCDC106	-0.21
	1.48
	-0.92
	1.19
HDAC1	-0.53
HDAC3	-0.29
HDAC2	-0.31
THEMIS	2.14
HDAC4	-0.29
HDAC7	-0.18
HDAC9	1.16
HDAC8	-0.34
TMEM161A	0.33
OXSR1	0.5
GNL3	-0.56
NDC80	-0.75
CDT1	-0.01
	-0.43
VIM	-0.15
	-0.19
	-0.24
TRAPPC11	0.69
TRAPPC10	-0.54
TRAPPC12	-0.23
CST3	-0.13
	-1.09
	0.05
	0.75
	1.06
CSTB	-0.29
	-0.01
GMPPA	-1.47
GMPPB	0.08
	-0.24
	-0.1
SND1	-1.38
CMC2	-0.59
CMC4	1.35
	-0.12
	0.7
	-1.32
	0.06
	-0.69
	-0.6
RPL10A	-0.84
RAD50	0.24
RPL10L	-0.75
KY	0.71
SRCAP	0.42
USP1	0.65
USP4	-1.78
	-0.16
USP7	-0.45
	-0.3
	0.85
RNF38	-1.77
SOX2	-0.33
RNF34	-0.29
SOX1	1.17
SOX4	0.21
RNF31	-0.39
	-0.67
CEBPB	-0.14
CEBPG	-0.73
RALGAPB	-0.13
XRCC5	-0.02
MAP3K12	0.85
PHKB	-1.24
CEBPZ	-0.27
	0.26
INTS3	-2.23
INTS2	0.62
INTS1	-0.19
INTS6	-0.74
INTS5	-0.97
INTS4	-0.76
TPP1	0.02
TPP2	-0.48
INTS8	-0.81
	-0.55
	0.23
CTNNA1	-0.18
	3.49
	0.35
LYST	-1.05
YTHDF2	-0.34
	-0.97
TOMM40	0.0
TM7SF3	0.45
	-0.3
MYL6	-0.47
	0.93
MYL4	0.84
NARS	-0.82
	-0.76
	0.66
	-0.4
ATP2C1	-1.53
CDKN2AIPNL	0.26
MYL9	-0.2
CERS6	-1.3
NCEH1	-0.93
CERS2	-0.26
TFB2M	-0.71
MPP6	-0.24
MPP5	-0.21
FAM110A	-0.01
SYT11	0.25
INHBE	1.04
TUBGCP3	-0.29
IPMK	0.1
	-0.2
PRPSAP2	-0.58
STAU2	-0.46
ETFDH	-1.44
GPT	1.56
FAAH	-0.64
	1.41
MAN1A1	0.28
MAN1A2	-0.81
IKBKB	-1.81
ATIC	-0.07
NIN	-0.47
DONSON	-0.52
MYO5C	-1.23
HDAC10	-0.63
MYO5A	-0.13
	2.17
	3.05
	1.6
	0.33
	2.71
GORASP2	0.61
GORASP1	0.53
PPRC1	-0.51
CRTC2	0.5
FAM13B	0.99
	-0.63
	0.84
SUMF2	-0.61
SDHAF1	-0.44
SDHAF2	0.31
SUMF1	-1.48
	0.44
TWSG1	-0.95
	-0.67
PIK3IP1	-0.27
	1.22
SURF1	0.46
HECA	1.3
FNDC3B	-0.06
SURF2	-0.35
ZFAND2B	-0.69
SURF4	-0.16
ZFAND2A	-0.48
	-0.52
	0.97
	0.87
GBP3	-0.57
GBP2	-1.07
	-0.52
IFNLR1	1.44
MAN2A1	-0.56
	-0.34
MB21D2	0.12
CCDC134	-0.98
CCDC137	-0.48
CCDC130	-1.3
RBFOX2	-0.58
GALK2	0.28
TIMM22	0.48
STK33	1.94
STRN	1.95
STK36	-0.87
STK38	-1.11
STK39	-0.87
	0.45
GGNBP2	-1.08
PAPD5	-0.87
C12orf10	-0.54
DARS2	-0.15
DNAAF1	-1.36
DNAAF2	1.01
	0.58
	1.24
	-0.76
STAT6	-2.2
STAT4	-0.45
NUSAP1	-0.55
STAT2	-0.42
STAT1	-0.91
CEP162	0.32
CHRNB1	0.63
	1.68
HBEGF	-0.52
	1.57
RABIF	0.99
	-0.21
	-0.73
HTATSF1	0.14
AKR1B1	0.23
BTAF1	-1.54
PLXNA3	0.6
PLXNA2	0.31
PLXNA1	-0.23
PBDC1	0.03
ASNS	-0.56
MTMR2	-0.98
PDE4B	-1.45
RHEB	-0.49
	1.01
CCNL1	0.4
MAP2K3	0.48
MAP2K2	-1.04
MAP2K1	-0.84
	0.22
	1.18
AACS	-1.36
SCAP	0.16
	0.09
MINK1	-0.68
SERTAD1	0.6
	0.17
	0.46
TM9SF3	-1.06
	0.04
ACY1	-0.82
	-0.42
	-0.14
ATP6V1G1	-0.43
MTR	-0.69
SUCLG2	-1.78
SUCLG1	-0.81
ALDOA	-0.72
UHMK1	-0.45
ALDOC	-0.72
ALDOB	-0.34
BAZ1A	-0.22
MAP3K14	-0.68
TIA1	-1.52
MTFP1	0.86
ABCC4	0.33
ABCC5	-1.02
ABCC1	0.02
DNAH14	-0.17
	0.77
TMOD3	-0.43
PSMF1	-0.18
	-0.34
	0.83
	-0.01
TALDO1	-0.6
APLP2	0.91
	1.9
BORA	1.2
DTD1	-0.79
GOLGA2	-0.21
GOLGA3	0.52
GOLGA4	-0.79
GOLGA5	0.02
OSBPL10	1.41
	-0.56
PDPR	-1.02
ENPP4	1.23
RSPRY1	-0.92
ENPP1	2.02
	0.81
	1.19
	-0.16
CSNK2A2	-1.79
CSNK2A1	0.36
	0.34
	2.91
	0.04
FZR1	0.05
CD2AP	-2.12
ZZEF1	-0.09
	0.98
KDM5D	0.5
DPYSL4	0.5
KDM5A	-0.31
KDM5B	-1.0
OCIAD1	-0.52
MRPL44	-0.39
UBE2L6	-0.07
GLUL	-0.66
	0.18
UBE2L3	-0.43
	1.02
DNM2	-0.03
	0.98
TRAP1	1.0
IFT122	-0.2
BET1L	-0.27
ZNF282	-0.01
	0.5
ZNF281	0.49
	-0.12
STRN4	1.6
	1.1
STK24	0.57
KIAA0040	-0.97
STT3B	-0.02
STT3A	-0.44
RFXAP	-0.43
	0.34
ETV3	0.57
ETV5	-0.17
ETV6	0.43
FAM8A1	0.56
	0.85
	1.02
	-0.09
BTBD6	1.14
BTBD3	-1.69
TUBA8	-0.27
RAD23B	-0.43
	0.85
	-1.3
IKZF1	-0.76
IKZF3	0.68
C11orf71	0.84
	0.14
SACM1L	-2.23
	1.09
	-0.41
TCEAL1	-0.2
TCEAL6	1.4
TCEAL5	1.39
	-1.16
	-1.62
TCEAL8	-1.41
RGS16	1.26
RGS14	0.03
	-0.7
RGS12	0.8
RGS10	1.32
PSPH	-1.34
	-0.86
KATNA1	0.66
RGS19	-1.01
	0.51
	-0.63
	-0.01
PHF20L1	-1.57
	-0.65
WIZ	0.04
TIMM21	-0.25
UTP6	-0.04
	-1.29
UTP3	-0.32
CLEC16A	0.59
SLC33A1	-1.58
	-0.75
CACYBP	-1.36
BTN2A2	-0.67
	-1.05
ELF2	-1.25
ELF4	1.61
ZRSR2	-0.59
PRPS2	-0.98
CAND1	-1.05
PRPS1	-0.35
CDR2	0.36
BRPF3	-0.14
BRPF1	0.28
	-0.7
TTLL12	0.83
LDHA	-1.48
LDHB	-1.19
LDHC	-0.58
ODF2L	0.88
DDX10	0.93
ACAP1	0.21
ACAP2	-1.54
	-1.07
	-0.25
CFL1	-0.63
	0.28
C8orf82	0.6
	0.37
CCHCR1	-0.29
SLC7A11	-0.62
ANKRD13A	0.43
AIP	-0.8
	0.18
SERPINH1	-0.86
GSTK1	0.41
