CERS6	0.875
PLEKHG2	-0.695
CERS4	1.335
CERS5	1.25
CERS2	2.205
NSA2	-1.095
NAMPT	1.67
MAN2A2	-0.915
SEPT7	-0.84
NDC1	1.405
BCKDK	0.77
HSPBAP1	-1.705
MIER1	-0.66
MIER2	0.43
MIER3	-1.56
SYT7	1.6
CNPPD1	-0.73
INVS	-0.605
DAG1	-0.115
MYADM	-2.285
NAF1	1.705
CEBPB	0.01
CEBPG	1.915
RGS13	-0.585
ERICH1	-1.205
	1.445
CEBPZ	-0.035
ARL1	-0.12
ZNF710	-1.485
RBM8A	1.365
ZNF175	-0.1
EDRF1	1.595
MLLT6	0.305
MLLT1	0.995
RTF1	-0.45
	-0.645
KIAA0355	-1.415
PRAMEF8	-1.095
CRTC1	-1.69
NOSIP	0.185
SNRPD3	3.525
BTG2	0.4
SNRPD1	3.2
UPRT	-0.54
ZSWIM4	-1.195
ZSWIM5	-0.47
ZSWIM6	-1.185
RTN4IP1	-0.475
NUPL1	1.515
NUPL2	-0.13
NDRG1	-0.195
NDRG2	0.445
NDRG3	-1.17
ZSWIM8	-1.105
NPAT	0.065
HM13	2.235
GGA1	-1.26
GGA3	-0.215
GGA2	-2.355
	1.36
SORBS1	-0.14
TSHZ1	-1.3
XIAP	-1.82
MPLKIP	0.26
HSF1	1.76
FAM104A	1.93
TRNT1	2.01
TEX9	-0.55
RALGPS2	-0.47
RALGPS1	-0.21
TEX2	-0.185
LTA4H	-1.375
LMNA	-2.75
SUPT16H	-1.345
CMAS	-0.345
UBFD1	0.36
FKBP15	-1.245
MCL1	-2.395
PTTG1	0.405
	-0.105
PREPL	-2.77
GPR180	0.565
SASS6	0.055
SLC27A4	-1.475
CEP19	0.39
SLC27A1	1.025
IMP3	1.455
HMGXB3	0.765
HMGXB4	0.845
LRRK1	0.105
IMP4	0.675
TRIM39	-1.08
TCOF1	-0.63
TRIM33	-1.89
TRIM32	-2.565
TRIM37	-0.305
TRIM35	-2.36
FOXO3	-1.13
FOXO1	-2.29
DLAT	1.01
FOXO6	-0.4
FOXO4	-0.415
	1.465
THAP11	1.25
BTAF1	-0.865
DBNL	-2.175
FAM114A2	0.195
ALDOA	-0.275
ALDOC	-0.465
	2.41
COPE	-0.17
NUP43	0.375
NSFL1C	-0.46
USP8	-1.375
USP1	1.355
USP2	0.09
USP3	-0.23
USP4	-1.32
USP5	-1.9
USP7	-0.885
IL1RAP	0.545
MIS12	-0.825
NR1D2	1.125
CALR3	0.435
CARD6	1.085
FARS2	-0.165
RPL37	2.37
	3.4
	3.96
RPL30	4.725
FAM13B	-2.11
BCAS2	1.7
BCAS3	-2.27
EXOSC10	-0.48
	1.51
	2.915
MTHFR	0.5
TPP1	0.085
TPP2	-0.535
RAD50	-1.68
SFMBT1	-0.59
ZZEF1	-0.435
BRF2	-0.535
BRF1	0.915
SETX	-1.325
FUCA1	0.605
FUCA2	-0.23
MLYCD	-1.31
HIST1H4B	3.075
FARSB	-0.16
FARSA	-1.08
UAP1L1	-1.845
PURG	-0.39
CCDC90B	0.95
NCOR2	1.065
NCOR1	0.805
LYSMD3	-0.23
PEBP1	0.115
MAGOHB	2.8
ABHD17B	-0.255
PPME1	-0.635
FLNA	-1.705
FLNB	-1.075
CEP164	-0.53
	-1.67
	-0.61
CNNM3	0.875
MCM3AP	-1.155
TINF2	-1.395
	-0.39
	-0.985
RALY	0.91
POLD1	-2.425
POLD2	1.265
POLD3	0.52
POLD4	-0.735
DUT	2.77
RALB	-1.145
RALA	0.5
HDAC1	-0.13
HDAC3	0.37
HDAC2	0.435
HDAC5	-0.255
HDAC4	-0.57
HDAC7	-0.925
HDAC6	0.05
HDAC9	-2.82
HDAC8	0.085
GSTCD	0.365
GZF1	-0.615
GMPS	1.21
DPY19L1	-0.62
COG7	-1.195
C20orf194	-0.055
UPF3B	-1.165
UPF3A	-1.215
STRN	-1.52
NACC2	-0.53
NACC1	0.47
CLCN3	-1.22
CLCN2	-0.47
ZNF76	0.29
CLCN7	0.85
CLCN6	1.05
CLCN5	-0.22
	-1.545
IKZF1	-2.095
IKZF3	-3.55
H2AFV	-0.665
MBTD1	0.775
H2AFX	1.445
H2AFY	-1.965
SGSH	0.14
PIGY	-1.58
BANP	-0.18
CNN3	-1.365
CNN2	-0.835
HADHA	-1.8
SEPT10	-1.225
FGF11	-1.485
CIZ1	-0.855
ASL	-1.925
IKBIP	-1.7
SKP1	1.17
LMCD1	-0.02
ANGEL2	-1.58
ANGEL1	0.9
SNRPD2	0.045
DNLZ	-0.47
BTG1	0.8
	0.225
BABAM1	-0.185
PHC3	0.765
PHC2	-0.025
SEC16A	-1.38
SEC16B	0.53
MED22	1.075
	2.32
ZWINT	-1.67
GOLT1B	2.335
	2.17
CSNK2A2	1.055
PIF1	-1.805
ZSWIM7	0.84
TERF2IP	-0.155
RNF6	-1.98
RNF4	1.715
RNF5	0.27
RNF2	0.39
CHMP6	0.105
NET1	-1.04
ZSWIM1	-0.53
RECQL5	-2.935
RECQL4	0.13
SCLT1	-0.4
	0.385
YTHDC1	-0.86
NAIF1	-1.07
MARK4	-1.755
MARK2	-1.09
MARK3	-1.5
STRIP1	-1.87
NMD3	2.28
NDRG4	-0.14
EXTL2	0.665
EXTL3	-1.055
MAK16	2.17
TMEM160	-0.45
TMEM165	0.74
TMEM164	-0.275
TMEM167A	-0.78
TMEM168	0.13
C12orf10	-1.835
TBC1D1	0.095
TBC1D4	-0.39
TBC1D5	-2.04
TBC1D7	0.335
HNRNPDL	0.765
SDCCAG8	-0.72
RYR1	-0.4
	1.43
	1.685
ITGAV	-0.435
C18orf32	1.265
IBTK	-1.235
GTF2E1	-1.725
GTF2E2	0.185
EIF4E2	0.565
AKIRIN2	0.84
AKIRIN1	1.65
AP3M1	0.01
AP3M2	0.17
LIMD2	-0.625
LIMD1	0.115
RALGDS	-0.425
ACSF2	-0.98
ACSF3	0.48
ITGA4	0.555
ITGA6	0.08
SLC4A8	-0.84
ZNF865	-0.77
	0.23
AIG1	1.135
UNC119	-1.49
POLE3	0.755
	-0.09
ZNF91	-0.065
C14orf119	0.84
TPCN1	1.85
TPCN2	-0.35
SNRPB2	1.22
GLTP	0.73
CALR	-1.22
M6PR	1.83
NDUFS1	-1.705
ZNF12	0.125
EBF1	-2.005
R3HCC1L	-0.695
SECISBP2	0.955
CACNA1I	-1.665
CTDSPL2	0.33
CACNA1A	0.15
IMPAD1	1.76
CMC1	1.085
CMC2	1.125
GCSH	1.475
RASAL2	-0.645
XRN1	-1.38
XRN2	-0.58
ARHGAP4	-0.585
ARHGAP5	0.77
POT1	-0.6
ARHGAP1	-3.145
AP5Z1	0.205
DQX1	-1.05
DYNLRB1	1.895
RPUSD4	1.73
COL11A2	-1.03
FCRLA	0.345
TIPARP	0.77
DYNC1LI1	-0.575
DYNC1LI2	-0.29
	-0.04
DAXX	0.71
ATIC	0.255
UTP3	-0.59
MTCH2	0.745
MTCH1	-0.275
LRIF1	-0.47
ANKRD27	1.025
ANKRD26	-0.16
	1.77
CNOT8	-0.215
TIAL1	0.545
CNOT3	-0.75
CNOT2	0.135
CNOT1	-0.53
CNOT7	1.29
CNOT6	-0.015
ANKRD28	-0.635
SARS2	-0.63
IFT172	-1.88
UVRAG	-0.52
RNF123	-0.36
RNF103	-1.2
NFIC	-0.65
NFIB	0.16
NFIA	-0.84
LGR6	-1.005
TTF2	0.5
TTYH2	-1.05
CXCR4	-0.12
HLTF	-0.145
NFIX	-0.685
FBXL20	-1.88
TNFRSF13C	0.035
ZNF292	-1.045
IGSF8	0.005
ZNF296	-2.155
CSNK1D	0.045
CSNK1E	0.47
ALDH16A1	-0.345
C7orf26	2.21
COPRS	0.76
	-0.95
	0.65
SYNRG	-2.09
PKIG	-0.345
U2SURP	-1.215
RPL14	1.62
RPL12	1.31
RPL18	2.355
OGFOD1	-0.27
OGFOD3	1.065
OGFOD2	-0.465
LYRM4	1.885
LNPEP	0.665
CLTA	0.62
KLF13	-1.165
GSS	-0.395
GSR	-0.475
CLTC	-2.37
PATL1	0.995
CD300A	-0.035
HK2	-2.01
HK1	-2.515
MOB3B	-0.21
MOB3A	-2.325
	0.74
SOD1	0.345
GBP4	-0.05
C9orf40	1.95
LSG1	-0.76
	-1.445
SCOC	0.48
PMS2	-1.095
COX7A2L	0.62
GNAS	0.195
CSTF2T	-0.04
IVNS1ABP	0.265
NAGLU	-0.39
TMED10	1.16
DMXL2	-0.04
DMXL1	0.145
BCL2L11	-0.415
BCL2L13	0.25
BCL2L12	-1.715
NFATC2IP	-2.925
EED	-0.095
TPRN	1.875
MCU	1.01
C7orf50	1.295
	1.485
NAPA	1.79
CLYBL	-1.165
ID3	0.02
PGM1	-0.575
PGM3	0.65
C6orf62	-0.43
CHAF1A	-1.62
CHAF1B	-1.85
RMND5A	-1.455
HMG20B	-0.72
RRNAD1	-1.345
TPD52	-0.07
NIPA2	0.22
CHTF18	-1.485
QPCTL	-0.12
TRUB1	1.885
TRUB2	0.1
IDS	1.235
ZNF507	-1.145
	-2.045
AMMECR1	-1.23
	-2.9
IDE	-0.64
	-0.79
PXK	-1.95
HPS6	-1.56
PXN	-0.68
ACY1	1.52
QRSL1	0.06
LYL1	-0.42
FAM149B1	-1.48
HS1BP3	-1.24
MED30	0.965
MANEA	-0.645
SPRYD3	0.045
SPRYD4	-1.72
NF2	-0.05
NF1	-0.43
SPRYD7	1.62
	1.1
AQR	0.015
NSMCE2	1.435
	-1.28
EPS15	-1.34
PTPRS	2.46
PTPRR	-0.345
TAZ	-0.88
POLR1C	0.58
PTPRC	-1.055
PTPRA	-1.17
AACS	0.01
PTPRJ	0.345
RASA2	-0.065
RASA3	-0.48
PPHLN1	0.875
	-0.095
KIF16B	-0.805
DHODH	-0.26
HLA-DRB5	-0.315
	-0.025
	-0.33
FAM172A	0.955
MAP3K8	1.2
MAP3K2	0.375
MAP3K3	-0.72
LRRC14	-1.19
MAP3K1	-1.165
	0.43
MAP3K4	0.165
MAP3K5	-2.005
LTB	-2.435
LTA	-0.445
ABCA5	0.825
ABCA2	0.295
ABCA3	0.585
ABCA1	-1.72
CHAMP1	-2.025
FAM32A	1.35
ZBTB2	-1.51
ZBTB1	-1.175
PDCL3	-1.045
ZBTB5	-1.965
	-0.145
RPF2	0.9
RFX7	-0.08
RFX1	-1.77
RFX3	0.04
TMEM109	1.62
FKTN	0.425
TMEM102	1.03
TMEM101	0.39
MYD88	-0.38
BORA	-0.665
TMEM104	-1.89
ASPSCR1	-0.83
IFT52	1.265
IFT57	-1.48
NKTR	0.065
ETV3	0.06
ETV5	1.445
ETV6	0.74
SH3BP5	-2.155
POP1	-1.96
POP7	0.09
SH3BP1	0.325
POP5	2.245
POP4	0.61
EIF4G3	0.17
EIF4G2	1.015
EIF4G1	-1.435
GDE1	0.77
TCEANC	0.69
C5orf63	1.135
GLUL	-0.4
APEX2	0.445
AKAP12	-0.13
AKAP13	-1.46
AKAP10	0.125
AKAP11	-1.1
	-1.48
TMC6	-0.995
TMC8	-0.64
SNAP47	-2.505
C6orf47	-1.83
ANXA11	-0.135
ANXA10	-2.62
EFHD2	0.535
MLF2	-0.11
COX4I2	-1.005
NTAN1	0.385
HERC1	-1.63
HERC3	-2.4
HERC2	-1.005
HERC4	-0.615
HERC6	-0.49
RAB8B	0.005
RAB8A	-0.275
ZCCHC17	-0.695
PCID2	0.715
ZFYVE9	-1.96
ZBED3	-1.495
ALKBH7	-0.825
ZFYVE1	-1.06
DNAJA2	0.615
DNAJA3	0.305
DNAJA1	0.64
PSMA3	1.725
	0.82
WDR26	1.06
WDR24	-1.3
WDR25	1.03
WDR20	-1.095
PSMA7	2.375
ACER3	1.715
APOE	-0.4
SMIM7	0.155
PDE6D	-0.575
RAD21	-0.47
SMIM8	1.33
ESF1	-0.69
RECQL	-1.61
	-2.0
LACTB2	2.16
AGBL1	-0.18
CRYL1	0.23
	-0.1
ZFP36	3.31
STARD9	1.725
SRP14	2.215
STARD3	0.01
SRP19	1.9
STARD7	-0.35
STARD4	1.89
STARD5	-3.14
ANTXR2	-0.685
PDIK1L	0.655
CDK5RAP2	-0.585
CDK5RAP3	-0.95
CDK5RAP1	-0.33
PBX2	-0.98
FAM126A	1.06
ACAA1	-0.59
DOCK9	-0.07
DOCK2	-2.43
DOCK3	0.665
DOCK6	1.56
PIK3C2A	-0.265
DOCK5	0.035
LPCAT4	0.75
LPCAT3	0.76
LPCAT1	0.465
ASB13	-0.605
DLD	-0.275
TOR1B	1.42
MOB2	0.71
RNF25	-1.805
LDLRAP1	-0.955
HSD17B12	2.23
ZNF317	-2.15
HSD17B10	-1.23
FOXK2	1.52
FOXK1	0.83
PHLDA1	0.23
ZNF318	-0.565
ZNF319	-2.06
PRR14L	-0.56
RNF128	1.29
RNF126	0.395
	2.805
RNF121	-0.415
IL2RA	1.495
IL2RG	0.87
TBC1D31	-0.77
KATNA1	0.525
UTRN	-0.125
AOX1	-0.18
	0.735
	-0.545
KCTD5	0.43
ZNF275	-0.635
DHX57	-1.125
KCTD9	-0.86
ZNF276	-2.56
POLR3GL	-0.4
COX20	1.29
NUP214	0.47
NUP210	-0.055
PIP4K2C	-1.01
PIP4K2B	0.78
NUPR1	0.23
	1.89
NTNG2	-1.88
MRGPRE	0.405
SLC23A2	-0.045
TRDMT1	-0.43
SETBP1	-0.84
BBX	-0.925
	1.725
	0.27
TFB1M	-0.365
DUSP14	0.85
DUSP16	-0.175
DUSP11	-1.09
DUSP10	-0.84
DUSP12	1.77
SGPL1	0.64
OPTN	-1.87
C17orf80	-0.595
	0.835
NUFIP2	0.465
GHDC	-0.05
NUFIP1	2.025
GPS1	1.01
GPS2	-0.595
PFKFB1	-1.83
PFKFB3	0.035
PFKFB4	-1.48
CAMTA1	0.39
MOB1A	-0.235
MOB1B	2.6
SLC20A2	-0.285
SLC20A1	0.255
FSTL5	-1.515
TM9SF4	0.85
SCNM1	0.755
MBOAT7	-1.255
TM9SF3	0.91
TM9SF2	1.575
LGALS1	1.555
CADM1	2.61
CEP128	-0.2
ECD	-0.01
RP9	-0.055
CEP120	-1.68
	-1.51
CRYBG3	1.01
	0.5
ATAD3A	0.88
PLK1	-1.63
PLK3	0.94
PLK2	3.735
PLK4	-0.435
AKT1S1	1.595
SPTBN1	-1.535
MTBP	-1.235
NEMF	1.03
RRAD	-1.34
RRAS	0.315
	0.515
EIF4EBP1	0.37
PDLIM5	0.07
	2.105
ZCRB1	0.405
PDLIM2	-2.775
	0.23
TKTL1	-0.39
	-0.855
PPFIBP1	-2.76
PPFIBP2	-1.465
GPAA1	0.395
FOPNL	1.065
SKI	0.68
	-0.55
RMDN2	-0.61
PNRC1	0.47
PNRC2	-0.395
PAICS	-0.515
MMGT1	-0.105
CARD11	-1.71
PCSK7	-0.385
PCSK4	1.105
SPTLC2	-0.145
SPTLC1	0.53
FAM192A	-0.315
TARDBP	1.085
ZZZ3	-0.105
RAB22A	0.69
KIAA1324L	-0.69
CDK2AP2	0.865
ADI1	3.0
	0.985
RPS15A	3.08
PDK1	-1.645
PDK3	0.175
RPRD2	0.06
GRPEL1	1.04
GRPEL2	-0.255
C5orf22	-0.615
CYC1	0.835
MEIS2	-1.65
ANKRD33B	0.38
PECR	1.17
TPRKB	-0.005
LGALSL	0.48
PTGR2	-0.83
GOLGA1	-0.23
RWDD4	1.5
GOLGA3	-1.455
GOLGA4	-0.39
GOLGA5	-0.27
GOLGA7	0.17
CKLF	-0.55
LMNB2	0.855
LMNB1	-0.545
RING1	1.01
	1.045
BMS1	-0.37
CISD2	1.37
SNAPC3	0.52
AAAS	-0.4
CISD1	3.135
FAM49A	-1.76
TBK1	0.155
FAM49B	0.175
RBFA	-0.9
SNAPC1	1.42
SWT1	-0.13
MED10	1.58
CSTB	1.81
MED12	-0.92
MED13	-0.545
MED14	0.125
	1.075
MED16	-0.845
MED17	1.015
MED18	0.145
MED19	-1.445
SRFBP1	1.44
BOP1	0.195
ECE2	1.28
ECE1	-0.195
VPS13D	-1.605
VPS13A	-2.155
VPS13C	-2.965
VPS13B	-0.71
RPTOR	0.135
FCER2	-0.615
C2CD2L	-0.77
KIF18A	-0.835
TMEM156	0.42
KIF18B	-0.7
CXorf56	-1.03
SPEF1	-0.4
PKMYT1	0.305
PRKAA1	-0.53
ABCC4	0.62
ABCC5	0.46
ABCC1	0.005
OSCP1	0.23
TMEM127	0.98
DESI2	1.48
TMEM123	0.475
DESI1	0.535
WIPI2	0.55
PUSL1	1.98
TMEM129	0.55
TACO1	-0.625
NUDCD2	1.435
NUDCD3	2.365
NUDCD1	-0.16
IFT74	-0.23
PREB	-1.38
IGFBP5	0.275
PREP	-2.045
L2HGDH	0.07
POFUT2	-0.38
HIGD1A	1.48
PTK2B	-2.625
POFUT1	1.785
MEMO1	1.44
BRIX1	1.685
AP4M1	-1.53
IL27RA	0.24
SSX2IP	1.415
C1D	2.06
NOP10	4.405
	1.235
NOP14	-1.01
NOP16	1.575
ATG9A	0.26
EFCAB14	-0.2
BLNK	-2.76
OCIAD1	-0.275
CCDC88A	-0.935
CCDC88B	-1.29
CCDC88C	1.23
PLEKHM1	-3.33
PLEKHM2	0.15
PLEKHM3	-1.71
CACFD1	0.86
BNIP2	-0.13
CDC45	-0.95
BNIP3	1.05
CDC40	1.155
	0.24
MAZ	0.65
TMA7	0.675
PSAP	1.105
MON2	-2.81
BLVRB	-0.56
TRIP4	0.63
SMC6	-0.7
UBQLN2	-1.19
UBQLN1	0.665
MLH3	-0.115
UBQLN4	1.285
LTN1	-1.96
GTF2A1	-1.19
GTF2A2	0.79
ISG20	0.34
GIPC1	-0.79
	0.16
OTUB2	1.4
ELAVL1	0.48
	0.62
CYB5B	1.47
ZDHHC2	-0.72
UPF2	1.155
MDH2	-0.575
MDH1	-2.17
ZDHHC5	-0.46
DIS3L	0.595
PACSIN2	-2.495
DNAJC8	0.415
DNAJC9	0.88
DNAJC4	-0.4
DNAJC5	0.935
DNAJC7	-0.035
DNAJC1	1.665
DNAJC2	0.225
DNAJC3	-1.335
GPN3	2.38
GPN2	0.99
GPN1	0.88
MYC	1.825
MYB	0.4
ROGDI	-0.565
DAAM1	-0.71
RNASEH1	-0.235
MOCOS	-1.35
	-0.535
ZNF761	-0.255
PCIF1	-0.29
UBR4	-0.82
SRP72	0.76
DUS1L	0.125
NTMT1	0.475
BAIAP2L1	0.235
GTF2B	0.775
PLP2	2.28
TERT	0.205
NBAS	-0.985
LUC7L3	-0.745
LUC7L2	1.665
LIN54	-0.045
PLCD3	1.29
NFU1	-0.035
SEC13	0.105
KRR1	2.15
ZNF213	-0.715
SGPP1	1.655
ZNF330	-0.73
JMY	1.21
ZNF335	1.41
RNF149	1.155
SUZ12	0.62
GMIP	-0.325
RNF141	-0.4
RNF145	-1.05
AICDA	-5.78
RNF146	-1.555
RPP38	0.23
	-0.39
HLA-DMA	-0.655
TFPT	0.085
ZNF251	-0.61
TBC1D13	0.135
TBC1D16	0.48
TBC1D17	-0.025
TBC1D14	-1.1
TBC1D15	0.19
DLG1	0.12
DLG3	-1.475
FAM102A	-2.56
SUPT7L	-0.795
UBTD1	-1.48
ODF2	-2.405
FASTKD5	0.01
FASTKD2	0.93
FASTKD3	1.5
FASTKD1	-0.89
ZNF217	-2.935
MMAA	-0.09
UBE3D	1.37
MMAB	0.795
SLC45A4	-0.955
PSPC1	-0.305
TRMT10A	-1.09
TRMT10C	0.935
TRMT10B	-0.565
ZRANB1	1.21
ZRANB3	0.23
MPC1	1.45
GALT	-0.82
CAPN10	0.265
EFR3A	-1.195
CRNKL1	-0.59
FNBP1	-0.66
FNBP4	1.24
ZFPM1	1.565
POU4F1	1.005
SWI5	2.225
	-0.4
RBBP8	-0.185
RBBP7	0.115
RBBP6	0.265
RBBP5	-0.74
RBBP4	0.24
CEP104	-1.06
PIK3AP1	-2.39
IFFO1	-0.715
TOB1	0.935
TOB2	-0.465
ENC1	0.565
MRPL4	0.725
NEO1	-0.69
MRPL2	0.85
MRPL3	0.29
MRPL1	-0.745
KIF21B	-2.855
MRPL9	1.77
LMTK2	0.06
TRRAP	-1.71
	0.795
IL10RB	-0.98
RABAC1	0.745
MSRB1	1.23
MSRB2	-0.4
C1orf112	0.53
GGPS1	-1.19
ZNF385A	1.015
CHKA	2.05
TYRO3	-1.37
HLCS	-0.5
TSFM	0.1
AFTPH	-0.635
BCDIN3D	-0.195
CHCHD10	-1.39
	-2.885
MARCH3	-0.72
CNNM4	-0.805
PDHA1	1.35
OXA1L	0.64
KIAA0100	1.625
KDM5B	-3.605
CAPG	-0.365
DYNLL1	3.96
HIRA	1.12
PRKAB1	0.49
ABHD10	0.535
WWOX	-1.02
ABHD13	-0.315
INTS3	-0.915
INTS2	0.38
INTS1	-0.685
INTS7	-0.16
INTS6	-0.415
INTS5	-0.765
INTS4	-3.105
INTS9	-1.66
INTS8	-0.565
ADAT1	-0.465
CAP1	-1.8
ADAT2	0.9
USP45	1.55
RSBN1L	1.3
UBXN2B	-1.625
ATP2B1	1.495
RNF187	0.395
CNOT10	0.87
DPY30	2.055
CSRNP2	-1.03
JKAMP	0.86
HIF1A	-1.31
PHYH	-1.7
GINS2	0.79
GINS3	0.845
GINS1	-0.21
GINS4	0.185
GGT7	0.69
FBF1	-2.375
COQ6	-0.315
CCDC61	-0.21
ASNA1	1.515
ILF3	-2.17
ILF2	-0.73
EBAG9	0.34
GALK1	-0.3
GALK2	-2.23
AMBRA1	0.14
RBMX2	0.285
ADPRH	0.75
BANK1	-2.25
ADPRM	-0.815
CRYZ	-0.285
MRPS7	0.08
MRPS6	3.055
MRPS5	0.965
MRPS2	1.02
WRNIP1	-0.51
IL3RA	1.04
AASDH	-0.355
LRWD1	-0.995
TULP3	-1.16
DEPDC5	-0.86
LPP	-1.0
SLC12A4	-1.01
SLC12A7	1.42
KDM6A	2.52
SLC12A2	-0.695
CWC27	-0.4
CWC25	-1.16
SLC12A9	0.44
FEM1C	0.415
FEM1A	-1.515
POU2AF1	-3.845
CRY2	-0.49
MED1	1.485
VCPIP1	-1.03
ATP6V1C1	1.815
	-0.68
NUS1	2.545
PCGF1	1.32
PCGF2	0.23
	0.16
LGMN	0.375
PCGF6	1.065
CCNDBP1	-0.86
SPATA24	-1.205
GOSR2	1.33
NANS	0.78
PRCP	0.745
DHX33	0.745
BEND3	-0.17
USP47	-0.35
SFI1	1.04
	0.84
DARS2	0.115
LRRC57	0.795
LRRC58	-0.095
LRRC59	0.115
HCCS	0.97
SLC11A2	1.11
NUP155	0.105
SLC11A1	2.595
SNUPN	-0.18
ZC3H12A	-0.485
GDI2	0.005
PRC1	-2.68
GDI1	-2.65
HSD17B4	-1.905
CBY1	-0.325
HSD17B7	1.375
POLQ	0.145
THOC7	0.365
POLG	-0.715
POLE	-2.265
POLB	0.85
PLEKHO2	-1.88
POLM	-0.565
PLEKHO1	0.04
POLK	-0.76
POLI	0.73
POLH	-2.055
DRAM2	1.095
RTN4	0.23
RTN3	1.16
TIMM13	1.615
TIMM10	1.955
VRK1	-0.705
RNGTT	-1.45
PA2G4	1.05
CDC6	-0.885
CDC7	1.11
ACACB	1.03
PRR12	-1.98
	-2.095
PRR11	-0.835
AURKA	-1.42
AURKB	-1.095
AEBP2	0.68
PRPF3	-1.3
PRPF4	0.905
PRPF6	-3.165
SHC1	-1.07
TALDO1	-1.185
EIF2S3	1.315
PKP4	0.235
PKP2	-1.885
MYO7A	-0.065
NINL	-1.42
ITCH	1.54
MICAL1	-1.68
CLPTM1L	0.38
BTLA	1.89
WDR62	-0.905
USO1	-1.37
XPR1	-0.87
FAM72A	0.13
VPS72	0.195
SCAPER	-1.345
TEP1	-0.87
ACOX3	-2.23
ACOX1	-1.22
ERGIC2	0.965
TFIP11	-2.0
ERGIC1	2.875
DERL1	0.7
DERL2	0.66
ALDH9A1	0.015
FRY	-1.96
SDHAF1	-0.34
SDHAF2	0.28
	0.505
CLIC1	0.6
GABARAP	-0.41
	-1.115
	-0.73
ZSCAN29	0.02
ZSCAN25	-0.695
ZSCAN26	-0.66
ZNF569	0.27
ZSCAN21	-0.515
ZSCAN22	0.34
LMF2	0.825
LMF1	-1.79
DUS3L	1.165
TSSC4	-1.225
ZFYVE19	-0.21
ZNF687	-1.8
ZNF688	0.39
ZNF689	-0.275
TMCO3	0.6
ZFYVE16	-0.405
TMCO6	0.055
SREBF2	-0.15
ZMAT3	0.87
SREBF1	0.205
ZMAT5	0.355
ANKRD44	-1.74
ANKRD46	-0.08
	1.14
ANKRD40	-0.39
ANKRD49	1.16
MEF2C	-2.31
MEF2A	0.14
BTBD9	-0.17
MEF2D	-1.165
ARID4A	-2.23
CYB561D2	0.94
BTBD1	-0.53
BTBD2	-0.56
CLUH	2.39
RNF166	0.565
RNF169	-0.29
RNF168	-0.485
KIAA0825	0.095
RABGAP1L	-2.27
N4BP2L1	0.805
CD151	-0.47
EAF2	-0.64
N4BP2L2	-0.16
RAD51D	0.385
RAD51C	0.23
RAD51B	0.48
DNPEP	-1.03
DDX39B	-0.145
ERC1	-1.56
CHMP2B	1.275
CHMP2A	-1.295
DHX16	-0.845
DHX15	-0.13
ARFIP1	0.885
MTHFD2	0.635
MTHFD1	-0.49
KATNAL1	-2.02
DBF4	1.17
STIP1	-0.725
GPCPD1	-2.1
	-0.88
ALG8	1.205
ALG9	-0.295
ALG2	1.15
ALG3	2.89
ALG1	1.54
ALG6	0.75
ALG5	0.0
PRIM1	0.68
PRIM2	-0.965
GYG1	0.145
HIF1AN	-1.235
IRF2BPL	0.905
RPP14	2.475
ACSL3	1.18
RABL6	0.21
C19orf24	0.7
SLC30A6	1.29
SLC30A1	0.935
RABL3	-0.34
MSI2	-1.78
BRPF3	0.995
BRPF1	-1.03
CRLS1	0.97
LYST	-1.98
PCNA	1.825
ERBB3	-1.03
CNST	0.315
HELQ	-3.07
MCTS1	1.77
SPAST	0.175
HELZ	-1.46
HIPK3	-2.16
HIPK2	-0.295
HIPK1	0.24
IRF2BP1	-0.105
	-1.195
HELB	-1.85
PCNX	-0.06
B9D2	-0.205
	1.34
LSM8	2.22
LSM4	1.38
EEF1G	0.62
EEF1D	2.51
LSM1	1.43
LSM2	3.26
LSM3	1.78
GUK1	0.565
ZMYND11	0.985
	-1.395
ZNF526	-0.065
	-0.405
MON1A	1.1
MON1B	-0.6
ZMYND19	0.09
TPX2	-2.785
	0.82
PPP1R21	-1.055
	0.695
	1.66
	2.13
HIST2H2BF	0.68
HIST1H2BJ	1.265
TRAF3IP2	-1.145
TRAF3IP1	0.68
SAC3D1	0.58
DPH6	-1.85
	-1.03
DNAJC27	0.68
DNAJC25	-0.165
DNAJC24	1.045
DNAJC21	-0.515
APOBEC3B	0.155
HSPB11	-0.045
APOBEC1	-2.03
MTMR9	-0.995
MTMR6	-0.45
MTMR4	-1.48
MTMR3	0.84
MTMR2	-0.285
MTMR1	-0.865
MYL12A	-1.085
CARS	-2.365
MAN1A1	-1.135
TRAIP	-0.275
CHURC1	1.4
ABCB10	0.79
RANBP3	0.605
APBA3	0.2
	-0.135
CA2	2.07
ACSS2	-0.32
ACSS1	-2.965
CYBB	-2.265
CRTC3	0.175
CRTC2	-1.015
HINT1	1.89
HINT2	-0.455
	0.23
TAMM41	1.415
HSF2	1.12
C18orf25	-0.025
DRAP1	0.1
FGFR1OP2	1.71
PPIP5K2	-0.145
SCO2	0.13
PPIP5K1	-0.295
H2AFJ	1.52
TFEB	-0.85
ZNF646	-0.64
C19orf25	-0.16
TOLLIP	1.395
AAMP	-0.39
HYPK	1.16
NXN	0.695
	-0.805
CCZ1	-0.32
KARS	-0.91
DPY19L3	1.65
DPY19L4	0.05
CCDC47	-0.005
CCDC43	1.125
SON	-1.235
CCDC112	-0.94
PGGT1B	0.135
ACTL6A	-0.03
MBP	-0.355
	0.775
PSEN2	0.265
PSEN1	1.245
MYLIP	1.01
GPATCH2L	-0.39
XPNPEP1	-2.38
NRBP1	-2.36
	1.78
TMEM259	1.595
TMEM258	2.5
TMEM256	-0.625
TMEM251	-0.08
REXO1	1.63
REXO2	1.145
	0.48
REXO4	-0.74
	1.23
MYH13	-0.39
ABCG1	-0.39
MARS2	1.89
AP5M1	1.11
KDM4C	-1.685
KDM4B	-0.185
KDM4A	-2.325
RPUSD1	1.475
RPUSD2	0.705
RPUSD3	-0.415
OTUD6B	2.35
TMUB1	-0.41
TMUB2	1.025
SIMC1	0.785
KHK	-0.545
LMAN1	1.565
LMAN2	1.32
	-0.075
ARFIP2	0.585
NECAP1	0.94
GNAQ	-0.76
	1.01
NECAP2	-0.305
GNAZ	-0.53
NAPG	-1.995
ATP1A1	1.495
OS9	-0.64
PON2	-1.575
	-0.025
NSMCE1	-1.375
UTP15	0.85
	0.415
S100A13	-1.4
UTP18	0.835
HELLS	-0.43
FAAH	-1.08
HCST	0.3
HYOU1	0.03
PLOD3	0.795
CYP39A1	1.04
SCO1	0.27
CASC4	0.615
UGP2	-1.085
CPPED1	0.31
LEMD3	0.405
SMYD4	-0.575
SMYD5	1.91
COX4I1	2.295
SMYD3	-1.43
DOCK11	-0.735
ENTPD7	-1.75
ENTPD6	0.815
ENTPD5	-0.145
TRIT1	-0.215
SNAP23	-0.78
	-0.4
SNAP29	-1.135
SH3BP5L	0.86
CCM2	-0.43
ZBTB40	-1.25
ZBTB41	0.665
ZBTB43	-0.975
ZBTB44	0.225
ZBTB45	-0.535
ZBTB48	0.335
DYNC2H1	-0.145
MOB4	1.075
GAPVD1	0.275
PRDX6	3.31
PRDX5	-0.99
PRDX4	1.625
PRDX3	0.12
PRDX2	0.595
PRDX1	1.885
	1.505
KRIT1	-1.785
PANX1	1.1
DPF2	-1.09
NDUFB6	1.72
NKIRAS2	1.515
P4HA1	2.595
WDR41	-1.11
WDR43	1.405
WDR44	-1.24
WDR45	-1.35
WDR46	-1.79
WDR47	-0.26
WDR48	0.255
DEPTOR	-0.4
SERGEF	1.675
USE1	0.14
VPS53	-0.975
VPS52	-1.17
VPS51	1.035
	-1.685
VPS54	0.48
EGLN3	1.43
EGLN2	-1.915
EGLN1	1.03
LNX2	-1.755
PRKD3	-2.91
WNT10A	-1.41
ABHD14A	0.29
ABHD14B	-0.02
APEH	-0.99
TARSL2	-0.485
FAM120B	-0.935
FAM120C	-0.2
FAM120A	0.145
MASTL	-1.345
PLA1A	1.48
EEPD1	0.27
PHC1	-0.975
C19orf47	-0.6
NAGPA	2.04
TMEM161A	0.94
PARK7	1.225
	0.335
NXPE2	-1.765
NXPE3	-0.185
SF3B2	-0.66
STX5	0.075
	0.68
ANAPC16	0.24
ANAPC11	0.72
ANAPC10	1.27
ANAPC13	1.465
MAST2	0.3
MAST3	-0.69
GBE1	-1.69
GGCX	-0.06
PSIP1	-1.36
CAND2	-1.145
CAND1	-0.24
RNF44	1.355
	-3.26
RNF41	-1.355
RNF40	-0.11
KPNA6	0.055
KPNA4	2.505
KPNA3	1.44
KPNA1	0.3
PHLDB1	0.41
FDFT1	1.29
	0.5
S100A6	1.59
USP49	-0.39
USP48	-0.02
RNF185	0.695
CNOT11	-0.375
USP46	-0.7
RNF181	-1.375
USP40	-0.255
RNF183	-1.995
USP42	0.05
SKA1	1.84
SKA3	0.995
COQ9	0.34
COQ5	0.3
COQ4	0.01
COQ7	1.845
OGDHL	-1.885
COQ3	-1.095
COQ2	-1.51
EIF5A2	0.135
SCP2	0.29
DHX38	-1.615
	1.98
GNGT2	0.415
DHX30	-0.67
ZNF212	0.29
DHX32	0.92
GOSR1	-0.47
FEM1B	0.615
DHX35	-1.435
DHX36	-0.475
DHX37	-0.655
COPS8	1.585
	2.585
	0.66
COPS3	-0.155
COPS6	0.135
COPS4	0.835
COPS5	0.905
SENP6	0.2
UTP20	-0.575
DHCR24	1.72
CCNB2	-0.42
ZNF280C	0.975
ZNF280B	1.4
ZNF280D	0.69
BLM	-0.515
NUMBL	0.32
BRCA1	-0.58
BRCA2	-1.585
ALAD	0.785
ACAP2	-0.525
ACAP3	-0.97
BAZ1A	0.51
PFN1	1.795
PFN2	0.92
BAZ1B	-1.38
EP400	0.86
MRPS27	-0.01
URB2	0.255
URB1	-1.2
C15orf39	-0.505
PABPC4	-1.08
SLC7A11	-0.25
	0.28
	-0.695
LIPA	1.235
LIPE	-2.48
LIPG	0.445
GM2A	0.27
RPS6KB1	-0.215
RPS6KB2	0.32
TTK	-0.135
MGST3	-0.265
TRMT2A	-0.235
SUCNR1	-2.125
SAMD1	1.635
CLSPN	-2.41
	0.71
TRMT2B	-0.345
CUL4A	0.24
CUL4B	0.735
TUBB2A	-2.77
NEK6	0.19
NEK7	-1.165
NEK4	-0.45
NEK2	-1.015
NEK3	-1.48
NEK1	0.02
NEK9	-0.115
CCDC18	0.22
HIST1H2AD	1.365
IDUA	-0.63
SLC41A1	1.09
SLC41A2	-2.37
CEP170B	0.58
SETD1A	1.135
CHMP3	-0.495
	1.315
DHX34	-0.45
ARHGEF10L	0.44
SMURF1	-1.635
SMURF2	-1.03
SDAD1	0.54
SENP8	-0.39
SENP7	0.06
CHMP7	0.855
SENP5	1.29
STAMBP	-1.175
SENP3	-0.075
SENP2	-0.695
SENP1	-0.86
CHMP5	-0.355
IL6R	0.165
B3GNT2	0.495
NKAP	-2.8
SLX4	-0.73
PNKP	-1.895
CSF1	-0.735
GLB1	0.1
APPL1	-0.71
APPL2	-0.25
PNKD	-0.955
AIM2	-0.955
PRNP	0.415
DCLRE1B	-0.005
PQLC2	0.135
PQLC1	-1.045
DCLRE1A	-0.73
ZNF580	-1.06
ADAP1	0.23
STX8	0.215
TRAK2	0.29
TRAK1	-0.3
COL27A1	-0.39
STX7	-1.665
STX6	1.065
	-0.445
MDC1	-0.86
	-0.585
CTNNB1	-0.445
EDC3	-0.52
AAK1	0.47
EDC4	-0.42
C17orf75	0.685
AVPI1	-0.365
NICN1	0.74
ASAP1	-0.215
KAT8	-0.195
NUF2	-0.77
KAT5	0.96
HYLS1	0.12
KAT7	-0.07
LY96	0.8
LUC7L	1.935
CORO1B	-1.76
ARHGAP31	0.13
PQLC3	-1.095
CCDC22	0.445
CCDC25	1.305
GRB2	0.795
DCLRE1C	-0.4
EXTL1	-0.265
CRTAP	0.935
FCF1	1.655
LRCH1	-0.395
TIMMDC1	0.7
UXS1	-0.07
ASXL1	-0.42
ASXL2	0.47
FIBP	0.66
	-1.83
	-2.08
	1.585
TIA1	1.04
MOAP1	-0.95
CCSAP	0.775
ARF3	-2.22
	1.21
ARF1	1.2
ARF6	0.14
ARF5	0.17
ARF4	1.515
AAGAB	0.8
RPN2	2.065
GRAMD4	0.23
TMEM186	0.615
PDCD6	2.14
PDCD7	-3.06
PDCD4	-1.555
KIAA0319L	-1.165
PDCD2	0.85
NDUFV3	-0.175
NDUFV2	1.685
NDUFV1	-1.755
DNASE1L1	-0.55
ATP6V1G1	0.29
TXNRD2	-0.02
TXNRD3	0.375
TXNRD1	1.33
	0.025
DNASE2	0.91
ACVR1B	-0.53
INO80	1.095
NARS	-1.945
HACE1	-0.12
OXCT1	-1.15
DYNC1H1	-0.765
NARF	-2.73
TTLL5	0.175
TTLL4	1.62
TTLL1	-1.06
D2HGDH	-1.83
SAR1A	2.825
SAR1B	1.895
WDHD1	-2.84
	-0.39
TBCEL	-2.215
DEAF1	0.26
C11orf49	0.18
NTHL1	-0.5
MANBA	-0.69
CDC27	1.025
CDC26	1.2
COMTD1	1.425
CDC23	0.495
CDC20	-1.43
CLN6	-0.34
CLN5	2.075
FAR1	-0.68
MAPRE1	1.205
NOL10	0.735
MAPRE3	-1.83
NOL12	0.395
TCF4	-1.965
AUP1	1.165
MORN1	-1.315
TCF3	0.17
DCP2	2.01
SLC16A1	2.785
SLC16A3	1.19
SIGLEC10	-0.445
RIF1	-1.1
SLC16A6	-0.235
TTLL12	0.27
ZBTB22	-0.55
STK38	0.095
TIMM50	0.47
ZBTB21	1.11
UCP2	-1.34
ZBTB24	0.245
UVSSA	0.23
	-0.645
OTUD4	2.25
EIF1AY	2.185
OTUD1	0.23
CXorf21	0.56
EIF1AD	0.29
SAP30BP	-0.89
GPHN	-1.41
MDN1	0.395
FAM76B	-1.215
CCDC137	0.835
CCDC130	-0.545
PSD4	-0.655
CCDC138	-1.05
TUT1	0.44
CDON	-0.895
SLC1A4	-0.37
SLC1A5	0.84
SLC1A3	0.23
VPS35	-0.085
VPS36	1.16
VPS39	-2.18
	-0.595
FKBPL	-0.85
LHPP	-0.02
TET3	1.385
TET2	-0.86
PDE4DIP	-3.18
ANAPC1	0.08
ANAPC2	-2.365
ANAPC5	0.06
ANAPC4	-0.315
ANAPC7	1.065
NDUFB10	1.535
RUFY1	-0.875
SLC35E4	1.13
RUFY3	-1.85
RUFY2	0.99
SAE1	1.27
C11orf95	0.485
C8orf33	-0.345
SPG11	-1.39
EEF2	-0.67
ZNF3	-0.05
SLC2A8	0.34
SLC2A6	-0.37
SLC2A3	0.37
SLC2A1	0.76
GGACT	-1.13
RAB3GAP2	-0.11
	1.03
PLCB3	-0.275
SUPT5H	-0.995
HRAS	1.195
TIPIN	1.225
UBE2R2	0.035
SCRIB	0.725
GAS8	-0.725
SGSM3	0.455
SGSM2	-1.05
ACOT8	-1.755
	-0.11
ACOT7	-1.525
KIAA0753	0.38
ACOT2	-2.72
GAS7	-0.48
FEZ2	-2.75
PYURF	-0.195
DDT	2.21
ZNF398	1.365
CBX6	-2.075
ZNF397	0.75
MRPL36	2.425
MRPL37	0.06
MRPL34	2.485
MRPL35	2.135
MRPL32	2.135
MRPL33	2.945
MRPL30	1.65
MRPL38	1.44
MRPL39	1.76
	0.23
PPIL1	1.48
PPIL2	-2.21
PPIL3	1.075
PPIL4	1.175
CENPB	-0.45
NUP88	-0.845
CLASP2	-0.24
CLASP1	-0.35
CTBS	0.23
MTM1	-0.37
NUP85	1.985
TMEM120A	-0.605
DERA	-0.37
	-4.165
	1.6
HMGN1	1.41
NFS1	1.11
CDKN2B	-0.195
CDKN2C	-1.0
DSTYK	-2.56
CCND3	-0.835
CCND2	-0.55
SPECC1	-0.895
CDKN2A	-0.425
CD74	0.915
CD72	0.265
BRCC3	1.065
NUDT22	-2.085
GEM	1.44
FAM162A	2.085
	1.74
IQCD	0.14
CETN3	1.71
CETN2	1.045
NOP58	0.945
PEX1	-0.815
	2.225
PEX3	0.945
PEX2	-0.84
PEX5	-0.1
PEX7	-0.395
PEX6	-3.125
GSDMD	-0.98
	1.585
HADH	0.545
NOP56	1.58
CTPS2	-3.065
LRSAM1	-1.03
CHRAC1	-0.055
ARRDC1	-1.16
ARRDC2	0.48
ARRDC3	-1.495
YOD1	1.51
FKBP5	0.09
GNPTAB	0.405
P2RY10	1.33
RBM7	1.955
SORD	-2.55
RHBDD2	-0.99
	0.955
RHBDD1	-0.155
SARNP	1.28
TGFBR2	-0.235
TGFBR1	-0.945
FKBP2	1.86
RPS7	1.53
RPS5	2.79
RPS3	2.985
RPS2	3.245
ALG11	0.46
ALG12	0.34
	0.91
ALG14	0.53
RPS9	1.97
RPS8	1.22
DRG2	-0.355
DRG1	-0.285
SDF4	0.655
SDF2	1.93
STRAP	2.23
DARS	-0.87
	0.59
ZNF367	-0.345
CAPZB	1.01
	-0.975
RSU1	-0.595
ARIH2	-0.84
ARIH1	-0.265
ARL8B	1.47
	-0.72
ARL8A	0.035
	0.68
HSP90AB1	-0.9
MEGF8	-2.11
PDCL	-1.41
YIF1B	0.01
	0.13
GSTO1	0.995
CENPU	-0.88
YIF1A	2.19
TRAM1	0.775
TRAM2	-1.01
TOR2A	-0.34
PBK	0.65
RAD23B	1.74
SHCBP1	-0.715
RAD23A	0.465
SCARB2	1.13
SCARB1	2.22
RHOBTB2	0.205
SAYSD1	2.05
TBCK	0.625
TBCE	-1.785
TBCD	-2.285
TBCC	-0.565
TBCB	-0.565
TBCA	2.24
TRIM8	-0.225
STXBP5L	-0.53
TMEM43	1.165
TMEM42	0.68
TTC14	1.795
TTC17	0.8
TTC13	-0.1
LMBRD2	-0.26
LMBRD1	0.965
RAB40C	-0.83
IDH3A	1.72
	0.545
IDH3B	2.28
	0.605
	-0.145
LTBP4	-0.78
SIPA1	-1.685
SSBP3	-0.455
TRPC4AP	-1.71
PBRM1	-1.45
OSBPL11	-0.945
SSBP2	-1.095
	0.45
GADD45A	-2.125
GADD45B	-0.74
	-1.015
MNT	-0.56
FAM221A	-0.4
SSBP4	1.865
	3.13
	2.91
	-1.82
	2.59
SLC25A42	0.4
SLC25A43	0.74
SLC25A44	-0.195
SLC25A46	-0.24
ECM1	-0.4
TMEM216	-1.31
TMEM214	0.065
TMEM219	1.65
ARL2BP	0.22
	0.14
PPM1G	0.485
PPM1F	0.955
	0.48
PPM1D	-0.335
PPM1B	-1.47
PPM1A	1.135
RPL6	-0.295
RPL7	1.52
RPL4	1.18
PPM1L	0.925
PPM1K	-1.755
RPL3	-0.33
LCOR	0.23
MECR	1.685
ALDH4A1	1.375
ZHX2	-2.64
ZHX1	-1.255
ATP6V1E1	-0.935
CNTN2	-1.525
	-1.75
PAG1	-0.205
TLE1	0.23
TLE4	-0.595
ESPL1	-1.48
IRGQ	-1.715
MYO18A	-0.66
SLC15A4	1.955
JAK2	0.46
JAK3	-0.925
	-0.375
NAT9	-1.48
NAT1	-0.025
DNMT1	-2.82
CCPG1	-0.195
ALDH7A1	-0.19
POMT1	0.43
POMT2	0.495
SDR39U1	-0.21
ATRNL1	-0.755
SETD3	1.03
SETD2	-0.325
SETD5	1.295
SETD4	-0.39
SETD7	0.44
SETD6	1.955
WRB	2.365
WRN	-0.89
TSPAN3	2.4
TSPAN4	1.95
TSPAN5	0.48
CSDE1	-2.16
ZFHX3	-0.77
ZFHX2	-1.55
BCL9	-0.12
HES1	-1.03
BCL6	-3.965
HES6	-2.225
CCDC117	1.28
RABIF	0.555
CSTF1	-0.25
CSTF3	-2.18
CSTF2	-0.26
VHL	-0.66
WDR81	-3.015
WDR82	2.07
WDR83	0.425
C4orf46	-0.24
WDR89	-0.7
	2.26
HDHD2	0.645
R3HDM4	-1.025
VPS16	0.135
R3HDM1	-0.165
VPS11	-0.425
SF3A1	0.14
	-0.49
SUFU	0.48
PITPNA	0.83
PITPNB	1.225
SPRTN	-1.475
RPN1	2.43
FTO	-0.92
ERCC8	0.965
RAD54B	-0.965
ERCC1	-0.605
ERCC2	1.155
ERCC3	-0.455
ERCC4	-1.535
ERCC5	-1.255
	-0.055
SCPEP1	0.94
EXD2	0.035
PPP1R16A	-1.57
PPP1R16B	-1.005
FRRS1	1.68
NLRX1	-2.615
GON4L	1.11
TBCCD1	1.93
RPAP2	-0.355
RPAP3	-0.4
RPAP1	-0.69
ZNF628	1.56
NSMAF	-0.975
	1.66
ZNF622	-0.95
ZNF623	1.48
CIART	-1.42
MBTPS2	0.74
MBTPS1	0.17
PLCL2	-1.83
STX11	-1.05
AMFR	-0.22
STX12	0.27
STX17	0.535
STX16	0.845
STX18	-1.0
GBA2	-0.495
HLA-G	0.11
TSTA3	-0.495
TYMS	0.26
MRPL10	1.045
MRPL11	1.64
MRPL12	1.955
MRPL13	1.765
MRPL14	0.52
MRPL15	1.305
MRPL16	1.71
MRPL17	1.97
MRPL18	0.925
MRPL19	-0.025
CALHM2	-1.205
IER2	2.505
DTNB	-0.045
GABPA	-0.6
STAM	-0.69
PRRG4	2.28
MPDU1	1.445
C11orf71	1.94
PRPF19	1.02
PRPF18	0.29
POLDIP3	-0.22
GSTP1	-0.01
RDM1	-0.94
STAG2	-1.405
HTATSF1	-1.3
CDCA7	0.235
SP140	-2.08
CYFIP1	-2.085
ZNF512	-1.645
CLEC12A	-2.485
CYFIP2	-2.795
ZNF513	0.74
HGS	-0.37
ACAT1	-0.055
ABR	-2.035
ZNF131	0.22
KCTD20	0.005
	2.255
CD53	0.355
CTNNAL1	-0.78
SNX5	1.785
CD55	1.155
AHNAK	-2.23
CLEC4D	1.215
SMCR8	-1.565
MTO1	1.72
MMP17	1.1
TEX30	0.31
GMNN	0.655
TPR	-0.205
ARGLU1	0.685
CMTR2	1.4
CMTR1	-0.4
GPSM2	0.95
GPSM3	-0.83
GPSM1	-0.145
PEAK1	0.28
SLC29A3	-0.785
SLC29A2	1.03
SLC29A1	1.16
NUP107	-1.605
CDKN2AIP	0.405
GSKIP	-0.545
ADPGK	0.365
ULBP1	0.765
TOP2B	-2.755
	0.26
TOP2A	-2.615
BOD1L1	-1.21
PPARGC1B	1.29
RHBDF1	0.68
RHBDF2	0.28
HSH2D	-0.825
SCIMP	0.94
ARHGAP9	-0.53
	0.915
RFK	2.045
ING5	-0.565
VANGL2	-0.43
ARHGAP6	-0.86
ING2	0.65
ING3	-1.02
SNRNP200	-2.15
MAEA	1.51
CSK	-1.715
	1.91
SNRK	-1.44
UBA6	-0.825
UBA7	-1.41
UBA5	-1.15
UBA2	-0.345
UBA3	-0.805
UBA1	-2.17
	0.54
PWP1	0.225
NAA20	1.955
CREG1	1.14
NAA25	0.655
SPIN1	0.14
ERCC6L	-0.27
WARS	-1.68
RASSF1	0.205
TNIP1	-0.805
UCKL1	0.745
CLINT1	-1.065
SIN3A	0.155
RASSF3	-1.48
RASSF2	-0.27
SLTM	-2.06
MED25	1.235
TMEM158	0.375
COASY	-0.335
RASSF4	-1.325
DDB2	-0.55
RASSF7	-0.33
PDF	1.815
MED26	-0.515
PNO1	1.675
SNRNP35	-1.725
LAMP2	1.635
LAMP1	3.605
TMEM67	-0.15
TMEM64	-1.24
TMEM62	0.67
SMCHD1	-0.54
TMEM69	1.695
TMEM68	0.295
FOXRED2	1.145
FOXRED1	-0.14
NRM	0.125
LITAF	1.015
	-1.325
TTC33	0.945
TTC32	1.085
TTC37	-1.67
PLXND1	-2.11
TTC38	-1.355
RARA	0.855
UFM1	0.285
BTRC	-1.065
RARS	1.485
	-0.02
MLX	0.07
TADA1	-0.045
TADA3	-1.725
	0.26
SET	1.77
PSME4	-0.93
PSME2	-1.31
PSME3	1.25
NDUFB11	1.39
PSME1	0.12
INO80D	1.605
INO80E	2.11
INO80B	-0.305
INO80C	-1.12
MEA1	-1.86
GNPDA2	0.01
GNPDA1	-1.56
DAGLB	0.595
TMEM238	0.27
TMEM234	0.895
TMEM237	-0.71
TMEM231	1.93
ATP5G3	3.275
SCFD1	-1.21
SCFD2	-0.07
ZNF451	-0.31
CNTLN	-1.04
TRMT1L	-0.56
IPMK	2.17
DVL1	0.86
AKR1B1	-0.25
THUMPD1	0.195
THUMPD3	-0.45
THUMPD2	0.635
MAML1	0.285
BMPR1A	1.385
RCBTB2	0.21
RCBTB1	-1.22
QKI	0.69
NADK2	0.0
SERP1	1.16
TAPT1	-0.25
PPP2R5D	-0.265
PPP2R5E	-0.435
PPP2R5A	-1.08
PPP2R5B	0.23
	0.76
UTP6	-0.58
WARS2	-1.11
	0.925
TMEM184B	-1.005
TMEM184C	0.495
TFDP2	-0.72
TFDP1	0.065
MIF4GD	-1.3
SUMO1	1.6
SUMO3	1.94
PDS5A	0.325
PDS5B	-0.745
RB1CC1	-0.91
ATPAF2	-0.115
VOPP1	-0.39
SMNDC1	0.92
C12orf66	1.465
TRAPPC11	-0.445
TRAPPC10	-0.02
TRAPPC13	1.725
TRAPPC12	-1.43
TUBB6	1.1
VIPAS39	-0.795
TUBB	-4.2
TUBB3	-3.08
TBX15	0.68
TFE3	-0.25
TCERG1	-0.565
NR2C2AP	0.795
TRMT13	0.4
IRAK1	1.79
	-0.785
NIFK	1.475
NGDN	-0.07
AP4S1	-0.185
	0.965
	1.65
LIG4	-2.835
PRRC2C	-0.415
GNG5	0.61
GNG2	0.365
LIG1	-3.27
LIG3	-0.725
CLN3	0.12
CNOT4	-0.57
TNRC18	0.565
TSPYL4	-0.4
VPS26A	-0.275
TSPYL1	0.595
	-1.545
VPS26B	1.16
CCDC171	0.39
CCDC174	0.42
GPD2	-0.105
PLBD2	-0.335
DIP2A	-0.495
DIP2B	0.31
MAN1B1	0.9
CDK1	-0.49
CDK2	0.32
CDK4	0.78
SACM1L	1.145
CDK6	-0.115
	-0.28
CDK8	2.105
CDK9	-0.59
PRKX	-0.015
SREK1	-0.54
PSMC1	1.025
PDE4B	0.265
SQSTM1	-1.47
FUT11	1.295
MXD4	-1.19
PPP3R1	1.16
SUV39H1	-0.595
MXD3	-1.66
SUV39H2	0.315
SAAL1	0.795
PPAN	0.64
SPPL2A	1.505
PAPOLG	0.05
PPP1R14B	-0.265
PAPOLA	1.595
DROSHA	0.92
ZNF608	-1.58
ZNF609	0.22
ZNF606	0.0
FANCB	0.03
PRKAR1A	-0.28
WWP2	-2.71
WWP1	0.14
OGFRL1	-0.845
ZNF787	0.3
USP28	-0.745
USP25	0.55
USP24	0.075
USP22	-0.295
USP21	0.24
USP20	-0.205
KIAA0895L	-1.31
DSTN	1.91
ZBTB25	-1.03
CTNS	-0.185
PRPF39	3.365
WDTC1	-2.075
PRPF31	-0.925
ALAS1	-1.58
BRWD3	-0.78
TYK2	-0.87
BRWD1	-0.475
AGTPBP1	0.46
	0.45
SMU1	0.57
FYCO1	0.495
SLC5A3	0.37
N4BP3	-0.315
SLC5A6	1.12
RITA1	-1.67
RENBP	-2.21
CXCR5	-2.355
DCTD	2.845
	-1.69
SLC19A2	1.78
UBALD1	0.74
SLC19A1	2.26
	1.165
MAN2C1	-1.555
TNFRSF13B	0.885
POPDC3	0.585
	-3.165
CD36	-0.34
CD37	-0.73
GAN	-0.51
GAK	-0.555
CITED2	-2.375
CITED1	1.28
MTA1	1.09
GAA	0.135
MTA3	-1.53
NCEH1	0.56
EHD4	-2.255
EHD2	-2.045
EHD1	-1.2
TRMT61A	0.48
ZC2HC1A	-0.55
SLC35A4	-0.81
SLC35A5	-0.215
SLC35A1	0.195
	1.0
SLC35A3	-0.46
ABL1	-1.055
KHNYN	-1.195
ABL2	1.005
ATXN2	-0.99
ATXN3	0.19
IGSF9	1.035
SLC6A6	1.555
CLIP2	-1.775
SLC6A9	-0.885
	-0.3
AURKAIP1	1.015
MTAP	2.295
BCAP31	1.5
CCDC134	0.685
MAPK1IP1L	1.0
CAMK2D	-2.885
NUP160	-0.82
CAMK2G	0.3
ELAC2	1.205
UBXN8	0.23
ANKHD1	-2.005
UBXN4	-0.71
UBXN6	-0.075
UBXN7	-0.525
UBXN1	-1.535
XKR5	0.77
	2.355
TTPAL	-0.365
PIBF1	0.135
FILIP1L	-2.685
HSD17B8	0.85
XKR9	0.27
XKR8	0.34
RINT1	0.135
	0.27
ZNF189	-1.48
SETDB1	-0.54
SETDB2	1.115
ZNF180	0.34
TMEM41B	1.03
ATF4	-4.355
GRAP	-0.31
HAX1	-0.385
BANF1	1.85
KLHL32	0.23
GUSB	3.045
BHLHE40	2.72
XKRX	-1.49
C9orf64	-0.79
ENSA	0.9
TNFAIP8L1	0.27
FBXW8	-0.655
FBXW9	-0.4
DDOST	0.915
ANKIB1	1.435
FBXW2	-0.665
FBXW4	0.48
FBXW5	-1.66
FBXW7	0.62
NAA40	-0.85
PARD6B	0.56
PARD6A	0.41
SMIM20	1.37
	2.095
ARL4A	0.225
PGS1	-0.15
ST7L	1.56
AHCY	-0.76
TUBB4B	-3.17
AFMID	-0.09
TOMM20	1.575
TOMM22	1.765
AP1B1	-2.295
IGF2R	0.2
RAB33B	0.525
MAP3K11	-0.92
MAP3K14	-2.085
GALNT7	0.9
GALNT1	-1.14
PLXNB2	-1.61
NCBP1	1.375
NCBP2	1.795
	-0.75
NARS2	0.085
SLC9A3R1	-0.515
SHISA5	0.41
LIMS1	-0.525
KIF3B	-0.87
KIF3C	-0.39
KIF3A	-1.235
FAM45A	-0.715
UFC1	0.11
PSMG4	1.7
PSMG1	0.97
PSMG2	3.67
PSMG3	2.345
MALT1	-1.38
TRPV2	-1.53
XPO1	1.06
XPO5	1.78
XPO4	0.085
XPO7	-0.615
XPO6	0.37
DOHH	-0.1
RCOR2	2.06
MNAT1	0.125
UBE2G2	-0.61
CRCP	2.3
PRDM15	1.58
UBE2G1	0.465
PRDM10	-1.1
CPNE3	-0.905
SAFB	-0.935
CPNE1	-1.42
ZNF182	0.68
CPEB2	-0.4
ISCU	0.05
FNTA	0.415
FNTB	1.07
	1.44
RBM34	-1.19
GIT1	-0.33
GIT2	-2.14
CYTH1	0.025
CYTH3	0.575
CYTH2	-1.71
SEPT1	-0.16
RBM38	0.64
TACC1	-1.505
SGCE	-0.1
TACC3	-1.315
SGCB	-0.255
TECR	1.65
DCTPP1	2.64
	-1.67
KMT2D	0.535
ECI2	0.275
ECI1	0.78
IPO8	-1.005
IPO9	-0.135
IPO7	0.74
IPO4	0.185
IPO5	-0.265
FBXO10	0.53
YRDC	0.795
	-0.835
C2CD5	-0.905
PRMT2	-0.35
PRMT3	-0.61
PRMT1	1.695
PRMT6	-0.795
PRMT7	-0.245
PRMT5	1.585
	0.24
RNFT1	0.925
	0.34
HUS1	2.42
TUBGCP2	-3.005
TUBGCP3	0.99
TUBGCP4	0.175
TUBGCP5	0.755
TUBGCP6	-0.43
STIM1	0.115
STIM2	-1.445
PAK4	0.14
PAK2	1.075
TANC2	-0.62
YIPF1	0.46
HNRNPUL2	-1.51
YIPF3	-0.8
ELF2	-1.28
RUVBL1	0.225
TTI2	-0.59
TTI1	0.25
RUVBL2	0.375
ELF4	-1.68
SS18	2.16
H3F3A	1.01
TNS3	1.84
RTTN	1.09
EIF4B	-1.105
VWA5A	-3.18
AK6	2.65
	-0.445
MAT2A	-0.535
RHOG	0.595
	-1.47
	-0.385
TAPBPL	-0.655
ICAM5	0.23
VPS8	-0.775
	0.63
ICAM2	1.365
ICAM1	0.135
	0.6
AMZ2	-0.725
	-0.965
COQ10B	0.63
	1.67
COQ10A	-0.755
SPIB	-2.015
SPIC	-1.255
PPP1R12A	-1.035
	0.84
PPP1R12C	-0.505
MCPH1	-0.165
JMJD6	1.905
ZNF667	0.25
JMJD4	-0.92
ZNF668	-3.32
	0.32
HIST1H1D	-1.56
SECISBP2L	-0.255
DDX20	0.87
SUSD3	-0.1
SUSD1	-1.675
SKP2	0.345
CHERP	0.685
CAPZA2	0.04
CAPZA1	0.39
SPI1	-1.14
SERINC5	-2.905
SERINC1	0.29
SERINC3	-0.49
	-0.06
SNX30	0.47
SNX32	-1.405
CDH13	-1.95
CDH17	0.69
DLST	-0.45
CHM	-0.55
MRPL54	0.51
MRPL55	1.54
	0.535
MRPL50	2.115
MRPL51	-1.165
MRPL52	2.65
MRPL53	2.89
SOD2	1.52
	0.26
PLD4	-0.96
PLD3	0.54
NFYC	1.17
NFYB	1.615
NFYA	0.16
RPL7A	1.48
SCAMP4	0.985
SCAMP2	0.285
SCAMP3	0.77
	0.2
SCAMP1	-0.945
PRRC1	-1.415
UNC45A	-1.7
POLR2E	1.625
GLYR1	-0.43
POLR2G	1.57
POLR2F	3.055
POLR2A	-0.185
POLR2C	0.145
POLR2B	1.24
POLR2M	2.485
POLR2I	0.845
POLR2H	2.265
POLR2J	3.335
ATP11C	0.105
ATP11B	0.765
HIBCH	-0.175
GCA	1.91
SUPT6H	-0.725
	-0.9
POLDIP2	0.28
CLEC16A	-0.505
RPS10	2.375
SUPT3H	-0.365
PMS1	2.11
AFP	0.9
CD19	-0.495
FBXO45	-0.08
FBXO44	0.19
FBXO46	2.005
FBXO42	0.465
ERI2	-0.17
ERI3	1.145
MAN2A1	-0.51
ERI1	0.97
BAIAP2	-0.845
VASP	-0.62
MLST8	-0.11
XAB2	-1.555
CHD1L	0.795
	-1.21
PER2	0.95
PER1	0.405
SLC15A3	2.245
SLC35C2	0.89
ENTHD1	0.68
SLC35C1	1.005
DBI	1.205
	1.29
C1GALT1	-1.95
WSB1	1.415
WSB2	-1.03
DBP	-0.215
MAFG	-0.17
DBT	0.595
TESK2	-0.38
CBR1	-0.41
RB1	-0.89
PURB	-0.955
PURA	0.015
LDB1	0.81
AMMECR1L	0.365
LONP2	-1.51
LONP1	-2.32
TBC1D22B	-1.085
TBC1D22A	-0.715
LZIC	-0.285
UFSP2	0.02
ARSA	-2.075
ARSB	-1.095
COMMD3-BMI1	0.74
ARSK	-0.915
RFTN1	-1.255
FRYL	-2.205
C11orf53	-0.18
YTHDC2	-0.12
UQCRC2	-0.385
BTD	-0.675
DENND4A	0.02
DENND4B	-1.35
DENND4C	0.175
	-0.225
UQCRC1	-0.06
TPT1	5.89
BTK	-1.115
STK19	-0.07
BIRC3	0.405
STK10	-1.095
STK11	2.215
STK16	-0.38
CALU	2.0
BIRC2	-2.545
CBFB	-0.185
NAA60	0.05
RASAL1	-0.69
PCED1A	0.34
RASAL3	-0.655
LSM11	0.37
	1.44
MBIP	0.18
PHB	0.52
EXOC5	-0.55
ATP5H	-0.865
CCDC6	0.395
CCDC9	0.97
GUCA1A	0.27
SLPI	2.355
HYAL2	0.89
CYLD	-1.965
SAMD4B	0.285
SHKBP1	-1.67
MYH9	-2.69
TP53BP1	-2.06
TP53BP2	-1.795
SNRNP70	0.27
OSTM1	0.85
	2.05
SLC52A2	-0.505
KIF1B	1.63
KIF1C	0.54
PRDM4	0.195
PRDM2	0.315
PRDM9	-0.39
TMPO	-0.045
RAB5A	-0.75
RAB5C	0.345
SLC31A1	1.365
UNC119B	0.465
	-0.67
G6PD	-2.19
RGS2	4.8
	-1.05
NVL	-1.295
RGS9	-0.77
GNPTG	0.65
PSMA2	0.98
KIF15	-1.09
PSMA1	1.44
PSMA6	0.34
KIF11	-2.02
PSMA4	-0.82
PSMA5	0.22
MSTO1	1.885
CASP2	-0.735
RPL18A	3.71
	0.57
TTC7B	-0.08
CNDP2	-0.845
ATP5C1	2.01
ZDHHC17	0.56
ZDHHC16	0.95
PIWIL2	0.75
ZDHHC13	1.815
ZDHHC12	1.065
NBR1	-0.41
ZDHHC18	-0.645
LGALS8	-1.39
FOSL1	-0.6
CREM	-0.685
TUBA4A	-2.16
KAT6A	-0.31
GNB1L	0.68
VEZT	-0.51
ZNF410	-0.26
ZNF414	-0.09
RBM12	-2.025
RBM10	-0.43
RBM17	1.715
RBM15	0.105
RBM14	0.55
RBM19	0.795
RBM18	1.22
PPP2R1A	-0.88
PPP2R1B	-0.715
ZFX	-0.315
TP53I13	0.42
ARNT	-0.725
ZFR	1.445
TCP11L2	-2.825
CEP89	-0.96
N6AMT1	-1.43
GFPT1	-1.625
	1.515
CEP85	-0.6
TWF1	0.73
TWF2	-1.695
PRPF38A	-0.58
PRPF38B	0.81
UBE2E1	0.88
UBE2E3	0.885
SLC25A22	2.15
SLC25A23	1.19
SLC25A20	-0.905
TNKS1BP1	-3.005
SLC25A25	-0.4
SLC25A28	0.605
BNIP1	1.605
EYA3	-1.93
NRBF2	-0.39
RGL2	0.875
PRKDC	-2.345
ETFA	0.05
ETFB	-2.48
TFAM	0.16
LAS1L	0.32
SCAF11	-1.17
PDIA6	1.105
CTDP1	0.95
POGLUT1	1.07
HIBADH	0.93
BSCL2	-0.1
CAPN15	1.34
ESYT1	-1.515
ESYT2	0.33
PGM2	-1.14
FRAT2	-0.39
MYBBP1A	-0.035
PRKD2	-0.95
MAD2L1BP	0.37
MTFMT	0.1
BET1	-0.805
TLK1	-0.295
VSNL1	0.065
TLK2	0.765
ATF1	0.65
CGGBP1	-0.87
ETF1	1.83
ERCC6L2	0.17
GCDH	-0.315
MRE11A	-0.875
ABTB1	-1.56
ABTB2	-0.53
IL17RA	-2.95
HMG20A	-1.745
RMND5B	-1.38
OLFM4	0.995
THOC3	1.01
THOC2	-1.55
THOC1	1.79
ZC3H12D	-1.975
THOC6	0.13
THOC5	-1.095
B3GALT6	0.745
ACACA	1.435
VRK3	-2.53
VRK2	0.45
WNK1	-0.17
	-1.25
GMCL1	-1.855
FEN1	-0.56
NCSTN	0.44
TMEM63A	-1.195
TMEM63B	0.88
SNTB2	0.605
PCBP4	-1.03
PCBP2	0.67
NCAPG2	0.25
DMAP1	-1.48
FAM160B1	-0.1
FAM160B2	-2.11
	0.005
DPH1	1.28
DPH2	0.005
DPH3	2.05
DPH5	1.41
LPXN	-2.74
DPH7	-0.75
SPOP	-1.71
TBRG1	-1.565
TBRG4	0.535
MSX1	-1.03
ABCC10	0.33
ZNF644	-0.765
SH3TC1	-0.01
PUM2	0.23
	-0.35
PUM1	0.515
TNKS2	-1.195
NPEPPS	0.02
SNX17	-0.85
SNX16	-0.205
SNX15	-1.82
SNX14	0.035
SNX13	-2.735
SNX12	1.415
SNX11	0.33
SNX10	0.55
SNX19	-0.175
SNX18	0.43
MALSU1	0.68
GXYLT1	0.42
MARS	-0.1
NDC80	-3.6
STARD3NL	-1.43
RIC8B	0.24
	-1.445
TNFRSF1B	0.41
LRR1	-1.09
	0.27
MIB1	0.12
MIB2	-1.5
ZFAT	-0.49
PABPC1	0.0
GSTZ1	-1.62
DTD1	2.46
DTD2	1.89
STK3	-1.095
STK4	-0.85
TNRC6B	-2.41
TNRC6A	-0.42
CPSF6	-0.41
SAMD8	-0.16
DBR1	1.34
MUL1	-0.075
	0.545
DCPS	0.155
PEPD	-1.205
SERPINB9	0.69
SERPINB8	1.285
RAE1	-0.315
ADA	-3.87
ARMC10	-0.435
ADO	-0.085
ADM	0.575
ADK	0.765
LRPPRC	-0.11
ADPRHL2	-0.725
RABEPK	-0.7
GPBP1	0.085
BAG2	1.45
BAG3	-0.345
BAG1	-0.48
BAG6	-1.035
BAG4	-0.33
BAG5	0.87
INSL6	0.105
GSAP	-1.05
	0.23
SLC35E1	0.63
SLC35E2B	-1.825
LZTR1	1.335
SAP130	0.9
FAM111A	-2.755
CCNL1	2.225
CCNL2	1.48
NUSAP1	-4.095
RAB3GAP1	-2.14
TMEM8A	-1.05
TMEM9	2.06
RABEP2	-1.0
NPTXR	-0.02
RABEP1	1.57
RPS26	2.48
RPS24	4.095
RPS20	1.375
RPS21	4.555
MIS18BP1	-1.665
	-0.515
ESD	-0.02
LCP1	-0.99
NFKBIB	0.455
NFKBIA	-1.63
CHUK	-0.615
NFKBID	1.555
NFKBIE	0.29
NFKBIZ	2.11
ARHGDIB	0.305
SMIM13	1.435
ARHGDIA	0.385
FMNL3	-0.55
	-1.645
SNRNP40	0.14
TEX10	0.68
RNMT	0.96
BUD13	0.56
YBEY	-1.31
LSM14B	-0.96
LSM14A	-0.125
FANCG	-1.55
FANCF	0.1
FANCE	-0.555
FANCC	1.43
NIF3L1	1.805
FANCA	-0.075
JAK1	-1.66
FANCM	0.35
FANCL	0.485
DENND6B	1.03
AP1G2	-1.395
FANCI	-1.04
DENND6A	-0.01
APPBP2	0.055
	-2.11
CYB561	-0.955
ATG4B	-0.345
MYNN	0.16
ATG4D	-1.835
COX6B1	1.15
CDPF1	0.27
SNX3	1.16
SNX2	1.625
SNX1	-1.505
MED31	1.95
SNX6	-0.64
ARAP1	-2.97
SNX4	-0.63
SNX9	0.535
SNX8	-1.825
OSGEPL1	0.4
CKS1B	2.425
SEC61B	3.595
IFT80	-2.105
TCF19	-0.525
TNIP2	-1.43
TGS1	-0.98
STK35	-1.72
ELL3	-0.015
ELL2	-0.93
DEPDC1B	-0.96
DDB1	-2.185
SHMT2	-2.255
SHMT1	-0.61
PIM2	-1.685
PIM3	0.39
PIM1	-2.265
C2orf76	0.95
BCL2L1	0.18
SEC24D	-1.93
SEC24A	1.91
SEC24C	-0.775
SEC24B	1.235
	0.48
SPC25	-0.215
SPC24	-0.255
MVP	-3.03
CCDC82	-0.65
CCDC86	0.96
CCDC84	1.745
TANGO6	0.11
MVD	1.675
TANGO2	0.74
PDE4A	0.56
PSMC2	0.27
PSMC3	-0.29
PSMC4	0.2
PSMC5	-0.05
PSMC6	-0.08
DOLK	-0.175
NR2C2	0.575
NAAA	0.53
ISOC2	1.37
HSP90B1	-0.2
N4BP1	0.485
CANX	0.84
N4BP2	-2.44
KCMF1	0.375
IARS2	-0.525
THAP1	0.51
MRPS35	0.685
MRPS34	-0.115
ARL3	0.325
ARL2	-0.525
MRPS31	-1.105
MRPS30	0.15
ARL6	0.3
ZNF565	-0.955
CLIP1	-1.04
CRIPT	1.275
SEL1L	-1.37
CHRNB1	-2.355
CHRNB2	-0.18
IBA57	0.23
LARS2	-1.18
AGO1	0.785
AGO2	1.005
VBP1	1.315
PPP2R3C	-0.45
RGS14	-0.32
C1QBP	3.13
ARHGAP21	1.315
ARHGAP27	-0.94
ARHGAP26	-0.65
ARHGAP25	-2.035
C8orf76	-1.475
MSANTD4	-0.625
CASP9	-1.48
CRIP1	-0.49
	-0.015
BROX	0.27
RGS10	1.03
DHFR	1.945
HSPB1	-2.17
ZC3HAV1	-2.425
IFIT2	-0.665
INIP	1.515
MTHFSD	-0.915
RGS19	-1.07
DDX23	1.285
DDX21	-1.22
TMEM38B	1.26
DDX27	0.39
DDX24	-1.56
DDX28	1.505
JDP2	-0.52
DYRK1A	0.74
IWS1	-1.475
ADRB2	-1.06
COPB1	-0.925
TUBD1	-0.205
COPB2	-1.58
NTPCR	0.495
APBB1IP	-0.85
B4GALNT1	-0.705
BIRC6	-1.19
BIRC5	1.005
LSM12	0.11
	1.645
LSM10	0.9
EEF1B2	4.215
CTU2	0.22
APRT	1.855
CTU1	0.69
TRIM46	-0.195
TRIM44	-1.19
TRIM41	-1.75
CAB39L	0.155
NFAT5	1.545
CDC34	0.73
TAF1A	1.03
ACAA2	0.24
OSGEP	0.225
	0.77
NFKB1	-2.13
NFKB2	-1.725
CDC37	0.76
SUN2	0.23
SUN1	-0.175
	-1.49
MTX3	1.95
MTX2	3.16
MTX1	1.82
ATF5	-3.415
S100PBP	-1.41
SMARCA2	-1.175
ATF6	1.385
SMARCA4	-1.395
SMARCA5	-0.56
ATF3	1.43
ATF2	1.365
CMTM8	1.85
RER1	0.61
PCBP1	-0.735
CMTM6	1.465
CMTM7	0.77
CMTM4	-0.77
LIAS	1.215
GFM1	1.145
GFM2	-1.315
CARM1	2.275
HEXDC	0.39
CPSF7	1.255
STT3B	0.885
STT3A	1.6
CPSF4	-0.095
CPSF3	-0.605
CPSF2	-2.02
CPSF1	-0.075
KIAA0930	0.54
ASPM	-1.395
ASPH	0.02
CHML	-1.51
RRN3	2.075
TPI1	0.895
BECN1	0.975
SIAH2	0.565
ATP8A1	-1.44
TCF12	-0.365
SYNE1	-2.36
SYNE2	0.79
SYNE3	-1.59
YBX1	-0.115
YBX3	0.84
	-0.23
NONO	-2.215
TRMT6	0.83
TRMT5	-0.015
GKAP1	-0.435
HSPB6	-0.55
SIRT2	-0.07
SIRT1	0.205
	0.165
SIRT7	0.04
SIRT6	-0.505
SIRT5	-1.04
SIRT4	-1.04
SOX12	0.27
RASA1	-1.305
EBNA1BP2	1.91
TAF1C	1.095
TAF1B	-0.655
STIL	-0.23
TAF1D	2.085
PDPR	-0.75
FAM135A	-1.76
PHPT1	1.91
TICAM1	-1.38
DAZAP2	0.78
PHLPP1	-1.075
LRP6	1.07
RFWD3	-0.185
LRP8	0.625
ZBTB34	-1.03
MVK	0.245
ACP6	-0.82
ADD3	-0.825
ADD1	-2.405
ITM2C	1.115
ITM2B	0.295
TAF11	0.56
TAF10	0.85
LENG1	-0.455
MAP4	0.145
SEMA4B	-0.525
SEMA4D	1.255
LENG8	-0.29
COPS7A	2.115
KLHL25	0.27
KLHL24	-2.85
AGPAT1	-0.03
KLHL21	2.53
KLHL20	-0.76
RAPH1	0.66
TGDS	1.31
IL21R	-2.09
PHRF1	-0.845
KLHL28	0.28
FAM53B	-0.685
FAM53C	-0.19
FAM53A	-0.895
HMOX1	-0.945
SPRED1	-0.215
SPRED2	0.02
HMOX2	0.49
	0.775
NIN	-1.635
FAM168A	-0.9
RPLP2	4.305
	1.23
RPLP0	0.245
MTG2	0.95
MLLT10	1.63
MTG1	0.88
FADS1	0.645
ZBTB9	-0.1
FADS2	0.705
SLC35G1	1.19
	0.255
	-0.26
	-0.35
	1.36
PTGIR	1.17
FAM117B	-0.41
CD79B	0.31
CD79A	0.92
	-1.24
TAF12	2.0
VAC14	0.955
MECP2	0.21
PDP2	0.85
PAFAH1B3	-1.77
ZW10	-0.76
C21orf91	0.845
TAF15	0.395
CCNB1	-1.5
RRS1	-0.68
ZNF263	-0.575
	-1.775
OXR1	-1.58
ZNF260	-2.11
IQGAP1	0.77
IQGAP3	-3.525
PDXDC1	-0.19
KIAA1211L	0.38
COPS7B	1.92
INPP4B	-0.96
INPP4A	0.005
DFNB31	0.75
MATR3	-2.815
RASIP1	-0.835
IDI1	1.255
MPST	0.455
KLHL26	-0.335
C12orf73	-0.065
CABLES2	0.165
CD2BP2	-1.32
BCL11A	-0.48
NUP188	-0.745
METTL22	-0.88
	0.94
	2.16
METTL25	-0.395
	-0.575
NMNAT1	0.685
C9orf85	-1.77
HINFP	0.495
FXN	1.53
AHI1	-3.435
MUS81	-0.56
C18orf54	1.12
PARG	0.82
PARN	0.725
PARL	1.06
HSPA12A	-0.18
ATG2A	-0.505
ATG2B	-0.075
HLA-DOB	-1.645
HLA-DOA	-0.23
KNTC1	-1.73
MYL6	1.96
MYL4	0.03
PLEKHB2	0.25
DNAAF2	0.23
CSGALNACT2	-1.1
	0.865
TOMM40	0.65
ABCA7	-0.695
VPS25	0.63
BASP1	-0.275
TLR3	-0.18
TLR1	1.31
ST13	0.335
TLR4	-0.33
FIZ1	0.795
TLR9	-1.545
HARS	0.92
BICD2	1.83
ADAMTS7	1.89
WDR90	-0.155
HIST1H2BO	1.0
KIF5B	0.835
WAC	-0.905
HIST1H2BF	1.15
HIST1H2BG	0.29
HIST1H2BC	1.355
HIST1H2BB	2.49
HIST1H2BI	4.035
C1orf35	-1.71
HIST1H2BM	1.885
WAS	-1.515
HIST1H2BL	3.64
HIST1H2BK	3.58
	0.4
	1.37
RAB1B	0.525
ARHGAP30	-1.465
HIP1R	0.42
MTR	-2.415
ZBTB6	-1.31
NACA	1.765
CUTA	1.415
CUTC	-0.65
S1PR2	-2.82
RAB18	-0.165
PTPN9	0.105
RHOT1	1.005
RHOT2	1.49
RPF1	1.05
GOT2	-0.34
PTPN2	1.85
PTPN1	-1.23
GOT1	1.845
PTPN6	-2.545
PTPN4	1.445
CUEDC2	-1.105
ORC6	1.525
ORC4	1.695
ORC5	3.005
ORC2	2.88
ORC3	0.855
TIMM9	2.815
NPLOC4	0.01
ASH2L	0.065
NDUFB9	1.415
NDUFB8	1.055
NDUFB7	1.115
CEP44	0.055
NDUFB5	1.77
NDUFB3	1.885
NDUFB2	0.33
SMARCAL1	-0.54
DCUN1D2	0.46
DCUN1D4	-1.165
DCUN1D5	0.94
FAM168B	2.065
SIL1	-0.825
TMEM100	0.39
MRPS17	1.96
MRPS16	2.41
MRPS15	0.015
NXT1	1.695
MRPS12	1.115
MRPS11	1.235
MRPS10	0.97
PLGRKT	-0.24
AP5S1	-1.03
MLLT11	-0.39
	-1.09
CTSH	-0.07
CTSV	2.59
C12orf49	1.52
CTSO	0.735
TMEM41A	0.15
CTSA	0.25
CTSB	2.14
DDX42	-0.16
CTSD	2.915
KIDINS220	0.55
DDX47	1.325
DDX46	-0.915
ERO1LB	0.365
CTSZ	2.155
EVI2A	0.74
CTSS	0.3
GANAB	-0.095
MICALL1	1.16
ATAD1	1.25
ATAD2	-1.95
TMEM38A	0.23
MAPK3	-0.215
MAPK1	1.485
MAPK6	-0.035
MAPK7	-1.145
CORO2B	-1.175
MAPK8	0.59
MAPK9	0.42
PTGES2	-0.295
KAT2B	-1.03
KAT2A	1.615
C12orf65	1.24
APTX	-0.195
SQLE	1.32
SOCS5	-0.975
SOCS4	0.995
SOCS7	1.62
SOCS6	-0.4
TRNAU1AP	0.45
PARPBP	0.645
DHRS7	0.23
DHRS4	0.855
EIF2D	-0.4
DHRS3	0.23
EIF2A	0.615
DHRS1	-1.885
NEIL1	-4.64
NEIL3	-1.5
	-0.01
SMARCC2	-2.21
SMARCC1	-0.5
LAT2	0.27
GNA12	0.23
GNA13	0.005
CYSLTR1	-0.09
	0.185
CDKN1B	-0.61
CDKN1A	-0.735
TSEN54	1.01
USP32	0.555
NFKBIL1	-0.82
TXNIP	-2.67
SCAI	-0.865
INCENP	-1.69
OXLD1	-1.48
CDS2	1.125
	0.66
KLC1	1.43
KLC2	0.05
NUCB1	-0.195
NUCB2	-0.92
TOMM6	3.165
SBNO2	-1.615
SBNO1	1.355
	2.29
ELL	0.405
HSPA14	0.67
ESCO2	-1.685
ESCO1	-0.5
NOL9	1.27
NOL8	0.19
TPK1	-1.16
NOL7	0.225
NOL6	-0.14
EFNB1	-0.56
BRI3	1.225
CLUAP1	-0.975
POMGNT1	0.585
SERBP1	0.895
EBPL	-0.55
TTC9C	-0.45
MGME1	-0.005
MCOLN1	0.42
MCOLN2	-0.365
HTT	-0.73
CCL25	1.58
ICK	-1.83
E2F7	-1.09
CNP	-4.255
RSF1	0.265
BRAP	-0.23
TEFM	0.955
CTNNBL1	-1.08
FCRL1	-0.16
MAVS	0.935
E2F2	-0.55
MAP4K1	-1.41
MAP4K2	-1.43
MAP4K5	-0.92
E2F1	0.28
	0.045
	-2.58
	0.69
TRIM7	-1.41
	0.975
BYSL	0.405
DTX1	-1.23
DTX2	-1.275
CCDC71L	-0.13
	0.02
HDLBP	-1.825
EIF5	-0.54
EIF6	-0.405
POLA2	-0.595
POLA1	-2.0
CYB5R4	-0.21
	-0.085
CYB5R1	-0.2
MYCBP	1.0
RAPGEF5	-1.08
RAPGEF6	0.475
MTSS1	-2.79
RAPGEF1	-0.865
RAPGEF2	0.34
VTA1	0.61
FBL	0.295
LARS	-2.775
RBM6	0.31
RBM5	0.065
RBM3	0.755
CNIH4	3.725
ADCK5	0.42
ADCK2	-0.4
ADCK1	-0.08
FBXO22	0.63
FBXO21	0.43
FBXO25	0.015
NDE1	-0.185
RPL36AL	2.07
CBFA2T2	-1.91
ASF1A	0.89
ASF1B	-0.27
TICRR	-0.555
ZNF574	-0.395
OSBPL1A	-1.35
ALCAM	0.265
SP2	-0.52
SP3	1.23
PRPF40B	0.61
PRPF40A	0.215
RNF219	-0.135
SLAMF9	-0.875
RNF215	0.58
SLAMF6	1.725
RNF216	0.51
PXMP4	0.705
RNF213	-2.535
NSUN2	1.37
	0.845
	1.85
RBMX	-0.315
MRS2	-0.02
VPS37A	0.84
TRPM5	-4.02
TRPM7	0.945
	0.67
TTC19	0.82
SPR	0.53
GSE1	-1.17
KIAA0556	-0.55
OXNAD1	1.53
LACC1	-0.685
	-0.03
ZNF106	-0.295
IFNAR1	-0.955
IDH3G	-0.02
RLF	0.485
ABT1	0.57
MYCBP2	-1.425
	-1.56
ECHDC1	-0.645
DENND2C	-0.4
DENND2A	-0.14
ARRB1	-1.48
PMM2	-1.105
PMM1	1.375
SEPT11	-0.09
SEC61A1	0.9
SEC61A2	0.53
AHR	-0.39
YARS2	2.51
RBMS1	-1.51
JAG2	0.67
JAG1	2.365
CHST12	-0.36
BACH1	0.03
ARCN1	-0.125
BCCIP	0.445
SRD5A3	1.295
UGGT1	-0.045
RFXANK	0.22
ZNF519	0.9
HAP1	-1.1
KIAA0430	1.2
MKNK2	1.09
MKNK1	-0.06
	0.775
ZNF394	0.735
ZNF496	-1.115
NSL1	0.23
BPTF	-1.84
MOV10	-1.44
LRRC8C	-0.15
HLA-DQA1	-3.285
RIT1	-0.81
TRIM56	-1.835
EARS2	-1.71
CKAP2L	-1.73
FBXO2	-1.755
FBXO3	-0.135
FBXO4	-0.37
FBXO5	1.79
FBXO6	0.195
FBXO7	0.05
FBXO8	-0.575
FBXO9	0.455
SWAP70	-1.82
MROH1	-1.365
CAPNS1	-1.83
	1.44
MR1	0.68
RRP7A	-0.63
TERF2	-1.22
	1.865
TERF1	1.46
	2.425
LIMK2	0.025
LIMK1	-0.225
RBPMS	1.51
RAB3A	-0.08
NAE1	1.1
RAB11A	0.08
OSBPL8	-1.855
OSBPL9	-1.805
CFDP1	-0.79
OSBPL2	-2.3
OSBPL3	-0.82
	-0.4
ZNF746	-1.22
	1.09
	0.39
CBLB	-0.33
UGCG	1.53
RAB30	1.21
SAPCD1	0.48
SAPCD2	0.17
HAPLN1	-0.2
APMAP	-0.25
KIAA1549	-0.025
TNFAIP8	0.33
TNFAIP1	1.56
TNFAIP3	-0.77
NDOR1	0.695
MAP2K5	-0.245
MTRF1L	0.185
	-0.985
CA13	-0.615
AKIP1	-1.48
CEP68	-0.905
ATOX1	2.18
ALDH3A2	-0.715
FBXW11	1.345
DOT1L	0.455
	-0.335
FAM98C	0.47
FAM98B	-0.33
FAM98A	-1.93
	-1.05
ENPP1	-0.925
PJA1	-1.175
PJA2	-2.88
ATP6V1D	0.305
ATP6V1F	0.89
ATP6V1A	-3.49
ATP6V1H	-1.28
	0.045
	-0.07
TMEM39A	-0.83
IMMT	1.29
JTB	-0.65
METTL23	0.885
GPR155	0.575
KIAA0232	0.95
KIAA1328	0.68
USPL1	0.82
PDPK1	0.28
REEP3	-0.56
REEP2	0.125
REEP5	1.64
REEP4	0.855
REEP6	0.985
CRKL	0.485
KIAA1217	-2.44
RFNG	0.66
IFT122	-1.18
PDGFA	0.21
STAU2	-1.03
HEG1	0.67
AP2A2	-0.14
UROS	-0.45
BIN1	-0.995
BIN3	-1.91
BIN2	-0.44
SUCLA2	-0.445
	0.39
PDCD10	1.13
PDCD11	-0.12
PACS1	-0.43
PACS2	0.485
NIP7	1.645
TBL1XR1	0.01
AGAP2	-0.34
AGAP3	-0.02
	-0.68
TBC1D8B	-1.865
ZWILCH	-0.075
HTATIP2	1.595
KNSTRN	0.745
SIRPA	-0.05
PPM1E	0.55
BRK1	1.66
DUSP5	-0.285
EEFSEC	-1.325
ASCC1	-0.545
DUSP6	-0.605
DUSP3	1.63
DUSP2	0.645
RPL8	1.705
MFGE8	1.06
IRAK1BP1	-0.47
PPM1M	-0.755
ACYP1	-0.32
ACYP2	1.265
	-1.06
OGG1	-0.25
STOM	0.415
GPALPP1	-0.82
DLGAP4	-0.245
CC2D1B	-1.025
	-1.455
HSCB	-0.115
ITFG2	-0.285
ITFG1	0.54
COA5	1.84
COA4	-1.03
COA7	0.83
	1.315
COA3	1.52
PAK1IP1	-0.415
TARS	-1.75
UBR2	-1.91
ACTB	0.83
TAF5L	1.73
UBR7	-0.79
UBR5	-1.39
LRBA	-2.15
VCPKMT	-0.025
	1.52
FIS1	0.975
EIF2S1	-0.015
FAM219B	-2.125
FAM219A	0.48
FUT8	-0.09
MIDN	-0.255
CLPX	-1.215
DSN1	0.525
YARS	-1.37
CANT1	0.555
SDF2L1	-0.255
MGRN1	-0.525
TGFBRAP1	-0.545
UXT	0.29
SLC25A3	1.845
ENAH	-1.31
POLG2	-0.395
SCCPDH	0.75
SLC25A5	2.07
SLC25A4	0.745
C1orf174	-0.37
TRMT44	0.24
LAMC1	0.1
CACNG6	-1.765
	1.96
RAC2	-0.665
RAC1	0.96
PPP5C	1.34
ANGPTL6	-2.56
ANGPTL4	1.555
LYAR	1.305
C11orf58	0.055
CLCC1	1.955
ZNF48	0.045
TDG	-0.605
EID1	-0.075
PYCR2	-0.305
PYCR1	-0.83
NMI	-0.535
LY6E	1.405
LY6D	-0.415
SRF	2.035
	0.45
NFE2L2	0.09
NFE2L1	-0.475
SRI	0.22
GK5	0.46
SRL	0.0
SRM	2.29
SRR	-1.83
GNPAT	-0.23
RASGRP2	-1.195
RASGRP3	-2.58
KIAA1147	-0.805
DNA2	0.55
PYCRL	-0.105
SPIRE1	0.27
ATPIF1	0.215
CCSER2	-1.15
EMC10	0.72
KIF13B	-0.935
SDHA	-1.06
SDHC	1.55
SDHB	0.42
SDHD	2.81
	2.455
TLE3	-0.32
RPS4Y1	1.39
LEPROT	-0.83
ETAA1	-0.23
ANKS1A	-0.965
ANKS3	0.725
HPGDS	-1.05
GRK6	1.295
GRK5	-1.275
	-1.86
ANKH	0.125
ATP9B	-0.12
TADA2A	1.37
DCTN2	-0.61
DCTN3	-0.32
DCTN1	-2.785
DCTN6	0.895
GORASP1	-0.23
DCTN4	-0.145
DCTN5	1.005
DHDDS	0.29
ZNRF1	-0.675
ZNRF3	-0.535
ZNRF2	-0.995
SLC38A10	0.16
	-0.03
C1orf54	1.585
GLRX	0.68
ATXN10	-1.66
CARHSP1	-0.43
C1orf52	0.91
ZNF839	-1.91
PLEKHF2	-0.735
ZNF830	-1.38
DUSP4	3.6
FERMT3	-2.665
ERMARD	-0.4
ATXN1L	0.71
ETS2	-1.415
ETS1	-2.535
SEC22B	-0.465
PTPN18	0.915
PTPN12	0.99
P4HB	0.885
CDIP1	0.775
ZFAND2B	-0.53
ZFAND2A	-0.53
ITGB1	0.31
PIGA	0.455
ITGB3	-2.445
ITGB2	-1.765
ITGB5	-0.735
PIGF	1.92
PIGG	-1.16
PIGH	1.28
TSR3	-1.105
TSR2	1.325
PIGL	0.435
MMS22L	0.1
PIGN	-1.325
PIGO	0.24
PIGP	0.7
PIGQ	-0.75
PIGS	1.01
PIGT	1.9
PIGU	1.18
PIGV	0.27
CAPRIN1	-0.43
PIGX	1.575
PIGZ	-0.84
GOPC	-1.22
	-0.745
GNL3L	-2.485
DOCK8	-2.465
ZNF768	-1.17
TMX4	-0.06
TMX1	2.14
TMX3	1.605
TMX2	2.16
	-1.285
CDIPT	0.58
ARL13B	0.26
	-0.54
BTF3	2.31
PPP2CA	1.475
PLCG1	-1.515
TAF8	-0.1
NAGA	-0.5
	0.67
LLGL2	0.23
LLGL1	-0.53
NOC3L	-1.285
HIST1H2BE	1.965
RBFOX2	0.23
SCD	0.67
PTAR1	1.79
XYLT2	0.73
XYLT1	-0.475
ANXA2	-2.065
CBLL1	1.08
KDELR2	1.92
OFD1	-0.885
KDELR1	2.74
	-2.395
GCH1	-1.03
RAB11FIP1	1.545
LRIG2	0.14
MORC2	0.6
THYN1	1.56
	-0.535
	-1.08
ANXA4	-0.105
ARHGEF39	-0.985
PPP3CA	-2.47
PPP3CB	1.105
RCAN3	-0.4
	0.74
NCLN	2.75
ARFRP1	-1.2
PTBP3	-0.205
PTBP2	1.56
PTBP1	0.39
CHCHD3	1.105
ATP6V0D1	-0.925
CHCHD6	-1.15
CHCHD7	1.655
CHCHD4	2.305
	0.75
LMO2	0.26
LMO4	-1.605
LMO7	-0.53
	-0.865
PBXIP1	-2.06
GCLM	0.315
GCLC	-0.275
ALDH2	-3.01
GRAP2	-0.18
NHP2	3.035
CGRRF1	0.39
IFT140	-2.93
TRIM28	-0.89
TRIM24	-0.44
TRIM25	0.1
TRIM26	-1.345
TRIM27	0.83
THAP7	-0.13
TRIM21	0.09
CTDSP1	0.69
ITPKC	-0.285
FABP5	1.91
SART3	-0.05
SART1	-1.27
TTC5	-2.16
TTC4	0.79
TTC7A	-0.33
TTC1	1.095
CDC42BPB	1.76
NELFCD	-0.365
SUCLG2	-0.785
SUCLG1	-0.54
GATAD2B	-0.02
GATAD2A	0.38
VGLL4	1.185
LCMT1	0.12
UBE2D3	2.245
NUP50	0.4
	-2.2
NUP54	2.0
ATL3	-1.675
ATL2	-0.11
RNF20	-0.415
ZNF316	0.08
PEX26	0.06
DSCC1	-1.465
FARP2	-0.35
RPL28	0.95
RPL27	-0.18
RPL26	1.555
RPL23	4.14
RPL22	3.715
BCAR1	-1.425
BCAR3	-0.4
SORL1	-2.705
STRN4	-1.63
STRN3	-0.185
ATP13A1	1.5
ATP13A3	-0.16
ATP13A2	0.62
PMVK	0.4
RANBP10	-0.42
PKD1	0.43
GPX1	3.805
B2M	3.36
GPX4	-0.15
UNC50	1.08
THEM6	0.275
THEM4	0.455
SPG7	-0.485
UBE3B	-2.115
UBE3C	0.05
UBE3A	-0.435
UQCRQ	1.855
HSPD1	0.57
UQCRHL	3.825
IFIH1	-0.4
UQCRB	0.275
RMI2	-0.91
METTL8	-0.12
METTL9	0.215
CEP170	-1.62
METTL1	3.57
METTL2A	1.285
METTL3	-1.255
METTL4	-1.05
METTL5	1.075
METTL6	-1.395
PHF3	-0.435
FASTK	1.365
CCAR1	0.755
CCAR2	-1.255
UBP1	1.49
RAB27A	-1.06
COG8	-0.095
AVEN	0.185
PTRHD1	1.17
COG3	1.905
COG2	-0.08
COG1	-1.835
SZRD1	1.945
FLI1	-1.635
COG6	-1.165
COG5	-2.02
COG4	-1.365
SC5D	3.825
MAGEE1	-2.35
LSM5	2.59
TPD52L2	1.265
TAP1	-1.26
UBAP2	0.12
UBAP1	-0.645
TAP2	0.635
KLHL42	1.75
POLE4	-0.19
FLII	-0.76
POLE2	-0.405
RAB10	-0.41
RAB12	-0.31
	1.4
SIKE1	-0.38
GNG10	-2.11
TBC1D32	-0.84
GNG12	-0.24
RAB14	-0.085
ATRIP	-0.57
TFRC	4.425
ARHGAP11A	-0.42
MIEN1	0.27
	0.455
HPSE	-2.125
ST7	0.625
MIPOL1	0.27
P2RX4	1.025
PSKH1	-0.67
MPHOSPH9	0.35
MPHOSPH8	-0.34
KLF11	1.03
KLF10	0.86
	1.315
TFG	0.755
MPHOSPH6	1.26
NCL	-1.71
KCTD3	0.67
DTL	-0.815
PHB2	1.88
ALS2	-1.495
HPS5	-0.715
HPS4	-0.25
WDFY4	-0.595
HPS1	-1.45
WDFY2	-2.085
HPS3	-1.23
BRIP1	-1.335
LAMTOR4	1.69
LAMTOR5	1.295
ORC1	-0.225
LAMTOR1	0.105
LAMTOR2	2.825
DHX58	-1.83
FAM133B	0.0
CBL	-2.32
FAM199X	1.18
ZNF277	-1.66
UCK1	0.95
UCK2	1.955
APEX1	0.39
ZNF148	0.815
ZNF143	-0.65
ZNF142	-0.56
	0.0
ZNF146	-2.22
PUS7L	-0.195
SOAT1	0.795
IAH1	-0.475
C17orf49	1.09
LDLR	1.61
ILVBL	-0.89
CCDC115	2.09
	-0.415
	-1.08
	0.045
PPTC7	0.62
HIST1H4C	1.815
SLC7A6OS	1.335
RNASEH2A	-0.035
KBTBD7	0.23
KBTBD4	-0.495
KBTBD3	0.0
KBTBD2	-1.965
GLG1	0.29
PIP4K2A	-0.985
KBTBD8	0.75
PRELID1	0.575
METTL7A	-0.085
RCE1	0.675
ATP7A	0.205
NEU1	0.825
RSAD1	-1.08
ZNRD1	1.84
SLC8B1	0.025
GPD1L	-1.03
IP6K2	-3.11
IP6K1	-1.42
NME6	1.35
NME7	-0.23
NME1	0.93
NME3	0.66
HAT1	0.835
ARPC5L	1.555
EAPP	0.3
SFPQ	-0.28
	-0.71
SLCO4A1	0.425
	-0.99
	0.52
PGRMC2	1.59
PGRMC1	1.195
HID1	1.22
	-1.165
LRRCC1	-0.705
BLVRA	0.12
SLC46A3	0.285
SLC46A1	1.03
ZDHHC1	1.72
ZDHHC3	0.31
DDIT3	-2.9
DDIT4	-3.125
ZDHHC4	-0.71
ZDHHC7	1.17
ZDHHC6	-1.04
ZDHHC9	0.47
ZDHHC8	0.545
VPS18	-1.77
RAP1GDS1	0.31
CST3	2.265
	1.025
	-2.33
GTF2F1	-2.845
GTF2F2	-0.205
R3HDM2	1.545
LRRFIP1	-0.395
	-2.33
	1.38
MLEC	-0.555
PDSS2	0.995
PDSS1	0.735
SPTAN1	-1.475
CASD1	-0.53
HIVEP1	-1.55
HIVEP2	-1.78
DONSON	1.47
	-1.77
ZNF703	-0.315
ZNF707	-0.215
ZNF443	-1.48
SF3A3	0.24
REPS1	-0.995
ABHD11	0.795
ABHD12	0.665
KCNAB2	-0.295
BBC3	-0.06
	0.35
CCT8	1.805
CCT2	1.695
CCT3	0.59
CCT7	0.36
CCT4	1.025
CCT5	0.67
DTYMK	0.84
ARPC2	-0.855
FBXO30	-1.045
NHEJ1	0.68
CREBZF	1.445
FAM129C	-1.36
ARPC4	2.155
	-0.63
NOTCH1	-1.465
NOTCH2	-0.13
MEST	0.69
RPS19BP1	0.4
SKIV2L	-0.23
BPHL	0.33
	1.76
VAMP1	0.185
VAMP3	0.97
VAMP2	-0.29
VAMP4	1.075
AMER1	-1.41
CERK	-0.995
	-0.625
SEC14L2	-1.03
SEC14L1	-1.04
	0.645
	-0.065
ISYNA1	0.5
MYL12B	2.21
	-1.2
MCM7	-2.56
MCM6	-0.9
MCM5	-1.295
MCM4	-2.735
MCM3	-0.91
MCM2	-1.065
FADD	-0.425
COX7B	3.025
MCM9	-2.41
MCM8	-1.17
NXT2	0.725
CECR2	-1.655
AIPL1	-1.48
SPRY2	0.73
MRPS14	1.925
TMEM30A	0.32
LMAN2L	-0.81
DALRD3	-0.09
FAM107B	-0.26
MEPCE	-1.855
CROT	-1.425
RNF114	1.24
RNF115	0.45
RNF111	0.81
FOXN2	-0.745
	-0.4
PCMTD2	-1.925
GFER	1.08
PCMTD1	-0.3
CHORDC1	0.635
CYP51A1	1.825
	-0.18
FBXL15	-0.595
FBXL14	0.845
FBXL17	-0.595
FBXL19	0.645
FBXL18	1.42
ZNF281	0.845
ZNF282	-0.26
KATNB1	0.005
NUP37	0.76
NDFIP2	0.77
NDFIP1	0.845
GORAB	0.74
NIT2	1.375
NIT1	-0.485
PTK2	-0.115
GLOD4	-0.195
CD2AP	-0.67
PYGB	-0.88
HECA	0.26
ODC1	0.215
PFAS	-0.71
GRAMD3	-0.705
MTPN	0.64
MYBPC2	0.06
DGUOK	-0.545
PDAP1	1.98
INPP1	-0.915
EXT2	-0.48
LONRF1	-0.28
DGAT1	-0.23
TMPPE	0.67
MADD	-2.885
RNF31	0.53
BAHD1	-0.98
SPEN	1.215
KDM8	-1.84
MDP1	0.875
MSR1	-0.55
GEMIN8	-0.395
ORMDL2	2.34
ORMDL3	0.74
MAT2B	0.695
GEMIN2	0.28
	1.045
GEMIN7	0.325
GEMIN4	0.035
GEMIN5	2.365
SPPL3	-0.57
SPSB3	-0.355
SPSB2	-1.24
SPTSSA	0.8
CMSS1	1.355
PHF14	-1.92
DDX49	1.07
PHF10	-0.435
PHF12	0.99
PHF13	-0.715
PHF19	-0.38
CPE	1.1
MOSPD3	0.295
MOSPD2	-0.395
CSRP1	-0.55
CSRP2	-0.035
HIST1H3E	3.08
GEN1	0.52
CEP152	1.91
	-1.075
FKBP4	0.33
DDX41	-0.395
ACADSB	0.135
FKBP3	1.27
KANK2	-0.52
FKBP8	-1.055
PDHX	0.37
CTSC	-0.325
WASF1	0.4
WASF2	-0.305
TRAPPC8	-0.965
SRGAP2	-1.59
PSAT1	0.52
	-0.97
PDHB	-0.515
NIPBL	-0.655
PRKCSH	0.235
C3	-0.4
TRAPPC3	0.4
MCUR1	1.355
CCHCR1	-1.995
TRAPPC5	0.76
CARS2	0.235
AP1S1	1.66
AP1S2	0.385
AP1S3	0.23
CAPN7	-0.17
	-0.395
	0.01
INTU	-0.55
FGFBP3	-0.53
CS	0.065
TM9SF1	-0.165
CP	0.23
NOP9	-1.19
GNS	2.08
CENPM	0.015
CDCA2	-1.075
CDCA3	0.145
ZNF516	0.375
ZNF511	1.955
CDCA4	0.25
CDCA5	-0.19
CDCA8	-0.09
KRBA1	-0.39
FZR1	-2.73
ATAD5	-0.395
RBKS	0.68
CD9	-0.4
	-0.69
MED28	1.215
MRM1	0.17
MED21	2.815
MED20	-1.31
MED23	-0.195
	-0.74
NRAS	1.66
MED24	-1.245
MED27	0.2
RASSF6	-0.655
	-2.11
DNM2	-1.795
SPHK2	-1.845
	1.91
IQCB1	-2.1
DVL2	-0.285
DVL3	0.33
REV3L	-0.13
UCHL5	2.55
KLHDC10	0.35
UCHL3	1.74
FAM171B	0.485
MEAF6	-0.12
	0.63
CENPW	2.0
TMBIM6	0.425
TMBIM4	1.015
ARV1	0.48
TMBIM1	1.48
C16orf70	0.44
COMMD10	0.395
TVP23B	2.205
CKAP5	-3.15
PEF1	-2.035
NDUFAB1	1.01
NHLRC2	-0.025
SCAND1	-0.545
IST1	-0.48
CASKIN2	0.175
ZMPSTE24	1.245
RCC1	1.11
RCC2	-1.81
EML2	-2.255
EML3	-0.88
EML6	-0.255
EML4	-0.96
EML5	-0.02
	0.115
ATP5J	2.12
AFG3L2	-0.035
ATP5O	1.015
ATP5B	0.67
PUS10	1.61
	2.42
ATP5D	0.96
DIS3L2	-0.225
TXLNG	0.41
CEPT1	1.245
TXLNA	-0.245
TJP2	-0.66
HSPBP1	-0.8
	0.305
CPEB4	-1.715
RPA1	-2.855
RPA3	1.31
RPA2	-0.15
CDC42EP3	0.68
PROSER1	0.67
TMEM175	0.16
TMEM173	-0.745
TMEM170A	-1.03
C2CD3	-0.535
C2CD2	-0.21
IFT27	-1.725
IFT20	0.89
IMMP2L	0.605
	-0.4
RAP2C	0.44
PLEKHJ1	2.395
	0.385
PDXK	0.68
ELF1	-1.8
ZKSCAN3	-1.875
YIPF2	0.37
YIPF5	0.5
YIPF4	1.99
YIPF6	0.06
	0.1
PPT1	1.37
PPT2	1.51
TRIM65	1.84
SLC26A2	-0.465
SLC26A6	-0.845
IER5	-0.235
SFR1	0.845
	0.21
MAGOH	2.95
	-1.435
HIST1H1C	-0.475
JUNB	1.445
LIME1	-0.39
FTSJ3	-1.01
FTSJ1	0.16
DAD1	3.64
CBR4	0.84
CENPC	-1.35
THOP1	-0.675
	0.44
	-0.075
KSR1	0.325
	-0.55
EXOC2	-1.75
EXOC3	0.055
ST3GAL1	-0.94
EXOC1	0.545
EXOC6	0.07
EXOC7	-0.945
EXOC4	-3.155
PCED1B	0.135
EXOC8	-0.02
C19orf54	-0.09
RRM2B	-2.74
UQCRFS1	1.075
NFXL1	-3.305
SNRPA1	2.07
ZNF18	-0.85
RICTOR	1.235
DHX8	-2.365
DHX9	-2.315
METAP1	0.63
METAP2	-0.905
ZNF585A	-0.715
ZNF778	-1.105
COTL1	1.59
	-0.89
	0.14
	2.13
TMEM241	0.23
	2.03
WDR35	-1.25
WDR34	1.31
WDR37	-0.06
WDR36	0.15
PINX1	-1.615
WDR33	0.55
RPE	1.555
VWA8	-0.575
GMPPA	-0.265
GMPPB	-1.66
BCORL1	-0.545
PTCH1	1.78
YME1L1	-1.21
TMEM203	1.03
WIZ	-0.73
SHARPIN	-1.265
FDPS	-0.27
XPC	-0.99
CMPK1	-0.675
XPA	-0.4
GPANK1	-1.36
PDLIM7	0.215
SUDS3	0.405
TEN1	0.985
CNOT6L	-1.56
SUPT4H1	0.845
CYBA	1.935
C5orf51	-1.25
BFAR	-0.965
	-1.06
SMARCAD1	0.355
FAF1	0.735
FAF2	-0.105
TIAM1	0.34
MAPKAP1	0.42
SLC35B3	0.22
ZNF7	-0.39
ZFP1	1.36
RNF130	0.64
RNF135	-0.295
RNF138	1.795
RNF139	0.41
ITGB1BP1	0.335
APLF	-1.205
PCK2	-2.39
RPP40	1.755
PTER	0.035
TBC1D23	-1.43
PTEN	0.355
TBC1D20	-2.11
RELN	-0.25
TBC1D25	0.14
TBC1D24	-1.83
GRN	-1.415
RELB	-1.34
RELA	-0.735
ZNF266	0.81
DHX40	-1.055
IER5L	0.27
C9orf16	1.65
	1.71
	1.435
	1.55
MTRR	-0.06
	0.445
	0.41
RMDN3	0.48
FRG1	-3.04
WTAP	-1.045
COX5A	2.025
	1.88
RMDN1	-0.55
FRMD8	-0.28
MPV17L2	0.27
OCEL1	0.455
FRMD6	0.23
	1.46
MSL1	-0.645
MSL2	0.69
MSL3	0.735
	0.465
CCP110	1.595
PAFAH2	0.115
GPT2	-1.345
KANSL1L	-2.11
CHFR	-0.765
ATAD2B	0.02
RCHY1	-1.495
E2F6	-0.675
E2F4	1.87
E2F3	0.635
TMEM126A	1.34
TMEM126B	0.195
JARID2	-2.04
TOP1MT	-0.405
E2F8	0.02
GDPGP1	0.41
BRAF	1.06
BOLA1	1.46
	2.535
KATNBL1	1.55
GUF1	1.18
RABGAP1	-2.385
	-0.685
	1.415
CEP135	-0.605
ARRB2	-0.2
NOD2	-1.25
GMEB2	0.65
GMEB1	-0.75
LCMT2	-0.91
	1.335
	1.28
PGLS	0.475
	1.165
PNPO	-0.16
RAD17	1.305
KRCC1	-1.76
PI4K2B	-0.445
PI4K2A	-0.4
GTPBP4	-0.415
GTPBP6	-0.015
GTPBP1	-2.415
GTPBP3	0.545
SCAP	1.155
KLHDC4	0.01
KLHDC2	0.23
KLHDC3	-0.145
XBP1	-1.965
TPST2	0.435
TPST1	-0.235
	-0.18
KLC4	-0.93
	2.17
UBXN11	-0.445
SEC11A	1.95
HSPA13	1.115
SEC11C	1.16
	-1.66
TOMM7	1.825
ARPP19	2.61
ILKAP	0.19
KLHL6	-3.43
MGA	0.52
	0.37
TBP	0.06
ARL14EP	-1.585
MRGBP	1.9
RREB1	0.205
SMC1A	-2.015
ADNP	-1.61
TRABD	-2.46
SLMAP	0.55
RAI1	-3.21
GOLGB1	-2.16
CFP	0.12
FAM118B	1.11
FAM173A	-0.65
CDC42BPG	-0.965
CDC42BPA	-0.115
RPL7L1	0.46
PDZD8	0.515
BAK1	-0.105
ALG10	1.525
PHF8	-3.135
CACUL1	0.63
PHF6	-0.53
PHF7	1.03
PHF2	0.51
HSDL1	1.13
	-0.455
	-0.08
TNPO2	0.725
TNPO3	-0.165
TNPO1	1.05
ANKZF1	-1.67
CDKN2AIPNL	1.39
FHIT	1.4
PLA2G12A	-0.2
APC	0.12
	-0.33
ABCB7	-0.495
ABCB6	0.605
ABCB4	-0.4
MIS18A	0.24
ABCB8	-0.03
	-2.11
SLBP	-0.57
	-0.4
ARPC3	0.56
ARPC1B	0.03
ARPC1A	-0.4
PDIA4	-0.135
PDIA3	2.11
ARPC5	0.48
CHSY1	-0.075
ITPR2	-2.575
ITPR3	-1.1
ITPR1	0.33
	0.98
SPATA13	-0.74
IFT46	-0.955
RUNDC1	-0.515
SFT2D3	-0.4
SFT2D2	-0.575
DAPP1	-1.53
PAX5	-2.245
TXNDC15	0.95
MPHOSPH10	1.53
FLYWCH1	0.01
	-0.55
RPGR	0.74
U2AF2	-0.385
STOML2	1.59
KIF19	-0.99
HIST1H3H	3.83
HIST2H3D	1.86
HIST1H3D	3.785
HIST2H3A	1.315
HIST1H3J	1.46
HIST1H3A	1.155
HIST1H3I	0.235
TELO2	-0.245
PHLDB3	-0.735
HIST1H3F	1.33
PAIP2B	1.56
LEMD2	0.04
TRAPPC9	-0.23
TCEANC2	-0.31
PHTF2	1.06
TRAPPC1	0.855
RTCB	0.035
RTCA	1.335
VCL	1.31
TRAPPC4	0.45
VCP	-2.95
CAPN2	0.44
CAPN1	-2.82
	-0.78
C1orf50	-1.03
	1.435
NSD1	0.44
MTOR	-0.68
	-0.135
	-0.9
CHAC2	0.31
CHAC1	-0.23
TIMM17B	0.71
TIMM17A	2.06
GLRX5	0.85
GLRX2	1.275
GLRX3	-0.06
ARFGEF1	-0.865
ARFGEF2	-1.76
	-1.22
TMEM167B	0.395
GID4	0.785
ZRSR2	0.935
PELI1	-0.25
MBLAC2	-0.51
SPDL1	-0.55
SYMPK	0.07
GID8	-1.215
GTF3A	2.135
GMPR2	-1.395
	-0.925
GATC	-0.705
NRD1	-1.095
GOLGA2	-0.515
WDR13	-1.01
WDR12	-0.49
WDR11	-0.8
WRAP53	0.86
WDR19	-0.4
WDR18	0.675
ANO6	-0.19
C17orf53	-0.715
BUB1	0.47
BUB3	-1.64
	1.33
RAD18	-1.01
ABLIM1	0.285
ATXN7L3B	-0.37
CDC25C	-0.85
CDC25B	-2.365
CDC25A	0.37
FAM207A	0.585
	1.02
ZGPAT	1.36
MTIF3	-0.57
MTIF2	0.79
ZNF436	-0.69
	0.595
SLC10A3	-0.095
OMA1	0.105
NEDD9	-3.08
CD164	3.99
ACSBG1	-1.73
ZFYVE27	0.61
ZFYVE26	-0.03
UQCC1	0.545
GOLPH3L	-2.645
EFTUD2	-0.43
UQCC2	1.51
SRPK1	0.795
CSNK2B	1.72
SRPK3	-1.94
SRPK2	-1.49
NEDD8	1.1
NCF2	-2.215
NCF1	-2.37
SLC10A7	-0.39
SRPR	-2.04
NCF4	-1.305
NEDD1	0.64
GRINA	-0.495
	-1.5
SEC62	-0.82
SEC63	-0.03
SYPL1	0.815
	0.775
RNF38	-1.28
ANKRD16	1.595
ANKRD17	-0.685
RNF34	-0.835
HDGF	0.68
ANKRD12	-1.18
ANKRD10	1.455
ANKRD11	2.71
YWHAZ	1.6
FOXJ3	-0.22
SPCS2	1.85
SPCS3	0.71
YWHAH	-0.035
YWHAB	-0.87
BCL9L	-0.665
CWF19L1	0.805
	-0.165
YWHAE	0.6
	0.885
TMEM106B	0.655
GIGYF1	0.705
GIGYF2	-1.89
RPP21	2.4
PCM1	0.32
CDYL	-2.0
MYO9B	-0.85
MYO9A	-0.03
ZNF248	-0.815
HMBOX1	-1.28
GOLPH3	1.58
HARS2	0.09
NUP205	0.99
	-0.5
CISD3	-0.02
SH3GLB1	1.19
SH3GLB2	-0.455
MTTP	-1.79
	1.65
	1.405
RABGEF1	-0.555
BCAT2	-0.37
BCAT1	-2.185
CIB1	1.28
DUSP22	-1.605
DUSP23	-0.4
ZBTB12	-0.09
	-0.57
TREX1	-0.79
HERPUD1	-2.3
C1orf43	-0.815
PHF5A	2.615
MED11	1.69
ZFPL1	-0.075
KHDRBS1	-2.595
PLIN2	0.755
PLIN3	-1.895
MCTP2	-0.73
ZBTB18	-0.385
	1.065
SAFB2	0.315
MKLN1	0.545
ISG20L2	-0.745
BCR	-0.355
MAP4K4	-0.365
CHD1	0.59
SPIDR	-1.835
CHD3	-0.29
CHD2	0.775
ZC3H7B	-0.93
ZC3H7A	-0.44
CHD6	-1.325
CHD9	1.335
CHD8	0.58
YWHAG	-1.32
NOB1	1.3
PPP6R2	-1.72
PPP6R3	-1.205
PPP6R1	-0.97
CWF19L2	-1.27
IPO11	0.135
IPO13	-0.515
ING4	-2.195
ERP44	0.305
FYTTD1	1.225
FH	-0.71
TMEM106C	-0.03
FLCN	0.07
WDFY1	-1.47
ING1	1.36
COIL	-0.505
ENGASE	-0.29
THRAP3	-1.8
TECPR1	-0.73
TECPR2	0.415
PRAF2	-1.075
DICER1	0.22
AARSD1	-0.4
RAP1B	2.585
EBP	2.255
GLO1	1.37
NGRN	0.69
RACGAP1	0.175
CNPY4	-0.56
CNPY3	-0.025
CNPY2	0.065
	-1.27
CDC42SE1	0.195
SMG5	1.515
SMG7	0.81
SMG6	-1.39
SMG1	0.27
ADH5	-0.165
ANKFY1	-0.005
KIAA1109	-0.845
SMG9	-1.82
SMG8	0.915
EDEM2	1.285
EDEM3	0.835
EDEM1	-1.14
ATP2C1	-0.37
KYNU	-2.955
EGR1	4.405
TRADD	-1.365
	1.385
UHRF1BP1	-1.75
ME1	-0.03
ME2	0.59
FAM193A	-1.525
	0.575
HSBP1	0.555
WDR7	-0.745
BRMS1L	-2.29
SRXN1	1.035
AASDHPPT	2.565
CCDC77	-0.25
	-0.3
SGTB	-1.03
PRSS16	-0.18
MRI1	-0.24
EPG5	-1.22
NFATC1	-0.955
NFATC2	0.73
NFATC3	-0.505
B3GALNT2	1.08
LARP1	1.515
TSPAN13	1.45
TSPAN14	1.165
SOWAHC	-0.065
FLAD1	-0.635
	-2.46
NDUFA10	1.04
NDUFA11	1.82
NDUFA12	0.93
NDUFA13	0.495
WEE1	-1.875
AP5B1	-1.005
GPATCH11	-2.07
DET1	0.185
ABCD3	-0.46
ABCD4	0.105
CLSTN2	-0.185
TMEM131	-0.695
POMP	2.27
SLIRP	2.32
TMEM135	-0.7
TMEM138	0.23
NDUFAF5	0.015
MOCS2	-0.03
NDUFS2	0.07
NDUFS3	2.34
NDUFS4	-0.11
	2.19
NDUFS6	1.515
NDUFS7	1.525
NDUFS8	1.87
ATP6V1B2	-1.42
	1.075
POMK	-0.07
TP53I11	-1.03
	0.6
LGR4	0.895
ATP1B2	0.68
ATP1B3	2.765
LRRC25	-1.17
LRRC24	1.96
ARFGAP2	-1.445
CLPTM1	1.055
ARFGAP1	-0.475
MVB12A	-1.16
ZFP36L2	2.465
CNIH1	3.435
	1.105
GAS2L3	0.005
MED13L	0.075
LIMA1	0.185
CCNY	-1.48
	1.355
CCNF	-1.99
CCNC	1.0
CCNH	0.785
CCNI	-1.83
CCNK	0.765
HNRNPA0	0.77
SIVA1	1.125
LRCH3	-1.86
WBP2	-0.43
CACTIN	0.335
PLEKHN1	1.03
WBP4	-0.985
PTDSS1	0.38
PTDSS2	1.32
	-0.545
ASAH1	2.085
C1GALT1C1	0.475
PICALM	1.14
CDC5L	-1.6
ROMO1	3.12
HIGD2A	2.435
PELO	-1.3
RINL	-0.065
HIST1H3B	3.24
HNRNPAB	1.03
IMPACT	0.25
TSEN34	-0.03
TMEM128	2.185
SYNJ1	-0.96
SYNJ2	0.1
	1.065
DNAJB9	-1.88
FBXO28	-1.905
DNAJB2	-0.05
DNAJB1	1.42
DNAJB5	-1.51
DNAJB4	-0.37
XRCC1	-1.925
WDR70	-0.05
WDR73	1.125
XRCC2	-0.93
XRCC5	-0.955
WDR74	0.69
WDR77	2.21
WDR76	0.26
HMCES	-4.035
CAMSAP2	0.655
CAMSAP1	-0.51
PTCD2	1.505
	-0.805
ATP5J2-PTCD1	0.99
HS6ST1	0.14
TDRD3	0.48
TDRD7	-1.755
SRP68	-0.735
ATP6V0A1	-1.115
ATP6V0A2	-0.13
SP1	-0.045
B3GAT3	-0.6
ACAD10	0.27
ZFP64	-0.285
ZFP62	-0.44
	1.43
	-1.48
NCDN	-0.05
TOR4A	-0.65
GFOD2	-1.08
GFOD1	-0.4
PLCG2	-0.91
USP9X	-1.35
MCCC2	-2.275
MCCC1	-1.495
RNF14	-1.25
RNF10	0.24
RNF13	-0.415
SRRT	-0.665
SLAMF7	-1.945
RNF214	-0.505
SRRD	0.255
ANKRD13B	-1.05
ANKRD13C	0.955
ANKRD13A	-0.905
ZNF326	-1.24
ZNF324	-1.575
GGNBP2	-0.725
DDRGK1	1.46
SPATA2	1.21
SPATA5	0.53
RAB3IP	-0.74
CHIC2	0.3
VIM	-2.125
MZT1	0.7
MZT2A	-0.73
CSNK1A1	1.15
SESN2	-0.41
SESN3	-1.465
CD3EAP	1.15
COX18	0.88
SSR1	2.59
SSR2	2.545
SSR3	2.245
SSR4	2.78
FOCAD	-0.005
COX10	0.015
COX11	0.14
COX14	2.255
COX15	-0.395
COX16	2.27
ICMT	-0.255
ETFDH	-1.595
PFKP	-2.755
TOMM70A	-0.225
PFKL	-1.125
CDADC1	1.495
OSGIN2	-0.38
	0.71
UNC13A	-1.51
	-1.005
MSH2	-2.54
MSH3	-1.13
VPS37C	-2.025
VPS37B	0.38
MSH6	-2.63
MAPKAPK3	0.615
MAPKAPK2	-1.15
CLDN12	-0.1
PPP1R3F	0.48
DIS3	2.125
ANXA5	-2.07
SH3BGRL3	1.61
ANXA7	-3.04
ANXA6	-1.23
ANXA9	1.14
CPED1	-1.03
NENF	-0.465
RAD51AP1	-0.11
	-0.205
	0.59
ZC3H14	-0.76
ZC3H18	-0.15
BAP1	-0.575
RIOK3	0.375
RIOK1	-0.365
BBIP1	1.48
MRPS18A	0.235
MRPS18B	2.245
MRPS18C	1.535
BAD	-2.115
DDX59	-0.615
FIGNL1	-0.71
HMMR	-0.795
TOE1	0.26
NIPSNAP1	0.0
EOGT	-1.12
CIITA	-2.54
MSRA	0.435
PPP1R37	1.06
PPP1R35	-1.575
PLAGL2	-1.165
BRMS1	-1.745
PYROXD1	-1.255
NAIP	0.17
RC3H1	0.565
SLAIN2	-1.285
SLAIN1	-0.49
ENO3	-0.9
ANKLE1	1.205
DXO	0.1
ANKLE2	1.31
C8orf37	1.97
SYNGR2	2.455
MBD5	-0.4
MBD4	-2.9
MBD6	0.89
MBD1	-2.185
MBD3	2.415
MBD2	0.145
GLMN	-1.245
HVCN1	-1.445
	0.24
ARHGEF6	-1.68
ARHGEF7	1.75
ARHGEF2	-1.77
ARHGEF1	-3.03
MIEF1	-0.595
MIEF2	0.64
UNG	0.51
POLRMT	0.5
UNK	-0.48
DIDO1	-1.25
TRMU	-0.3
	0.14
MCM10	-0.95
NUP210L	1.5
PAIP2	1.925
PAIP1	-0.455
FUNDC1	0.045
TYW5	0.24
TYW1	0.52
BDH1	-0.08
TRAF1	-0.225
TRAF2	-1.085
TRAF4	0.01
TRAF5	-1.03
ATP2A2	0.305
ATP2A3	-3.27
PNPT1	1.6
ACIN1	-0.95
PINK1	0.095
CYHR1	0.14
ATP8B2	0.215
AP2A1	-1.19
MUTYH	-0.41
PRKACA	-1.105
NR3C2	-1.48
SLK	-1.555
CHD4	-1.255
XK	0.115
ST6GALNAC4	1.1
CHD7	-0.04
TMEM97	1.445
	-0.865
SH3KBP1	-2.01
FLOT1	-2.57
PSRC1	1.025
DCAF5	-0.74
LCLAT1	0.84
RNPEPL1	0.205
AKR1E2	-1.325
UPF1	0.585
ACTR8	-0.945
ACTR6	0.815
ACTR5	-2.13
ACTR3	-1.1
ACTR2	-0.465
	1.125
CCDC51	-0.885
GALNT12	-1.79
GALNT10	0.68
CCDC58	0.875
CCDC59	1.11
ANKMY2	-2.0
ARAF	0.105
KIN	-2.64
NUCKS1	0.475
PTTG1IP	2.705
ATM	0.03
ATR	0.615
LIPT1	0.23
KTI12	1.56
NT5DC3	-1.23
NT5DC1	-1.165
ABCF3	-0.92
ABCF2	-1.05
ABCF1	-1.22
ALMS1	-1.415
MAGI3	1.185
BLMH	-1.415
SLC6A12	2.605
CHEK2	-0.5
TDP1	-1.09
CWC15	0.255
CHEK1	1.71
PPFIA3	-0.605
PPFIA1	0.28
CCDC85C	1.03
CCDC85B	-1.66
TNNT3	-0.62
TNNT2	-1.275
LRRC41	-2.05
LRRC40	0.595
LRRC42	-0.375
LRRC45	0.72
UTP23	-0.385
LRRC47	0.07
LPIN2	-0.025
LPIN1	1.22
ST8SIA4	0.055
AEN	-0.34
CBX8	-0.69
CBX7	0.55
CSE1L	1.115
CBX5	-1.4
CBX4	-3.285
CBX3	-0.415
CBX2	0.725
CBX1	1.375
FURIN	0.49
CDC73	1.305
GCFC2	-0.135
SLC43A2	-0.67
ENKD1	-1.085
TMF1	-0.86
	0.72
SIGIRR	-0.39
CDCA7L	-1.39
TRAPPC6A	-0.04
TRAPPC6B	-0.18
EIF2B3	-0.175
AP3D1	-0.985
	2.82
CRAT	-0.04
NCKIPSD	-1.06
IFI35	-0.85
MLH1	-1.73
CREBRF	-1.42
MDM1	-0.705
MDM2	-0.785
MDM4	-0.595
PKNOX1	0.23
AREL1	-0.285
CDAN1	0.645
SLC44A1	0.005
WDR55	1.03
LAPTM4A	1.125
PIK3CA	1.005
PIK3CB	-1.055
PIK3CD	-1.8
ATRAID	2.71
WDR59	0.32
PIK3CG	-1.76
KIAA2013	-1.005
NXF1	0.87
ATXN7L3	0.93
ATXN7L2	-0.185
ATXN7L1	-0.55
NCAPH2	-1.615
CIAO1	-0.315
TOX4	0.22
SCRN3	0.0
PIK3C3	-0.795
COPA	-1.64
IL4R	-0.56
EIF2B4	-0.305
EIF2B5	0.26
EIF2B2	0.48
ZNF692	0.6
EIF2B1	0.94
PCF11	-0.46
	-1.225
	0.815
RAD52	-0.16
RAD51	-0.05
	0.3
RNF19B	-1.205
RNF19A	-0.455
ANKRD52	0.01
ABHD17A	-0.785
	-1.265
ABHD17C	2.18
ADIPOR2	1.085
GDAP2	0.435
ANKRD54	-0.32
ADIPOR1	1.045
ARL15	-0.95
FAHD1	-0.84
TFCP2	0.495
MCEE	0.545
ZNF341	0.07
KPNB1	0.725
ZNF346	-0.05
TAPBP	-0.675
	3.215
NMRAL1	-2.405
NUBP2	-0.78
NUBP1	-0.065
DHX29	-1.0
AMN1	1.03
MYO5A	-0.57
ZNF207	1.405
CDK19	-0.72
ARID5B	-1.48
ARID5A	-2.24
	1.93
CDK12	0.31
CDK13	-0.52
CDK10	0.545
CDK16	-1.28
CDK17	0.21
CDK14	-0.84
TCIRG1	1.725
HGSNAT	0.82
CCNA2	1.495
METAP1D	-2.075
CAB39	-0.005
PRPF4B	0.76
	1.335
HIST3H2A	-0.345
CASP8AP2	-1.245
DCAKD	0.695
PSMC3IP	-0.675
	-1.51
NUDT13	-1.37
RCOR1	-0.67
NUDT16	0.415
NUDT14	-1.065
CLTB	-0.255
NUDT19	2.1
PKN1	-0.59
PKN3	-0.39
PKN2	1.47
LAPTM5	2.17
CIRBP	-0.1
GINM1	-0.605
RPS6KA1	0.98
RPS6KA3	0.13
RPS6KA4	-0.19
RPS6KA5	0.23
UQCR10	2.975
UQCR11	1.55
STAMBPL1	0.055
MORC3	0.06
SLC3A2	1.68
BLOC1S4	-0.355
CXCL10	2.495
BLOC1S3	1.56
SHPRH	-1.775
PPP1R11	0.04
PPP1R10	-1.57
ALKBH8	-1.62
ALKBH6	1.08
PPP1R18	-1.655
ALKBH4	-0.56
ALKBH5	0.12
ALKBH2	0.05
ALKBH3	-0.37
ALKBH1	1.58
ZKSCAN1	0.615
PIK3C2B	-3.025
SHOC2	0.49
TOR1A	1.18
RSL24D1	1.035
ZKSCAN8	0.29
COMT	2.195
DR1	2.88
GADD45GIP1	0.665
GLCE	1.065
EEF2K	-1.11
HAGH	0.245
PNN	2.09
DNAJC30	0.74
PUF60	-0.395
TNNI2	-0.295
EIF4EBP2	0.36
MAN2B2	-1.41
PAXBP1	0.93
PHKA1	-1.315
PHKA2	-0.305
NRROS	2.455
HSP90AA1	0.035
	0.53
YPEL5	0.165
ERO1L	-0.215
ZNF598	0.68
	0.27
MINK1	0.265
ZNF597	0.24
PRKAA2	1.26
ZNF592	-1.935
ZNF593	-0.92
GRWD1	0.715
ZMYND8	0.15
	-0.275
TSC2	-1.395
TSC1	0.015
TAF7	-0.375
TAF6	-0.285
TAF5	0.555
SNW1	-0.145
TAF3	0.995
TAF2	-0.49
TAF1	-0.22
ACTR10	0.835
MAX	0.775
SMC3	-0.215
SMC2	-2.275
SMC5	0.255
SMC4	-1.235
SLC33A1	-0.975
MAP2K3	1.055
MAP2K2	0.49
MAP2K1	-1.025
MAP2K6	1.175
TTC3	-0.78
MAP2K4	-0.605
CASK	0.18
CAST	-1.38
INSIG2	0.285
INSIG1	2.645
LTV1	1.715
IL6ST	-1.435
ACTR1B	0.455
ACTR1A	0.915
MORF4L2	-0.32
MORF4L1	-0.32
SMUG1	0.23
CFL1	1.955
GALNS	-0.215
TBL2	0.49
TBL3	-0.175
DISP1	1.2
KDM5A	-0.275
C11orf24	-0.485
KDM5C	-0.7
OTUD7B	0.335
C15orf57	-0.41
	-0.995
EPC2	-1.59
CSRNP1	-0.305
CCDC34	0.725
EPC1	-0.075
GTF3C3	-1.095
GTF3C1	-1.315
GTF3C6	-0.995
GTF3C5	0.695
GTF3C4	-0.135
TOPORS	0.105
ENDOG	1.675
SYCE2	0.075
MED6	0.92
MED7	-1.65
MED4	1.215
MED8	1.65
MED9	0.52
ENDOV	-0.57
TMEM248	2.04
ATP5J2	1.91
TMEM245	1.555
CPT2	0.08
FCHO2	-0.175
TMEM242	0.31
KXD1	1.26
PPARD	0.48
FASN	-0.67
WIPF2	0.08
WIPF1	0.05
FAM3A	-1.455
FAM3C	-0.775
UBE2L6	0.0
SPTY2D1	-0.925
RBM15B	1.12
	-1.86
UHMK1	-2.245
SLC36A1	0.145
RPIA	-0.855
IL1R1	-0.275
UBIAD1	-0.21
	-2.915
LSS	0.71
LEPROTL1	1.425
PIP5K1A	0.91
KPTN	-0.445
TMTC4	-1.83
EPM2AIP1	-0.59
RNPC3	0.43
GTF2I	-1.305
CDC16	0.345
NUAK2	-0.045
DFFA	-1.595
DFFB	0.52
ZCWPW1	1.32
BCOR	0.865
NASP	0.9
SF3B5	1.82
SF3B4	0.64
	2.29
SF3B1	-1.465
SF3B3	-1.41
TMEM161B	0.72
SYVN1	-0.83
	-0.2
S100A4	1.065
SCLY	-1.51
TIMM22	0.115
TIMM21	-0.225
AP3B1	-1.295
PLA2G6	0.79
ARMC5	0.235
F8	0.12
F9	1.29
RDH14	0.55
RDH10	1.04
RDH11	3.025
RDH12	-0.44
RDH13	0.37
CCDC127	1.86
GRHPR	-0.73
CCDC124	0.925
EIF4H	0.49
ATPAF1	0.68
	0.23
	-1.035
STX4	-2.48
VPS45	-1.665
DHPS	0.905
VPS41	-1.66
ODF2L	0.215
GPI	-0.495
PCYOX1	0.73
USF2	0.095
	-2.56
USF1	-0.785
MICU3	0.795
MICU2	-0.495
MICU1	-2.8
LETMD1	-0.775
	2.08
NDST2	0.39
	-0.105
HCFC1R1	1.17
TUSC1	-0.41
JRKL	-0.39
PYGO2	-0.065
RPL27A	0.27
PHACTR2	-0.39
PSD3	1.15
MGAT4A	0.66
VPS4A	-0.66
VPS4B	-1.15
MGAT4B	0.035
UNC93B1	-0.925
BCKDHB	-1.71
	-0.98
	-0.99
	-0.745
	-0.995
BCKDHA	-0.9
YLPM1	-0.3
CHMP1B	0.75
CHMP1A	1.505
CTCF	-1.25
UBE2Q1	-0.68
MTRF1	-0.755
UBE2Q2	-0.145
	0.4
	0.28
ILDR1	-3.195
DHRS11	0.27
DHRS13	0.225
IQCC	0.01
	-1.38
IQCE	-0.715
SUPV3L1	0.325
CD320	0.625
KIAA0586	-0.605
KRI1	0.135
CTC1	-1.89
CDC14A	0.68
ZNF362	0.8
ALDH6A1	-0.18
TNRC6C	0.53
	1.745
ZEB1	0.195
ZEB2	-1.91
	-0.415
SERHL2	-0.575
USP54	0.67
USP53	0.67
SSBP1	1.17
GART	-0.445
CD180	-2.575
GARS	-0.01
RBAK	-1.24
BPNT1	1.135
NUP98	0.025
NUP93	-0.525
PICK1	-0.62
ATAT1	-0.55
ARID3A	-1.98
PCCB	-1.07
PCCA	-0.645
UBAC2	1.28
UBAC1	-0.785
FDX1	-0.525
TMED7	1.78
TMED6	-0.18
TMED5	1.56
TMED4	1.4
TMED3	1.075
PET100	-1.61
TMED1	0.155
RAD54L	0.045
NQO2	-0.255
TMED9	1.57
TMED8	-1.38
CACHD1	0.915
ADSS	0.92
SSRP1	0.52
STAG1	-1.225
IPP	-1.215
RAB11B	-0.53
SFSWAP	1.575
FDXR	0.01
	1.76
ADSL	0.895
UHRF1	-2.75
UHRF2	1.34
	0.05
TSG101	-0.365
MKI67	1.81
PIEZO1	0.105
VPS33B	-0.48
VPS33A	-0.94
SGTA	1.16
SIN3B	-0.305
PALD1	0.025
MPND	0.38
STRBP	-2.665
ABI2	-0.22
ABI3	0.255
ABI1	-0.865
OSBPL7	-0.86
CPOX	-0.41
OGFR	-0.555
GPATCH8	0.45
GPATCH4	-1.05
GPATCH2	-0.87
GPATCH3	-0.195
GPATCH1	-1.31
RAB35	0.81
HDDC2	1.075
CHN1	0.205
C16orf91	1.645
	1.2
MYO3B	-1.115
GRSF1	0.08
TMEM50B	-0.375
TMEM50A	1.255
ERP29	0.495
TOR3A	-1.015
PPAT	1.83
GTDC1	-0.31
	-0.49
ASB1	-0.62
ASB6	-0.985
ASB7	-1.695
ASB8	-0.12
	0.0
	-1.08
	0.41
PPWD1	-1.835
	0.335
RPP30	0.875
RRAGA	-1.27
DDI2	0.815
RRAGC	0.26
RRAGB	-1.21
AP1M1	-1.13
GHITM	-0.845
PPA2	0.735
PPA1	2.04
VPREB3	-1.865
HP1BP3	-1.89
TSPO	-0.325
RIPK1	-1.475
RIPK3	-2.505
RIPK2	0.135
SDC1	2.375
EHBP1	0.23
PTCHD1	-0.53
PRKAG1	0.93
PRKAG2	1.155
APBB1	-0.475
CABIN1	-0.54
MAF1	0.655
RHOQ	0.47
OSTC	2.685
DNAJC16	-0.325
DNAJC17	0.48
DNAJC14	-0.24
DNAJC15	1.275
DNAJC12	0.36
DNAJC13	-0.42
DNAJC10	0.55
DNAJC11	0.91
RHOB	-0.75
RHOA	1.025
GNAI2	-1.01
RHOF	1.915
DNAJC18	-0.76
DNAJC19	-1.23
FAM102B	1.61
NELFB	-0.81
NELFA	1.32
G6PC3	1.96
NELFE	0.135
RPL13A	1.325
TMEM59	0.095
POU2F2	-1.415
CTNNA1	-2.6
POU2F1	-1.565
PAPSS1	-1.455
BVES	1.28
MAFK	0.76
	2.655
WDYHV1	-0.025
MID1IP1	-1.855
LY86	1.01
CAMKMT	0.23
ACTN4	1.505
PARP10	-2.185
PARP11	-1.51
NLE1	1.83
CCDC15	-0.615
SIAE	-0.195
OLA1	1.32
CCDC12	0.475
KDM3B	-0.965
HDAC10	0.655
KDM3A	-0.67
NFRKB	-1.37
MRFAP1	-0.29
TSPYL2	-0.365
ETHE1	-0.57
G2E3	-0.8
TCF7L2	-1.08
	0.31
TMEM260	-0.39
	-0.95
TMOD3	-0.34
EMC7	2.53
CCDC14	-1.03
AKR1A1	-0.33
KIFC1	-2.415
TMEM192	0.605
LOC102288414	1.275
	0.39
TMEM199	1.49
TRA2A	-0.485
TRA2B	1.235
MFSD8	-0.17
MFSD1	2.525
MFSD3	1.03
MFSD5	-0.02
MFSD6	-0.57
C15orf40	1.035
DENR	2.165
NCS1	-0.55
AHSA1	2.185
	-1.285
NAA38	0.16
	-0.305
	0.23
SSB	0.145
CORO7	-2.095
CASP6	-1.47
CASP7	-1.28
CASP4	-0.67
THAP4	-0.705
CASP3	-0.14
TRIOBP	-1.65
CASP1	-2.355
GNB5	-0.4
GNB4	-0.43
GNB1	-0.49
CASP8	-2.125
GNB2	-0.87
ABCD1	-2.105
MAP1A	-3.58
YY1	-0.32
AIMP2	1.435
AIMP1	0.905
CEP63	0.065
MAP1S	-0.1
ELP6	0.155
ELP5	0.43
ELP4	-1.065
ELP3	-0.74
ELP2	-1.25
	-1.965
CDK5	0.14
TRAPPC2L	1.045
ACVR2A	1.76
NSMCE4A	1.345
AKAP1	2.065
TP53	-0.72
SEPHS2	1.105
SEPHS1	0.14
CDK7	1.3
AKAP8	1.245
	-0.28
	0.835
ZBTB39	0.47
ZBTB38	-2.035
RNPEP	-1.41
SEC23IP	-0.84
TRIP11	-1.035
PHLPP2	0.325
ZBTB33	1.52
ZBTB32	-0.555
TIMM44	2.015
	0.88
AKAP8L	-0.425
PAFAH1B1	-0.935
STK11IP	-0.655
PAFAH1B2	1.43
CCDC107	1.685
PIKFYVE	-0.985
MANBAL	1.95
NADSYN1	-1.31
MOCS3	-0.25
TM7SF3	1.375
TM7SF2	0.345
NDUFAF4	3.225
WDR92	-2.075
WDR91	-1.1
VPS29	2.1
NDUFAF7	0.275
EXOSC7	1.235
NDUFAF6	1.915
NDUFAF1	-0.265
EXOSC5	0.8
WDR45B	1.26
NDUFAF3	-1.82
ARHGEF11	-0.1
	-1.04
NDUFAF2	2.815
ARHGEF12	0.515
BRI3BP	2.08
DTX3L	-1.715
SPG21	0.685
	-0.465
MGAT1	-0.3
MGAT2	-0.695
G3BP1	-0.91
MGAT5	-1.57
G3BP2	-1.42
NT5C3A	1.3
NT5C2	-0.515
TOR1AIP2	-0.155
TOR1AIP1	-1.14
ROBO1	0.68
TXNDC9	-0.41
RUNX1	-0.295
MPC2	1.305
CDC123	1.21
GPKOW	-2.45
TXNDC5	1.175
BCL10	0.995
	2.33
SCYL2	1.27
SCYL3	0.97
CBFA2T3	-2.815
SCYL1	0.295
MCAT	0.28
GBF1	-1.295
DHRS7B	1.425
CYB561A3	-0.16
ZNF384	-0.57
FAM89B	0.215
ZNF383	-0.53
UNKL	-1.26
MRPL24	-0.77
MRPL27	0.62
MRPL21	0.535
MRPL20	2.515
MRPL22	1.195
RAD9B	-0.6
RAD9A	1.4
TATDN1	-0.7
MRPL28	0.1
TATDN2	2.33
GALE	-0.715
	-1.79
QTRT1	0.435
SEC31A	-1.285
	2.71
HCFC2	-1.525
HCFC1	0.185
ERLEC1	0.6
CSNK1G2	0.835
CSNK1G3	-0.405
CSNK1G1	0.51
TNKS	2.07
MKRN1	-0.47
CRAMP1L	0.9
CLP1	-1.325
ARID1B	-1.225
ARID1A	-0.245
ATRN	-0.67
MKRN2	0.72
UROD	-1.745
ATRX	-1.32
PBX3	-0.43
CCNE2	1.765
CCNE1	0.67
DEK	0.095
AIFM1	-1.55
	-0.69
IVD	-0.18
TNK2	-0.285
SPPL2B	-0.74
SEH1L	1.285
CLPP	1.695
CD69	1.85
EIF4ENIF1	0.62
ASRGL1	-0.825
CLPB	0.085
ERN1	0.405
RYK	1.385
TONSL	0.495
MTPAP	1.065
PCBD2	1.175
CHPF2	-0.76
	2.005
MYO19	0.73
MYO10	0.345
NUP133	0.175
ACD	-0.375
CEP192	-0.23
C2orf68	-0.765
RAD54L2	0.36
QSER1	0.655
MYO1G	-3.565
MYO1E	-2.95
MYO1D	-1.045
MYO1C	-2.08
BAZ2A	-1.505
BAZ2B	-1.285
PC	-1.55
STRADA	-1.245
NMT2	0.935
NMT1	-0.93
PDE12	-0.52
RPGRIP1	-1.0
RYBP	0.27
PPCS	0.755
SDE2	0.305
SOS2	-0.32
SOS1	-0.285
CACYBP	3.205
SH3GL1	1.15
SYF2	-0.535
STK40	-0.93
SAMD10	-1.43
CIAPIN1	-1.03
JMJD1C	0.07
AKT1	1.895
AKT2	1.1
AKT3	-0.02
TOP3A	-0.45
TOP3B	-0.68
NAA16	0.325
NAA15	-0.265
NAA10	0.475
FUBP3	0.35
FUBP1	1.285
SLU7	-0.435
EZR	-1.775
MEX3C	-1.71
RTEL1	0.94
	-0.895
CSHL1	-2.255
PRADC1	-0.255
C19orf12	-0.04
PDE3B	-1.79
MARCH5	-0.04
MARCH7	-0.17
MARCH6	-0.47
C2orf49	-0.585
RBCK1	-0.34
AGTRAP	0.495
MAD2L2	0.39
MAD2L1	1.33
TAB3	-0.7
TAB2	-0.845
TAB1	-0.455
FAM222B	1.21
LETM1	-0.065
LETM2	-0.84
MMD	0.73
PPP1R7	0.49
ADCY7	-0.61
PPP1R2	2.43
CPD	0.62
PPP1R8	1.2
KRTCAP2	2.765
NRDE2	-0.885
KANK3	0.27
TMEM70	1.89
CPQ	0.25
SLC7A6	3.085
SLC7A7	-0.2
SLC7A5	1.715
SLC7A1	0.545
	0.94
	-0.53
UFL1	0.575
STUB1	1.26
SLC17A5	0.37
SH3PXD2A	-0.4
PSMD9	0.275
PSMD8	0.93
PSMD5	-0.185
PSMD4	-0.495
PSMD7	0.855
PSMD6	0.11
PSMD1	-0.6
JUND	-0.285
PSMD3	-0.09
PSMD2	-0.96
AGPAT5	3.03
AGPAT4	0.93
AGPAT3	-0.18
IFRD1	0.535
IFRD2	1.375
NPRL3	0.85
NPRL2	-0.47
SLC37A3	1.215
SLC25A51	1.4
SLC37A1	-1.04
SLC37A4	2.395
ITPRIPL1	-0.33
ERMP1	0.4
TMEM201	-0.62
NIPSNAP3A	2.77
TMEM205	0.025
TMEM208	2.52
TMEM209	2.16
ADSSL1	-2.235
ATP5F1	2.74
ZNF446	0.095
ZNF444	-0.8
ZNF445	0.86
MCFD2	2.195
NOA1	2.185
TOMM40L	-0.65
LARP4B	1.14
RFC5	0.85
RFC4	-0.085
RFC1	-2.285
RFC3	-0.095
RFC2	-0.58
SARS	-1.68
	-0.995
KLHL7	-0.72
KLHL5	-2.21
KLHL2	0.5
EMP3	1.375
KLHL8	-0.98
KLHL9	0.925
SMAP1	-1.375
SMAP2	-2.435
PAF1	-2.575
ATF7IP	-1.2
UHRF1BP1L	-0.745
HBE1	-1.725
RLIM	-0.395
KDM1A	-0.325
	-1.52
FIG4	-0.785
	-0.4
GCC2	-1.435
GCC1	-1.31
KIF24	-1.3
ANO8	-0.015
STAU1	-0.515
ITSN1	-0.015
MOGS	0.725
ITSN2	-0.575
PIGC	0.295
FN3KRP	-0.055
IRF3	-1.65
IRF2	-1.825
IRF1	-0.75
SPCS1	2.635
IRF5	-3.285
IRF4	-0.115
IRF8	-1.78
CLK1	2.05
CLK2	-0.11
CLK3	-0.025
CLK4	1.39
HERPUD2	0.65
ZBTB11	-0.51
ZBTB10	0.135
ZBTB17	-1.28
ZBTB14	-0.615
	0.99
FDXACB1	0.0
PHGDH	-1.97
AGFG2	-2.125
AGFG1	0.125
GTF2H3	-0.09
GTF2H2	-0.2
GTF2H1	1.575
CDC42SE2	1.125
ZFP36L1	-0.11
GTF2H5	3.005
GTF2H4	-0.495
ABHD8	0.03
ABHD2	-1.02
ERAL1	1.795
ABHD5	0.67
C12orf45	-0.075
WDR6	-1.85
WDR5	1.82
WDR4	1.08
WDR3	-0.615
WDR1	-0.665
	0.19
RSPRY1	0.665
CCDC167	-1.39
MLXIP	2.12
USB1	0.805
	-1.155
MAN1C1	-0.46
MINPP1	1.605
C6orf89	0.225
TROAP	0.325
	-2.36
KIF14	-0.945
EVI5	0.205
RASSF8	0.68
LPAR5	-0.965
POU3F2	0.18
SAMM50	-0.465
CHKB	-1.285
GIN1	0.5
FECH	-0.875
CYP4V2	-0.675
PTRH2	-0.65
ZNF639	0.065
	-0.8
HCLS1	-4.06
ZNF32	0.64
BARD1	-1.97
METTL18	-1.06
SFXN2	0.34
SFXN3	-1.175
SFXN1	1.525
RRP12	-1.63
MIIP	-1.525
RRP15	1.63
	0.905
CLNS1A	1.505
	-1.68
ST6GAL1	-2.11
FUZ	-0.435
USP12	-0.12
USP10	-0.1
USP11	-2.425
USP16	1.205
USP14	-0.535
USP15	1.115
USP19	-2.325
EMC1	-0.385
PRPSAP1	0.635
PRPSAP2	-1.995
RRP1B	0.725
HS2ST1	1.81
EMC6	1.495
GANC	-1.06
HMGB2	-2.98
METTL15	0.515
FAM185A	0.925
	-1.08
SLC4A1AP	-0.71
SYK	-4.3
C16orf58	0.525
	-0.12
OARD1	0.53
	0.12
FRS2	0.735
	0.095
	1.515
PDRG1	1.14
	-1.46
NCKAP1L	-2.175
NAPSA	-1.485
MAN2B1	-0.69
CD44	1.335
CD47	1.24
URM1	1.03
CD40	0.69
RAP1A	0.945
SKAP2	-0.79
L3MBTL3	0.8
L3MBTL2	-1.11
SATB2	-1.395
SATB1	-0.18
EP300	-0.16
GPRASP1	1.32
NCOA2	1.16
NCOA3	-0.48
NCOA1	0.07
	0.64
NCOA7	-0.505
NCOA5	-0.225
NEFH	1.795
REV1	0.535
ATF6B	0.28
C5orf34	-0.19
PIP5K1C	-0.895
BID	2.02
PPP4R1	-0.175
PPP4R2	-0.09
CCNG1	0.49
CCNG2	-2.35
ARMC8	0.335
ARMC9	0.12
ARMC6	-0.48
DACH2	0.36
ARMC1	0.715
BCAP29	2.3
RELL1	0.765
RELL2	-0.4
NOX1	-0.37
FBRS	-0.405
RNH1	-0.205
HJURP	-1.175
SNIP1	0.47
WDR75	1.1
	1.865
XRCC6	-0.67
GSK3A	-0.535
GSK3B	0.84
VARS2	0.51
DMWD	-1.15
INF2	-0.395
TFAP4	1.505
PMF1	1.885
ISCA2	0.86
QDPR	1.81
DYNLL2	1.095
MAPK14	1.575
WFS1	-0.13
CAMK1D	-0.14
PTCD3	1.245
PHKG2	-1.17
HNRNPUL1	-1.115
GLE1	-0.29
SAP30	1.1
GPBP1L1	-0.84
NAA35	-0.09
NAA30	0.655
METTL21A	-0.55
CALCOCO1	-2.71
TRIP10	-0.075
ALDH5A1	-1.15
TRIP12	-2.17
TRIP13	0.49
APOA2	1.03
CR2	-0.66
KIAA1143	-0.455
C10orf88	0.035
PDE1B	-0.25
ADAM9	0.255
AATF	-0.01
DNM1L	-0.385
PDP1	-1.35
	0.58
AP2M1	-2.155
SNRNP25	0.015
TOMM34	1.305
SNRNP27	0.39
EDF1	0.225
TMEM11	0.73
TMEM17	-0.095
	0.495
TMEM19	-1.03
ITPA	-1.45
CRK	-0.41
ORAI3	0.14
ORAI1	1.03
ZNF322	0.05
TTC28	-0.39
MTA2	-0.575
BDP1	0.01
COX7A1	0.73
COX7A2	3.145
TTC27	-0.605
ARL5A	-1.13
ARL5C	0.29
ARL5B	0.69
ZNHIT3	2.12
ZNHIT2	0.26
ZNHIT1	0.325
ZNHIT6	1.15
ASCC3	0.86
ASCC2	-1.685
NPM1	1.18
DUSP7	-1.325
NPM3	2.185
KANSL3	1.41
KANSL1	0.39
MXI1	-0.95
PSMF1	1.635
KIF23	-1.04
KIF22	-0.575
	-2.73
	0.405
	-1.495
ATMIN	-2.56
FGFR1OP	1.47
ZFP69	-1.03
	0.725
MEN1	-0.16
TMEM222	1.545
NABP2	1.675
NABP1	-0.4
ACAD11	-0.855
NSF	-2.025
ATP2B4	-2.35
SPNS1	0.695
KIF2A	-0.25
KIF2C	-2.4
GABARAPL1	0.465
	2.24
POGZ	-1.35
UBE2J1	1.135
UBE2J2	0.39
CCDC66	0.12
LY9	1.105
ECH1	0.035
MIPEP	1.69
AUH	0.335
GCAT	0.76
SAT1	2.695
ATG16L1	-0.075
ATG16L2	-0.38
PLSCR3	-1.39
GNG3	0.48
PCYT2	0.65
MTFP1	1.715
SRA1	-0.58
OXSR1	0.6
LYN	-0.34
NSDHL	-0.73
KIF4A	-3.565
MNS1	-1.38
AMACR	-0.165
ZFAND5	-0.245
ZFAND4	-0.4
ZFAND3	0.73
TIMM8B	3.305
PET117	-0.39
LMBR1L	-0.21
TCTN3	0.27
FAM20B	1.12
TCTN1	0.27
BAMBI	-0.18
TMEM185B	-0.135
	2.02
SUGP2	0.02
SUGP1	-2.5
SPAG9	-0.135
SPAG7	0.67
FOSB	3.3
SPAG5	-1.89
YDJC	2.205
ASTE1	2.015
WDSUB1	-0.02
SMARCD2	0.085
SMARCD1	1.215
NCAPH	-2.415
NCAPG	-0.53
FAIM	0.815
	-0.25
BLZF1	-1.795
ROCK1	-0.67
ROCK2	-0.18
GPC1	0.515
BBS9	0.58
TGFB1	-2.31
BBS2	-1.01
BBS4	0.99
BBS7	-0.13
PRKAR2A	0.94
	0.255
PRKAR2B	0.365
MAN1A2	0.13
	0.185
	1.425
	0.035
	-0.805
ZNFX1	-0.525
H6PD	-0.135
ACBD3	-1.15
ACBD6	-0.14
ACBD5	-0.72
ACBD4	-0.55
HBS1L	1.0
ZMYM2	0.21
ZMYM3	-3.495
FAM160A2	0.065
ZMYM1	0.1
ZMYM6	0.94
ZMYM4	-1.25
ZFAND6	-0.97
AMPD2	-1.26
TOP1	-4.885
MMACHC	1.24
NRF1	1.525
DPM3	1.07
DPM2	0.37
SLC50A1	1.295
ZNF878	-0.23
TWSG1	0.965
LYPLA1	1.925
LYPLA2	-1.815
POLR3F	1.86
POLR3G	1.085
POLR3D	1.2
POLR3E	2.24
POLR3B	-0.105
POLR3C	0.31
POLR3A	-0.48
CD99L2	-0.25
POLR3K	0.415
POLR3H	0.385
ENOX2	-3.045
RRP36	0.28
NR2F6	0.95
NR2F1	0.23
	-0.525
MIOS	-1.225
CC2D1A	0.935
ZADH2	-0.855
CDKL5	-0.445
DLGAP5	-2.855
CDKL1	0.48
CDKL3	-0.84
USP38	-0.425
USP39	0.535
XKR6	-0.39
GLT8D1	0.775
USP30	-0.295
USP31	1.175
TPGS1	0.085
ACOT13	0.76
USP34	0.075
USP35	-0.21
USP36	1.23
USP37	-0.29
PPP1R15A	1.255
PPP1R15B	-0.475
TSN	1.275
PABPN1	-0.14
SSH2	-0.075
SSH1	0.865
CTBP1	-1.27
HEMK1	-1.08
CINP	1.445
SMOX	-1.06
NFX1	-0.19
THAP2	-1.46
DAP	-0.475
CIC	-0.9
KCTD12	1.6
KCTD10	-0.45
HMGCL	-0.905
NAP1L1	-2.665
PBDC1	3.055
NAP1L4	1.415
GMDS	0.145
HMGCR	2.19
CIT	-0.51
GET4	1.03
UBLCP1	1.32
EXOC6B	-0.52
CD22	-1.215
C14orf93	0.0
KIAA0040	-1.03
DPYSL5	-0.05
DPYSL2	-2.81
ARL6IP6	0.885
ARL6IP5	2.295
ARL6IP4	-1.24
DAB2IP	2.165
ARL6IP1	-0.825
	-0.155
SLC35B1	1.63
PES1	-1.24
FCHSD2	-2.255
SLC35B2	0.205
SLC35B4	1.28
REL	0.39
CHPF	0.91
UBR1	0.68
PSMB10	0.085
	-0.2
BTBD7	-0.29
FPGT	-1.265
FPGS	0.295
DENND5B	-0.21
DENND5A	-1.655
PPP1R9B	-1.835
AGL	-2.09
AGK	-0.71
MGAM	0.23
CHP1	-0.4
AGA	0.97
	-0.145
RAB23	-0.23
TSEN2	-0.94
SPRR1A	0.095
XYLB	0.845
RAB25	-0.65
PCYT1A	0.04
PGM2L1	-0.29
PCYT1B	0.39
MYEF2	-1.23
QSOX2	1.715
VAPB	1.425
VAPA	2.23
DGKZ	0.74
PUS1	-1.31
PUS3	1.77
PUS7	2.33
DGKQ	1.1
CSAD	-2.11
DGKH	-0.195
BMPR2	-0.165
DGKA	-1.24
DGKD	-1.395
DGKE	-0.145
	0.23
OGT	-1.155
TCP1	0.93
PWWP2A	1.445
DNTTIP1	-0.065
DNTTIP2	0.13
UBN2	0.205
UBN1	-0.98
HEATR5A	-0.825
NAA50	2.145
CREB3	0.42
CREB1	0.56
IMPA1	0.935
IMPA2	1.78
B4GALT1	2.31
RETSAT	2.08
B4GALT3	0.23
EIF2S2	-0.265
B4GALT5	0.5
EHMT1	0.12
EHMT2	-0.645
TRAP1	0.255
AARS	-3.77
MIF	2.19
PDE7A	-1.46
	0.405
SPAG1	0.74
AGGF1	0.845
GNAO1	-0.185
ELK3	0.86
ELK1	1.4
ELK4	0.66
SERAC1	0.27
UBOX5	-0.38
TANK	0.78
AAR2	-1.405
TMEM33	3.095
CNEP1R1	1.25
CTH	-2.935
	1.5
DDAH2	-0.21
SESN1	1.325
PLXNC1	-1.81
PGD	-1.265
MRPS9	0.08
	-0.55
RABGGTB	1.395
DOK3	-3.44
RABGGTA	-0.825
PGP	0.68
DNMT3B	0.025
DNMT3A	-0.62
	1.43
SDCBP	-0.76
MELK	-0.095
IGBP1	0.33
	-2.595
COX19	2.195
RANGAP1	-0.935
CAAP1	-0.19
DDHD1	-0.465
DDHD2	0.68
PDZD11	0.715
ZDHHC20	0.145
ZDHHC21	-0.8
ZDHHC24	0.505
ZNF408	0.195
	2.135
ZNF407	-0.205
CDK11A	-0.42
	-1.815
RBM26	1.445
STAT5B	-0.87
STAT5A	-1.49
	-1.455
RBM22	0.27
	-1.39
RBM28	-0.075
CLOCK	1.04
FCGR2B	0.73
YKT6	0.935
SH2B2	-0.935
SH2B3	-0.77
SH2B1	1.43
KIF20B	0.75
IREB2	-0.76
GSPT1	-1.99
STMN1	-0.18
RAB2A	1.81
EIF2AK1	0.635
EIF2AK3	-0.995
EIF2AK2	-2.11
EIF2AK4	-0.585
CAMKK2	-0.265
SLC25A19	0.105
FKBP1A	3.02
SLC25A17	0.63
SLC25A16	0.065
SLC25A15	1.3
SLC25A14	0.345
SLC25A12	-0.39
SLC25A11	-0.14
SLC25A10	0.05
NUDC	1.1
TRMT1	0.295
SAV1	-0.89
CRBN	0.685
PITPNM1	-0.44
PITPNM2	1.21
STK38L	-0.53
FTH1	3.58
PFKM	-1.145
C16orf54	0.68
NEDD4L	-0.015
ARID2	-0.975
MTFR1	0.06
MTFR2	-0.805
C12orf57	1.23
	-0.765
KDM6B	-0.305
TUBG1	-0.91
COPG2	-1.365
COPG1	-2.825
APAF1	-0.58
C15orf41	-1.21
ABCE1	1.46
ZNF518A	1.2
CWC22	-1.005
ZNF518B	-1.59
SPECC1L	-0.48
TIGD2	0.14
DCP1B	-0.64
DCP1A	-0.89
SUCO	1.69
KIAA2026	0.035
KEAP1	-1.555
KCNQ5	-0.585
HOMEZ	0.23
	0.25
ERAP1	1.8
UMPS	0.09
TXNL1	1.415
JAGN1	2.1
PGPEP1	-2.23
SLC4A7	-1.435
ANK3	-1.98
ATE1	-0.755
SLC4A2	-0.71
CUL5	-0.16
CUL1	0.995
CUL2	0.65
CUL3	0.305
HSPA4L	1.135
OVCA2	1.4
PTP4A3	0.62
PTP4A2	0.05
IGF2BP3	-1.85
PGAP1	-0.72
DCBLD2	0.27
DCBLD1	-1.745
	1.0
MFAP3	0.47
RARS2	0.825
CDH5	-1.83
GPAM	0.06
NT5C3B	0.535
EEA1	-0.815
CEP57L1	-0.21
NEURL3	-0.42
NEURL4	-1.065
EIF5B	0.275
EIF5A	3.095
ENOPH1	2.425
TXN2	1.945
POLR1A	0.325
POLR1B	1.85
TXN	2.795
POLR1D	2.315
POLR1E	0.81
PCGF5	-1.03
TGIF1	1.455
FYN	-3.42
ADARB1	0.12
PRCC	1.695
SNX29	-1.43
PLEC	1.19
FRA10AC1	0.82
LRMP	-0.88
SNX20	-1.955
PLEK	-3.685
SNX27	-0.175
SNX25	1.135
FAM160A1	-2.755
CDKN3	-0.28
QRICH1	1.175
MSH5	-1.83
MRPL43	0.34
MRPL42	1.805
MRPL41	-0.25
MRPL40	-0.235
MRPL47	1.635
MRPL46	0.545
MRPL45	0.88
MRPL44	0.345
MRPL49	0.84
MRPL48	0.325
BCL7C	-0.265
BCL7B	0.2
BCL7A	-1.075
ZMYM5	-0.32
OAZ2	0.27
OAZ1	2.76
TIPRL	2.32
PPP1R13B	-1.41
MARVELD2	0.27
SH3BGRL	0.67
PPP1R13L	0.32
CTDNEP1	1.03
FAM110A	0.165
CIPC	0.53
C11orf68	-0.045
DCK	0.06
HIST2H2AB	1.115
HIST2H2AC	1.595
	-1.53
	0.93
TNFRSF21	0.72
	3.465
UBR3	-0.485
C1orf131	2.5
TSTD2	-0.6
	-0.225
LAP3	0.795
FGD6	-1.175
FGD3	-1.975
FGD2	1.19
GMFB	2.435
STXBP1	0.35
SNAPC2	-0.96
	0.765
STXBP2	-1.69
STXBP5	-0.02
STXBP4	-0.55
SNAPC5	-0.345
SNAPC4	0.8
FMR1	-0.24
URI1	-0.755
NT5M	0.225
FAM210A	0.78
NT5C	0.77
CELF4	0.755
CELF2	-1.825
	0.14
KRAS	0.3
	0.07
EZH1	-0.77
EZH2	-0.17
ZMIZ2	0.425
SLC35D1	1.74
DDX19B	1.455
ZC3H10	0.26
VDAC3	0.175
VDAC2	2.25
VDAC1	0.25
RALGAPA1	-0.33
RALGAPA2	1.91
	-0.955
	1.97
RCN2	1.58
GBA	0.815
RRP8	0.135
RRP9	2.015
NPEPL1	0.285
RASGRP1	-2.885
PHIP	-1.32
DTWD2	0.34
GRAMD1A	0.775
DTWD1	0.815
VARS	-1.235
EPSTI1	-1.8
SIDT2	-0.41
	0.01
LCORL	0.875
CDC37L1	0.305
IL10	3.34
DTNBP1	-0.09
IL16	-3.365
OAT	-0.28
KIFAP3	-0.775
NUDT16L1	-0.525
PPIG	1.525
PPIF	0.7
PPIE	0.75
PPID	1.67
PPIB	2.87
NUP153	0.28
C20orf27	1.135
TP53INP1	-2.805
	-2.75
UBC	-4.205
	1.415
UBL5	1.54
UBL7	-1.54
	1.195
UBL3	0.835
BAX	1.135
XPOT	-1.125
TAX1BP1	-0.995
SMIM12	-1.81
	0.105
SMIM15	0.4
SMIM14	-1.37
SPOPL	0.01
IK	-2.41
COX6A1	1.82
COX6A2	-0.92
PRKRIP1	1.585
	-1.735
AHCTF1	0.655
TYSND1	-0.89
HNRNPR	-0.54
ACSL1	0.56
HNRNPU	-1.755
ACSL4	-1.915
ACSL5	0.645
HNRNPK	-2.86
HNRNPL	-0.825
HNRNPM	-1.715
ARL16	1.03
HNRNPC	-1.65
HNRNPD	0.095
HNRNPF	-2.335
	1.775
KHSRP	-2.52
	-1.115
STK25	-1.145
STK24	0.97
HELZ2	-1.135
DDA1	1.38
MARCKSL1	0.69
	0.46
MANF	0.085
CAMLG	0.26
PIN1	2.23
FZD2	0.65
FZD3	0.41
FZD5	0.55
PLXNA3	0.23
NINJ1	-0.535
PLXNA1	-1.49
RPL35A	1.75
CERKL	-0.545
PARD3B	-1.94
HLA-DQB1	-0.935
TJAP1	-0.92
PPP2R2D	-0.26
CCDC97	-0.16
PPP2R2A	-0.325
PQBP1	0.225
CCDC92	-0.74
CCDC93	-0.735
ZNF169	-0.37
PSMB9	0.52
PSMB8	-0.285
PSMB7	1.415
PSMB6	0.32
PSMB5	1.225
PSMB4	0.25
PSMB3	-0.095
PSMB2	2.4
PSMB1	0.515
	-1.05
ZNF790	-0.545
ACADM	0.37
PGAM5	0.34
TRIB1	0.65
TRIB2	-1.1
TRIB3	-3.235
MRPS28	2.15
PREX1	-2.47
MRPS26	0.64
KCNK5	-0.035
MRPS24	2.75
MRPS25	1.575
MRPS22	1.055
MRPS23	0.765
MRPS21	3.18
HIST1H2AG	2.61
HIST1H2AE	3.935
HIST1H2AH	2.44
HIST1H2AA	2.975
HIST1H2AL	1.22
HIST1H2AM	3.17
HIST1H2AB	3.09
HIST1H2AJ	1.4
ZNF428	0.435
HIST1H2AK	3.68
NAT10	0.645
POLL	-0.02
RAB4B	-1.405
DENND3	-3.775
LRRC8D	-1.485
SMOC1	0.34
NDUFA6	2.755
NDUFA7	1.88
NDUFA4	3.01
NDUFA5	1.695
NDUFA2	1.59
NDUFA3	0.97
NDUFA1	2.13
JUN	2.16
NDUFA8	1.38
NDUFA9	-0.375
	3.41
CORO1C	-1.165
ARHGAP32	-0.715
CORO1A	-2.465
VEGFA	-0.055
	0.665
VEGFB	-0.635
ARHGAP39	-0.94
ATP6AP2	2.41
CEP97	-0.77
YES1	-0.885
CEP95	-0.92
USP33	-1.29
FAT3	0.68
ECT2	-0.015
SSNA1	1.605
HUWE1	-0.335
SLC25A37	-1.055
SLC25A30	-0.89
SLC25A33	1.335
SLC25A32	1.595
YAE1D1	0.27
SLC25A39	-0.125
SLC25A38	0.565
HEATR6	-2.245
HEATR3	0.505
HEATR1	0.065
POC5	-0.78
C5orf15	0.87
	-0.915
DDX17	-1.085
C11orf54	-2.055
DDX10	0.68
DDX11	0.495
CR1L	0.825
DEF8	1.29
ENO2	-1.03
DDX18	-0.145
RC3H2	1.815
IGHMBP2	-1.205
GPR107	-1.805
GPR108	-0.085
NOC4L	1.7
CMIP	-1.135
IPPK	1.275
	-2.25
SRSF4	0.72
SRSF7	1.04
SRSF6	0.705
SRSF1	1.615
CDKN2D	-0.445
SRSF2	0.475
SRSF9	0.7
TUBE1	-1.83
C1orf53	-0.895
SLC38A7	0.765
SLC38A6	-0.4
SLC38A1	1.405
NCK1	-1.065
SLC38A2	-0.655
HCN1	-3.77
HCN3	0.95
SLC38A9	-0.02
LRRC1	-1.415
C6orf203	2.34
RGMB	0.48
PRKCI	0.795
DEGS1	2.76
SUGT1	0.14
PRPS2	-0.865
PRPS1	1.46
PRKCA	0.67
PRKCE	2.11
PRKCD	-2.285
STAP1	-0.285
TOM1L2	-1.505
ATG3	0.555
ATG7	-1.09
ATG5	1.385
COPZ1	1.2
	-0.475
CDV3	1.22
PRPF8	1.455
KLF6	0.665
KLF4	1.01
KLF2	0.625
HOMER1	-1.67
HOMER3	-0.66
ZC3H11A	-2.015
PRR14	-0.76
NCAPD2	-1.15
NCAPD3	-1.185
RRM2	-1.615
RRM1	-3.45
REST	-1.015
C12orf4	-2.715
TWISTNB	1.175
CCDC181	0.05
PATZ1	-0.68
	-0.335
ZNF653	0.48
ZNF652	0.74
HAGHL	-1.56
ZNF655	1.865
ZNF654	-1.05
SEMA7A	-1.35
GATAD1	0.1
RPAIN	-1.735
	0.005
	0.215
TRMT11	1.69
TRMT12	-0.99
SPATS2	-1.345
PTPRCAP	0.555
	0.04
PRRC2B	1.545
PRRC2A	0.48
	-0.255
PDCD6IP	-0.235
TXNL4A	1.875
TXNL4B	-0.92
PARP8	-1.495
PARP9	-2.63
NUMA1	-1.205
PARP4	-3.59
	0.445
PARP1	-2.225
PARP2	-2.805
PARP3	-1.52
ZCCHC9	1.805
ZCCHC8	-0.065
SRSF11	1.075
SRSF10	1.54
ZCCHC2	0.545
ZCCHC7	-0.575
ZCCHC4	1.175
LRP10	0.21
TOX	-0.09
	2.795
VTI1A	0.275
	-1.835
SND1	-3.445
VTI1B	1.185
ACO1	-1.525
ACO2	-0.575
THTPA	0.23
AVL9	0.455
GTF2IRD1	-0.195
	-1.38
MTDH	0.175
	0.39
HMGCS1	1.43
	-1.03
	0.92
THG1L	0.475
STAM2	-0.975
AZIN1	-1.115
SEPT5	0.48
RAD1	1.05
CHID1	0.605
	-0.84
	-0.325
KMT2C	-0.1
KMT2B	0.49
KMT2A	1.635
SEPT6	-1.1
AHCYL1	-0.645
KMT2E	-1.61
AHCYL2	-0.11
RBM39	-0.055
C9orf78	-1.225
FBXO11	-0.36
ERCC6	-0.025
RILPL2	0.865
MAPK8IP3	0.295
SLC35F5	-0.21
KCTD13	0.48
SLC35F6	0.785
GTPBP2	-2.11
SLC35F2	2.3
AK3	1.495
AK2	1.845
OXSM	0.6
PSTK	0.12
	-1.03
LZTS2	-1.13
DMTF1	0.315
VAT1	-1.38
C3orf38	-1.0
TSC22D1	0.81
TSC22D3	1.78
TSC22D2	0.075
TSC22D4	-1.105
DENND1C	-1.08
DENND1B	-1.6
DENND1A	-0.32
BSG	2.615
HIRIP3	0.02
RPS12	1.22
RPS11	2.88
PLRG1	-0.425
RPS15	3.09
RPS14	2.01
GLA	0.825
RPS19	1.97
RPS18	0.715
RCL1	1.71
CERCAM	0.8
PHKB	-0.875
GLS	1.395
WDR61	0.89
CRLF2	0.245
CRLF3	0.915
MPP7	-1.855
MPP6	-1.025
MPP5	-0.4
TCEA1	0.54
ZXDC	-0.105
TUFT1	-0.39
DGCR8	0.055
LRPAP1	-0.335
ABHD16A	-0.58
	1.09
C19orf44	-1.055
C16orf72	-0.205
LSP1	-1.63
DCAF10	0.555
EMG1	2.345
DKC1	1.675
FBXL8	-2.03
TM2D2	1.955
TM2D3	2.15
FBXL3	-1.02
NR4A1	2.37
FBXL5	-0.3
FBXL4	-0.78
FBXL6	0.35
ERF	0.15
IDNK	-0.525
ERH	1.83
INPP5A	-0.22
INPP5B	-1.48
LBR	0.38
INPP5D	-2.52
INPP5F	-0.285
RAN	1.75
INPP5K	-2.135
CYP20A1	1.47
ENY2	1.9
LBH	-0.535
MARC2	-0.28
TBL1X	0.395
	-0.455
	-0.75
	0.485
PLEKHA1	0.125
PLEKHA2	-2.175
PLEKHA3	1.56
RHEB	2.435
OSBP	-1.7
AP2S1	-0.03
AP1G1	-1.205
SNRNP48	2.865
MYO6	-0.61
IRS2	1.03
USP6NL	-0.545
TYW3	0.23
BRAT1	-1.355
SYN1	0.56
PLA2G15	1.095
ISOC1	0.395
FAM122A	0.0
	1.92
CLIC4	0.97
HEXIM1	-0.95
HEXIM2	-0.3
HNRNPLL	-0.43
SAMD9L	-2.21
TRAF6	-0.225
	1.505
TRAF7	1.255
PHF21A	-0.055
PASK	-1.555
	0.66
	1.565
	2.735
	0.095
RGP1	1.765
MYOF	-1.455
PKM	-1.68
HECTD3	0.72
HECTD1	-0.165
	0.755
IARS	-1.74
LACTB	-1.795
PALB2	1.04
SERTAD1	0.085
SERTAD2	-0.385
SERTAD3	-0.08
MAD1L1	-0.23
TMEM9B	-2.21
PIK3R4	-0.69
PIK3R2	-0.51
PIK3R1	-2.67
ZFP91	-0.505
APLP2	-0.47
TARS2	0.61
GNPNAT1	1.03
ZSCAN20	-0.74
RAB6A	0.84
RAB6B	0.115
BTBD10	-0.77
SHQ1	1.26
NDUFC1	3.35
NDUFC2	1.265
ARHGAP17	-2.525
ARHGAP15	0.44
ARHGAP12	-1.955
ARHGAP10	-0.48
ARHGAP18	-0.68
ARHGAP19	-1.225
DDX3X	-1.31
SIK3	-0.085
SIK2	-0.185
NR1H2	-0.27
ADAM10	0.11
LDHA	-0.77
ADAM15	2.615
ADAM17	0.265
	0.195
AP1AR	0.225
DEDD	0.935
MTHFD1L	-2.57
KIAA1191	1.32
ZFC3H1	1.35
ASH1L	1.565
DDX39A	1.075
AFF4	-0.81
AFF3	-0.85
DDX31	-0.41
AFF1	0.505
PNPLA2	-0.865
PNPLA7	-1.365
PNPLA6	0.485
	-1.47
	0.235
NBEAL1	0.48
NBEAL2	-0.805
SLC39A13	-0.565
SLC39A10	3.335
SLC39A11	-1.29
DZIP3	-0.965
SLC39A14	1.595
NSUN3	0.29
PRKACB	-1.53
NSUN5	1.585
NSUN4	-1.485
ADRM1	0.94
PAN3	0.8
PAN2	-1.505
ERGIC3	0.565
EEF1A1	-0.44
TMEM183A	0.72
TLN1	-3.44
TRIM59	0.245
MYBL1	-4.01
MYBL2	2.69
PTPN11	-0.485
PANK1	-0.72
PANK3	1.025
PANK2	0.01
PANK4	-0.25
DAP3	-0.18
MBNL1	-1.53
MBNL2	-1.415
MBNL3	0.185
GNL3	1.545
GNL2	-1.275
GNL1	-0.135
CTTN	-2.535
SMARCB1	-1.89
CASZ1	-2.335
PRR3	0.675
TMEM39B	0.635
PRR5	1.475
PRR7	1.725
ST3GAL5	0.345
TMCO1	2.6
FNIP1	-0.73
FNIP2	0.25
PSPH	-0.985
TMCO4	-0.83
LIN37	-1.075
MMADHC	-0.43
WRAP73	-0.975
C5orf24	1.655
BUB1B	-1.675
SNTG2	-1.71
CDT1	0.98
CNKSR3	-1.2
ZMAT2	-1.535
EXOG	0.145
EIF1B	2.08
TASP1	0.68
EIF1AX	0.51
MPG	0.68
	-0.655
PIGB	-1.0
NOM1	-0.58
ELMSAN1	-1.005
TPRA1	1.41
ITGB7	-0.4
GORASP2	-0.03
TADA2B	-0.705
EXO1	0.85
EXO5	-0.725
TSR1	0.705
MAP7D1	-0.74
STK17B	-0.915
BSDC1	1.3
PIGK	1.57
PIGM	-0.395
MPI	-0.68
HSPA2	-0.125
HSPA5	-0.055
HSPA4	-0.09
HSPA9	-0.435
HSPA8	1.99
DYRK3	0.95
DNAJB12	-0.36
DNAJB11	0.775
CAPRIN2	-0.05
PLAA	-0.055
PARVG	-1.935
FAM83D	-0.06
EMD	0.87
RAB2B	0.23
PIGW	-0.04
MIA3	-0.625
MIA2	-0.48
FLT3	-0.05
MAGEH1	-0.215
PEG10	1.525
	2.2
HTRA2	1.26
TSNAX	1.765
KDM7A	-1.09
SNF8	0.59
ARID4B	-0.855
KLHL11	0.57
KLHL12	-0.205
KLHL13	-1.965
KLHL14	0.685
KLHL15	0.95
RNASEH2C	1.04
RNASEH2B	1.41
BCLAF1	-1.86
	-2.34
SCAF4	0.155
DDX5	-0.905
DDX6	-2.2
DDX1	-0.51
SCAF8	0.495
RBL1	-1.0
RBL2	0.47
	1.76
ILK	0.295
FBXO34	0.695
FBXO36	-0.39
CHTF8	1.835
FBXO31	-0.005
FBXO33	-0.925
FAM136A	1.34
RAF1	0.19
DNHD1	-0.04
SYNCRIP	-0.4
SEMA5A	0.35
MTF1	-0.925
FAM214A	-1.755
MTF2	1.31
VKORC1	-0.4
SH2D3C	-1.13
	-1.235
	-0.27
CXXC1	-1.445
OPA3	0.305
CXXC5	0.23
OPA1	-1.76
KIAA0513	0.27
C1orf74	0.23
EAF1	0.615
VAV1	-1.14
VAV2	0.305
LANCL2	-0.24
LANCL1	-2.05
	0.585
CENPO	-0.865
CENPN	1.74
NR3C1	-2.005
CENPL	-0.575
CENPK	-0.33
CENPJ	-1.92
CENPI	0.915
CENPH	-0.74
CENPF	-2.68
CENPE	-1.945
NOP2	-0.435
AIP	-0.795
CENPA	1.305
GNE	-2.15
CKAP2	-1.385
CENPV	0.165
EPRS	-1.435
CENPT	-0.335
	1.165
CENPQ	0.54
CENPP	2.085
NHLRC3	-1.03
NUDT9	1.615
LENG9	-1.67
NUDT1	-0.665
NUDT2	2.385
NUDT3	0.195
NUDT4	1.42
NUDT5	1.655
NUDT6	-0.96
SMPD4	1.6
SMPD1	-0.045
SMPD3	-0.1
SDK1	-0.21
PPP2CB	-0.005
IDH2	1.22
IDH1	-1.425
YTHDF3	-0.93
YTHDF2	0.09
YTHDF1	1.95
CCDC28A	-0.53
SNRPB	0.35
	1.41
	-0.03
SNRPF	2.17
	3.485
	0.06
	0.945
	0.245
	0.91
	0.025
	-2.135
EME1	-1.07
CBWD1	-0.345
EME2	-0.95
POC1A	-0.125
POC1B	0.205
ASNS	-1.04
ECSIT	-0.695
LIPT2	0.23
SUB1	0.885
MYSM1	-0.755
ZNF235	0.27
ZNF800	0.77
ZNF236	1.225
	0.18
MSN	-3.07
ETNK1	-1.255
TTC39B	0.28
PTOV1	-1.275
	0.79
	-0.585
LEO1	0.01
DNMBP	-2.095
SMARCE1	-0.29
PTPN22	-0.425
PTPN23	0.35
SLC9A6	1.185
SLC9A7	-2.085
SLC9A1	-0.31
SLC9A8	0.365
SLC9A9	-0.02
AP3S2	0.07
EIF4E	-0.215
IFNGR1	-0.53
IFNGR2	-1.96
MS4A1	-1.675
AKNA	-2.35
C16orf87	0.87
PML	-1.615
NAB2	-0.38
UBTF	1.435
FXR1	-0.425
FXR2	-0.555
	-0.87
PHF20L1	-1.135
MTFR1L	0.685
HOOK2	-0.49
HOOK3	-0.735
	1.945
FCHO1	-1.915
OSTF1	-1.11
RBM4B	-1.83
SRCAP	0.815
SLC22A23	-0.18
GLUD1	0.04
SSU72	-0.08
RBM41	0.025
RBM42	-0.875
RBM43	-1.39
LARP4	-0.575
RBM45	0.59
RPS27L	3.52
LARP7	-1.775
RBM48	1.02
DPP8	-1.875
DPP9	-0.625
PRIMPOL	-0.325
	-2.08
DPP3	-0.825
UIMC1	-0.01
DPP7	-0.18
NUB1	-2.67
CEP57	-0.22
CEP55	-1.38
TMCC1	-1.645
COL4A3BP	-0.095
HBP1	-0.165
SLC39A8	0.475
SLC39A9	-0.57
MACROD1	-0.885
SLC39A1	0.97
SLC39A4	1.36
	-2.11
SLC39A6	2.06
SLC39A7	1.15
SUMF2	0.72
SUMF1	0.495
GLIPR2	-0.005
GLIPR1	1.695
GYS1	-1.895
SURF1	-0.205
SURF2	2.05
SURF4	1.345
SURF6	0.02
DDX58	-1.35
NIPAL3	0.95
BPGM	-1.45
DDX52	-0.125
DDX50	1.425
DDX51	2.255
DDX56	0.365
CXorf38	0.82
DDX54	-1.31
DDX55	-0.235
HNRNPA2B1	0.75
SIPA1L1	-0.24
SIPA1L3	0.12
SIPA1L2	-1.52
HEATR5B	-2.375
FUNDC2	1.475
RAB11FIP3	-1.13
ANLN	-1.235
HEXB	-1.375
	-0.395
DCAF7	-1.34
DCAF6	-0.47
KNOP1	-0.62
DCAF4	-0.28
IQSEC1	-1.38
DCAF8	-1.74
PDCD2L	1.585
TRAFD1	-1.525
RALGAPB	1.37
HOXB6	-0.4
RAB9A	1.305
CTR9	-0.15
PCDHGC3	0.985
TDP2	1.255
ATP5A1	-0.295
ARFGAP3	-2.115
THADA	0.41
STAT6	-0.995
STAT3	-1.21
STAT2	-1.44
STAT1	-0.935
CEP250	0.585
SEPSECS	0.75
ZYG11B	-0.815
	0.115
LIN9	-0.02
RUNDC3B	0.74
PALM	-1.395
UBE4B	-0.76
UBE4A	-0.605
HMX2	-0.39
TPRG1L	0.54
PEX19	0.74
TEX261	2.35
TEX264	0.615
PEX10	0.565
PEX13	0.88
PEX12	0.065
PEX14	0.885
TUFM	-0.21
PEX16	1.03
BLOC1S6	-0.315
BLOC1S5	0.23
	-1.24
	-1.49
	1.5
BLOC1S1	0.13
SBDS	1.555
CCNT1	0.815
SLC30A9	0.645
CCNT2	0.66
EIF3H	1.17
EIF3I	1.275
EIF3K	1.465
EIF3L	0.92
EIF3M	0.96
YPEL3	-1.235
EIF3A	-1.775
EIF3B	0.09
EIF3C	-2.975
EIF3D	-1.14
EIF3E	2.23
EIF3F	2.01
EIF3G	0.085
SLC30A5	-0.02
ADNP2	-0.33
FANCD2	-1.885
SLC30A7	0.395
ERLIN1	-0.965
ERLIN2	0.675
NOL11	2.17
EFNA5	0.29
TRIAP1	1.44
YEATS2	1.23
ICAM4	0.08
YEATS4	1.48
PITRM1	1.17
TCF25	0.22
TCF20	1.67
AKR7A2	-0.215
FAM50A	-3.805
BMP2K	-0.835
	0.36
RERE	-1.99
LPGAT1	0.72
PHACTR4	0.035
PI4KB	-0.01
PI4KA	-2.15
TUSC3	1.81
CRYZL1	-0.11
GRIPAP1	-0.455
	0.115
ALDH18A1	-2.125
NUGGC	-4.875
ELMOD3	0.96
ELMOD2	-0.86
CREBBP	0.2
TMA16	2.255
	-0.645
NGLY1	-1.61
SZT2	0.155
SMN1	4.17
OIP5	1.465
PNPLA8	-0.785
TPM3	-0.17
RFXAP	0.075
SNAPIN	-0.63
E4F1	-1.555
PMPCB	0.47
PMPCA	0.0
DHCR7	2.09
EI24	1.78
DYM	-1.105
FLRT2	-1.615
CCDC157	0.27
	0.54
INTS12	1.46
	-0.52
INTS10	1.415
TAF6L	0.335
	-0.685
CRELD2	0.61
ADAR	-0.34
CRELD1	-0.205
CAT	-1.57
LY75	-1.89
EXOSC8	0.72
EXOSC9	0.19
ADAL	2.07
EXOSC2	1.95
EXOSC3	0.595
EXOSC1	1.495
EXOSC6	0.81
SIGMAR1	2.445
EXOSC4	0.89
CAD	-0.455
ZNF566	0.23
ZNF560	0.23
MZB1	0.595
	0.265
ANO10	-1.815
FAM216A	-0.97
RNF220	0.335
TCAIM	0.285
RALBP1	-1.11
RSRC1	-1.795
	-0.9
SYAP1	-0.26
PIAS2	1.035
PIAS3	-1.645
PIAS1	-2.56
PIAS4	0.2
TMEM87B	-0.29
TMEM87A	1.51
IRF2BP2	-0.415
	0.8
ZNF664	0.755
TK2	-0.84
TK1	-0.85
MEX3D	-0.02
ZC3HC1	-0.675
CDKAL1	-0.89
MRRF	1.43
PPP4C	0.975
	0.07
RNF113A	0.31
CHCHD1	3.07
COMMD8	0.28
COMMD9	0.9
PPP1CB	0.8
PPP1CA	0.765
COMMD2	1.395
COMMD3	0.795
COMMD1	0.62
	1.57
COMMD7	0.505
COMMD4	-0.5
COMMD5	-0.385
CNBP	2.635
TKT	-0.81
NLK	0.145
NLN	-0.405
ELAC1	-0.55
HAUS8	-3.125
HAUS6	1.01
HAUS7	-1.13
HAUS4	0.375
HAUS5	-2.885
HAUS2	1.22
HAUS3	-0.49
APOOL	-0.92
HAUS1	1.42
ZBTB7A	-0.425
MYL6B	-0.44
ATXN2L	-1.37
	-1.225
ZBTB7B	-0.3
CHMP4B	-0.025
NHSL1	-0.74
ELMO1	-1.35
RPP25L	-1.69
EMC9	-0.57
EMC8	1.215
ELMO2	-0.955
NDEL1	0.915
EMC3	1.09
EMC2	-1.305
C12orf43	0.19
METTL16	1.525
METTL17	1.16
METTL14	-0.565
EMC4	1.435
DPAGT1	1.06
	-0.4
	-0.825
AGPS	-0.08
DEDD2	-0.835
INPPL1	-0.925
SPINT2	0.39
TBC1D10C	0.235
MAGT1	2.06
FKRP	-1.36
ZNF821	-0.68
ATG10	-0.53
ATG12	0.035
ATG13	-0.235
NFIL3	-0.315
DAPK3	-2.165
NADK	0.335
UGDH	-1.975
NKRF	-0.46
DOK1	-1.74
AP4E1	0.07
EIF4A3	1.345
EIF4A2	1.74
PHYKPL	0.295
POR	0.965
CASC3	-1.38
PPOX	-2.6
HNRNPH1	-0.685
LUZP1	-0.045
HNRNPH3	0.56
HNRNPH2	-1.82
LASP1	-0.965
PAWR	0.59
TAOK1	-0.45
TAOK2	-0.5
TAOK3	-2.185
CYP4F2	-1.275
AXIN1	-0.1
CYP4F3	0.29
WBP11	-0.175
ZNF770	-0.71
ZNF771	-0.8
ZNF777	-0.44
CPT1A	-1.56
RAB21	-0.375
MTMR14	-1.295
RAB24	-0.12
MTMR12	-1.425
RAB26	-0.39
RAB28	0.36
GGCT	0.705
CNTNAP1	0.385
MFN2	-1.015
MFN1	-1.035
	2.03
STEAP3	0.985
BZW1	0.715
BZW2	1.665
CSF2RA	0.69
SEC23A	-0.995
SEC23B	-1.99
CROCC	-0.025
	0.34
WBP1L	-1.14
GABPB2	0.4
MFNG	0.3
HSPH1	0.04
IMPDH1	1.52
	0.255
PELP1	0.88
NPC2	2.21
NPC1	-0.595
WHAMM	-0.12
JADE3	-0.28
JADE2	0.305
JADE1	1.115
TXNDC16	-0.73
MFSD2A	-0.01
TEF	-0.66
ACLY	-1.82
	-1.33
TRIM23	-0.345
APIP	0.44
FABP4	-0.21
RAB43	-0.18
ITPKB	0.395
NOC2L	0.06
TIMELESS	-1.07
	-0.66
DDX19A	1.905
ZMIZ1	-0.405
API5	1.22
AAMDC	0.02
C7orf25	0.1
MFSD11	-0.18
MFSD10	0.64
CEP76	1.115
MFSD12	0.235
CEP70	-0.64
CEP72	0.53
CEP78	1.375
PPCDC	-0.355
VMP1	-0.465
ACADS	-2.025
AKTIP	1.32
PCTP	0.87
ACADL	-1.325
EEF1E1	2.9
TRIM11	-1.965
TRIM14	-0.42
SMAD4	-0.37
SMAD5	1.365
SGK1	1.665
ATP6AP1	0.425
SMAD1	0.14
SMAD2	-0.11
SMAD3	-0.89
TBC1D9B	-0.03
JUP	-1.48
FOXM1	0.88
GDF15	0.405
ATP6V0B	1.85
BCS1L	0.985
ATP6V0E1	1.785
ACAD8	0.48
ACAD9	-0.91
SLC48A1	1.09
MPRIP	0.395
	-0.12
FBRSL1	-0.65
COX8A	2.335
ARNTL	-1.27
DOLPP1	0.27
CTPS1	1.255
NUP62	1.345
RNPS1	1.305
ELOVL6	1.93
ELOVL7	0.81
ELOVL4	2.045
ELOVL5	1.285
ELOVL1	2.73
UBE2K	2.955
UBE2M	-0.285
UBE2O	-1.165
UBE2A	0.73
UBE2C	-0.065
UBE2B	1.015
UBE2F	1.5
UBE2Z	-0.92
BRDT	-0.83
UBE2S	-0.76
UBE2T	-0.66
UBE2W	-1.05
GSTT2	-0.135
LIN7C	1.37
ACADVL	-2.09
TOPBP1	-1.63
UTP14A	0.485
TUBA1C	-2.695
TUBA1B	-2.945
TUBA1A	-2.145
UTP14C	-0.195
DCAF13	0.62
DCAF12	-1.14
DCAF11	-1.125
SRBD1	-1.095
DCAF17	-0.115
DCAF15	-1.45
HIST2H4B	2.995
SBF1	-0.145
FITM2	0.42
SBF2	-1.065
BRD8	0.835
BRD9	-2.07
	-0.04
BRD7	-0.87
BRD1	-0.46
BRD2	0.355
BRD3	0.73
POLR2D	2.105
ELOF1	1.725
PPRC1	0.61
MCMBP	0.915
CYP2U1	0.68
SMDT1	0.63
TBPL1	0.59
C6orf136	-1.0
TTC21B	-0.6
RSBN1	0.115
	-1.31
HSPE1	1.205
PHF20	-1.485
PHF23	1.285
FAS	0.515
KDM2A	-1.7
FAH	-0.385
DIABLO	1.33
ULK2	-1.05
ULK3	-2.095
OGDH	-2.145
ULK1	-1.74
ULK4	1.26
MPZL1	-0.78
VEZF1	-0.46
AARS2	-0.105
SLC26A11	-1.0
JOSD2	0.485
MAGED1	-2.76
MAGED2	-2.925
EFCAB7	-0.02
MAU2	1.09
C15orf61	1.075
KDM2B	0.15
	-1.03
	0.69
	-3.705
FOXP4	0.15
RBM27	1.71
HIP1	-1.035
ZER1	-0.72
DUS4L	1.4
ISY1-RAB43	0.73
SKIL	0.415
PAPLN	0.26
RAB7A	2.515
CD81	0.51
CD80	1.81
CD82	-2.045
SLC44A2	-0.355
CCS	0.64
CD86	-0.13
RPRD1A	-0.265
TAF4B	0.32
RPRD1B	-0.065
WDR53	1.03
PFDN1	2.31
ZC3H8	1.25
PFDN2	1.925
PFDN5	0.605
PFDN4	3.57
PITHD1	1.845
	1.25
ZC3H4	-0.615
DYNLT3	2.01
C19orf53	2.74
PIH1D1	0.565
FETUB	-0.51
EPS15L1	-0.29
PTS	0.985
HMBS	0.985
KDSR	-0.465
RWDD1	2.94
GTSE1	-0.685
EPN1	0.135
EPN2	0.09
ECHS1	0.535
GABPB1	0.72
RWDD2B	-1.17
C10orf71	-2.41
LATS2	-1.955
LATS1	0.97
RANBP9	-1.745
MMS19	-1.12
TAGLN2	0.77
RANBP6	0.19
RANBP1	2.97
TBC1D10B	-0.06
TBC1D10A	0.99
	-1.4
PHAX	0.84
ABRACL	1.415
IKBKB	0.06
PPP6C	0.975
IKBKG	-0.945
ZNF613	-0.08
	-2.25
SAMHD1	-1.37
FAM118A	0.03
TXNDC17	1.59
TEC	-0.575
TXNDC11	-0.365
HPRT1	2.7
TXNDC12	0.965
FHL3	-0.595
NBN	1.135
TES	-0.73
DUS2	0.1
	0.09
PSMD14	-1.035
UAP1	0.475
PSMD11	0.265
PSMD10	-0.225
PSMD13	-0.14
PSMD12	-0.04
HIST1H4F	2.645
HIST2H4A	1.6
IL9R	-1.325
TMEM14C	2.2
HIST1H4J	1.73
HIST1H4A	2.37
HIST1H4H	1.49
HIST1H4K	1.545
HIST4H4	2.61
HIST1H4I	2.68
HIST1H4L	2.51
RSL1D1	1.99
KIF20A	0.08
CSPP1	0.395
CNTROB	-1.975
DECR2	-1.845
CEP350	1.695
	-0.58
BMP1	0.08
RXRA	0.74
RXRB	-0.69
TMEM147	1.855
TMEM143	-0.38
TMEM141	0.68
CHST1	-2.115
RFT1	1.425
CHST3	-3.36
CHST7	-1.05
