CERS6	2.22
PLEKHG2	1.64
CERS4	-0.09
CERS5	2.37
CERS2	2.365
NAMPT	-1.585
MAN2A2	0.23
SEPT7	-0.455
NDC1	1.61
BCKDK	0.27
HSPBAP1	0.25
MIER1	0.235
MIER2	-0.61
MIER3	-1.315
CNPPD1	-0.185
INVS	-0.785
RABIF	-1.285
DAG1	1.115
MYADM	2.23
NAF1	1.695
CEBPB	0.395
CEBPG	1.28
RGS13	0.675
ERICH1	0.405
	-0.62
CEBPZ	-1.685
ARL1	0.625
ZNF710	-2.12
RBM8A	-0.12
ZNF175	-0.045
EDRF1	0.555
MLLT6	-0.02
	-0.425
MLLT1	2.86
MLLT3	0.15
RTF1	-1.455
	0.395
KIAA0355	0.12
PRAMEF8	-0.84
CRTC1	0.14
NOSIP	-0.38
SNRPD3	1.15
BTG2	-2.715
SNRPD1	-0.155
UPRT	0.585
ZSWIM4	-0.395
ZSWIM5	-0.175
ZSWIM6	1.08
RTN4IP1	0.44
ZSWIM1	-0.22
NUPL2	0.425
NDRG1	-0.3
NDRG2	1.11
NDRG3	0.07
ZSWIM8	0.93
MAK16	1.55
HM13	1.66
GGA1	-0.86
GGA3	-0.665
GGA2	-2.395
	0.64
SORBS1	0.715
TSHZ1	-1.565
XIAP	-1.55
MPLKIP	1.65
HSF1	-0.64
CNBD1	-1.465
FAM104A	1.89
TRNT1	0.705
TEX9	0.72
RALGPS2	0.16
TEX2	0.825
LTA4H	-2.435
LMNA	0.675
SUPT16H	-2.145
CMAS	1.01
UBFD1	0.625
FKBP15	-0.78
MCL1	-0.57
PTTG1	-1.97
	-0.505
PREPL	-1.385
GPR180	2.83
SUPT6H	-2.795
SASS6	0.725
SLC27A4	0.605
CEP19	-1.1
SLC27A1	1.455
IMP3	0.995
HMGXB3	-0.645
HMGXB4	-1.71
LRRK1	-0.02
IMP4	0.82
TRIM39	1.48
TCOF1	-0.435
TRIM33	0.98
TRIM32	-1.21
TRIM37	-0.36
TRIM35	-0.95
FOXO3	1.06
FOXO1	-1.735
DLAT	0.175
FOXO4	-1.19
	1.48
THAP11	0.27
BTAF1	-0.15
DBNL	-2.53
FAM114A2	0.7
ALDOA	-0.365
ALDOC	0.72
	1.365
COPE	-0.965
TESK1	-0.03
NSFL1C	0.695
USP8	-1.375
C12orf57	-0.43
USP1	-1.02
USP2	2.42
USP3	0.165
USP4	-1.075
USP5	-1.065
USP7	0.305
IL1RAP	1.825
MIS12	-0.205
NR1D2	0.245
CALR3	0.795
CARD6	0.685
FARS2	0.25
RPL37	1.425
	1.18
	1.915
RPL30	0.195
FAM13B	0.795
BCAS2	0.83
BCAS3	-1.76
EXOSC10	-0.11
	0.57
	2.31
MTHFR	-0.6
TPP1	0.475
TPP2	-0.33
RAD50	-1.44
SFMBT1	-0.115
ZZEF1	-0.595
BRF2	-0.965
BRF1	0.31
SETX	-1.65
FUCA1	-1.09
FUCA2	1.625
HIST1H4B	2.605
FARSB	0.53
FARSA	0.295
UAP1L1	-2.185
PURG	0.93
LIN54	-0.92
NCOR2	-0.46
NCOR1	0.06
LYSMD3	-0.5
PEBP1	0.825
MAGOHB	0.715
ABHD17B	-0.295
	0.23
PPME1	-0.67
FLNA	-0.915
FLNB	-0.725
CEP164	-0.88
	-1.48
	0.57
CNNM3	1.91
CNNM2	2.23
MCM3AP	-3.155
TINF2	-1.25
	-1.57
	-3.49
KLC1	-2.775
RALY	0.275
POLD1	-2.055
POLD2	-0.105
POLD3	-1.065
POLD4	0.535
DUT	0.055
RALB	2.415
RALA	-0.42
HDAC1	1.28
HDAC3	0.355
HDAC2	1.29
HDAC5	2.12
HDAC4	2.75
HDAC7	-0.33
HDAC6	-1.015
HDAC9	-0.945
HDAC8	-1.75
GSTCD	1.305
GZF1	0.765
GMPS	0.32
DPY19L1	2.995
COG7	-0.205
C20orf194	0.13
UPF3B	-1.595
UPF3A	-1.095
STRN	1.02
NACC2	-1.415
NACC1	0.99
CLCN3	-0.58
CLCN2	1.145
ZNF76	1.21
CLCN7	-1.02
CLCN6	2.98
CLCN5	1.185
	0.72
IKZF1	-1.275
IKZF3	-1.77
H2AFV	-1.925
MBTD1	2.295
H2AFX	2.935
H2AFY	-1.01
SGSH	-0.875
PIGY	-1.85
BANP	0.0
CNN3	0.71
CNN2	-2.045
HADHA	-1.945
SEPT10	1.33
FGF11	-1.28
CIZ1	-2.795
ASL	-1.02
IKBIP	0.49
SKP1	1.535
LMCD1	-0.145
ANGEL2	0.205
ANGEL1	-0.77
SNRPD2	1.435
DNLZ	1.575
BTG1	-0.59
	-0.085
SAP30L	-0.04
BABAM1	-1.155
PHC3	0.15
PHC2	-1.025
SEC16A	-0.08
SEC16B	0.445
MED22	-0.705
	1.635
ZWINT	0.2
GOLT1B	1.665
	-2.42
MED25	2.3
CSNK2A2	0.91
PIF1	0.645
IER3IP1	0.57
ZSWIM7	1.03
TERF2IP	-1.79
RNF6	0.155
RNF4	0.195
RNF5	-0.035
RNF2	0.38
CHMP6	0.45
CHMP5	0.83
NUPL1	0.66
RECQL5	0.3
RECQL4	0.0
	0.055
GCNT1	1.585
YTHDC1	-3.17
NAIF1	-0.93
MARK4	0.35
MARK2	-1.265
MARK3	-1.73
STRIP1	-0.07
NMD3	-0.055
NDRG4	-1.12
EXTL2	1.96
EXTL3	-0.15
NPAT	0.005
TMEM160	-0.535
TMEM165	3.405
TMEM164	1.965
TMEM167A	-0.525
TMEM168	1.045
C12orf10	0.995
TBC1D1	0.045
DEAF1	-0.915
TBC1D5	0.5
TBC1D7	-1.745
HNRNPDL	0.295
SDCCAG8	-1.155
RYR1	0.775
	-0.195
	0.29
ITGAV	-0.095
C18orf32	-0.135
IBTK	-3.5
GTF2E1	-2.1
GTF2E2	0.04
WLS	0.08
AKIRIN2	-0.76
AKIRIN1	3.345
AP3M1	0.63
AP3M2	1.96
LIMD2	-1.095
LIMD1	-0.44
SGK1	0.035
ACSF2	-0.1
ACSF3	-0.89
ITGA4	2.835
ITGA6	0.78
SLC4A8	0.57
ZNF865	-0.525
	-0.26
AIG1	-0.66
CDK13	-0.08
POLE3	-0.67
	2.54
ZNF91	1.055
ZC3HC1	0.91
TPCN1	1.965
TPCN2	0.325
SNRPB2	0.615
GLTP	-1.475
CALR	1.045
M6PR	-0.2
NDUFS1	-1.52
EBF1	-2.67
R3HCC1L	-0.29
SECISBP2	-1.36
CACNA1I	1.11
	0.755
CTDSPL2	0.44
CACNA1A	1.43
IMPAD1	1.26
CMC1	0.09
CMC2	-0.18
	0.975
GCSH	1.87
RASAL2	-0.21
XRN1	-3.73
XRN2	-0.71
ARHGAP4	-1.69
ARHGAP5	-0.66
POT1	-0.645
ARHGAP1	-0.32
PGAP3	0.295
AP5Z1	-0.76
DYNLRB1	-0.1
RPUSD4	1.86
COL11A2	0.02
FCRLA	-0.7
TIPARP	0.86
DYNC1LI1	-1.02
DYNC1LI2	-1.92
	0.175
DAXX	-0.075
ATIC	-1.035
UTP3	-1.365
MTCH2	0.745
MTCH1	2.8
LRIF1	1.905
ANKRD27	0.455
ANKRD26	-1.745
	-0.715
CNOT8	-0.215
TIAL1	-0.22
CNOT3	-2.08
CNOT2	0.425
CNOT1	-1.625
CNOT7	0.645
CNOT6	-1.3
ANKRD28	1.75
SARS2	0.53
IFT172	-1.005
UVRAG	-0.395
RNF123	-1.08
RNF103	0.92
NFIC	0.615
NFIB	0.22
LGR6	0.795
TTF2	0.3
CXCR5	-0.4
TTYH3	0.93
GRASP	0.15
HLTF	-0.27
NFIX	-0.86
TNFRSF13B	1.8
TNFRSF13C	0.18
ZNF292	-0.395
IGSF8	3.185
ZNF296	0.26
CSNK1D	0.71
CSNK1E	0.07
ALDH16A1	-0.785
C7orf26	0.31
COPRS	-0.475
	2.42
	1.495
SYNRG	-0.59
PKIG	-1.2
U2SURP	-2.9
PKIB	0.86
RPL14	1.83
RPL12	1.095
RPL13	-0.65
RPL18	1.885
OGFOD1	-0.595
OGFOD3	0.775
OGFOD2	0.615
LYRM2	-0.94
LYRM4	1.775
LNPEP	0.005
NUDT16	-1.64
LYRM9	0.15
KLF13	-0.14
GSS	-2.145
GSR	1.57
NUDT14	-0.94
PATL1	0.5
CD300A	1.075
HK2	-0.93
HK1	-0.365
MOB3A	0.75
SOD2	1.38
GRHL1	-0.08
SOD1	0.04
GBP4	-0.08
C9orf40	1.86
LSG1	-0.225
	0.595
PMS1	-1.12
PMS2	-0.685
COX7A2L	0.64
GNAS	-1.08
CSTF2T	0.485
IVNS1ABP	-0.17
TMED10	-0.565
DMXL2	-0.925
DMXL1	0.45
BCL2L11	0.085
BCL2L13	0.14
BCL2L12	0.705
NFATC2IP	-0.955
EED	-0.56
TPRN	1.0
C7orf50	0.79
AMIGO1	0.79
	0.295
NAPA	1.16
CLYBL	-1.505
ID2	-0.87
ID3	2.57
PGM1	0.345
PGM3	-1.54
C6orf62	-1.475
CHAF1A	-2.11
CHAF1B	-0.105
RMND5A	-0.605
HMG20B	-0.185
RRNAD1	-1.975
TPD52	0.06
NIPA2	1.3
CHTF18	-1.135
QPCTL	1.15
TRUB1	0.605
TRUB2	-0.665
IDS	1.06
ZNF507	-0.185
	0.945
AMMECR1	1.975
	-0.98
IDE	0.255
	-1.37
PXK	-1.495
HPS6	1.29
PXN	0.4
ACY1	0.84
QRSL1	-0.315
LYL1	0.5
FAM149B1	0.23
HS1BP3	0.18
MED30	1.53
MED31	1.57
SPRYD3	-1.445
SPRYD4	1.075
NF2	0.015
NF1	0.12
SPRYD7	0.49
	-0.845
AQR	-0.915
NSMCE2	1.2
	2.06
TMEM25	-1.18
EPS15	-1.0
PTPRU	0.8
PTPRS	1.6
PTPRR	-0.94
TAZ	-1.015
POLR1C	-0.14
PTPRC	1.52
PTPRA	0.715
AACS	-0.265
PTPRJ	3.705
RASA2	-1.345
RASA3	-2.52
PPHLN1	0.155
	-1.57
KIF16B	0.69
DHODH	1.11
NPHP3	-0.08
HLA-DRB5	-0.085
	-0.54
	-1.6
FAM172A	1.555
MAP3K8	1.99
MAP3K9	0.79
MAP3K2	0.03
MAP3K3	-2.155
LRRC14	-1.0
MAP3K1	0.855
	-1.85
MAP3K4	-0.02
MAP3K5	-1.77
LTB	-0.395
LTA	1.58
ABCA5	0.4
ABCA2	3.02
ABCA3	-1.295
ABCA1	-2.38
CHAMP1	-1.08
FAM32A	0.235
ZBTB2	2.06
ZBTB1	-1.215
PDCL3	-0.775
ZBTB5	-0.55
	-1.48
RPF2	0.245
RFX7	0.655
RFX1	0.2
RFX3	1.42
APOPT1	-1.245
TMEM109	2.805
FKTN	0.015
TMEM101	1.89
MYD88	-0.925
TMEM107	-0.14
BORA	-0.29
TMEM104	-0.01
ASPSCR1	-0.39
IFT52	-1.55
IFT57	1.92
NKTR	-0.86
ETV3	-0.315
ETV5	2.02
ETV6	0.235
SH3BP5	-1.52
POP1	-0.55
POP7	0.52
SH3BP1	1.9
POP5	1.215
POP4	0.04
EIF4G3	-4.02
EIF4G2	-0.88
EIF4G1	-3.78
GDE1	1.3
TCEANC	1.31
C5orf63	-0.065
GLUL	-0.9
APEX2	-0.205
AKAP12	-0.255
AKAP13	-0.195
AKAP10	-0.895
AKAP11	1.295
	0.385
TMC6	1.015
TMC8	0.11
SNAP47	-2.935
C6orf47	0.07
ANXA11	-0.265
ANXA10	-5.96
EFHD2	0.49
MLF2	0.55
COX4I2	1.945
NTAN1	-0.63
HERC1	-0.045
HERC3	-1.225
HERC2	-1.13
HERC4	-1.88
HERC6	-0.89
PROB1	1.17
RAB8B	-0.04
RAB8A	-0.55
ZCCHC17	-0.34
PCID2	-0.42
ZFYVE9	-0.77
ZBED3	0.245
ALKBH7	-1.74
DNAJA2	-1.64
DNAJA3	0.56
DNAJA1	-0.445
PSMA3	-0.76
	0.26
WDR26	1.42
WDR24	-1.315
WDR20	-0.235
PSMA7	-0.365
ACER3	1.205
APOE	0.945
SMIM7	2.305
PDE6D	1.245
RAD21	-0.755
SMIM8	0.87
ESF1	-3.48
RECQL	-1.48
LACTB2	-0.335
CRYL1	0.885
	0.71
ZFP36	-0.345
STARD9	-1.345
SRP14	0.48
STARD3	0.135
SRP19	1.53
STARD7	1.125
STARD4	-0.27
STARD5	-0.765
ANTXR2	-0.61
PDIK1L	-1.07
MCPH1	0.285
CDK5RAP2	-2.795
CDK5RAP3	-1.9
CDK5RAP1	-1.59
PBX2	-0.73
FAM126A	0.78
FAM126B	2.29
ACAA1	0.845
DOCK9	0.885
DOCK2	-0.645
DOCK3	-0.14
DOCK6	0.54
PIK3C2A	2.285
DOCK4	0.86
DOCK5	-0.515
LPCAT4	1.65
LPCAT3	1.235
LPCAT1	0.46
	1.105
ASB13	2.63
DLD	-1.805
TOR1B	0.145
MOB2	1.22
RNF25	0.4
RNF24	1.43
RNF20	-1.355
HSD17B12	3.34
ZNF317	-0.84
HSD17B10	-0.305
FOXK2	0.815
FOXK1	0.34
DYNC2H1	1.98
ZNF318	-0.3
ZNF319	1.07
PRR14L	0.295
RNF128	2.23
RNF126	2.81
	1.275
RNF122	1.75
RNF121	0.22
IL2RA	-0.84
IL2RG	1.76
TBC1D31	-1.585
KATNA1	-1.67
UTRN	0.64
AOX1	2.26
	1.745
	1.36
	0.18
KCTD5	2.14
ZNF275	0.545
DHX57	-1.635
KCTD9	-1.165
ZNF276	0.67
POLR3GL	0.13
COX20	0.78
NUP214	-0.19
NUP210	1.08
PIP4K2C	-0.115
PIP4K2B	0.79
	0.315
MRGPRE	3.36
SLC23A2	0.65
TRDMT1	0.155
SETBP1	0.305
BBX	-0.73
	0.02
TFB1M	0.66
DUSP14	1.485
DUSP16	-0.055
DUSP11	-0.62
DUSP10	-0.36
DUSP12	-0.725
PIK3R1	-1.25
SGPL1	0.345
RPL7A	0.64
C17orf80	0.145
	1.21
NUFIP2	-1.45
GHDC	1.46
NUFIP1	0.8
GPS1	1.29
GPS2	0.105
PFKFB1	2.51
PFKFB3	-0.18
PFKFB4	0.23
CAMTA1	1.685
MOB1A	-0.86
MOB1B	-0.52
SLC20A2	1.89
SLC20A1	0.7
FSTL5	2.54
TM9SF4	2.145
SCNM1	-0.42
MBOAT7	0.035
TM9SF3	2.615
TM9SF2	2.065
NUP43	0.165
LGALS1	0.7
CADM1	1.875
CEP128	-3.01
ECD	-1.745
RP9	0.595
CEP120	0.05
	-0.65
CRYBG3	0.15
	1.57
ATAD3A	1.26
CDC42EP3	-0.295
PLK3	1.66
PLK2	-4.18
PLK4	-1.19
CDC42EP4	2.21
AKT1S1	1.24
SPTBN4	-0.21
SPTBN1	0.285
MTBP	1.505
NEMF	-1.35
RRAD	0.115
RRAS	-0.2
	-0.705
EIF4EBP1	1.94
PDLIM5	-1.48
	0.14
ZCRB1	1.065
PDLIM2	-1.69
	1.48
	0.93
	-0.55
PPFIBP1	0.115
PPFIBP2	-0.42
GPAA1	2.165
FOPNL	-0.215
SKI	0.9
	1.285
RMDN2	-0.975
PNRC1	-0.315
PNRC2	-1.81
RMDN1	1.065
MMGT1	2.195
CARD11	-1.925
PCSK7	-0.045
PCSK4	0.87
SCOC	0.845
SPTLC2	-0.65
SPTLC1	1.305
FAM192A	-1.36
TARDBP	-1.145
ZZZ3	1.085
RAB22A	-0.325
CDK2AP2	2.14
ADI1	-1.09
	-1.31
RPS15A	0.52
PDK1	0.9
PDK3	0.115
RPRD2	-0.705
GRPEL1	-0.06
GRPEL2	1.955
C5orf22	1.46
CYC1	-0.195
MEIS3	0.65
MEIS2	0.445
ANKRD33B	1.04
PECR	0.785
TPRKB	0.445
LGALSL	0.16
PTGR2	-2.705
GOLGA1	-1.385
RWDD4	-0.405
GOLGA3	-1.14
GOLGA4	-1.155
GOLGA5	-0.435
CKLF	0.7
LMNB2	-0.79
LMNB1	-1.36
RING1	-1.475
	-0.87
BMS1	-2.565
CISD2	3.51
SNAPC3	0.86
AAAS	0.495
CISD1	1.395
FAM49A	1.61
TBK1	0.455
FAM49B	-0.7
RBFA	0.455
SNAPC1	-0.575
SWT1	0.15
MED10	0.77
CSTB	1.31
MED12	0.14
MED13	-1.585
MED14	1.995
	-0.865
MED16	-0.87
MED17	0.17
MED18	0.335
MED19	0.765
SRFBP1	-1.795
BOP1	-0.055
ECE2	0.055
ECE1	0.79
VPS13D	0.1
VPS13A	1.83
VPS13C	-0.31
VPS13B	0.495
RPTOR	-0.72
FCER2	-0.295
PRKRA	0.15
C2CD2L	0.75
KIF18A	-0.16
TMEM156	-0.205
KIF18B	-0.025
PKMYT1	-0.96
PRKAA1	0.155
ABCC4	2.71
ABCC5	0.845
ABCC1	0.25
OSCP1	0.23
TMEM127	0.41
DESI2	-0.45
TMEM123	2.02
DESI1	1.655
WIPI2	-0.97
PUSL1	1.65
TMEM129	0.805
TACO1	0.355
NUDCD2	0.09
NUDCD3	0.425
NUDCD1	1.11
IFT74	0.095
PREB	-0.63
IGFBP5	-1.63
PREP	-1.85
L2HGDH	-0.26
POFUT2	-0.12
HIGD1A	-0.585
PTK2B	-2.54
SLC25A26	0.93
POFUT1	1.085
MEMO1	3.19
BRIX1	-0.28
HVCN1	-2.175
SSX2IP	-0.14
C1D	0.78
NOP10	2.66
	2.64
NOP14	-1.6
NOP16	1.135
ATG9A	0.1
EFCAB14	0.33
BLNK	-1.125
OCIAD1	0.275
CCDC88A	0.285
CCDC88B	-0.345
CCDC88C	-1.43
PLEKHM1	-2.07
PLEKHM2	0.775
PLEKHM3	-0.385
CACFD1	1.115
BNIP2	-0.83
CDC45	-1.51
NCKAP5L	0.65
CDC40	-1.37
	0.48
MAZ	0.32
TMA7	-1.065
PSAP	0.125
MON2	-0.475
BLVRB	-1.42
TRIP4	-0.305
SLC33A1	0.58
UBQLN2	-0.825
UBQLN1	0.81
MLH3	-0.815
UBQLN4	-0.11
LTN1	-1.135
GTF2A1	-1.735
GTF2A2	1.44
ISG20	0.15
GIPC1	1.135
	-0.34
OTUB2	-3.32
ELAVL1	-1.84
	-0.95
CYB5B	0.065
UPF2	0.03
MDH2	-0.98
MDH1	-2.575
ZDHHC5	-0.455
DIS3L	0.205
PACSIN2	-2.175
DNAJC8	-0.57
DNAJC9	-0.725
DNAJC5	0.0
DNAJC7	0.095
DNAJC1	0.69
DNAJC2	0.12
DNAJC3	1.88
GPN3	1.275
GPN2	1.475
GPN1	0.555
MYC	-1.735
MYB	0.835
FAM53A	0.02
ROGDI	0.8
DAAM1	-0.835
RNASEH1	-1.17
	-0.01
ZNF761	-0.94
PCIF1	-1.18
UBR4	-0.355
SRP72	0.1
DUS1L	0.335
NTMT1	0.555
BAIAP2L1	-0.3
GTF2B	-0.125
PLP2	3.755
TERT	-0.785
NBAS	-2.035
LUC7L3	0.535
LUC7L2	1.32
PLCD3	-0.845
NFU1	-1.38
SEC13	0.045
KRR1	0.86
ZNF213	-0.27
SGPP1	0.655
ZNF330	-0.265
JMY	0.57
ZNF335	-1.325
RNF149	1.485
SUZ12	0.78
GMIP	-1.67
RNF145	-0.78
AICDA	-2.855
RNF146	-0.08
RPP38	0.18
	0.79
HLA-DMA	-0.505
	0.84
ZNF251	-0.35
TBC1D13	0.19
TBC1D17	-0.985
TBC1D14	1.33
TBC1D15	-1.555
DLG1	1.26
DLG3	0.605
FAM102A	0.16
SUPT7L	-0.47
ARHGAP31	1.58
ODF2	-3.13
FASTKD5	0.63
FASTKD2	1.445
FASTKD3	0.34
FASTKD1	-0.59
ZNF217	-0.965
MMAA	2.3
UBE3D	0.685
MMAB	-0.625
SLC45A4	-0.08
PSPC1	-1.73
TRMT10A	-1.25
TRMT10C	0.7
TRMT10B	0.185
ZRANB1	-0.075
ZRANB3	-0.94
MPC1	0.295
EFR3A	-0.185
CRNKL1	-2.75
SUB1	3.265
FNBP1	-0.77
FNBP4	-2.025
ZFPM1	0.26
POU4F1	0.57
SWI5	-0.32
RBBP8	-0.59
RBBP7	-1.35
RBBP6	-0.54
RBBP5	-0.11
RBBP4	-0.71
CEP104	-0.2
PIK3AP1	-1.985
TOB1	-1.53
TOB2	-1.515
MRPL4	0.64
NEO1	1.76
MRPL2	1.11
MRPL3	-0.71
MRPL1	1.7
AEN	1.695
MRPL9	1.31
LMTK2	0.24
TRRAP	-0.46
	0.11
IL10RB	2.26
RABAC1	2.76
MSRB1	-0.395
MSRB2	-0.3
C1orf112	-1.285
GGPS1	1.56
ZNF385A	-1.185
CHKA	-1.01
TYRO3	1.67
HLCS	-1.3
TSFM	-1.495
AFTPH	0.07
BCDIN3D	0.5
CHCHD10	-0.785
	-1.68
MARCH3	0.93
CNNM4	-0.11
PDHA1	1.175
OXA1L	-0.025
KIAA0100	-0.33
KDM5B	-1.335
CAPG	2.415
DYNLL1	0.54
HIRA	0.64
PRKAB1	1.115
ABHD10	0.865
WWOX	-0.375
INTS3	-0.93
INTS2	-0.98
INTS1	0.59
INTS7	-0.365
INTS6	-0.945
INTS5	1.51
INTS4	-3.435
INTS9	-0.355
INTS8	1.21
ADAT1	-0.005
CAP1	-1.53
ADAT2	-0.625
USP45	0.295
RSBN1L	-0.645
UBXN2B	-1.395
UBXN2A	-0.3
ATP2B1	-0.515
RNF187	0.975
CNOT10	0.69
DPY30	0.245
JKAMP	-1.0
HIF1A	-1.305
PHYH	-0.805
GINS2	0.3
GINS3	0.5
GINS1	-0.72
GINS4	-0.75
	1.5
GGT7	0.525
FBF1	0.645
CCDC66	-0.79
CCDC61	0.565
ASNA1	0.14
COQ3	-0.5
ILF2	-0.805
DACT3	1.88
EBAG9	0.175
GALK1	0.735
GALK2	2.425
AMBRA1	-0.495
RBMX2	-2.105
ADPRH	0.8
BANK1	-2.06
ADPRM	-0.255
CRYZ	-2.07
MRPS7	1.285
MRPS6	2.845
MRPS5	1.665
MRPS2	0.355
HILPDA	1.465
WRNIP1	-0.645
LRWD1	-0.785
TULP3	0.825
DEPDC5	-2.77
LPP	-1.23
SLC12A4	-1.15
SLC12A7	1.62
KDM6A	0.135
SLC12A2	1.075
CWC27	-0.565
CWC25	-0.045
SLC12A9	-0.835
FEM1C	0.095
FEM1A	1.735
POU2AF1	-1.84
ZNF219	0.79
CRY2	-1.185
SYCE2	1.415
VCPIP1	-0.61
ATP6V1C2	0.55
ATP6V1C1	0.075
	0.105
NUS1	2.45
PCGF1	-0.15
PCGF3	0.93
PCGF2	0.57
	0.57
LGMN	-2.52
PCGF6	1.435
CCNDBP1	-0.755
SPATA24	-0.24
GOSR2	1.02
NANS	0.51
PRCP	3.05
DHX33	3.225
BEND3	1.28
USP47	-0.29
SFI1	-0.125
	-0.635
DARS2	-0.82
LRRC56	1.38
LRRC57	0.085
LRRC58	2.775
LRRC59	2.675
HCCS	0.705
SLC11A2	2.055
ISY1-RAB43	0.29
SLC11A1	-2.67
SNUPN	-0.58
ZC3H12A	0.775
GDI2	-1.62
PRC1	-1.15
GDI1	-1.91
HSD17B4	-1.35
CBY1	-0.22
HSD17B7	0.825
POLQ	-0.96
THOC7	0.51
POLG	-0.07
POLE	-2.515
POLB	-0.035
PLEKHO2	0.105
POLM	-1.875
POLL	-0.73
POLI	-1.33
POLH	-1.54
DRAM2	2.1
RTN4	0.32
RTN3	0.49
TIMM13	1.745
TIMM10	0.88
VRK1	-2.765
RNGTT	1.08
PA2G4	-1.375
CDC6	-3.185
CDC7	-0.375
ACACB	-0.6
PRR12	1.325
	-0.11
PRR11	-0.865
AURKA	-0.475
AURKB	-0.79
AEBP2	0.01
PRPF3	-1.985
PRPF4	-1.105
PRPF6	-3.99
SHC1	-0.755
TALDO1	0.025
PKP4	-0.21
PKP2	0.63
FAM168B	-0.335
ITCH	-0.245
MICAL1	-1.28
CLPTM1L	1.59
BTLA	1.47
WDR62	0.12
USO1	-0.905
WDR60	-1.49
XPR1	1.565
FAM72A	0.36
VPS72	-1.205
SCAPER	-2.92
TEP1	-1.015
ACOX3	-1.63
ACOX1	-1.73
ERGIC2	-0.71
TFIP11	-0.915
ERGIC1	4.085
DERL1	0.78
DERL2	0.275
ALDH9A1	-0.985
SDHAF1	0.165
SDHAF2	-0.13
	1.88
	-0.77
CLIC1	-0.21
GABARAP	-0.285
	-1.575
	0.93
ZSCAN29	-1.39
ZSCAN25	-1.495
ZSCAN26	-1.685
ZNF569	1.29
ZSCAN21	-1.485
ZSCAN22	-0.445
LMF2	3.735
LMF1	-0.765
DUS3L	0.655
TSSC4	-0.035
ZFYVE19	-0.87
ZNF687	0.75
ZNF688	-0.65
ZNF689	0.23
TMCO3	0.43
ZFYVE16	1.58
TMCO6	0.505
SREBF2	0.585
ZMAT3	0.74
SREBF1	1.45
ZMAT5	-0.68
ANKRD44	-0.115
ANKRD46	-1.025
	2.11
ANKRD40	-0.03
ANKRD49	1.38
MEF2C	-0.225
MEF2A	0.51
BTBD9	1.905
MEF2D	-0.405
ARID4A	-3.545
CYB561D2	0.905
BTBD1	0.65
BTBD2	2.165
CLUH	1.085
RNF167	0.37
RNF166	2.03
RNF169	1.355
RNF168	-0.3
KIAA0825	-0.88
RABGAP1L	0.39
EOMES	0.825
EAF1	0.205
EAF2	0.42
N4BP2L2	-1.2
RAD51D	-0.48
RAD51C	-1.315
RAD51B	-0.705
DNPEP	1.05
DDX39B	-0.965
ERC1	-0.3
CHMP2B	-0.665
CHMP2A	-1.215
DHX16	-1.3
DHX15	-0.61
ARFIP1	-0.3
MTHFD2	-0.81
MTHFD1	-2.91
KATNAL1	0.86
DBF4	0.495
STIP1	-1.74
	0.545
ALG8	-0.045
ALG9	1.315
ALG2	0.805
ALG3	1.31
ALG1	1.595
ALG6	2.555
ALG5	1.025
PRIM1	0.37
PRIM2	-2.12
GYG1	-1.21
HIF1AN	-0.7
IRF2BPL	1.15
RPP14	-0.485
ACSL3	3.985
RABL6	-0.535
C19orf24	0.56
SLC30A6	0.9
SLC30A1	1.89
RABL3	0.655
MSI2	0.02
BRPF3	-0.5
BRPF1	-1.41
CRLS1	2.095
LYST	1.12
PCNA	-0.86
ERBB3	0.69
CNST	-0.45
HELQ	-0.09
MCTS1	-0.56
SPAST	-0.225
HELZ	-0.545
HIPK3	-0.865
PCNP	0.485
HIPK1	1.165
IRF2BP1	-1.035
	-0.56
HELB	-2.835
PCNX	0.835
B9D2	0.065
B9D1	2.21
	-0.275
LSM8	0.34
FOS	-1.635
LSM4	0.155
EEF1G	1.275
LSM6	0.29
LSM1	0.81
LSM2	1.63
LSM3	0.035
GUK1	1.99
ZMYND11	0.43
	-0.18
ZNF526	-1.8
	-0.97
MON1A	1.46
MON1B	-0.88
ZMYND19	1.2
TPX2	-4.2
	0.07
PPP1R21	-1.63
	-0.015
	1.41
	0.745
HIST2H2BF	0.245
HIST1H2BJ	1.255
TRAF3IP2	-1.16
TRAF3IP1	-0.325
SAC3D1	1.23
DPH6	-0.93
TBRG1	-2.275
DNAJC27	1.17
DNAJC25	1.095
DNAJC24	-0.115
DNAJC21	0.75
APOBEC3B	-0.27
HSPB11	1.93
APOBEC1	-1.35
MTMR9	-0.22
MTMR6	-0.585
MTMR4	-1.425
MTMR3	-0.61
MTMR2	2.2
MTMR1	1.04
MYL12A	0.19
CARS	-1.315
MAN1A1	1.11
TRAIP	0.245
CHURC1	-1.21
ABCB10	-0.725
PHTF2	0.035
RANBP3	-0.5
APBA3	0.25
	2.175
CA2	6.77
ACSS2	0.14
ACSS1	0.39
CYBB	-2.345
CRTC3	0.525
CRTC2	-0.13
HINT1	0.715
HINT2	-0.305
HINT3	1.86
TAMM41	1.855
HSF2	1.395
C18orf25	-1.19
DRAP1	1.325
FGFR1OP2	-1.595
PPIP5K2	-0.785
SCO2	1.795
PPIP5K1	-0.26
H2AFJ	2.37
TFEB	1.045
ZNF646	0.6
C19orf25	0.815
TOLLIP	0.97
AAMP	0.69
HYPK	-0.385
NXN	1.77
	-0.265
CCZ1	2.305
KARS	-2.1
DPY19L3	0.37
DPY19L4	0.6
CCDC47	-0.285
CCDC43	0.095
SON	-1.53
CCDC112	1.875
PGGT1B	-0.1
ACTL6A	0.03
	0.63
PSEN2	2.42
PSEN1	-0.185
GPATCH2L	0.89
XPNPEP1	-2.4
NRBP1	-1.41
	0.225
TMEM259	0.005
TMEM258	1.835
TMEM256	0.52
TMEM251	-0.34
REXO1	-0.21
REXO2	1.1
	0.38
REXO4	0.11
NUMB	-1.02
	-0.865
ABCG1	0.775
MARS2	2.335
AP5M1	0.255
KDM4C	-1.74
KDM4B	0.875
KDM4A	-2.51
RPUSD1	-1.8
RPUSD2	2.02
RPUSD3	0.7
OTUD6B	-0.3
TMUB1	0.92
TMUB2	-0.885
SIMC1	-0.07
KHK	-1.915
LMAN1	2.325
LMAN2	1.085
	1.17
ARFIP2	1.215
NECAP1	-0.83
GNAQ	0.58
	1.855
NECAP2	-0.62
NAPG	-0.31
ATP1A1	0.715
OS9	-0.65
PON2	1.03
	-0.06
NSMCE1	0.11
UTP15	-0.595
	1.79
S100A13	-0.655
UTP18	0.52
HELLS	-0.705
HYOU1	2.855
PLOD3	2.485
CYP39A1	0.095
SCO1	0.09
CASC4	2.955
GABBR1	1.1
UGP2	-3.145
CPPED1	-0.43
LEMD3	-0.49
SMYD4	-0.24
SMYD5	1.81
COX4I1	-0.44
SMYD3	-1.105
DOCK11	0.655
ENTPD7	1.38
ENTPD6	1.845
ENTPD5	0.185
TRIT1	0.78
SNAP23	0.535
SNAP29	-0.135
SH3BP5L	-0.21
CCM2	1.21
ZBTB40	1.35
ZBTB41	0.015
ZBTB43	1.1
ZBTB44	2.165
ZBTB45	-1.565
ZBTB48	0.47
ZBTB49	-0.04
PHLDA1	0.315
MOB4	1.955
GAPVD1	-0.255
PRDX6	1.9
PRDX5	-0.045
PRDX4	1.36
PRDX3	-0.605
PRDX2	-1.03
PRDX1	-1.9
	0.88
KRIT1	-0.54
PANX1	-0.67
DPF2	-0.6
NDUFB6	1.76
DPF1	0.57
NKIRAS2	2.175
P4HA1	1.815
WDR41	0.32
WDR43	1.14
WDR44	-0.435
WDR45	-1.27
WDR46	0.22
WDR47	-0.5
WDR48	0.68
SERGEF	1.67
USE1	-0.14
VPS53	-0.96
VPS52	-0.965
VPS51	0.53
	1.505
VPS54	0.86
EGLN3	-0.85
EGLN2	-1.125
EGLN1	-0.205
LNX2	-0.51
ABHD14A	2.22
ABHD14B	0.23
APEH	-1.735
TARSL2	-1.66
FAM120B	-0.635
FAM120C	-0.35
FAM120A	-0.07
MASTL	-0.56
PLA1A	0.86
	0.79
PSMB1	-0.6
PHC1	0.825
C19orf47	0.685
NAGPA	2.83
RIC8B	-0.65
TMEM161A	0.15
PARK7	-0.545
RNF111	-1.075
NXPE2	-0.025
NXPE3	0.71
SF3B2	-0.66
STX5	-1.385
	0.145
ANAPC16	-1.53
ANAPC11	-0.18
ANAPC10	-0.135
ANAPC13	-0.73
MAST2	0.57
MAST3	0.515
GBE1	-1.19
GGCX	1.59
PSIP1	-2.81
CAND2	-2.38
CAND1	-1.855
RNF44	-0.035
	0.37
RNF41	1.48
RNF40	-0.89
FOXA1	-0.08
KPNA6	-1.23
KPNA4	-0.375
KPNA3	-1.58
KPNA1	0.915
FDFT1	0.435
	-1.36
PHLDB3	0.18
USP49	0.0
USP48	0.585
RNF185	-0.22
CNOT11	1.355
USP46	-0.485
RNF181	1.03
USP40	-0.955
RNF183	-1.78
USP42	1.47
SKA1	0.19
SKA3	-0.07
SKA2	-0.55
COQ9	0.155
COQ5	0.575
COQ4	1.075
COQ7	1.285
COQ6	-1.11
ILF3	-2.22
COQ2	-0.66
EIF5A2	-0.24
SCP2	-0.67
DHX38	-0.445
	1.215
GNGT2	0.3
CDK20	0.79
DHX30	-1.93
ZNF212	-0.085
DHX32	-0.635
GOSR1	0.615
FEM1B	1.44
DHX35	-0.63
DHX36	-0.43
DHX37	-0.415
COPS8	0.39
	1.75
	0.22
COPS3	0.735
COPS6	0.235
COPS4	0.78
COPS5	-1.375
SENP6	-1.765
UTP20	-1.645
DHCR24	2.51
CCNB2	-1.825
ZNF280C	-0.4
ZNF280B	1.78
ZNF280D	1.175
BLM	-1.01
GPT	-0.105
NUMBL	0.63
BRCA1	-1.99
BRCA2	1.695
ALAD	0.18
ACAP2	0.615
ACAP3	-0.95
BAZ1A	-4.61
PFN1	0.48
PFN2	0.865
BAZ1B	-2.53
EP400	0.005
MRPS27	0.815
URB2	0.95
URB1	0.585
C15orf39	1.135
GSTZ1	-1.725
SLC7A11	-0.03
	-1.35
LIPA	1.225
LIPE	0.65
LIPG	2.25
GM2A	1.44
RPS6KB1	-0.48
RPS6KB2	-0.435
TTK	-1.585
TRMT2A	-0.78
SAMD1	-0.31
CLSPN	-2.305
	1.06
TRMT2B	0.62
CUL4A	-1.62
CUL4B	-0.19
TUBB2A	1.88
NEK6	1.09
NEK7	-1.265
NEK4	1.29
NEK2	-1.15
NEK3	1.48
NEK1	-1.895
NEK8	-0.04
NEK9	-1.78
CCDC18	-0.88
HIST1H2AD	1.605
IDUA	-0.41
SLC41A1	1.88
SLC41A2	-4.73
CEP170B	1.19
SETD1A	0.06
CHMP3	-0.905
	0.005
DHX34	-0.6
ARHGEF10L	-0.765
SMURF1	-0.14
SMURF2	-1.39
SDAD1	-0.195
SENP8	-0.35
SENP7	-1.725
CHMP7	0.71
SENP5	0.07
STAMBP	-1.235
SENP3	1.775
SENP2	0.175
SENP1	0.335
NET1	-0.53
B3GNT2	0.825
NKAP	0.36
RPL10A	1.48
SLX4	-2.3
PNKP	-1.25
CSF1	-2.82
GLB1	0.62
APPL1	-0.225
APPL2	1.74
PNKD	-1.81
AIM2	-0.35
PRNP	3.07
DCLRE1B	-0.24
PQLC2	0.825
PQLC1	-0.105
DCLRE1A	0.77
GPR37	0.15
STX8	-0.37
TRAK2	1.19
TRAK1	-1.93
STX7	0.0
STX6	0.78
	-1.21
MDC1	-1.57
	0.895
CTNNB1	-0.985
EDC3	-0.55
AAK1	1.075
EDC4	-0.36
C17orf75	-1.295
NICN1	1.46
ASAP1	1.075
KAT8	0.82
NUF2	-0.44
KAT5	-0.83
HYLS1	-0.835
KAT7	-1.005
LY96	0.86
LUC7L	-1.19
CORO1B	-1.23
CORO1C	-0.75
CCDC22	-0.04
CCDC25	-0.285
DCLRE1C	-0.7
EXTL1	-1.385
CRTAP	1.93
FCF1	-1.29
LRCH1	-1.42
TIMMDC1	2.97
UXS1	2.58
ASXL1	-1.755
ASXL2	-2.17
FIBP	-0.98
	2.14
	-2.0
	-0.355
TIA1	-1.275
MOAP1	-1.425
CCSAP	1.8
ARF3	0.2
	0.32
ARF1	0.185
ARF6	-0.335
ARF5	-0.89
ARF4	0.935
	1.64
AAGAB	-0.815
RPN2	0.845
GRAMD4	-0.63
TMEM186	0.6
PDCD6	1.005
PDCD7	-0.55
PDCD4	-1.93
KIAA0319L	-0.085
PDCD2	0.325
NDUFV3	0.77
NDUFV2	0.825
NDUFV1	-1.175
ATP6V1G1	0.185
TXNRD2	-1.825
TXNRD3	-0.055
TXNRD1	-0.955
	3.57
DNASE2	-0.745
ACVR1B	1.38
INO80	0.27
NARS	-3.48
OXCT1	-1.05
DYNC1H1	-1.25
NARF	-1.055
TTLL5	-0.255
TTLL4	-1.32
TTLL1	0.57
TTLL3	2.21
SAR1A	-0.395
SAR1B	-0.185
WDHD1	-1.47
SLC25A30	0.55
	0.825
TBCEL	1.62
NTHL1	-0.185
MANBA	1.545
CDC27	1.295
CDC26	0.53
COMTD1	2.87
CDC23	-0.275
CDC20	-1.805
CLN6	1.47
CLN5	0.325
FAR1	-1.915
MAPRE1	-1.225
NOL10	-1.77
NOL12	0.465
TCF4	-0.84
AUP1	3.595
MORN1	-0.47
TCF3	0.565
BAG3	-1.675
SLC16A1	2.545
SLC16A3	2.38
SIGLEC10	2.485
RIF1	-0.025
SLC16A6	1.17
TTLL12	0.955
ZBTB22	-0.08
TIMM50	2.245
ZBTB21	-0.14
UCP2	-3.255
ZBTB24	-0.885
UVSSA	1.43
SSC5D	0.65
	-1.71
OTUD4	0.665
EIF1AY	-0.79
CXorf21	0.74
EIF1AD	0.505
SAP30BP	-0.85
GPHN	-1.485
MDN1	-0.04
FAM76B	0.54
FAM76A	0.93
CCDC137	-0.72
PSD4	-1.19
TUT1	-2.155
CDON	0.53
SLC1A4	-2.355
SLC1A5	0.72
SLC1A3	-0.355
VPS35	-1.155
VPS36	0.02
VPS39	-1.785
GEMIN2	-2.205
VWA3B	0.86
LHPP	0.655
TET3	0.695
TET2	0.33
PDE4DIP	-0.19
ANAPC1	0.55
ANAPC2	-0.075
ANAPC5	1.14
ANAPC4	0.135
ANAPC7	-0.665
NDUFB10	0.68
RUFY1	-0.88
SLC35E4	2.23
RUFY3	0.2
RUFY2	-0.48
SAE1	-0.49
C11orf95	3.0
VEGFB	1.365
C8orf33	-0.57
SPG11	-0.465
EEF2	-0.945
SLC2A3	0.52
SLC2A1	2.255
GGACT	1.005
RAB3GAP2	0.24
	0.235
PLCB3	-1.51
SUPT5H	-1.995
HRAS	0.825
TIPIN	0.51
UBE2R2	-0.265
SCRIB	0.715
GAS8	-1.76
SGSM3	1.49
ACOT8	-0.275
	-0.225
ACOT7	1.395
KIAA0753	0.84
ACOT2	-1.775
SLC15A4	2.38
PYURF	-0.85
DDT	1.8
EIF4E2	-0.09
ZNF398	1.57
ZNF397	-0.75
ZNF395	-0.24
MRPL36	2.985
MRPL37	0.645
MRPL34	1.61
MRPL35	-0.035
MRPL32	1.145
MRPL33	0.715
MRPL30	1.56
MRPL38	1.34
MRPL39	0.23
PPIL1	0.055
PPIL2	-2.43
PPIL3	-0.53
PPIL4	-0.975
CENPB	1.17
NUP88	-0.545
CLASP2	-0.17
CLASP1	-0.46
MTM1	-1.145
NUP85	-1.355
MSRA	-0.725
DERA	-1.38
	-2.53
	1.75
HMGN1	1.675
NFS1	-0.1
CDKN2B	1.38
CDKN2C	0.63
CCND3	2.095
SPECC1	0.15
CDKN2A	-0.225
CD74	-0.595
CD72	2.5
BRCC3	-1.565
NUDT22	-0.66
GEM	-0.48
FAM162A	0.575
	-1.745
TEX15	0.15
CETN3	0.02
CETN2	-1.425
NOP58	-0.545
PEX1	0.1
	-0.12
PEX3	0.63
PEX2	1.44
PEX5	2.14
PEX7	-1.28
PEX6	-0.6
GSDMD	-0.405
	-0.15
HADH	0.09
NOP56	0.55
CTPS2	-1.795
LRSAM1	0.455
CHRAC1	-0.63
ARRDC1	-1.215
ARRDC2	1.92
YOD1	2.0
FKBP5	-0.63
GNPTAB	0.55
P2RY10	0.635
RBM7	0.84
SORD	-0.65
	-0.93
RHBDD1	-1.92
SARNP	-1.085
TGFBR2	-0.07
TGFBR1	2.12
FKBP2	2.43
RPS7	1.0
RPS5	1.6
RPS3	1.49
RPS2	2.785
ALG11	0.975
ALG12	0.715
	-0.08
ALG14	1.245
RPS9	0.2
RPS8	0.485
DRG2	-1.335
DRG1	0.52
SDF4	-0.075
SDF2	-0.14
STRAP	0.72
	-1.1
ZNF367	-0.145
CAPZB	0.11
	-1.25
RSU1	1.29
ARIH2	0.55
ARIH1	-0.78
ARL8B	2.285
ARL8A	-0.025
HSP90AB1	-1.475
PDCL	-1.715
YIF1B	2.015
	-1.87
GSTO1	2.415
YIF1A	0.31
TRAM1	0.855
TRAM2	-0.75
TOR2A	-0.22
PBK	0.35
RAD23B	-0.4
SHCBP1	0.25
RAD23A	-0.64
SCARB2	0.505
SCARB1	0.04
RHOBTB2	-1.355
SAYSD1	0.42
TBCK	-0.885
TBCE	-1.51
TBCD	-0.52
TBCC	0.24
TBCB	0.12
TBCA	1.47
TRIM8	-0.805
TMEM43	0.15
TTC14	1.725
TTC17	-0.275
TTC13	2.415
LMBRD2	2.07
LMBRD1	-0.325
TTC19	1.38
IDH3A	1.35
	0.67
IDH3B	0.265
	-0.19
	-0.17
LTBP4	0.78
SIPA1	0.29
SSBP3	-0.35
TRPC4AP	0.485
PBRM1	-1.62
OSBPL11	-0.49
SSBP2	-0.13
	0.955
GADD45A	0.805
GADD45B	-0.37
MNT	-0.05
FAM221A	1.92
SSBP4	1.355
	1.17
	0.87
	-0.525
	0.14
SLC25A40	-0.35
SLC25A42	1.14
NDOR1	-0.645
SLC25A44	-0.165
SLC25A46	1.48
ECM1	-0.09
TMEM216	1.91
TMEM214	-1.01
TMEM219	0.975
ARL2BP	0.51
	1.45
PPM1G	0.89
PPM1F	-0.865
	-0.585
PPM1D	-0.75
PPM1B	1.63
PPM1A	-0.89
RPL6	-0.64
RPL7	0.155
RPL4	-1.235
PPM1L	0.735
PPM1K	0.5
RPL3	1.15
LCOR	0.805
MECR	-0.565
ALDH4A1	1.935
ZHX2	0.095
ZHX3	-0.14
ZHX1	0.73
ATP6V1E1	0.55
CNTN2	0.245
	-0.175
PAG1	1.715
TLE4	0.345
ESPL1	-1.54
LSM11	2.02
IRGQ	-0.5
ATG3	1.395
JAK2	-0.71
JAK3	0.01
	-0.425
NAT9	-1.39
NAT1	-1.03
DNMT1	-6.425
CCPG1	1.575
ALDH7A1	1.16
POMT1	1.61
POMT2	0.865
SDR39U1	-0.705
ATRNL1	2.405
SETD2	-1.37
SETD5	-1.36
SETD7	-0.47
SETD6	1.24
WRB	0.665
WRN	-0.65
TSPAN3	2.62
TSPAN4	2.67
CSDE1	-2.64
PAICS	-1.57
ZFHX3	-1.105
ZFHX2	-0.3
BCL9	0.48
HES1	-0.725
BCL6	-2.4
HES6	0.545
CCDC117	0.335
CCDC115	0.65
CSTF1	-0.725
CSTF3	-1.69
CSTF2	-0.16
VHL	0.725
WDR81	-0.665
WDR82	-0.235
WDR83	0.24
C4orf46	1.125
WDR89	-0.49
	2.18
HDHD3	-0.08
HDHD2	1.27
R3HDM4	0.91
VPS16	-0.355
R3HDM1	0.19
VPS11	-0.31
SF3A1	-0.595
	-2.305
SUFU	-1.085
PITPNA	0.58
PITPNB	0.855
SPRTN	-0.41
RPN1	1.83
FTO	-1.515
ERCC8	0.665
RAD54B	-1.1
ERCC1	0.405
ERCC2	0.085
ERCC3	-1.295
ERCC4	-1.305
ERCC5	-0.98
ERCC6	-0.46
SRPK3	-1.64
SCPEP1	1.29
EXD2	-1.06
PPP1R16B	-1.135
FRRS1	0.045
NLRX1	-0.575
GON4L	-1.855
TBCCD1	0.185
RPAP2	0.27
RPAP3	-1.4
RPAP1	-1.57
EEF1D	1.35
NSMAF	0.065
	1.255
ZNF622	-2.585
ZNF623	0.295
CIART	-1.4
MBTPS2	0.865
MBTPS1	-0.805
PLCL2	0.96
AMFR	0.83
STX12	0.72
STX17	0.21
STX16	-0.775
STX18	0.625
GBA2	0.195
TSTA3	1.665
TYMS	0.045
TYMP	1.015
MRPL10	1.825
MRPL11	-0.545
MRPL12	2.195
MRPL13	0.05
MRPL14	-0.465
MRPL15	-0.58
MRPL16	1.425
MRPL17	0.225
MRPL18	0.515
MRPL19	-0.19
CALHM2	0.875
IER2	0.855
DTNB	-0.96
GABPA	-1.2
STAM	0.24
PRRG4	-0.085
MYNN	-0.26
C11orf71	1.305
PRPF19	-0.605
PRPF18	-2.38
POLDIP3	-2.56
GSTP1	1.06
RDM1	-1.265
STAG2	-1.455
HTATSF1	-2.965
CDCA7	-0.915
SP140	-0.27
CYFIP1	-0.295
ZNF512	1.33
CLEC12A	0.64
CYFIP2	-1.0
ZNF513	1.17
HGS	-1.135
ACAT1	1.325
ABR	-2.575
ZNF131	-1.275
KCTD20	0.415
	0.985
CD53	2.345
CTNNAL1	-1.095
ARAP1	0.97
CD55	0.645
AHNAK	-1.235
SMCR8	-1.025
MTO1	-1.305
TEX30	-0.435
GMNN	-1.49
TPR	-0.14
ARGLU1	1.005
CMTR2	1.69
CMTR1	-1.465
GPSM2	0.725
GPSM1	0.55
PEAK1	-0.46
SLC29A3	0.23
SLC29A2	0.28
SLC29A1	3.285
NUP107	-1.595
CDKN2AIP	0.62
GSKIP	-0.905
ADPGK	1.7
ULBP1	-0.43
TOP2B	-0.645
	0.595
TOP2A	-2.605
BOD1L1	-0.145
PPARGC1B	0.24
RHBDF1	0.875
RHBDF2	-0.02
HSH2D	-0.42
SCIMP	-0.16
ARHGAP9	-0.075
	-0.5
RFK	1.27
ING5	0.505
ARHGAP6	-0.04
ING2	0.575
ING3	-0.665
SNRNP200	-1.77
MAEA	0.71
	0.85
CSK	-0.74
	-1.045
SNRK	-1.71
UBA6	0.04
UBA7	-1.39
UBA5	-1.4
UBA2	-0.905
UBA3	-0.835
UBA1	-3.2
	1.305
PWP1	0.685
NAA20	0.415
CREG1	1.305
NAA25	0.25
SPIN1	-0.405
ERCC6L	-0.67
WARS	-1.92
RASSF1	2.025
TNIP1	-1.405
UCKL1	0.33
CLINT1	-1.7
MED23	1.1
SAP25	0.385
RASSF2	-1.655
SLTM	-2.55
NRAS	0.325
COASY	-0.605
RASSF4	1.09
ELL3	-2.545
RASSF7	-0.125
DMPK	-0.15
PDF	1.055
MED26	-0.06
PNO1	0.395
SNRNP35	0.96
LAMP2	3.175
LAMP1	1.995
TMEM64	0.315
TMEM62	0.445
SMCHD1	0.15
TMEM60	0.895
TMEM69	-0.155
TMEM68	-0.605
FOXRED2	0.46
FOXRED1	-0.27
H1F0	4.185
NRM	1.5
LITAF	1.14
	-1.075
TTC33	-0.18
TTC32	0.825
TTC37	-1.05
ST6GALNAC6	-0.515
TTC38	-0.87
RARA	1.395
FAM43A	-0.08
UFM1	2.84
BTRC	-0.875
RARS	-0.42
	1.19
MLX	0.52
TADA1	-0.485
TADA3	-0.845
	0.625
TLCD1	0.6
PSME4	0.735
PSME2	0.625
PSME3	1.16
NDUFB11	2.055
PSME1	-1.665
INO80D	-0.415
INO80E	-0.55
INO80B	2.335
INO80C	-0.14
MEA1	0.43
GNPDA2	0.135
GNPDA1	0.27
DAGLB	0.455
TMEM238	2.21
TMEM234	1.815
TMEM237	-0.55
TMEM231	1.605
ATP5G3	0.295
SCFD1	-2.55
SCFD2	0.475
ZNF451	-0.355
CNTLN	-1.205
TRMT1L	-2.755
IPMK	1.81
DVL1	0.065
AKR1B1	-0.3
THUMPD1	0.135
THUMPD3	-0.285
THUMPD2	-1.365
MAML1	1.73
BMPR1A	1.305
RCBTB2	0.45
RCBTB1	0.525
QKI	0.24
NADK2	1.27
SERP1	-0.87
TAPT1	0.74
PPP2R5D	-1.385
PPP2R5E	-0.865
PPP2R5A	-1.315
PPP2R5B	0.23
	-1.465
UTP6	-2.32
	0.075
TMEM184B	1.96
TMEM184C	0.09
TFDP2	-0.7
TFDP1	0.35
MIF4GD	-0.215
SUMO3	-0.035
PDS5A	0.09
PDS5B	-1.07
RB1CC1	-0.58
ATPAF2	0.96
ATPAF1	1.92
SMNDC1	-0.215
C12orf66	-0.095
BCKDHB	1.94
TRAPPC10	-1.195
TRAPPC13	0.99
TRAPPC12	-3.07
TUBB6	2.3
VIPAS39	-0.745
TUBB	-1.295
TUBB3	0.345
TBX15	-0.14
TFE3	-0.885
TCERG1	-0.475
NR2C2AP	-0.155
SPATS2	0.755
IRAK2	0.53
IRAK3	1.43
IRAK1	-1.895
	-0.58
IRAK4	-1.24
NIFK	0.675
NGDN	-0.035
AP4S1	-0.04
	-0.185
	2.95
LIG4	-1.06
PRRC2C	-2.775
NAV3	-1.27
GNG5	3.075
GNG2	0.03
LIG1	-2.83
LIG3	-1.21
CLN3	0.96
CNOT4	-0.665
TNRC18	-1.65
VPS26A	-0.065
TSPYL1	0.85
	-0.845
VPS26B	-1.9
CCDC171	-0.36
CCDC174	-0.99
GPD2	-0.46
PLBD2	0.63
DIP2A	-0.09
DIP2B	0.8
MAN1B1	-0.145
CDK1	-0.57
CDK2	0.3
CDK4	0.635
CDK5	-0.515
CDK6	-0.79
	1.68
CDK8	1.29
CDK9	0.355
PRKX	-0.505
SREK1	-0.285
PSMC1	-0.72
PDE4B	-1.45
SQSTM1	-2.895
FUT11	0.935
PSMC3	-0.93
PPP3R1	1.08
SUV39H1	-1.97
MXD3	-1.15
SUV39H2	0.54
SAAL1	1.01
HCN1	0.8
PPAN	-0.77
SPPL2A	0.84
PAPOLG	-0.805
PPP1R14B	1.88
PAPOLA	-1.68
DROSHA	-0.04
SMC6	-0.515
ZNF608	-0.095
ZNF609	-0.03
ZNF606	-0.08
FANCB	-0.26
PRKAR1A	-0.95
WWP2	-1.64
LGR4	2.965
OGFRL1	2.09
ZNF787	2.08
USP28	-1.42
USP25	-2.47
USP24	0.11
USP22	-0.15
USP21	0.79
USP20	0.41
KIAA0895L	-0.04
DSTN	2.255
ZBTB25	2.23
CTNS	1.195
PRPF39	-1.18
WDTC1	-0.005
PRPF31	-0.735
ALAS1	-0.09
BRWD3	-0.45
TYK2	-0.19
BRWD1	-1.905
AGTPBP1	-0.085
	-2.985
SMU1	-0.07
FYCO1	-0.38
SLC5A1	2.46
SYT11	0.405
N4BP3	1.33
SLC5A6	1.065
RITA1	0.6
TTYH2	0.07
DCTD	2.715
	-1.54
SLC19A2	-0.15
UBALD1	1.66
SLC19A1	0.835
	0.535
MAN2C1	0.21
FBXL20	0.13
POPDC3	-1.05
	-0.85
CD36	-0.5
CD37	-0.34
GAN	-0.355
GAK	0.1
SERPINB10	-0.94
CITED2	0.12
CITED1	-0.77
MTA1	-1.565
GAA	0.12
MTA3	-1.28
NCEH1	0.87
EHD4	0.47
EHD2	1.075
EHD1	0.365
PPWD1	-0.695
TRMT61A	-0.815
ZC2HC1A	1.365
SLC35A4	1.775
SLC35A5	-0.04
SLC35A1	-0.49
	0.955
SLC35A3	1.56
ABL1	-0.25
ATXN7	0.23
ABL2	1.305
ATXN2	-1.09
ATXN3	-2.77
IGSF9	0.725
SLC6A6	1.565
CLIP2	0.35
SLC6A9	-0.75
SLC6A8	0.15
	0.125
	0.93
AURKAIP1	-0.02
RPGRIP1L	0.55
MTAP	2.135
BCAP31	0.605
CCDC134	1.065
MAPK1IP1L	0.19
CAMK2D	-0.71
NUP160	-1.75
CAMK2G	0.285
CAMK2B	-0.55
ELAC2	2.0
UBXN8	1.08
ANKHD1	-1.07
UBXN4	1.01
UBXN6	0.23
UBXN7	0.26
UBXN1	1.6
XKR5	0.21
	-0.325
TTPAL	2.385
PIBF1	0.49
FILIP1L	-1.27
HSD17B8	-1.23
RINT1	0.67
ZNF189	1.455
SETDB1	-1.495
SETDB2	-1.075
ZNF180	-1.9
TMEM41B	-0.01
ATF4	-1.435
GRAP	-1.995
HAX1	1.88
BANF1	0.54
GUSB	1.62
BHLHE40	-2.3
XKRX	0.255
C9orf64	-0.095
ENSA	-0.84
TNFAIP8L1	0.86
FBXW8	1.4
FBXW9	0.44
DDOST	2.18
LPAR2	-0.795
FBXW2	1.35
FBXW5	0.215
FBXW7	0.195
NAA40	-0.3
PARD6B	2.26
PARD6A	-0.67
SMIM20	0.56
	2.785
ARL4A	1.27
PGS1	0.05
ST7L	1.33
AHCY	1.19
TUBB4B	0.67
AFMID	-1.445
TOMM20	2.33
TOMM22	2.165
AP1B1	-1.28
IGF2R	1.515
AOC2	1.48
RAB33B	0.71
MAP3K10	0.88
MAP3K11	1.555
YPEL3	0.15
MAP3K14	-0.27
GALNT4	0.44
GALNT7	1.675
GALNT1	-0.29
PLXNB2	-1.995
NCBP1	-0.86
NCBP2	1.34
	-0.245
NARS2	-0.58
SLC9A3R1	0.63
SHISA5	-0.86
LIMS1	0.505
KIF3B	-0.66
KIF3A	0.45
FAM45A	-1.135
NLE1	0.46
UFC1	-1.355
PSMG4	0.195
PSMG1	0.85
PSMG2	1.24
PSMG3	0.035
MALT1	0.41
TRPV2	-1.055
XPO1	-0.33
XPO5	1.445
XPO4	0.64
XPO7	-0.29
XPO6	1.1
DOHH	0.445
RCOR2	0.06
MNAT1	-2.67
UBE2G2	0.58
CRCP	0.5
PRDM15	-2.02
UBE2G1	0.955
PRDM10	0.295
CPNE3	-0.39
SAFB	-1.575
CPNE1	-0.845
CPEB2	1.255
ISCU	0.885
PECAM1	-1.39
FNTA	0.32
FNTB	-0.895
	0.535
RBM34	-3.445
SEPT9	0.93
GIT1	1.09
GIT2	-0.32
CYTH1	-1.705
CYTH3	0.18
CYTH2	-0.875
SEPT1	0.735
RBM38	0.165
	-1.27
TACC1	-0.39
SGCE	0.34
TACC3	-1.605
SGCB	0.475
TECR	1.94
DCTPP1	2.14
PROSER1	1.605
	-0.94
KMT2D	-0.325
ECI2	0.16
ECI1	-0.835
IPO8	-0.47
IPO9	-0.275
IPO7	-0.72
IPO4	0.26
IPO5	-1.0
FBXO10	1.515
C2CD2	0.15
YRDC	0.46
	0.425
C2CD5	-1.545
PRMT2	0.4
PRMT3	-0.43
PRMT1	1.895
PRMT6	-1.81
PRMT7	-0.58
PRMT5	0.43
	0.13
RNFT1	1.12
	-0.08
TUBGCP2	-2.055
TUBGCP3	0.24
TUBGCP4	-1.795
TUBGCP5	1.18
TUBGCP6	1.02
STIM1	1.68
STIM2	0.91
PAK4	1.13
PAK2	0.725
TANC2	0.84
YIPF1	0.515
HNRNPUL2	-2.32
YIPF3	-0.465
ELF2	-0.275
RUVBL1	-1.455
TTI2	-2.36
TTI1	0.625
RUVBL2	0.51
ELF4	-0.23
SS18	1.63
H3F3A	-0.165
TNS3	3.07
RTTN	0.435
TCEA2	-0.215
EIF4B	-1.935
VWA5A	-0.73
AK6	1.835
MAT2A	0.705
RHOG	0.91
	-1.235
	0.435
SPA17	0.86
TAPBPL	0.625
ICAM5	0.715
VPS8	-0.085
	-1.78
ICAM2	0.935
ICAM1	2.075
	1.24
	2.455
COQ10B	0.895
	3.06
COQ10A	0.15
SPIB	-0.295
SPIC	1.38
PPP1R12A	-1.475
	-0.27
PPP1R12C	0.74
TMEM38A	0.93
JMJD6	0.96
ZNF667	0.755
JMJD4	-0.54
ZNF668	-0.835
	0.3
HIST1H1D	-2.57
SECISBP2L	-0.11
DDX20	0.305
SUSD3	-0.805
SUSD1	1.525
SKP2	1.41
CHERP	-0.635
ZBTB8OS	0.18
CAPZA2	-0.235
CAPZA1	0.54
SPI1	0.06
SERINC5	1.125
SERINC1	1.275
SERINC3	0.025
	0.485
SNX30	-0.71
CDH13	1.46
CDH17	0.3
DLST	-2.135
CHM	0.405
MRPL54	0.38
MRPL55	1.165
	0.58
MRPL50	1.335
MRPL51	-0.685
MRPL52	1.14
MRPL53	2.3
ACLY	-2.15
	0.525
PLD4	0.69
PLD3	-0.06
	0.79
NFYC	-0.32
NFYB	-0.915
NFYA	0.35
SCAMP4	1.45
SCAMP2	-0.315
SCAMP3	1.41
	1.78
SCAMP1	0.765
PRRC1	-1.025
C8orf37	0.98
UNC45A	-1.65
POLR2E	-0.105
GLYR1	-0.75
POLR2G	-0.885
POLR2F	1.385
POLR2A	-2.425
POLR2C	0.485
POLR2B	0.815
POLR2M	1.375
POLR2I	0.955
POLR2H	1.82
POLR2J	1.25
ATP11C	0.555
ATP11B	0.725
HIBCH	-0.305
GCA	0.055
GABPB1	1.31
	0.23
POLDIP2	0.33
CLEC16A	-0.55
RPS10	2.005
SUPT3H	-1.38
AFP	-0.21
CD19	-3.76
FBXO45	0.495
FBXO44	-0.085
FBXO46	-1.605
RPS15	1.77
FBXO42	0.99
ERI2	-0.39
ERI3	1.14
MAN2A1	-0.315
ERI1	-1.71
BAIAP2	-0.57
VASP	0.125
MLST8	0.13
XAB2	-2.87
CHD1L	-1.335
	-0.2
PER2	-0.55
PER1	-0.39
SLC15A3	0.145
SLC35C2	0.715
ENTHD1	1.29
SLC35C1	0.73
DBI	0.785
	0.805
C1GALT1	0.265
WSB1	-0.685
WSB2	0.93
DBP	-2.02
MAFG	2.095
DBT	0.35
TESK2	-0.94
RALGDS	-0.08
CBR1	-1.435
RB1	0.085
PURB	1.13
PURA	0.37
LDB1	-1.21
AMMECR1L	1.175
LONP2	-0.565
LONP1	-0.325
TBC1D22B	1.315
TBC1D22A	0.405
UFSP1	0.65
LZIC	-0.75
UFSP2	-0.32
ARSA	-0.45
ARSB	0.815
COMMD3-BMI1	0.69
ARSK	0.77
RFTN1	-0.74
FRYL	-0.71
C11orf53	0.21
YTHDC2	0.315
UQCRC2	-1.68
BTD	0.58
DENND4A	1.41
DENND4B	-2.025
DENND4C	0.76
	-0.885
UQCRC1	-0.34
BTK	-2.22
STK19	-0.685
BIRC3	-0.55
STK10	0.57
STK11	-0.115
STK16	0.595
CALU	1.76
BIRC2	-0.39
CBFB	-0.44
NAA60	2.29
RASAL1	-1.605
RASAL3	0.53
	0.18
	1.41
MBIP	-1.345
PHB	2.53
PCED1B	1.43
ATP5H	0.08
CCDC6	-0.065
CCDC9	-1.86
GUCA1A	2.51
SLPI	1.095
HYAL2	1.565
CYLD	-1.22
SAMD4B	0.555
SHKBP1	-1.655
MYH9	-3.165
TP53BP1	0.46
TP53BP2	-2.085
SNRNP70	-0.245
OSTM1	-0.035
	-0.255
SLC52A2	0.095
KIF1B	-1.35
KIF1C	0.02
MITD1	1.265
PRDM4	-0.225
PRDM2	0.66
TMPO	-1.67
RAB5A	0.73
RAB5C	0.3
SLC31A1	1.935
UNC119B	-0.235
	-2.085
G6PD	-2.37
	1.81
RGS2	-2.06
	1.575
NVL	-2.57
RGS9	-0.94
GNPTG	1.86
PSMA2	-0.02
KIF15	-1.185
PSMA1	-1.055
PSMA6	-3.065
KIF11	-0.895
PSMA4	-0.45
PSMA5	-1.53
MSTO1	1.315
RPL18A	-2.465
	0.14
TTC7B	-0.3
CNDP2	0.85
ATP5C1	0.87
ZDHHC17	-0.59
ZDHHC16	0.415
ZDHHC13	0.7
ZDHHC12	1.32
NBR1	-0.995
ZDHHC18	2.02
LGALS8	-1.065
FOSL1	1.445
CREM	0.025
TUBA4A	0.71
KAT6A	-0.605
VEZT	0.775
ZNF410	-0.615
ZNF414	-0.195
RBM12	-0.895
RBM10	-0.465
RBM17	-0.31
RBM15	-0.185
RBM14	-3.055
RBM19	-0.09
RBM18	0.21
PPP2R1A	-1.51
PPP2R1B	1.51
ZFX	-0.785
ARNT	-0.565
ZFR	-0.185
TCP11L2	-1.24
CEP89	0.1
N6AMT1	2.22
GFPT1	-1.21
	1.09
CEP85	-0.145
TWF1	1.92
TWF2	-1.43
PRPF38A	-1.365
PRPF38B	-0.14
UBE2E1	0.36
UBE2E3	0.775
SLC25A22	1.475
SLC25A23	1.355
SLC25A20	-1.505
TNKS1BP1	-1.635
PEX11G	-1.14
SLC25A25	-1.9
SLC25A28	-0.32
BNIP1	1.46
EYA3	1.195
BNIP3	0.97
RGL2	0.5
PRKDC	-0.955
ETFA	-1.275
ETFB	-1.305
TFAM	1.115
LAS1L	1.11
SCAF11	-0.22
PDIA6	-0.685
CTDP1	1.75
POGLUT1	-0.085
HIBADH	1.26
BSCL2	-1.17
CAPN15	0.63
ESYT1	0.155
ESYT2	0.365
PGM2	0.03
FRAT2	0.65
MYBBP1A	-0.175
ATF7	0.93
PRKD2	-0.185
PRKD3	1.965
MTFMT	0.975
BET1	0.035
TLK1	-0.305
VSNL1	-0.705
TLK2	-0.82
ATF1	-0.23
CGGBP1	-1.77
ETF1	-0.475
ERCC6L2	0.24
GCDH	1.285
MRE11A	-1.695
FBXL8	-0.04
ABTB2	0.91
IL17RA	0.37
HMG20A	-0.655
RMND5B	-0.965
OLFM4	1.775
THOC3	0.29
THOC2	-0.105
THOC1	0.595
ZC3H12D	-1.79
THOC6	-0.56
THOC5	-2.305
B3GALT4	0.65
B3GALT6	1.085
ACACA	-0.955
VRK3	-0.265
VRK2	-1.265
WNK1	-0.49
	0.15
GMCL1	0.785
FEN1	-1.555
NCSTN	0.18
TMEM63A	0.11
TMEM63B	0.43
SNTB2	0.955
AIDA	0.15
PCBP4	0.15
PCBP2	-0.55
NCAPG2	-2.92
DMAP1	-1.635
FAM160B1	-0.38
FAM160B2	-0.32
	1.17
DPH1	0.825
DPH2	-0.105
DPH3	0.08
DPH5	-0.725
LPXN	-2.525
DPH7	-2.475
SPOP	-1.675
CMTM6	-2.695
TBRG4	-1.33
MSX1	1.025
ABCC10	-0.04
ZNF644	-0.38
SH3TC1	1.515
PUM2	-0.375
	-1.565
PUM1	0.265
TNKS2	0.415
NPEPPS	1.06
SNX17	-1.745
SNX16	0.7
SNX15	0.305
SNX14	-0.045
SNX13	-2.89
SNX12	0.365
SNX11	-1.06
SNX10	-0.625
SNX19	0.96
SNX18	2.145
MALSU1	0.37
GXYLT1	0.16
MARS	-0.08
NDC80	-1.87
STARD3NL	-0.325
CEP85L	0.995
	-0.06
TNFRSF1B	0.83
LRR1	-0.99
	1.48
	-0.21
MIB1	-0.26
ZFAT	0.15
PABPC1	-2.21
PABPC4	-1.39
DTD1	-0.2
DTD2	0.5
STK3	1.92
STK4	-0.585
TNRC6B	-2.12
TNRC6A	0.28
CPSF6	0.42
SAMD8	1.575
DBR1	-2.79
MUL1	1.76
	1.25
DCPS	-0.61
PEPD	-0.78
SERPINB9	0.86
SERPINB8	1.92
RAE1	-1.015
ADA	-1.97
ARMC10	1.815
ADM	7.51
ADK	-0.81
SERPINB7	-0.55
LRPPRC	-1.085
ADPRHL2	-0.075
RABEPK	-0.175
GPBP1	-1.91
BAG2	2.275
DCP2	1.27
BAG1	-0.04
BAG6	-0.245
BAG4	1.635
BAG5	-1.81
INSL6	0.875
GSAP	-0.35
SLC35E1	2.21
SLC35E2B	-0.71
LZTR1	-1.035
SAP130	0.54
FAM111A	-3.235
CCNL1	0.8
CCNL2	-1.075
NUSAP1	-3.085
RAB3GAP1	0.01
TMEM8A	1.68
TMEM9	1.46
RABEP2	0.3
RABEP1	1.655
RPS26	3.56
RPS24	3.71
RPS25	-0.88
RPS20	1.91
RPS21	3.04
MIS18BP1	-2.53
	0.96
ESD	-0.485
C7orf25	-0.88
LCP1	-2.465
NFKBIB	0.34
PLEKHA8	0.93
NFKBIA	-1.945
CHUK	0.975
NFKBID	0.84
NFKBIE	-0.815
NFKBIZ	0.995
ARHGDIB	0.35
SMIM13	0.715
ARHGDIA	-0.22
FMNL3	1.43
	0.03
SNRNP40	-0.415
TEX10	-0.48
RNMT	-0.1
BUD13	-1.48
LSM14B	-1.295
LSM14A	-1.54
FANCG	-0.07
FANCF	0.3
FANCE	1.025
FANCC	0.465
NIF3L1	0.475
FANCA	-0.665
JAK1	-0.875
FANCM	-0.795
FANCL	-0.31
DENND6B	2.42
AP1G2	-1.64
FANCI	-1.7
DENND6A	0.39
APPBP2	-0.365
	-0.12
HLA-G	-0.925
ATG4B	0.16
MPDU1	1.0
ATG4D	0.99
COX6B1	-0.05
SNX3	0.705
SNX2	1.21
SNX1	-0.065
SNX6	-1.945
SNX5	-1.565
SNX4	-0.685
SNX9	1.165
SNX8	-0.85
OSGEPL1	1.81
CKS1B	1.69
SEC61B	1.53
IFT80	-0.58
TCF19	0.04
IFT88	-1.18
TNIP2	0.395
TGS1	-0.15
STK35	0.695
STK38	-1.485
ELL2	0.455
DEPDC1B	-2.015
DDB1	-2.67
SHMT2	-2.97
SHMT1	-0.73
PIM2	0.11
PIM3	2.255
PIM1	-2.02
C2orf76	0.765
BCL2L1	-0.2
SEC24D	-0.03
SEC24A	-0.89
SEC24C	0.13
SEC24B	1.13
	-0.185
SPC25	-1.4
SPC24	-1.485
MVP	-0.6
CCDC82	1.74
CCDC86	1.155
CCDC84	0.75
TANGO6	-0.465
MVD	-1.43
PDE4A	0.73
PSMC2	-0.055
MXD4	1.21
PSMC4	0.325
PSMC5	-0.905
PSMC6	-1.26
DOLK	2.525
NR2C2	-1.515
NAAA	-0.185
ISOC2	-0.625
HSP90B1	2.185
N4BP1	0.17
CANX	1.405
N4BP2	-0.545
KCMF1	0.03
IARS2	0.98
CASP7	0.025
MRPS35	0.93
MRPS34	0.89
ARL3	2.055
ARL2	-1.485
MRPS31	-0.36
MRPS30	-0.285
ARL6	0.875
ZNF565	-0.125
CLIP1	-0.66
	0.3
CRIPT	0.905
SEL1L	-0.695
CHRNB1	1.745
THAP7	0.22
IBA57	0.525
LARS2	-0.485
AGO1	0.91
AGO3	0.8
AGO2	1.99
VBP1	-0.18
PPP2R3C	-1.575
RGS14	1.42
C1QBP	1.745
ARHGAP21	0.07
ARHGAP20	0.86
ARHGAP27	0.13
ARHGAP26	0.23
ARHGAP25	1.29
C8orf76	0.25
MSANTD4	0.0
ARHGAP29	0.93
CASP9	-0.95
	0.49
BROX	-0.34
SIRT5	0.15
DHFR	-0.16
HSPB1	1.58
ZC3HAV1	-2.92
IFIT2	0.15
INIP	0.295
MTHFSD	0.845
RGS19	-1.605
DDX23	-1.035
DDX21	-3.855
TMEM38B	0.675
DDX27	-0.02
DDX25	1.17
DDX24	-4.34
DDX28	0.51
JDP2	-1.12
DYRK1A	0.95
IWS1	-1.085
COPB1	-0.42
TUBD1	-1.48
COPB2	-4.45
NTPCR	1.765
APBB1IP	-0.495
B4GALNT1	-0.36
BIRC6	0.71
BIRC5	1.185
LSM12	1.145
	0.315
LSM10	0.405
EEF1B2	1.26
CTU2	0.71
APRT	2.91
CTU1	-0.08
PKD2L2	0.69
TRIM46	-0.27
TRIM44	0.565
TRIM41	-0.5
CAB39L	1.49
NFAT5	1.43
CDC34	3.23
TAF1A	0.255
ACAA2	-0.72
OSGEP	0.92
	1.27
NFKB1	-0.885
NFKB2	-2.2
CDC37	-1.43
SUN2	0.435
SUN1	1.11
	-0.88
MTX2	2.315
MTX1	0.265
ATF5	-0.055
S100PBP	-0.985
SMARCA2	-1.815
ATF6	1.28
SMARCA4	-0.715
SMARCA5	-1.025
ATF3	-0.125
ATF2	0.785
CMTM8	1.92
RER1	1.19
PCBP1	-2.22
CMTM3	1.43
IL15RA	0.78
CMTM7	1.08
CMTM4	1.58
LIAS	-0.95
GFM1	-0.525
GFM2	-0.61
CARM1	1.53
HEXDC	0.18
CPSF7	-1.36
STT3B	2.715
STT3A	2.585
CPSF4	-0.205
CPSF3	-3.325
CPSF2	-3.755
CPSF1	-0.045
KIAA0930	2.295
ASPM	-2.035
ASPH	0.59
CHML	2.1
RRN3	0.34
TPI1	-1.855
BECN1	-2.035
SIAH2	-0.06
ATP8A1	-1.055
TCF12	-0.98
SYNE1	-0.49
SYNE2	-0.515
SYNE3	-0.395
YBX1	0.03
YBX3	1.36
OVGP1	0.79
	-1.005
NONO	-2.325
TRMT6	0.085
TRMT5	-1.765
EIF2S3	1.1
SIRT2	1.005
SIRT1	-0.48
	-1.62
SIRT7	-1.725
SIRT6	-1.765
RGS10	1.96
SIRT4	1.46
RASA1	-0.19
EBNA1BP2	1.155
TAF1C	-1.905
TAF1B	-1.05
STIL	-0.43
TAF1D	-1.35
PDPR	-0.255
LCMT2	0.765
PHPT1	-0.125
TICAM1	0.3
DAZAP2	1.195
PHLPP1	0.33
LRP6	2.715
RFWD3	-0.345
LRP8	1.105
TFPT	1.69
MVK	0.215
ACP6	-2.305
ADD3	-0.9
ACP2	0.79
ITM2C	0.52
ITM2B	0.225
TAF11	-0.78
TAF10	1.145
LENG1	0.53
MAP4	-1.105
SEMA4A	0.57
SEMA4B	2.925
SEMA4D	0.45
LENG8	1.455
COPS7A	0.26
KLHL25	1.86
KLHL24	-1.1
AGPAT1	1.17
KLHL21	0.08
KLHL20	-0.08
RAPH1	-0.27
TGDS	1.44
IL21R	-0.595
PHRF1	-2.945
KLHL28	0.375
FAM53C	1.905
DIS3L2	-0.875
HMOX1	-3.91
SPRED1	2.69
SPRED2	0.675
HMOX2	-0.5
	-1.48
NIN	-0.975
ADD1	0.16
FAM168A	1.92
RPLP2	1.05
	2.41
RPLP0	0.63
MTG2	1.005
MLLT10	0.03
MTG1	-1.63
FADS1	2.735
ZBTB9	1.1
FADS2	0.24
SLC35G1	-2.25
	-1.815
	0.205
	-0.285
	-0.62
PTGIR	0.755
FAM117B	0.4
CD79B	0.3
CD79A	2.005
	-1.93
TAF12	-0.71
VAC14	-0.49
MECP2	-1.425
PDP2	-0.24
PAFAH1B3	-1.415
ZW10	-0.41
C21orf91	1.405
AWAT2	0.18
TAF15	-0.53
CCNB1	0.285
RRS1	2.71
ZNF263	-0.405
	-2.345
OXR1	-1.425
IQGAP1	-1.425
IQGAP3	-2.34
PDXDC1	-0.61
KIAA1211L	-1.85
COPS7B	-0.065
INPP4B	-2.505
INPP4A	-1.1
DFNB31	0.005
MATR3	-3.575
RASIP1	1.43
IDI1	1.88
MPST	0.85
KLHL26	0.045
C12orf73	2.175
CABLES2	-0.16
CD2BP2	-1.675
BCL11A	-0.89
NUP188	0.28
METTL22	0.375
	2.825
METTL25	1.17
NMNAT1	-0.835
C9orf85	0.02
HINFP	-1.145
FXN	-0.885
AHI1	-0.915
RAB6A	0.17
MUS81	-0.58
C18orf54	0.65
PARG	-1.705
PARN	-1.27
PARL	2.535
FIS1	-0.27
ATG2A	1.225
ATG2B	-1.555
HLA-DOB	1.695
KNTC1	-1.91
MYL6	0.265
MYL4	-0.715
PLEKHB2	0.11
DNAAF2	0.18
CSGALNACT2	-0.14
	0.525
TOMM40	2.08
ABCA7	-1.045
VPS25	0.26
BASP1	0.255
TLR3	0.15
TLR1	0.71
ST13	0.895
TLR4	1.015
FIZ1	-0.105
TLR9	0.82
HARS	-0.24
BICD2	1.615
ADAMTS7	0.42
WDR90	-1.115
HIST1H2BO	-0.235
KIF5B	1.045
WAC	1.135
HIST1H2BF	0.19
HIST1H2BG	-0.46
HIST1H2BC	1.79
HIST1H2BB	1.28
HIST1H2BI	1.75
HIST1H2BE	1.825
HIST1H2BM	2.165
WAS	-1.71
HIST1H2BL	0.845
HIST1H2BK	2.3
	0.985
RAB1B	-0.29
ARHGAP30	-1.945
HIP1R	0.14
MTR	-1.35
ZBTB6	1.53
NACA	-0.235
CUTA	0.915
CUTC	0.095
S1PR2	-2.17
RAB18	0.71
PTPN9	0.58
RHOT1	0.35
RHOT2	0.5
RPF1	0.055
GOT2	0.225
PTPN2	0.185
PTPN1	0.595
GOT1	1.025
PTPN6	-2.46
PTPN4	0.565
RRAS2	0.625
CUEDC2	0.06
ORC6	-0.355
ORC4	-0.35
ORC5	0.98
ORC2	-0.035
ORC3	-0.775
TIMM9	1.035
NPLOC4	-1.39
ASH2L	0.395
NDUFB9	0.87
NDUFB8	1.3
NDUFB7	-0.675
CEP44	-0.24
NDUFB5	0.89
NDUFB4	0.23
NDUFB3	-0.69
NDUFB2	1.525
SMARCAL1	-1.3
DCUN1D2	-1.18
DCUN1D4	-0.36
DCUN1D5	0.055
DDX3X	-2.07
SIL1	-0.01
MRPS17	1.415
MRPS16	1.09
MRPS15	1.09
NXT1	0.435
MRPS12	1.265
MRPS11	0.005
MRPS10	0.47
PLGRKT	-0.6
AP5S1	1.38
EPCAM	0.18
MLLT11	-0.22
	-1.425
CTSH	-1.23
CTSV	2.12
C12orf49	0.58
CTSO	1.69
TMEM41A	1.585
CTSA	-0.725
CTSB	1.085
DDX42	-1.02
CTSD	3.255
KIDINS220	-0.91
DDX47	-0.475
DDX46	-2.46
ERO1LB	1.01
CTSZ	2.275
CTSS	0.76
GANAB	0.72
MICALL1	-0.57
ATAD1	0.88
ATAD2	-2.12
MAPK3	-0.02
MAPK1	0.495
MAPK6	0.7
MAPK7	-0.185
MAPK8	-0.35
MAPK9	-0.69
PTGES2	0.5
KAT2A	1.175
DGAT2	0.07
C12orf65	0.91
APTX	-0.81
SQLE	1.255
SOCS5	-0.535
SOCS4	2.18
SOCS7	0.915
TRNAU1AP	0.66
PARPBP	-0.36
DHRS7	-1.07
DHRS4	-0.35
EIF2D	-1.68
EIF2A	0.1
DHRS1	-0.54
NEIL1	-4.3
NEIL3	-0.51
	1.925
SMARCC2	-1.72
SMARCC1	-1.88
USP31	1.085
GNA13	-1.695
GNA11	1.57
CYSLTR1	-0.73
	1.625
CDKN1B	-0.88
TSEN54	-1.27
USP32	-0.76
TXNIP	-0.14
SCAI	0.34
INCENP	-4.085
CDS2	-1.805
	-1.02
SCAP	1.805
KLC2	-0.29
NUCB1	2.515
NUCB2	-1.63
TOMM6	0.94
SBNO2	-1.225
SBNO1	0.405
	1.69
ELL	-1.435
HSPA14	-0.115
ESCO2	-1.885
ESCO1	0.215
NOL9	0.475
NOL8	-1.44
TPK1	0.0
NOL7	0.425
NOL6	-0.22
EFNB1	1.815
BRI3	2.515
	0.93
CLUAP1	0.175
POMGNT1	-1.205
SERBP1	0.5
EBPL	0.69
TTC9C	-0.44
MGME1	-1.185
MCOLN1	1.435
MCOLN2	1.115
HTT	0.165
CCL25	1.665
ICK	-0.26
RCHY1	1.42
CNP	-1.92
RSF1	-0.265
BRAP	-1.375
AFF1	0.49
CTNNBL1	-2.07
FCRL1	1.935
MPPE1	1.115
MAVS	-1.41
E2F2	-0.765
MAP4K1	-1.225
MAP4K2	-0.75
MAP4K5	0.025
E2F1	1.485
	0.175
	0.125
	-0.365
TRIM7	-1.62
	-1.22
DTX4	1.27
BYSL	1.49
DTX1	-0.99
DTX2	-0.665
CCDC71L	1.33
	1.73
HDLBP	-2.105
EIF5	-3.305
EIF6	0.66
POLA2	-0.71
POLA1	-3.065
PNPLA8	-0.7
	0.495
CYB5R1	1.195
MYCBP	0.7
RAPGEF5	-0.855
RAPGEF6	-0.91
MTSS1	-2.965
RAPGEF1	0.865
RAPGEF2	0.13
VTA1	-0.365
FBL	-1.765
CHIC2	-0.685
RBM6	-0.865
RBM5	-3.155
RBM3	0.88
CNIH4	1.77
ADCK5	-1.29
ADCK2	1.46
ADCK1	-0.68
FBXO22	-0.905
FBXO21	-0.115
FBXO25	-0.345
NDE1	-0.785
RPL36AL	2.71
CBFA2T2	0.265
ASF1A	0.24
ASF1B	-0.995
TICRR	0.26
ZNF574	0.525
OSBPL1A	0.15
ALCAM	0.31
SP2	-1.205
SP3	0.99
SP4	0.8
PRPF40B	1.92
PRPF40A	-0.78
RNF219	1.28
SLAMF9	-0.505
RNF215	-0.435
SLAMF6	1.73
RNF216	-0.24
PXMP4	-0.375
RNF213	-1.485
NSUN2	-0.125
	1.9
	-1.1
	-0.735
RBMX	-1.16
MRS2	0.325
VPS37A	-0.41
TRPM5	-2.255
TRPM7	-0.15
	-0.73
RAB40C	-0.94
SPR	1.1
GSE1	-0.12
KIAA0556	-1.39
OXNAD1	1.24
LACC1	-0.04
	-0.325
ZNF106	-1.045
IFNAR1	-0.07
IDH3G	-1.8
RLF	-0.9
ABT1	0.925
MYCBP2	-1.24
	-1.275
ECHDC1	-0.16
DENND2C	-0.21
DENND2A	-0.65
PMM2	-0.415
PMM1	0.805
SEPT11	-1.64
SEC61A1	2.39
SEC61A2	3.03
YARS2	1.18
RBMS1	0.235
JAG2	3.315
JAG1	3.385
CHST12	1.74
BACH1	0.17
ARCN1	0.45
BCCIP	1.54
SRD5A3	0.01
SRD5A1	0.23
UGGT1	0.895
RFXANK	-1.255
ZNF519	-0.265
HAP1	-0.71
KIAA0430	-0.08
MKNK2	-0.565
MKNK1	1.35
	0.305
ZNF394	-0.74
ZNF496	-0.645
NSL1	2.22
UNKL	0.165
MOV10	-0.7
LRRC8C	0.815
HLA-DQA1	-1.005
RIT1	-0.195
TRIM56	-0.12
EARS2	1.29
CKAP2L	-1.145
FBXO2	1.88
FBXO3	0.015
FBXO4	-1.61
FBXO5	0.825
FBXO6	-1.87
FBXO7	-1.06
FBXO8	0.25
FBXO9	0.1
SWAP70	-1.535
MROH1	-0.64
RMND1	1.135
CAPNS1	-2.52
	2.09
MR1	1.27
RRP7A	0.47
TERF2	-0.075
	-0.22
TERF1	1.685
	0.975
LIMK2	-1.39
LIMK1	0.255
RBPMS	-0.6
RAB3A	-0.005
NAE1	0.215
MLF1	0.27
LENG9	0.79
RAB11A	-0.32
OSBPL8	0.155
OSBPL9	-1.475
CFDP1	-0.015
OSBPL2	0.525
OSBPL3	-3.74
ZNF746	0.885
	0.64
	-0.57
CBLB	-0.81
UGCG	2.385
RAB30	1.825
SAPCD2	-0.255
HAPLN1	1.75
APMAP	0.99
TNFAIP8	0.995
TNFAIP1	0.16
TNFAIP3	1.215
MTRF1L	1.48
	0.43
CA13	-0.87
AKIP1	-0.755
CEP68	-0.72
ARV1	-1.52
ATOX1	1.345
ALDH3A2	-2.58
FBXW11	0.935
DOT1L	0.055
	-0.89
FAM98C	-0.515
FAM98B	0.47
FAM98A	-0.935
ENPP1	1.575
PJA1	-2.045
PJA2	-1.495
ATP6V1D	-2.24
ATP6V1F	0.775
ATP6V1A	-1.28
ATP6V1H	-0.885
	0.895
	0.99
TMEM39A	1.85
IMMT	0.255
JTB	-0.905
METTL23	1.38
KIAA0232	-0.58
USPL1	1.51
PDPK1	-0.915
REEP3	0.7
REEP2	0.72
REEP5	1.0
REEP4	1.84
REEP6	1.995
CRKL	-0.075
KIAA1217	1.62
AP2A1	-0.445
IFT122	0.525
STAU1	-1.195
STAU2	-0.14
HEG1	-0.49
GTPBP2	-0.83
ATRN	0.47
BIN1	-2.685
BIN3	0.17
BIN2	-0.155
SUCLA2	0.175
KLHDC3	0.775
	2.005
PDCD10	-0.41
PDCD11	-2.845
PACS1	0.68
PACS2	-0.35
NIP7	1.09
TBL1XR1	2.175
AGAP2	-0.675
AGAP3	2.715
	-0.56
TBC1D8B	-0.235
ZWILCH	0.275
HTATIP2	-1.205
KNSTRN	-0.2
SIRPA	1.43
PPM1E	0.74
BRK1	0.095
DUSP5	1.64
EEFSEC	0.075
ASCC1	-1.045
DUSP6	1.37
DUSP1	-1.26
DUSP3	0.345
DUSP2	-0.85
RPL8	0.77
MFGE8	2.38
IRAK1BP1	1.57
PPM1M	0.97
ACYP1	-0.645
ACYP2	0.31
	0.28
OGG1	0.27
STOM	1.635
GPALPP1	-0.25
DLGAP4	-0.75
CC2D1B	-1.915
	1.12
HSCB	1.11
SMOX	0.86
ITFG1	2.035
COA5	1.14
COA4	-0.73
COA7	1.375
	2.055
COA3	0.39
PAK1IP1	0.23
TARS	-2.3
UBR2	-1.355
ACTB	0.64
TAF5L	0.685
UBR7	-2.61
UBR5	-1.49
LRBA	-0.595
VCPKMT	0.89
	1.645
EIF2S1	-1.29
FUT8	0.205
MIDN	0.64
CLPX	0.555
DSN1	-0.275
YARS	-0.9
CANT1	0.295
SDF2L1	1.245
MGRN1	-1.62
TGFBRAP1	1.74
UXT	-0.885
SLC25A3	0.285
	0.115
POLG2	0.5
SCCPDH	1.855
SLC25A5	-0.435
SLC25A4	0.545
C1orf174	1.17
FTH1	1.015
CACNG6	0.62
	1.91
RAC2	0.995
RAC1	0.465
PPP5C	1.555
ANGPTL4	1.38
LYAR	-0.7
C11orf58	1.96
CLCC1	0.005
ZNF48	1.055
TDG	-0.77
C6orf120	0.57
EID1	1.335
PYCR2	-0.355
PYCR1	-1.13
NMI	-1.35
LY6E	1.63
LY6D	2.285
SRF	-0.64
	4.06
NFE2L2	0.575
NFE2L1	1.635
SRI	-0.67
GK5	-2.55
SRL	0.695
SRM	2.95
GNPAT	1.435
RASGRP2	-0.535
RASGRP3	-1.16
KIAA1147	-0.55
DNA2	-0.46
PYCRL	1.87
SPIRE1	1.64
ATPIF1	0.29
CCSER2	2.12
EMC10	1.13
ZNF665	1.38
KIF13B	-0.635
SDHA	-0.895
SDHC	-0.23
SDHB	0.56
SDHD	0.795
	-0.52
TLE3	-0.445
RPS4Y1	0.51
LEPROT	1.29
ETAA1	0.03
ANKS1A	0.83
ANKS3	-0.34
HPGDS	-0.105
GRK6	-0.03
	-1.585
ANKH	-1.955
ATP9B	0.505
TADA2A	-0.375
DCTN2	-0.77
DCTN3	-0.93
DCTN1	-0.665
DCTN6	1.065
GORASP1	-0.09
DCTN4	0.285
DCTN5	0.675
DHDDS	0.465
ZNRF1	0.65
ZNRF3	1.605
ZNRF2	0.665
SLC38A10	-1.005
	2.795
C1orf54	2.215
GLRX	0.86
ATXN10	-1.675
C1orf52	1.42
ZNF839	-2.355
PLEKHF2	0.99
ZNF830	0.37
DUSP4	-1.12
FERMT3	-0.88
ERMARD	0.22
ATXN1L	-0.09
ETS2	-1.675
ETS1	-2.47
SEC22B	-1.81
SEC22A	2.21
PTPN18	1.505
PTPN12	-0.32
P4HB	1.55
CDIP1	0.725
ZFAND2B	-0.3
ZFAND2A	0.5
ITGB1	1.35
PIGA	0.865
ITGB3	-0.57
ITGB2	-3.175
ITGB5	-1.175
PIGF	1.275
PIGG	0.92
PIGH	0.55
TSR3	0.405
TSR2	0.56
PIGL	0.515
MMS22L	1.045
C14orf119	-0.16
PIGO	-1.2
PIGP	0.455
PIGQ	0.035
PIGS	-0.99
PIGT	2.77
PIGU	2.105
CAPRIN1	-2.65
PIGX	2.54
GOPC	-2.145
	-0.51
GNL3L	-3.4
DOCK8	2.12
ZNF768	1.46
TMX4	0.075
TMX1	-0.325
TMX3	1.135
TMX2	1.245
	-0.905
CDIPT	-0.085
ARL13B	-0.215
	2.29
BTF3	0.865
PPP2CA	0.025
PLCG1	-0.86
NAGA	0.825
	-0.27
LLGL2	-0.3
LLGL1	1.15
NOC3L	-2.6
C1orf35	0.79
SCD	0.38
PTAR1	-1.225
XYLT2	0.855
XYLT1	-2.09
ANXA2	-3.175
CBLL1	-1.185
KDELR2	1.39
OFD1	0.56
KDELR1	1.095
	-3.02
RAB11FIP1	-0.125
LRIG2	0.095
LRIG1	1.38
MORC2	-0.795
THYN1	0.385
	1.705
	-0.8
ANXA4	1.48
ARHGEF39	-1.175
PPP3CA	-0.785
PPP3CB	-0.115
	0.93
NCLN	2.38
ARFRP1	0.215
PTBP3	-1.79
PTBP2	-1.255
PTBP1	-1.63
ITPK1	-0.97
CHCHD3	1.325
ATP6V0D1	0.135
CHCHD6	-0.14
CHCHD7	-2.265
CHCHD4	1.25
	-1.235
LMO2	-1.615
LMO4	0.05
LMO7	-1.1
	1.58
PBXIP1	-2.13
GCLM	-0.855
GCLC	-1.15
ALDH2	0.4
NHP2	1.24
FAM173A	-0.685
IFT140	-1.295
TRIM28	-1.55
TRIM24	1.68
TRIM25	0.87
TRIM26	-1.36
TRIM27	0.7
MFSD2A	2.855
CTDSP1	1.23
ITPKC	0.17
FABP5	-1.2
SART3	0.245
SART1	-2.67
TTC5	-0.935
TTC4	-1.435
TTC7A	-1.105
TTC1	0.685
RPL7L1	-0.95
NELFCD	-1.85
TTC8	-0.14
DOLPP1	0.1
SUCLG1	-0.935
GATAD2B	-0.745
GATAD2A	-0.34
VGLL4	-1.6
LCMT1	0.05
UBE2D3	1.535
NUP50	-0.63
	0.55
NUP54	-0.6
ATL3	-0.96
ATL2	1.21
LDLRAP1	1.43
ZNF316	0.8
PEX26	0.065
DSCC1	-0.88
FARP2	2.475
RPL24	0.93
RPL27	0.39
RPL26	3.495
RPL21	0.4
RPL23	3.18
RPL22	0.7
TRIM14	0.28
BCAR1	0.535
BCAR3	-1.1
SORL1	-3.69
STRN4	0.545
STRN3	-1.165
ATP13A1	1.615
ATP13A3	0.82
ATP13A2	0.155
PMVK	-0.98
RANBP10	-1.23
PKD1	1.22
GPX1	1.465
B2M	2.605
GPX4	0.355
UNC50	0.55
THEM6	2.425
THEM4	-0.92
SPG7	1.625
UBE3B	-1.07
UBE3C	1.83
UBE3A	1.635
UQCRQ	1.605
HSPD1	1.095
UQCRHL	1.18
UQCRB	0.44
RMI2	0.86
METTL9	0.87
CEP170	-1.35
METTL1	-0.475
METTL2A	-0.585
METTL3	-0.49
METTL4	0.22
METTL5	-0.695
METTL6	-0.76
PHF3	-0.85
FASTK	1.37
CCAR1	-1.16
CCAR2	-1.595
UBP1	0.2
COG8	-0.6
AVEN	0.305
PTRHD1	-0.95
COG3	-0.08
COG2	0.455
COG1	0.835
SZRD1	-0.23
FLI1	-0.76
COG6	0.715
COG5	-0.81
COG4	-0.695
SC5D	1.685
MAGEE1	-1.9
LSM5	2.62
	2.185
TAP1	-0.45
UBAP2	-2.655
UBAP1	-0.215
TAP2	-0.615
KLHL42	1.675
POLE4	1.675
FLII	-0.605
POLE2	-2.1
RAB10	-0.685
RAB12	0.585
	1.04
SIKE1	0.925
GNG10	2.54
GNG12	-0.305
RAB14	0.085
ATRIP	0.325
TFRC	2.31
ARHGAP11A	-0.55
MIEN1	-0.22
	1.08
HPSE	-1.215
ST7	0.945
MIPOL1	-0.455
P2RX4	0.74
PSKH1	1.635
MPHOSPH9	-1.19
MPHOSPH8	-1.695
KLF11	-1.33
KLF10	0.13
	0.855
TFG	0.655
MPHOSPH6	-0.07
NCL	-6.05
KCTD3	-1.3
DTL	-0.615
PHB2	0.96
ALS2	-1.89
HPS5	-1.36
HPS4	1.75
WDFY4	-0.47
HPS1	-2.02
WDFY2	-1.15
HPS3	0.0
BRIP1	-1.23
LAMTOR4	0.245
LAMTOR5	1.82
ORC1	-1.785
LAMTOR1	0.57
LAMTOR2	0.595
LAMTOR3	1.81
DHX58	-2.58
FAM133B	0.855
CBL	-1.685
FAM199X	1.03
ZNF277	-2.27
UCK1	0.18
UCK2	0.685
APEX1	-0.82
ZNF148	-0.435
ZNF143	-1.45
ZNF142	-0.18
	0.755
ZNF146	-0.94
PUS7L	-0.185
SOAT1	-1.25
	0.23
IAH1	-1.77
C17orf49	0.18
LDLR	1.81
ILVBL	1.18
	1.44
	0.275
	-1.685
	-1.825
PPTC7	1.43
HIST1H4C	2.92
SLC7A6OS	-0.035
RNASEH2A	-0.28
KBTBD7	-0.5
KBTBD4	-0.885
KBTBD3	-0.77
KBTBD2	-0.17
GLG1	0.48
PIP4K2A	0.8
KBTBD8	0.8
PRELID1	-0.195
METTL7A	-0.7
RCE1	1.555
ATP7A	0.05
NEU1	1.785
RSAD1	0.18
ZNRD1	-0.51
SLC8B1	1.575
GPD1L	2.135
IP6K2	-2.69
IP6K1	-0.99
NME6	0.58
NME7	-1.135
NME1	0.275
NME3	-0.245
HAT1	1.015
ARPC5L	-0.54
EAPP	-2.215
SFPQ	-2.11
SLCO4A1	0.41
	1.05
	-1.22
PGRMC2	3.355
PGRMC1	1.43
	1.045
HID1	0.18
	1.75
LRRCC1	1.22
BLVRA	-2.55
ZDHHC1	0.145
ZDHHC3	-0.045
ZDHHC2	0.49
DDIT4	-3.21
ZDHHC4	-0.66
ZDHHC7	0.18
ZDHHC6	-0.28
ZDHHC9	1.065
ZDHHC8	0.86
VPS18	-1.2
RAP1GDS1	0.145
CST3	2.485
	-0.845
	0.875
GTF2F1	-2.46
PDCD5	1.68
GTF2F2	0.665
R3HDM2	-0.58
AP4B1	-0.08
LRRFIP1	-0.735
	-1.96
	0.82
MLEC	0.735
PDSS2	0.055
PDSS1	1.35
SPTAN1	-2.26
CASD1	-1.13
HIVEP1	0.535
HIVEP2	-1.63
DONSON	0.575
	-1.64
ZNF703	1.125
	0.93
ZNF707	0.39
SF3A3	-2.085
REPS1	0.435
ABHD11	1.58
ABHD12	-0.525
ABHD13	0.335
BBC3	0.79
	-0.405
CCT8	0.865
CCT2	0.6
CCT3	-0.78
CCT7	-0.695
CCT4	-0.62
CCT5	-1.145
DTYMK	0.05
ARPC2	-0.79
FBXO30	0.11
CREBZF	1.625
FAM129C	-0.21
ARPC4	0.145
	-0.99
NOTCH1	-0.35
NOTCH2	1.685
MEST	-0.77
RPS19BP1	0.81
SKIV2L	-0.22
BPHL	-0.83
	1.68
VAMP1	-0.25
VAMP3	0.82
VAMP2	2.515
VAMP4	0.385
AMER1	-0.395
CERK	0.105
	-0.295
SEC14L1	-1.905
	-0.585
	-0.75
ISYNA1	-0.57
MYL12B	0.535
	-1.095
MCM7	-4.065
MCM6	-1.79
MCM5	-3.265
MCM4	-3.755
MCM3	-1.245
MCM2	-2.175
FADD	0.24
COX7B	1.61
MCM9	-0.155
MCM8	-1.6
NXT2	2.215
CECR2	-1.295
SPRY2	-0.08
MRPS14	1.24
TMEM30A	1.62
LMAN2L	0.125
DALRD3	0.835
FAM107B	0.8
MEPCE	-0.625
CROT	-1.41
RNF114	-0.74
RNF115	-1.585
HUS1	-0.705
FOXN2	-0.675
	0.41
PCMTD2	0.095
GFER	0.975
PCMTD1	-1.09
CHORDC1	0.925
CYP51A1	0.465
	-0.185
FBXL12	0.93
FBXL15	1.215
FBXL14	1.75
FBXL17	0.38
FBXL19	0.9
FBXL18	-0.625
ZNF281	-0.045
ZNF282	-1.06
KATNB1	-1.69
NUP37	-0.61
NDFIP2	2.755
NDFIP1	1.125
NIT2	-0.52
NIT1	-0.76
PTK2	-0.59
GLOD4	-2.53
CD2AP	0.99
PYGB	-0.475
HECA	-1.135
ODC1	-0.94
PFAS	0.025
GRAMD3	0.105
MTPN	1.695
MYBPC2	-0.65
DGUOK	-1.08
PDAP1	0.57
HACE1	1.03
EXT2	0.735
LONRF1	0.95
DGAT1	1.47
TMPPE	0.69
MADD	0.36
RNF31	-0.295
BAHD1	-1.135
SPEN	-1.28
KDM8	-1.575
MDP1	0.745
ORMDL2	1.54
ORMDL3	2.5
MAT2B	-1.185
FKBPL	-2.05
	-0.29
GEMIN7	1.265
GEMIN4	0.745
GEMIN5	2.42
SPPL3	1.32
SPSB3	0.8
SPTSSA	-2.21
CMSS1	1.885
CTXN3	1.38
PHF14	-0.285
DDX49	-0.23
PHF10	-1.695
PHF12	-1.275
PHF13	0.975
PHF19	-1.98
PPP1R8	-1.345
MOSPD3	3.085
MOSPD2	-1.565
CSRP1	1.44
CSRP2	2.07
GEN1	-1.12
CEP152	1.325
	0.885
FKBP4	-0.02
DDX41	-0.19
FKBP7	0.93
ACADSB	-0.27
FKBP3	-1.785
KANK2	0.45
FKBP8	-0.565
PDHX	1.59
CTSC	2.56
ZNF628	-0.03
WASF2	-1.235
TRAPPC8	-0.69
SRGAP2	-0.335
PSAT1	-0.79
	0.41
PDHB	1.24
NIPBL	-1.165
PRKCSH	1.03
C3	-0.185
TRAPPC3	-0.54
MCUR1	0.69
CCHCR1	-0.87
TRAPPC5	0.645
CARS2	2.315
AP1S1	0.155
AP1S2	-0.405
AP1S3	0.23
CAPN7	0.105
	0.085
	2.49
CS	-1.375
TM9SF1	1.675
NOP9	1.5
GNS	0.85
BLCAP	1.92
CENPM	0.255
CDCA2	-1.275
CDCA3	0.765
ZNF516	0.15
ZNF511	2.105
CDCA4	-1.56
CDCA5	-0.805
CDCA8	-1.235
KRBA1	-1.45
PEMT	1.43
FZR1	-1.475
ATAD5	-2.64
RBKS	-0.105
MED29	2.1
MED28	0.875
MRM1	0.86
MED21	1.63
MED20	0.165
RASSF3	0.195
	-1.03
RASSF5	0.23
MED24	0.1
MED27	-0.27
RASSF6	0.52
	-0.32
DNM2	-2.17
SPHK2	-0.605
	-0.855
IQCB1	1.055
GRTP1	1.17
DVL2	-1.645
DVL3	0.765
REV3L	-0.41
UCHL5	0.93
KLHDC10	1.705
UCHL3	0.305
FAM171B	1.255
MEAF6	1.65
	0.05
CENPW	1.37
TMBIM6	0.6
TMBIM4	0.975
CENPU	-0.83
TMBIM1	0.03
C16orf70	-1.05
COMMD10	-0.12
TVP23B	1.95
CKAP5	-2.73
PEF1	-0.295
NDUFAB1	1.06
NHLRC2	0.17
SCAND1	1.085
IST1	-1.87
CASKIN2	1.86
ZMPSTE24	1.41
RCC1	-0.745
RCC2	-2.01
TIRAP	0.79
EML2	-2.375
EML3	0.595
EML4	0.62
EML5	-0.095
	-0.535
ATP5J	-0.665
AFG3L2	1.065
ATP5O	-0.14
ATP5B	-0.41
PUS10	-0.3
	-0.515
ATP5D	0.08
ZNF3	-0.835
TXLNG	1.19
CEPT1	0.935
TXLNB	0.15
TXLNA	-2.185
TJP2	1.48
HSPBP1	1.3
	-0.745
CPEB4	0.735
RPA1	-2.725
RPA3	1.615
RPA2	-0.715
PLK1	-0.005
TMEM177	0.79
TMEM175	-1.165
TMEM173	0.49
C2CD3	-1.73
SPINT2	2.36
IFT27	-0.03
IFT20	1.115
IMMP2L	1.605
	-0.26
RAP2C	-0.525
PLEKHJ1	2.11
	1.33
PDXK	-0.14
ELF1	-1.08
ZKSCAN3	-0.555
YIPF2	-0.55
YIPF5	1.175
YIPF4	0.655
YIPF6	0.355
PPT1	-1.02
PPT2	0.15
TRIM65	-0.87
SLC26A2	-0.32
SLC26A6	-0.275
IER5	0.355
SFR1	0.085
	-0.295
MAGOH	0.73
	-2.4
HIST1H1C	0.855
JUNB	-0.855
WWP1	0.57
LIME1	2.32
FTSJ3	-2.43
FTSJ1	-0.265
	-1.505
DAD1	2.53
CBR4	-0.535
CENPC	-2.315
THOP1	0.805
	0.86
	-0.925
	0.905
KSR1	0.705
EXOC2	-0.24
EXOC3	-0.465
EXOC1	-2.045
EXOC6	-0.145
EXOC7	1.15
EXOC4	-1.955
EXOC5	-0.855
EXOC8	0.49
	0.93
C19orf54	-0.5
RRM2B	-1.62
UQCRFS1	1.65
NFXL1	-1.29
SNRPA1	1.155
ZNF18	1.87
RICTOR	1.945
DHX8	-0.95
DHX9	-3.405
METAP1	0.675
METAP2	-0.7
ZNF585A	-0.21
ZNF778	-1.42
COTL1	1.465
	-1.03
	2.755
	1.715
TMEM241	-0.3
	1.68
WDR35	-1.825
WDR34	0.325
WDR37	-0.14
WDR36	-0.13
PINX1	-2.165
WDR33	-0.02
RPE	0.445
VWA8	1.33
GMPPA	-0.155
GMPPB	-0.605
BCORL1	1.285
PTCH1	-0.275
YME1L1	-1.605
TMEM203	1.22
WIZ	1.815
SHARPIN	0.64
FDPS	0.48
XPC	-0.04
CMPK1	0.365
XPA	1.18
GPANK1	-0.015
PDLIM7	-0.315
SUDS3	-0.015
TEN1	-1.135
CNOT6L	-0.375
SUPT4H1	-0.015
CYBA	1.62
C5orf51	0.095
BFAR	0.625
SMARCAD1	2.18
FAF1	-0.35
FAF2	-0.495
TIAM1	0.07
ANKRD37	-1.445
ANKRD39	-0.35
MAPKAP1	-0.64
ZNF7	-0.21
ZFP1	-0.68
RNF130	2.175
RNF135	-0.21
RNF138	0.88
RNF139	1.15
ITGB1BP1	-0.94
APLF	-0.105
PCK2	-3.6
RPP40	0.99
PTER	0.32
TBC1D23	-0.65
PTEN	0.85
TBC1D20	0.33
RELN	-0.605
TBC1D25	1.595
GRN	2.08
RELB	-0.61
RELA	-1.02
ZNF266	1.37
DHX40	-1.73
IER5L	0.985
C9orf16	2.06
	-0.475
	-0.56
	-2.545
MTRR	-0.31
	-3.025
	0.005
RMDN3	-0.315
FRG1	-2.265
WTAP	2.02
COX5A	0.69
	1.255
FRMD8	-2.965
MPV17L2	-0.225
OCEL1	-2.58
FRMD6	0.23
	0.405
MSL1	2.47
MSL2	-1.03
MSL3	0.465
	0.505
CCP110	-0.285
PAFAH2	-0.51
GPT2	-0.9
LARP4B	-0.105
CHFR	-1.065
ATAD2B	-0.575
E2F7	-1.465
E2F6	-1.87
E2F5	0.38
E2F4	-0.64
E2F3	-1.175
TMEM126A	-0.425
TMEM126B	0.19
JARID2	-0.185
TOP1MT	1.305
E2F8	-1.26
BRAF	-0.41
BOLA1	0.78
BOLA3	-0.385
	1.54
KATNBL1	2.21
GUF1	3.205
RABGAP1	-0.755
	0.925
CEP135	-0.535
ARRB2	-1.245
NOD2	1.62
GMEB2	0.05
GMEB1	-0.275
	-0.31
	0.815
PGLS	0.495
	-0.535
PNPO	-0.72
RAD17	-0.135
KRCC1	-0.99
PI4K2B	0.015
PI4K2A	-0.02
GTPBP4	-1.045
GTPBP6	-1.265
GTPBP1	-0.155
GTPBP3	1.355
AP2A2	0.5
KLHDC4	-0.705
KLHDC2	-0.555
GTPBP8	0.39
XBP1	-2.23
TPST2	1.73
TPST1	1.81
	0.375
KLC4	0.195
	1.26
UBXN11	1.61
SEC11A	1.72
HSPA13	1.595
SEC11C	1.86
	0.32
TOMM7	0.48
ARPP19	1.58
ILKAP	0.68
KLHL6	-4.465
MGA	-0.11
	1.17
TBP	0.375
ARL14EP	-1.21
MRGBP	1.71
RREB1	-1.315
SMC1A	-3.13
ADNP	-0.885
TRABD	0.305
SLMAP	-1.13
RAI1	0.74
GOLGB1	-1.165
CFP	1.375
FAM118B	1.09
CGRRF1	1.48
KIF21B	-0.795
CDC42BPG	-0.975
CDC42BPA	0.585
CDC42BPB	-2.38
PDZD8	-0.155
ZFP41	-0.3
BAK1	0.3
ALG10	0.585
PHF8	-2.11
CACUL1	1.815
PHF6	-0.275
PHF2	-0.77
HSDL1	-0.7
	0.86
	-0.185
TNPO2	-1.345
TNPO3	-0.12
TNPO1	0.16
ANKZF1	-0.73
CDKN2AIPNL	1.56
FHIT	0.815
PLA2G12A	0.825
APC	1.595
	-1.36
ABCB7	1.395
ABCB6	1.98
MIS18A	-0.57
ABCB8	-0.94
	-0.04
SLBP	-2.295
ARPC3	-0.975
ARPC1B	0.03
ARPC1A	0.515
PDIA4	1.945
PDIA3	1.25
ARPC5	-1.23
CHSY1	1.17
ITPR2	-0.625
ITPR3	-0.49
ITPR1	-0.605
	0.015
SPATA13	1.24
IFT46	-1.1
RUNDC1	-0.91
SFT2D3	0.65
SFT2D2	-1.285
DAPP1	-0.65
PAX5	-0.76
TXNDC15	1.645
MPHOSPH10	0.405
FLYWCH1	-0.99
	0.13
U2AF2	-1.74
STOML2	0.24
HIST1H3H	-1.41
HIST2H3D	1.68
HIST1H3D	2.175
HIST2H3A	0.94
HIST1H3J	-0.595
HIST1H3A	-0.585
HIST1H3I	1.075
TELO2	-0.455
HIST1H3E	0.56
HIST1H3F	0.865
PAIP2B	-0.425
LEMD2	0.205
TRAPPC9	-0.28
TCEANC2	-0.88
SLC9A5	0.86
TRAPPC1	-0.72
RTCB	0.105
RTCA	1.58
VCL	1.34
TRAPPC4	-0.75
VCP	-2.19
CAPN2	0.09
CAPN1	-2.48
	0.395
	0.845
NSD1	-0.84
MTOR	0.385
	-0.305
	-1.67
TAS2R38	1.86
CHAC2	2.01
TIMM17B	0.52
TIMM17A	1.49
GLRX5	1.67
GLRX2	-0.035
GLRX3	-0.525
ARFGEF1	0.72
ARFGEF2	0.1
TMEM167B	0.02
GID4	0.275
ZRSR2	-0.285
PELI1	0.76
MBLAC2	-1.33
SPDL1	0.83
SYMPK	-0.545
GID8	0.15
GTF3A	1.925
GMPR2	-1.625
	1.31
GATC	0.33
NRD1	-2.025
GOLGA2	-0.47
WDR13	1.17
WDR12	-0.3
WDR11	0.88
LAIR1	1.43
WRAP53	0.33
WDR19	0.23
WDR18	-0.695
ANO6	-0.62
C17orf53	-1.045
BUB1	-0.85
BUB3	-1.295
	0.365
RAD18	-0.125
ABLIM1	-1.125
ATXN7L3B	-0.54
CDC25C	-1.105
CDC25B	-2.37
CDC25A	-2.43
FAM207A	0.475
	2.025
ZGPAT	-0.34
MTIF3	0.18
MTIF2	-1.16
ZNF436	-1.07
SLC10A3	1.3
OMA1	-0.825
NEDD9	-1.555
CD164	3.05
ZFYVE21	0.23
ZFYVE27	0.31
ZFYVE26	-1.92
UQCC1	-0.475
GOLPH3L	-2.305
EFTUD2	-1.805
UQCC2	0.34
SRPK1	-0.33
CSNK2B	-0.385
ABRACL	0.68
SRPK2	-0.74
NEDD8	0.815
NCF2	-1.405
NCF1	0.7
SLC10A7	0.195
SRPR	1.345
NCF4	-1.315
NEDD1	-1.14
GRINA	1.545
	-2.88
SEC62	0.445
SEC63	1.51
SYPL1	-1.05
	1.505
RNF38	-0.135
ANKRD16	-1.32
ANKRD17	-1.95
RNF34	-0.58
HDGF	0.31
ANKRD12	-1.35
ANKRD10	0.855
ANKRD11	0.43
YWHAZ	1.85
FOXJ3	0.05
SPCS2	0.835
SPCS3	1.555
YWHAH	-1.54
YWHAB	-0.65
BCL9L	0.42
CWF19L1	-1.0
	1.185
YWHAE	-0.725
TMEM106B	0.475
GIGYF1	-0.495
GIGYF2	-0.145
RPP21	0.695
PCM1	-2.155
CDYL	0.455
MYO9B	-1.05
MYO9A	0.755
ZNF248	1.1
HMBOX1	-0.775
GOLPH3	0.92
HARS2	0.365
NUP205	-0.43
	-0.06
SH3GLB1	-0.565
SH3GLB2	0.485
	0.86
MTTP	0.38
	1.02
	1.425
RABGEF1	-0.125
BCAT2	-0.515
BCAT1	-0.885
DUSP28	0.93
CIB1	0.095
DUSP22	2.44
ZBTB12	0.32
	-0.775
HERPUD1	-0.495
C1orf43	0.69
PHF5A	2.105
MED11	-0.26
ZFPL1	0.14
KHDRBS1	-1.405
PLIN2	1.605
PLIN3	-0.055
MCTP2	-0.19
ZBTB18	0.85
	2.575
TFB2M	0.93
SAFB2	-1.725
MKLN1	-0.64
ISG20L2	0.08
BCR	0.34
MAP4K4	-0.535
CHD1	-1.125
SPIDR	-1.67
CHD3	-1.485
CHD2	-0.5
ZC3H7B	-1.305
ZC3H7A	-0.965
CHD6	-2.38
CHD9	-1.745
CHD8	0.3
YWHAG	0.56
NOB1	-0.33
PPP6R2	0.19
PPP6R3	-2.29
PPP6R1	-0.45
CWF19L2	-1.33
IPO11	0.96
IPO13	0.8
ING4	-0.435
ERP44	0.91
FYTTD1	0.3
FH	-0.915
TMEM106C	-0.33
FLCN	-0.91
ING1	-0.535
COIL	-1.55
ENC1	1.1
THRAP3	-2.5
TECPR1	0.49
TECPR2	-0.76
PRAF2	2.07
DICER1	-2.825
RAP1B	0.365
EBP	-0.285
GLO1	0.745
NGRN	-0.755
RACGAP1	-1.615
CNPY4	0.065
CNPY3	0.73
CNPY2	-0.47
	0.69
CDC42SE1	-0.8
SMG5	-1.05
SMG7	1.035
SMG6	-1.715
SMG1	-0.74
ADH5	-0.585
ANKFY1	-1.535
KIAA1109	1.505
SMG9	-0.495
SMG8	0.685
EDEM2	0.18
EDEM3	-0.765
EDEM1	0.555
ATP2C1	0.065
KYNU	-0.2
XXYLT1	1.29
EGR2	-0.83
EGR1	1.945
TRADD	-2.375
	2.44
UHRF1BP1	-1.435
ME1	0.83
ME2	0.495
FAM193A	-1.65
	-0.695
HSBP1	-1.585
WDR7	0.89
BRMS1L	-1.415
SRXN1	-1.505
AASDHPPT	2.1
CCDC77	-1.37
RASD1	-0.6
	-0.405
SGTB	0.79
SGTA	0.2
MRI1	-1.335
EPG5	-0.71
NFATC1	-1.65
NFATC2	-0.45
NFATC3	-0.62
B3GALNT2	1.54
LARP1	0.555
TSPAN13	0.28
TSPAN14	0.96
NRBF2	0.65
SOWAHC	0.22
ESPN	2.02
FLAD1	-0.22
	2.12
NDUFA10	0.845
NDUFA11	0.72
NDUFA12	0.135
NDUFA13	0.67
WEE1	-2.065
AP5B1	-0.01
GPATCH11	-1.535
DET1	0.655
ABCD3	0.66
ABCD4	-1.095
CLSTN2	-2.505
TMEM131	1.35
POMP	-0.665
SLIRP	-1.385
TMEM135	1.585
TMEM138	-0.35
NDUFAF5	1.28
MOCS2	1.285
NDUFS2	0.905
NDUFS3	-1.105
NDUFS4	0.525
	0.49
NDUFS6	0.79
NDUFS7	1.755
NDUFS8	-0.07
ATP6V1B2	-1.035
	3.9
POMK	0.6
TP53I13	1.12
ATP1B3	0.015
LRRC24	0.11
ARFGAP2	-1.215
CLPTM1	0.92
ARFGAP1	-1.115
MVB12A	0.185
ZFP36L2	2.865
LARS	-3.19
	1.88
GAS2L3	-0.2
MED13L	1.265
LIMA1	-0.32
CCNY	1.05
	-0.67
CCNF	-1.225
CCNC	0.725
CCNH	1.185
CCNJ	0.79
CCNK	-1.73
	0.49
HNRNPA0	1.49
SIVA1	-1.95
WBP2	0.57
CACTIN	0.625
PLEKHN1	0.56
WBP4	-1.74
PTDSS1	3.175
PTDSS2	-0.42
	-1.42
ASAH1	0.79
ASAH2	0.23
C1GALT1C1	1.315
PICALM	0.665
CDC5L	-2.89
ROMO1	2.79
HIGD2A	1.36
PELO	-0.885
RINL	2.3
HIST1H3B	2.33
HNRNPAB	-0.215
IMPACT	0.275
TSEN34	-0.74
TMEM128	1.565
SYNJ1	0.02
SYNJ2	1.155
	-0.185
DNAJB9	0.025
FBXO28	-1.85
DNAJB1	-0.345
DNAJB4	-0.295
WDR78	0.595
XRCC1	-1.215
WDR70	-0.74
WDR73	-0.77
XRCC2	2.3
XRCC5	-1.565
WDR74	-0.465
WDR77	1.135
WDR76	-0.71
HMCES	-1.88
CAMSAP2	0.02
CAMSAP1	1.305
PTCD2	-0.09
	1.48
ATP5J2-PTCD1	-0.705
HS6ST1	2.485
TDRD3	-0.005
TDRD7	0.24
SRP68	-1.53
ATP6V0A1	-0.08
ATP6V0A2	-0.08
SP1	-0.635
B3GAT3	-0.5
ZNF253	0.18
ZFP64	1.235
ZFP62	-0.92
	1.845
AHDC1	-0.65
NCDN	-1.61
TOR4A	0.79
GFOD2	1.88
GFOD1	0.23
PLCG2	-0.805
USP9X	-1.195
MFAP3L	0.98
MCCC2	-0.125
MCCC1	0.555
RNF14	-0.1
RNF10	-0.99
RNF13	0.82
SRRT	-2.765
SLAMF7	2.62
RNF214	0.16
SRRD	0.14
ANKRD13C	0.345
ZNF329	0.23
ANKRD13A	0.93
ZNF326	-0.01
ZNF324	0.57
GGNBP2	-0.79
DDRGK1	0.42
SPATA2	-0.905
SPATA5	0.095
RAB3IP	-0.375
VIM	-4.575
MZT1	1.1
MZT2A	-0.54
CSNK1A1	-0.755
SESN2	-0.595
SESN3	-0.71
CD3EAP	0.98
COX18	1.06
SSR1	1.065
SSR2	2.555
SSR3	1.825
SSR4	1.855
FOCAD	1.175
COX10	0.47
COX11	0.13
COX14	0.54
COX15	-0.24
COX16	-0.72
ICMT	-0.23
ETFDH	-2.53
PFKP	-3.105
PFKM	1.605
PFKL	1.52
CDADC1	-0.79
OSGIN2	-0.575
	2.815
JRK	0.79
UNC13A	0.86
	0.79
MSH2	-1.965
MSH3	-1.65
VPS37C	0.13
VPS37B	-1.355
MSH6	-3.79
MAPKAPK3	-0.04
MAPKAPK2	0.59
	-0.005
CLDN12	1.29
PPP1R3F	1.17
DIS3	-0.725
ANXA5	-0.105
SH3BGRL3	1.16
ANXA7	-1.495
ANXA6	0.745
ANXA9	-1.0
NENF	1.11
RAD51AP1	-0.425
	-2.6
	0.04
ZC3H14	-1.05
ZC3H18	-1.175
BAP1	0.055
RIOK3	-1.06
RIOK1	0.08
BBIP1	0.195
MRPS18A	1.105
MRPS18B	1.76
MRPS18C	1.235
BAD	0.82
DDX59	0.325
FIGNL1	-0.245
HMMR	-2.375
TOE1	0.145
NIPSNAP1	-0.2
EOGT	-0.47
CIITA	-2.01
PPP1R37	0.95
PPP1R35	0.035
PLAGL2	-0.25
BRMS1	-0.92
PYROXD1	-1.935
RC3H1	0.88
SLAIN2	0.91
MAD2L1BP	-0.425
ENO3	1.845
ANKLE1	-0.13
DXO	-0.73
ANKLE2	1.87
SYNGR1	0.69
SYNGR2	2.8
MBD5	1.86
MBD4	-0.835
MBD6	-0.65
MBD1	-1.315
MBD3	-1.1
MBD2	1.03
GLMN	-1.215
	0.145
ARHGEF6	-1.445
ARHGEF7	0.98
ARHGEF2	-2.405
ARHGEF1	-1.285
MIEF1	1.72
MIEF2	-0.73
UNG	1.285
POLRMT	0.425
UNK	-2.86
DIDO1	-0.99
TRMU	-1.99
	-1.04
MCM10	-0.55
NUP210L	0.85
PAIP2	0.17
PAIP1	-1.175
FUNDC1	-1.685
TYW5	-1.15
TYW1	0.375
BDH1	0.2
TRAF1	-0.795
TRAF2	-1.235
TRAF4	1.715
TRAF5	1.24
ATP2A2	0.565
ATP2A3	-0.42
PNPT1	0.435
ACIN1	-1.55
TMEM9B	-0.65
MCU	0.57
ATP8B2	-0.2
KIAA1191	1.27
MUTYH	0.4
PRKACA	-0.985
NR3C2	0.15
SLK	-0.51
CHD4	-5.095
XK	2.505
ST6GALNAC4	2.155
CHD7	1.39
TMEM97	2.12
	0.18
SH3KBP1	-1.78
FLOT1	-1.14
PSRC1	-0.39
DCAF5	-1.445
LCLAT1	2.03
RNPEPL1	-1.08
AKR1E2	-1.225
UPF1	-2.335
ACTR8	-0.985
ACTR6	-1.63
ACTR5	-0.585
ACTR3	0.475
ACTR2	-0.77
	-0.71
CCDC51	-1.01
GALNT12	-0.23
CCDC57	0.93
CCDC58	1.47
CCDC59	1.165
ANKMY2	-2.21
ARAF	-0.57
KIN	-0.535
NUCKS1	-0.985
PTTG1IP	-0.125
ATM	-1.75
POU6F1	-1.39
ATR	-1.585
KTI12	1.92
NT5DC3	2.23
NT5DC1	-0.285
ABCF3	-1.675
ABCF2	-3.96
ABCF1	-3.4
ALMS1	-0.415
MAGI3	0.29
BLMH	-2.13
SLC6A12	4.465
CHEK2	-0.955
TDP1	-2.05
CWC15	0.68
CHEK1	-0.54
	-0.97
PPFIA1	-0.435
CCDC85C	-0.145
CCDC85B	0.38
TNNT3	-0.3
SET	-0.105
	-0.06
LRRC41	2.78
LRRC40	-0.6
LRRC42	0.04
LRRC45	-0.01
UTP23	-0.13
LRRC47	1.76
LPIN2	0.18
ZBTB7B	-0.21
VGF	-0.04
ST8SIA4	1.09
THEMIS2	0.79
CBX7	0.325
CSE1L	0.325
CBX5	-2.08
CBX4	-0.545
CBX3	0.41
CBX2	-0.585
CBX1	0.365
FURIN	0.755
CDC73	0.765
GCFC2	-0.845
SLC43A2	1.15
ENKD1	0.65
TMF1	1.08
	-1.55
CDCA7L	-1.92
PCYOX1L	1.43
TRAPPC6A	0.05
UTP14C	-2.015
	-2.02
EIF2B3	-1.23
AP3D1	-0.94
	-0.19
CRAT	-0.74
NCKIPSD	1.65
TSEN15	0.02
IFI35	-0.93
MLH1	-2.1
CREBRF	0.34
MDM1	1.33
MDM2	-0.64
MDM4	-0.16
PKNOX1	-0.47
AREL1	0.37
CDAN1	0.06
SLC44A1	2.06
WDR55	0.325
LAPTM4A	0.465
PIK3CA	0.965
PIK3CB	-1.63
PIK3CD	0.905
ATRAID	1.07
WDR59	0.195
PIK3CG	-2.79
NXF1	-1.245
MAPKBP1	1.38
ATXN7L3	-0.385
ATXN7L2	-0.125
ATXN7L1	-0.65
NCAPH2	0.27
UEVLD	-0.21
CIAO1	-0.57
TOX4	0.685
SCRN3	-1.16
PIK3C3	-1.565
COPA	-1.015
IL4R	2.17
EIF2B4	0.41
EIF2B5	-0.245
EIF2B2	-2.275
ZNF692	-0.9
RIBC1	0.15
EIF2B1	1.23
PCF11	-0.195
	-2.485
	0.485
RAD52	-2.215
RAD51	-0.25
	-1.83
RNF19B	1.615
RNF19A	-0.245
ANKRD52	0.76
ABHD17A	0.125
NKIRAS1	0.18
ABHD17C	2.085
ADIPOR2	1.815
GDAP2	-0.045
ANKRD54	-0.165
ADIPOR1	-0.14
ARL15	0.075
FAHD1	-0.7
MCEE	-1.39
ZNF341	0.69
KPNB1	-0.93
ZNF346	0.24
TAPBP	1.85
	4.56
NMRAL1	-2.77
NUBP2	-1.15
NUBP1	-0.73
DHX29	-0.725
AMN1	1.21
MYO5A	-0.85
ZNF207	-1.8
CDK19	1.36
ARID5B	-0.77
ARID5A	-0.96
	0.645
CDK12	-0.28
UNC119	2.34
CDK10	-0.55
CDK16	1.18
CDK17	-0.06
CDK14	-0.47
TCIRG1	-0.7
HGSNAT	0.785
CCNA2	1.205
METAP1D	-0.12
CAB39	-1.04
PRPF4B	-2.245
NUBPL	0.57
	-0.625
HIST3H2A	2.195
CNR2	0.23
CASP8AP2	0.01
DCAKD	0.425
PSMC3IP	-1.02
	0.65
NUDT13	0.61
RCOR1	-1.855
CLTA	-0.5
CLTC	-4.58
CLTB	1.28
SERPINI1	1.005
NUDT19	-0.39
PKN1	-0.03
NAGLU	0.525
PKN2	0.385
LAPTM5	1.34
CIRBP	-1.295
GINM1	0.285
RPS6KA1	1.14
RPS6KA3	0.635
RPS6KA4	0.345
RPS6KA5	0.79
UQCR10	2.35
UQCR11	0.88
STAMBPL1	0.29
MORC3	1.38
SLC3A2	1.73
BLOC1S4	0.745
CXCL10	1.82
SHPRH	-1.225
PPP1R11	0.17
PPP1R10	-0.71
ALKBH8	-1.065
ALKBH6	-1.655
PPP1R18	-0.47
ALKBH4	-0.715
ALKBH5	1.67
ALKBH2	0.055
ALKBH3	-1.03
ALKBH1	-0.435
ZKSCAN1	-0.805
PIK3C2B	-1.785
SHOC2	0.295
TOR1A	2.075
RSL24D1	1.585
COMT	1.73
DR1	0.895
GADD45GIP1	0.3
GLCE	0.835
EEF2K	-1.605
HAGH	-0.49
PNN	-1.435
DNAJC30	0.19
PUF60	-0.3
TNNI2	-1.0
EIF4EBP2	0.925
MAN2B2	-1.62
PAXBP1	-0.415
PHKA1	-1.395
PHKA2	-0.825
NRROS	0.56
HSP90AA1	-2.51
	0.895
YPEL5	-0.4
ERO1L	1.14
ZNF598	1.33
	-0.3
MINK1	0.225
ZNF597	0.185
ZNF592	-1.76
ZNF593	0.665
GRWD1	0.795
ZMYND8	-1.465
	0.645
TSC2	-0.335
TSC1	-0.63
TAF7	-1.22
TAF6	-0.32
TAF5	0.195
SNW1	-0.795
TAF3	1.265
TAF2	-0.625
TAF1	-0.525
ACTR10	-0.62
MAX	-1.18
SMC3	-2.37
SMC2	-2.165
SMC5	-0.655
SMC4	-1.175
TAF8	-1.085
MAP2K3	0.82
MAP2K2	0.24
MAP2K1	-2.29
MAP2K6	2.48
MAP2K5	-0.585
MAP2K4	0.885
CASK	0.24
CAST	-0.885
INSIG2	-0.255
INSIG1	1.245
LTV1	0.61
IL6ST	-0.14
ACTR1B	1.49
ACTR1A	0.23
MORF4L2	-0.595
MORF4L1	0.4
CFL1	0.35
GALNS	1.495
TBL2	2.125
TBL3	0.995
DISP1	-0.475
KDM5A	-1.27
C11orf24	1.235
KDM5C	-0.025
OTUD7B	-0.105
C15orf57	0.06
EPC2	-1.525
CSRNP1	-0.445
CCDC34	-1.095
EPC1	0.85
GTF3C3	-1.865
GTF3C1	-1.205
GTF3C6	0.5
GTF3C5	-1.08
GTF3C4	1.115
TOPORS	-0.12
ENDOG	1.555
MED1	-0.38
MED6	-1.085
MED7	-0.075
MED4	0.675
MED8	-0.3
MED9	2.0
ENDOV	0.515
TMEM248	0.94
ATP5J2	-0.865
TMEM245	1.84
CPT2	-0.28
FCHO2	-0.17
TMEM242	3.175
KXD1	1.245
PPARD	0.65
FASN	-0.535
WIPF2	0.64
WIPF1	0.25
FAM3A	-0.765
FAM3C	1.55
UBE2L6	1.44
BBS12	1.21
SPTY2D1	-1.855
RBM15B	2.005
	-1.24
UHMK1	-0.505
SLC36A1	-0.26
RPIA	-0.165
IL1R1	0.9
UBIAD1	1.165
	-2.04
LSS	-0.675
LEPROTL1	1.525
PIP5K1A	-0.95
KPTN	-1.12
EPM2AIP1	-0.68
RNPC3	0.605
GTF2I	-2.37
CDC16	0.13
NUAK2	-0.02
DFFA	0.52
DFFB	0.85
ZCWPW1	-0.675
BCOR	0.8
NASP	-0.655
SF3B5	0.98
SF3B4	-0.695
	-0.75
SF3B1	-3.62
SF3B3	-4.4
TMEM161B	0.515
SYVN1	0.975
	1.63
S100A4	0.79
S100A6	-1.575
TIMM22	0.76
TIMM21	1.45
AP3B1	-3.4
PLA2G6	0.225
ARMC5	1.48
F8	0.065
F9	-1.34
RDH14	1.025
RDH10	1.69
RDH11	0.13
RDH13	1.6
CCDC127	0.4
GRHPR	0.07
CCDC124	-0.93
	0.84
STX4	-1.855
VPS45	-2.31
DHPS	0.21
VPS41	-0.185
ODF2L	-0.295
GPI	-0.055
PCYOX1	0.945
USF2	0.195
	-0.335
USF1	0.24
MICU2	-0.15
MICU1	-1.9
LETMD1	-0.13
	2.54
NDST2	-0.04
	0.79
HCFC1R1	2.03
TUSC2	-1.0
PYGO2	0.04
PSD3	-0.38
MGAT4A	1.175
VPS4A	-0.98
VPS4B	-1.4
MGAT4B	0.265
UNC93B1	1.815
TRAPPC11	-0.665
	0.975
	0.225
	-1.38
	1.885
BCKDHA	-2.3
YLPM1	-1.75
CHMP1B	-0.925
CHMP1A	-0.69
CTCF	-1.645
UBE2Q1	-0.79
MTRF1	0.18
UBE2Q2	-1.49
	0.52
	0.33
ILDR1	-0.38
DHRS11	-0.575
DHRS13	0.69
IQCC	-1.38
	-0.875
IQCE	-0.965
SUPV3L1	0.61
CD320	2.525
KIAA0586	-1.085
KRI1	-1.86
CTC1	-0.955
ZNF362	1.21
ALDH6A1	0.48
TNRC6C	-0.51
	0.84
ZEB1	-0.81
ZEB2	1.17
	-0.665
SERHL2	-1.23
USP54	1.23
USP53	-0.035
SSBP1	1.1
GART	-0.62
CD180	-0.355
GARS	-0.58
BPNT1	0.61
NUP98	-1.075
MND1	1.43
NUP93	-1.4
PICK1	-1.4
ARID3A	0.18
PCCB	-1.11
PCCA	0.005
UBAC2	2.505
UBAC1	0.935
FDX1	0.76
TMED7	0.56
TMED6	2.21
TMED5	2.525
TMED4	1.38
TMED3	-0.635
PET100	-2.05
TMED1	1.0
RAD54L	-0.89
TMED9	1.575
CACHD1	0.22
ADSS	-0.125
SSRP1	-1.505
STAG1	-2.23
IPP	-0.09
SFSWAP	-1.25
FDXR	-1.165
	1.085
ADSL	-1.385
UHRF1	-2.855
UHRF2	0.335
	0.15
TSG101	-0.18
MKI67	-4.3
PIEZO1	1.05
VPS33B	-0.23
VPS33A	-1.745
SIN3B	-0.66
SIN3A	-0.935
MPND	0.275
STRBP	-1.355
BMF	-0.08
ABI2	0.76
ABI3	0.485
ABI1	-1.125
OSBPL7	-0.29
CPOX	1.655
OGFR	-1.42
GPATCH8	-1.965
GPATCH4	0.225
GPATCH2	0.175
GPATCH1	-0.28
RAB35	0.585
HDDC2	0.805
CHN1	0.815
C16orf91	0.655
	-0.13
MYO3B	0.23
GRSF1	0.745
TMEM50B	0.37
TMEM50A	-0.125
SCLY	1.88
ERP29	1.675
TOR3A	0.315
PPAT	0.115
GTDC1	-0.06
	0.35
ASB6	-0.175
ASB7	0.79
ASB8	-1.15
	0.45
	-0.045
	1.27
	-0.46
	1.515
	2.71
RPP30	0.735
RRAGA	-1.605
DDI2	0.075
RRAGC	1.07
RRAGB	-0.115
AP1M1	-0.22
GHITM	-0.98
PPA2	-0.29
PPA1	0.335
VPREB3	1.21
HP1BP3	-1.835
TSPO	-0.315
RIPK1	-0.2
RIPK3	-1.33
RIPK2	-0.03
SDC1	-0.475
EHBP1	-0.26
PRKAG1	-0.145
PRKAG2	1.36
APBB1	-1.075
THAP2	0.07
CABIN1	-0.19
MAF1	0.035
RHOQ	0.495
OSTC	1.855
DNAJC16	-0.93
DNAJC17	-0.64
DNAJC14	-0.375
DNAJC15	0.7
DNAJC12	-0.445
DNAJC13	-1.95
DNAJC10	-0.67
DNAJC11	0.63
RHOB	-1.06
RHOA	0.295
GNAI2	-0.28
RHOF	0.33
DNAJC18	1.2
DNAJC19	0.275
FAM102B	0.175
NELFB	-0.415
NELFA	0.15
G6PC3	2.095
NELFE	-1.98
RPL13A	0.565
TMEM59	0.78
POU2F2	-1.025
CTNNA1	-4.03
POU2F1	-0.06
PAPSS1	-1.375
BVES	1.005
MAFK	-0.03
	1.75
WDYHV1	-0.355
MID1IP1	0.09
LY86	0.715
ACTN4	-0.14
KMO	1.43
PARP10	-0.1
CCDC14	-0.835
CCDC15	0.75
SIAE	1.115
OLA1	0.725
CCDC12	1.425
KDM3B	0.235
HDAC10	1.1
KDM3A	-0.67
NFRKB	-0.655
MRFAP1	1.43
TSPYL2	0.82
ETHE1	-0.81
G2E3	-1.455
TCF7L2	-0.06
	0.575
TMEM260	1.92
	1.58
TMOD3	0.375
EMC7	0.915
AKR1A1	-1.455
KIFC1	-1.43
TMEM192	-0.6
LOC102288414	1.905
TMEM199	0.88
TRA2A	-1.54
TRA2B	0.94
MFSD8	1.17
MFSD1	1.365
MFSD3	1.185
MFSD5	1.3
MFSD6	0.31
C15orf40	-0.36
DENR	-0.47
AHSA1	-1.165
	-0.72
NAA38	0.435
CORO7	-0.38
CASP6	1.365
THAP1	1.255
CASP4	0.87
THAP3	-0.165
CASP2	1.175
CASP3	0.5
TRIOBP	0.63
CASP1	-3.315
GNB4	-0.65
GNB1	0.075
CASP8	-0.895
GNB2	-1.065
ABCD1	0.085
MAP1A	0.9
YY1	-0.575
AIMP2	0.905
AIMP1	1.705
CEP63	0.365
MAP1S	0.01
ELP6	-0.085
ELP5	-1.39
ELP4	1.59
ELP3	-0.28
ELP2	0.01
	-1.325
SACM1L	0.175
TRAPPC2L	1.105
ACVR2A	1.15
NSMCE4A	0.725
AKAP1	1.705
TP53	-0.505
SEPHS2	2.415
SEPHS1	-0.775
CDK7	1.105
AKAP8	-1.76
	-0.58
	-0.66
ZBTB39	2.645
ZBTB38	-2.355
RNPEP	-0.37
SEC23IP	-1.205
TRIP11	-2.74
PHLPP2	0.9
ZBTB33	-1.175
ZBTB32	0.625
TIMM44	-0.545
	-0.19
AKAP8L	-1.175
PAFAH1B1	0.885
STK11IP	-0.815
PAFAH1B2	-0.575
CCDC107	-0.155
PIKFYVE	0.33
MANBAL	0.38
NADSYN1	0.8
MOCS3	-0.07
TM7SF3	0.35
TM7SF2	1.27
NDUFAF4	1.225
WDR92	-0.075
WDR91	-1.375
VPS29	0.14
NDUFAF7	-0.21
EXOSC7	-0.75
NDUFAF6	2.42
NDUFAF1	-0.175
EXOSC5	1.325
ARHGEF10	0.86
MANEA	0.23
WDR45B	-0.64
NDUFAF3	-0.265
ARHGEF11	-1.685
NDUFAF2	3.735
ARHGEF12	-1.46
BRI3BP	2.98
DTX3L	-2.3
SPG21	1.03
	-1.24
CXCR4	0.705
MGAT1	0.125
MGAT2	-0.35
G3BP1	-0.95
MGAT5	1.12
G3BP2	-3.68
NT5C3A	0.74
NT5C2	-0.48
TOR1AIP2	-0.18
TOR1AIP1	1.125
TXNDC9	0.16
RUNX1	0.155
MPC2	1.145
CDC123	0.305
GPKOW	-1.75
TXNDC5	2.445
BCL10	0.725
	0.775
SCYL2	-0.775
SCYL3	-0.27
CBFA2T3	-0.32
SCYL1	-0.265
MCAT	0.66
GBF1	-0.785
DHRS7B	1.99
CYB561A3	0.62
ZNF384	-1.62
FAM89B	3.025
ZNF383	-0.5
ZNF382	-0.485
GALT	-0.81
MRPL24	-2.38
MRPL27	-1.12
MRPL21	-0.15
MRPL20	1.755
MRPL22	-0.805
RAD9B	0.69
RAD9A	0.22
TATDN1	0.94
MRPL28	-0.16
TATDN2	-0.84
GALE	-0.73
	1.64
QTRT1	1.17
SEC31A	-0.035
	1.215
HCFC2	-0.18
HCFC1	0.455
ERLEC1	1.83
CSNK1G2	0.615
CSNK1G3	1.13
CSNK1G1	-0.635
TNKS	0.105
MKRN1	-1.295
CRAMP1L	0.7
CLP1	0.71
ARID1B	-1.02
ARID1A	0.265
UROS	1.86
MKRN2	-1.12
UROD	-1.095
ATRX	-2.825
CCNE2	1.1
CCNE1	0.365
DEK	-0.705
AIFM2	1.48
AIFM1	-2.395
	-0.695
IVD	-1.415
TNK2	1.33
SPPL2B	0.455
SEH1L	1.135
CLPP	0.08
EIF4ENIF1	-0.07
ASRGL1	-0.065
CLPB	1.84
ERN1	0.61
RYK	0.915
TONSL	-1.86
MTPAP	1.075
PCBD2	-0.08
CHPF2	0.91
	-0.465
MYO19	-0.815
MYO10	0.665
NUP133	-2.085
ACD	-1.735
LRRC20	-0.04
CEP192	-1.455
C2orf68	0.98
RAD54L2	0.19
QSER1	1.12
MYO1G	-0.975
MYO1E	-2.675
MYO1D	-1.38
MYO1C	-1.475
BAZ2A	-0.675
BAZ2B	-0.825
PC	2.14
STRADA	-1.935
NMT2	0.27
NMT1	-1.23
CRK	1.66
RPGRIP1	0.025
RYBP	1.15
PPCS	0.725
SDE2	-0.495
SOS2	-1.27
SOS1	-2.505
CACYBP	1.37
SH3GL1	-0.17
SYF2	-1.115
STK40	-1.7
CIAPIN1	-1.525
JMJD1C	-1.315
AKT1	0.43
AKT3	0.95
TOP3A	-0.05
TOP3B	-2.06
NAA16	0.72
NAA15	-0.705
NAA10	-2.035
FUBP3	0.255
FUBP1	-1.21
SLU7	-2.145
EZR	-2.92
RTEL1	-1.08
	-0.53
CSHL1	-3.96
PRADC1	-0.425
C19orf12	-0.54
PDE3B	-0.77
MARCH5	1.52
MARCH7	-2.495
MARCH6	3.025
C2orf49	1.695
RBCK1	-0.895
AGTRAP	-0.6
MAD2L2	0.775
MAD2L1	1.26
TAB3	-0.11
TAB2	1.75
TAB1	0.485
FAM222B	-1.33
LETM1	-0.2
PPP1R7	0.06
ADCY7	-1.22
CPM	-0.21
PPP1R2	0.15
ADCY9	0.18
KRTCAP2	1.87
NRDE2	-2.445
TMEM70	1.87
CPQ	1.52
SLC7A6	1.755
SLC7A7	-1.77
SLC7A5	2.7
SLC7A1	1.535
	-0.715
	-0.915
UFL1	1.2
STUB1	1.13
SLC17A5	1.29
SH3PXD2A	-1.14
PSMD9	1.64
PSMD8	0.475
PSMD5	-1.05
PSMD4	-2.16
PSMD7	-0.045
PSMD6	0.35
PSMD1	-1.0
JUND	2.115
PSMD3	-0.23
PSMD2	0.15
AGPAT5	3.17
AGPAT4	1.065
AGPAT3	2.4
IFRD1	-1.62
IFRD2	1.04
NPRL3	-0.755
NPRL2	0.69
SLC37A3	0.49
SLC25A51	0.525
SLC37A1	0.71
SLC37A4	-0.495
ITPRIPL1	0.32
ERMP1	1.825
TMEM201	2.245
NIPSNAP3A	0.975
TMEM208	1.365
TMEM209	1.06
ADSSL1	-2.51
ATP5F1	2.35
ZNF446	-0.475
ZNF444	-0.125
ZNF445	-1.515
MCFD2	2.975
NOA1	1.97
TOMM40L	0.235
KANSL1L	0.93
RFC5	-1.285
RFC4	-0.86
RFC1	-2.315
RFC3	-0.4
RFC2	-0.465
SARS	-1.7
	-0.94
KLHL5	1.17
KLHL2	0.22
EMP3	6.76
KLHL8	0.65
KLHL9	0.125
SMAP1	-0.505
SMAP2	0.19
PAF1	-0.49
ATF7IP	-0.51
UHRF1BP1L	0.005
RFNG	0.9
HBE1	0.715
RLIM	-1.21
KDM1A	-0.43
	-0.175
FIG4	1.595
GCC2	2.555
GCC1	-1.02
MXI1	0.56
ANO8	-0.54
PDGFA	2.62
ITSN1	1.305
MOGS	3.74
ITSN2	-1.97
PIGC	1.58
FN3KRP	0.5
IRF3	-1.745
IRF2	-1.985
IRF7	-0.08
SPCS1	0.795
IRF5	1.4
IRF4	-1.75
IRF9	-0.21
IRF8	0.165
CLK1	-3.07
CLK2	-0.22
CLK3	-1.705
CLK4	-0.675
HERPUD2	0.265
ZBTB11	0.715
ZBTB10	0.57
ZBTB17	-0.655
ZBTB14	-1.02
	0.25
PHGDH	0.535
AGFG2	-0.165
AGFG1	1.065
GTF2H3	-0.57
GTF2H2	-0.295
GTF2H1	-0.32
CDC42SE2	-0.29
ZFP36L1	0.695
GTF2H5	-0.545
GTF2H4	-0.15
ABHD8	1.805
ABHD2	-0.15
ERAL1	1.145
ABHD5	-0.935
C12orf45	-0.025
WDR6	-2.08
WDR5	-0.035
WDR4	0.545
WDR3	-1.685
WDR1	-0.78
	1.27
RSPRY1	0.44
CCDC167	1.73
MLXIP	-0.7
USB1	-0.3
	-0.91
MAN1C1	-1.945
MINPP1	1.0
C6orf89	0.6
TROAP	-1.06
	-0.54
KIF14	-1.485
EVI5	0.8
LPAR5	1.255
POU3F2	0.7
SAMM50	-1.3
CHKB	0.09
GIN1	-0.85
FECH	-0.81
CYP4V2	-1.9
PTRH2	-0.875
ZNF639	-1.065
	-2.015
HCLS1	-1.805
ZNF32	0.81
BARD1	-0.875
METTL18	0.3
SFXN5	0.315
SFXN2	1.72
SFXN3	0.55
SFXN1	1.24
RRP12	0.46
MIIP	-1.35
RRP15	0.49
	0.69
CLNS1A	1.035
	-1.525
FUZ	0.89
USP12	1.88
USP10	-1.05
USP11	-1.105
USP16	-0.38
USP14	-1.81
USP15	0.0
USP19	-1.28
EMC1	1.905
PRPSAP1	0.19
PRPSAP2	0.16
RRP1B	0.82
HS2ST1	1.82
EMC6	1.35
HMGB2	-2.715
METTL15	-0.225
FAM185A	0.43
VOPP1	0.045
	0.44
SLC4A1AP	-1.12
SYK	-1.375
SLC5A3	2.215
C16orf58	-0.26
OARD1	-1.745
	1.27
FRS2	2.3
	-0.905
	-0.17
PDRG1	0.6
	-1.315
NCKAP1L	-1.42
NAPSA	-0.48
MAN2B1	0.2
CD44	-1.955
CD47	2.0
URM1	1.99
CD40	2.765
RAP1A	2.315
SKAP2	-1.275
L3MBTL3	0.37
L3MBTL2	-1.065
SATB2	-0.54
SATB1	-0.55
EP300	-0.575
GPRASP1	-2.22
NCOA2	-2.345
NCOA3	-1.065
NCOA1	-2.465
	0.255
NCOA7	-0.38
NCOA5	-0.685
NEFH	-2.17
REV1	0.725
ATF6B	2.635
C5orf34	-0.63
PIP5K1C	-0.635
BID	-0.24
PPP4R1	-1.735
PPP4R2	2.02
CCNG1	0.265
CCNG2	0.48
ARMC8	-1.8
ARMC9	0.69
ARMC6	0.085
DACH2	-0.885
ARMC1	0.015
BCAP29	0.865
RELL1	2.06
NOX1	0.49
FBRS	0.615
RNH1	-2.195
HJURP	-1.335
SNIP1	-1.43
WDR75	-0.18
XRCC4	-1.89
	1.99
	1.1
XRCC6	-2.925
GSK3A	1.305
GSK3B	0.48
VARS2	0.675
PRKAB2	1.29
DMWD	1.135
INF2	0.39
TFAP4	0.735
PMF1	0.295
ISCA2	-0.86
QDPR	1.38
DYNLL2	1.02
MAPK14	-2.585
CAMK1D	0.35
PTCD3	-1.235
PHKG2	-1.61
HNRNPUL1	-0.88
GLE1	1.545
SAP30	0.635
GPBP1L1	0.105
NAA35	-0.83
NAA30	1.52
METTL21A	0.28
CALCOCO1	-0.08
TRIP10	0.59
ALDH5A1	-1.01
TRIP12	-3.43
TRIP13	-1.57
APOA2	0.79
CR2	0.47
KIAA1143	0.365
C10orf88	-0.53
PDE1B	-0.27
ADAM9	0.58
AATF	0.46
DNM1L	-0.79
PDP1	0.405
AP2M1	0.93
SNRNP25	-0.225
TOMM34	-0.765
SNRNP27	-0.075
EDF1	0.03
TMEM11	0.915
TMEM17	1.31
	-1.805
TMEM19	1.055
ITPA	0.26
PDE12	0.915
ORAI1	0.97
ZNF322	1.68
	-1.27
BDP1	0.12
COX7A1	1.03
COX7A2	0.59
TTC27	-1.96
ARL5A	-1.13
ARL5C	0.15
ARL5B	-0.71
ZNHIT3	0.21
ZNHIT2	0.955
ZNHIT1	-0.625
ZNHIT6	1.91
CKS2	0.86
NFIL3	0.79
ASCC3	-1.175
ASCC2	-1.04
NPM1	0.045
DUSP7	0.69
NPM3	1.455
KANSL3	-0.17
KANSL2	-0.6
KANSL1	-1.4
KIF24	0.035
PSMF1	0.45
KIF23	-2.865
KIF22	-0.34
	-0.135
	1.35
	-0.18
ATMIN	1.88
FGFR1OP	1.08
ZFP69	0.15
	1.225
MEN1	0.695
TMEM222	1.505
NABP2	-0.525
ACAD10	1.17
NABP1	-1.33
ACAD11	-1.775
NSF	-2.175
SPNS1	2.595
KIF2A	0.435
KIF2C	-2.44
POGK	0.07
GABARAPL1	-1.145
	2.005
POGZ	-0.345
KHNYN	-1.08
UBE2J1	0.99
UBE2J2	0.65
LY9	0.79
ECH1	-1.685
MIPEP	1.565
AUH	-0.24
GCAT	3.315
ATXN1	1.48
SAT1	-0.285
ATG16L1	0.015
ATG16L2	-0.11
MYLPF	-0.08
PLSCR3	-1.0
PCYT2	-0.005
MTFP1	2.135
SRA1	-0.14
OXSR1	-0.915
LYN	-0.135
NSDHL	-2.77
KIF4A	-2.345
MNS1	-0.53
ZFAND6	-1.13
ZFAND5	-2.01
ZFAND3	1.265
TIMM8B	1.525
TCTN3	0.65
FAM20B	0.38
TCTN1	0.86
BAMBI	-0.08
TMEM185B	1.575
	2.16
SUGP2	0.09
SUGP1	-1.44
SPAG9	-0.68
SPAG7	0.36
FOSB	-0.615
SPAG5	-1.375
YDJC	-0.605
ASTE1	1.18
WDSUB1	0.4
SMARCD2	-1.115
SMARCD1	0.26
NCAPH	-0.04
NCAPG	-1.56
FAIM	-0.975
	0.59
BLZF1	-1.235
ROCK1	-0.72
ROCK2	-1.44
GPC1	1.81
BBS9	0.28
TGFB1	2.8
BBS4	-0.095
BBS7	-1.22
PRKAR2A	-0.345
TARBP2	1.25
	-0.065
PRKAR2B	-1.56
MAN1A2	0.975
	0.24
	0.26
	-1.45
ZNFX1	-0.06
H6PD	0.475
ACBD3	-0.605
ACBD6	0.525
ACBD5	0.42
ACBD4	0.195
HBS1L	-0.615
ZMYM2	-1.045
ZMYM3	-2.255
FAM160A2	0.155
ZMYM1	-1.215
ZMYM4	-0.235
ZMYM5	-0.36
AMPD2	-1.445
TOP1	-5.31
MMACHC	-1.7
NRF1	-0.605
DPM3	0.695
DPM2	0.03
SLC50A1	-0.195
TWSG1	0.11
LYPLA1	1.185
LYPLA2	-0.785
POLR3F	1.045
POLR3G	0.51
POLR3D	0.385
POLR3E	0.82
POLR3B	1.12
POLR3C	-0.3
POLR3A	-1.02
CD99L2	1.79
POLR3K	1.01
POLR3H	-0.41
ENOX2	0.19
RRP36	0.17
	-1.33
MIOS	-0.38
CC2D1A	0.03
ZADH2	-0.675
CDKL5	1.45
DLGAP5	-3.455
USP38	0.82
USP39	-0.91
XKR6	-0.08
GLT8D1	-0.21
KIAA1328	0.23
TPGS2	-0.83
TPGS1	-0.59
ACOT13	-0.16
USP34	-0.995
USP36	0.075
USP37	-1.125
PPP1R15A	0.51
PPP1R15B	-0.135
TSN	-0.6
PABPN1	1.505
SSH2	-0.885
SSH1	-0.99
CTBP1	1.325
CINP	1.145
ITFG2	0.01
NFX1	-2.265
	-1.465
DAP	-1.51
CIC	-0.405
KCTD12	1.26
KCTD10	-0.685
HMGCL	-0.145
NAP1L1	-0.145
PBDC1	1.555
NAP1L4	-0.915
GMDS	1.59
HMGCR	1.165
CIT	-1.38
GET4	0.875
UBLCP1	0.59
EXOC6B	1.415
CD22	-1.28
THAP4	-0.07
ZNF182	-1.87
DPYSL5	-0.295
DPYSL2	-3.0
ARL6IP6	0.53
ARL6IP5	1.21
ARL6IP4	0.295
DAB2IP	1.31
ARL6IP1	-0.33
	-0.805
SLC35B1	2.34
PES1	-0.85
FCHSD2	-2.5
SLC35B2	1.385
SLC35B4	0.14
REL	-0.365
CHPF	3.455
UBR1	0.29
PSMB10	-0.795
	0.2
BTBD7	-0.14
FPGT	0.94
FPGS	0.535
DENND5B	1.68
DENND5A	-1.08
PPP1R9B	1.135
AGL	-1.015
AGK	0.055
	0.195
CHP1	-0.2
AGA	-0.915
	0.4
RAB23	-0.715
TSEN2	-0.505
XYLB	-0.1
MTMR12	-0.325
PCYT1A	-0.035
PGM2L1	0.53
MYEF2	0.175
QSOX2	0.55
VAPB	2.07
VAPA	0.23
DGKZ	0.055
PUS1	-0.62
PUS3	-0.73
PUS7	0.86
DGKQ	-0.83
DGKH	-0.27
BMPR2	0.75
DGKA	-1.33
DGKD	-0.725
DGKE	1.565
OGT	-1.305
TCP1	0.15
PWWP2A	2.53
DNTTIP1	-0.095
DNTTIP2	-1.32
UBN2	-0.615
UBN1	-1.83
HEATR5A	-2.7
NAA50	0.28
CREB3	-0.65
CREB1	-1.755
IMPA1	-0.04
IMPA2	1.7
B4GALT1	0.42
RETSAT	2.235
EIF2S2	0.04
B4GALT5	2.3
B4GALT7	0.59
EHMT1	-1.45
EHMT2	-0.895
TRAP1	-0.665
AARS	-4.42
MIF	1.49
PDE7A	0.945
	-0.675
SPAG1	-0.3
AGGF1	0.205
ELK3	-1.305
ELK1	-0.66
ELK4	2.23
SERAC1	-0.65
UBOX5	0.245
TANK	0.425
AAR2	-1.455
TMEM33	0.99
CNEP1R1	0.82
CTH	-2.805
	-0.115
DDAH2	0.22
SESN1	-2.185
PLXNC1	-0.84
PGD	-3.75
MRPS9	-0.05
	-1.925
RABGGTB	-2.37
DOK3	-1.905
RABGGTA	-1.965
PGP	0.74
DNMT3A	-1.7
	-0.235
SDCBP	0.705
MELK	-2.065
IGBP1	0.685
	0.39
COX19	1.005
RANGAP1	-2.075
CAAP1	0.39
DDHD1	0.54
DDHD2	-1.54
PDZD11	-0.305
ZDHHC20	0.44
ZDHHC21	-1.29
ZDHHC24	0.15
ZNF408	0.165
	3.565
ZNF407	-2.36
CDK11A	-2.46
RBM26	2.635
STAT5B	-0.85
	-2.615
RBM22	-0.93
RBM28	-2.13
CLOCK	-0.36
FCGR2B	2.545
YKT6	-0.565
ANKIB1	0.075
SH2B2	0.455
SH2B3	1.62
SH2B1	-0.11
KIF20B	-0.245
IREB2	0.81
GSPT1	-3.525
STMN1	0.01
RAB2A	1.22
EIF2AK1	-0.09
EIF2AK3	0.32
EIF2AK4	-2.235
UBE2D1	0.57
CAMKK2	1.105
SLC25A19	-1.155
FKBP1A	1.58
SLC25A17	-0.485
SLC25A16	1.475
SLC25A15	1.335
SLC25A14	-0.005
SLC25A12	-0.05
SLC25A11	-1.81
SLC25A10	-1.06
NUP155	-0.53
NUDC	0.71
TRMT1	1.965
SAV1	-0.885
CRBN	-1.265
PITPNM1	0.03
PITPNM2	2.51
STK38L	0.58
LAMC1	1.635
TOMM70A	0.8
C16orf54	1.565
NEDD4L	-0.755
ARID2	-0.365
MTFR1	1.285
MTFR2	0.355
SEL1L3	0.15
	2.795
KDM6B	0.365
TUBG1	-0.205
COPG2	0.975
COPG1	-1.65
APAF1	-0.77
C15orf41	0.82
ABCE1	0.12
ZNF518A	-0.115
CWC22	-2.45
ZNF518B	-0.785
SPECC1L	0.785
TIGD2	-0.315
DCP1B	-1.52
DCP1A	-2.335
SUCO	-1.6
KIAA2026	1.515
KEAP1	-0.715
KCNQ5	-0.245
	0.44
ERAP1	0.125
UMPS	0.84
TXNL1	-0.66
JAGN1	1.625
PGPEP1	0.195
SLC4A7	-0.04
ANK3	-1.43
ATE1	-0.935
SLC4A2	0.98
CUL5	0.115
CUL1	0.725
CUL2	0.08
CUL3	-0.12
SYNJ2BP	-0.235
HSPA4L	1.42
OVCA2	1.05
PTP4A3	2.06
PTP4A2	0.215
IGF2BP3	-0.605
PGAP1	-0.63
DCBLD1	-0.02
	1.1
MFAP3	1.675
RARS2	0.68
GPAM	1.07
NT5C3B	-0.655
EEA1	1.06
CEP57L1	-0.03
NEURL2	0.07
NEURL3	0.165
NEURL4	-0.605
EIF5B	-4.515
EIF5A	1.55
ZNF672	0.79
ENOPH1	1.42
TXN2	-0.21
POLR1A	-0.72
POLR1B	0.65
TXN	-1.045
POLR1D	0.655
POLR1E	-0.465
PCGF5	0.65
TGIF1	-1.905
FYN	0.23
ADARB1	1.03
PRCC	1.075
SNX29	0.105
PLEC	1.1
FRA10AC1	0.23
LRMP	-2.06
SNX20	0.85
PLEK	-1.56
SNX27	-0.405
SNX25	1.365
FAM160A1	2.51
CDKN3	-0.26
QRICH1	0.175
MRPL43	1.1
MRPL42	-0.06
MRPL41	-0.94
MRPL40	-0.47
MRPL47	1.01
MRPL46	0.445
MRPL45	-0.34
MRPL44	-1.255
MRPL49	-0.18
MRPL48	0.275
BCL7C	0.91
BCL7B	0.63
BCL7A	-2.02
OAZ1	1.83
TIPRL	-0.1
MARVELD2	-1.37
SH3BGRL	-0.015
PPP1R13L	0.31
CTDNEP1	0.27
CIPC	-0.965
C11orf68	-0.915
DCK	-1.895
HIST2H2AB	-2.11
HIST2H2AC	1.91
	1.305
	3.87
TNFRSF21	0.355
	4.735
UBR3	1.375
C1orf131	-0.455
TSTD2	-0.57
	-0.88
LAP3	0.97
FGD6	0.455
FGD3	0.21
FGD2	0.655
GMFB	0.65
STXBP1	1.995
SNAPC2	0.205
	-0.43
STXBP2	-1.845
STXBP5	0.0
STXBP4	-0.055
SNAPC5	-1.305
SNAPC4	-0.95
FMR1	-0.655
URI1	1.585
NT5M	-0.21
FAM210A	0.04
FAM210B	0.65
ZNF780B	2.54
NT5C	-0.24
CELF4	1.19
CELF2	-0.6
	-0.64
KRAS	-0.32
	1.42
EZH1	-1.62
EZH2	0.235
ZMIZ2	-0.315
SLC35D1	-0.555
DDX19B	0.025
ZC3H10	-0.08
VDAC3	-0.2
VDAC2	1.535
VDAC1	0.05
RALGAPA1	-1.8
RALGAPA2	-0.43
	-1.175
	2.21
RCN2	2.25
GBA	-1.95
RRP8	0.635
RRP9	0.235
NPEPL1	1.925
RASGRP1	-0.085
PHIP	-0.035
DTWD2	1.03
GRAMD1A	0.33
DTWD1	-0.59
VARS	0.615
SIDT2	0.21
	0.815
LCORL	-0.46
CDC37L1	1.74
IL10	3.55
DTNBP1	-1.2
IL16	-2.615
OAT	-1.12
KIFAP3	-0.84
NUDT16L1	0.415
PPIG	-1.23
PPIF	1.035
PPIE	-0.62
PPID	0.405
PPIB	1.705
NUP153	0.785
C20orf27	0.79
GRB2	-1.035
	-1.785
UBC	-3.345
	0.855
UBL5	-0.025
UBL7	-0.8
	0.725
UBL3	0.85
BAX	1.205
XPOT	1.235
TAX1BP1	0.63
SMIM12	1.87
	-1.155
SMIM15	-0.75
SMIM14	-1.2
SMIM19	-0.77
SPOPL	0.275
IK	-2.925
COX6A1	1.325
GPCPD1	-0.36
PRKRIP1	-1.255
	0.415
AHCTF1	-0.005
TYSND1	0.08
HNRNPR	-1.585
ACSL1	0.99
HNRNPU	-2.93
ACSL4	-1.245
ACSL5	0.17
HNRNPK	-1.835
HNRNPL	-2.95
HNRNPM	-2.08
ARL16	0.92
HNRNPC	-2.825
HNRNPD	0.225
HNRNPF	-1.14
	0.975
KHSRP	-0.26
	-1.045
STK25	-0.41
STK24	-0.97
HELZ2	-1.255
DDA1	0.835
MARCKSL1	-0.35
	-1.175
MANF	1.87
CAMLG	0.0
PIN1	-0.085
FZD2	-0.21
FZD3	2.23
FZD5	0.66
PLXNA3	-0.435
NINJ1	0.745
PLXNA1	0.46
RPL35A	2.3
CERKL	0.315
HCST	1.2
HLA-DQB1	0.94
TJAP1	-1.285
PPP2R2D	1.485
CCDC97	-0.77
PPP2R2A	-0.515
PQBP1	-1.19
CCDC92	0.78
CCDC93	-0.105
ZNF169	0.315
PSMB9	-0.3
PSMB8	-0.455
PSMB7	0.16
PSMB6	1.475
PSMB5	0.24
PSMB4	-0.845
PSMB3	-0.47
PSMB2	0.34
EEPD1	-0.98
ZNF790	0.4
ACADM	-0.3
PGAM5	1.2
TRIB1	-1.295
TRIB2	-2.12
TRIB3	-2.37
MRPS28	0.48
PREX1	-0.37
MRPS26	0.775
KCNK5	-0.35
MRPS24	2.045
MRPS25	1.08
MRPS22	-1.28
MRPS23	0.285
MRPS21	0.74
ZNF426	1.17
HIST1H2AG	2.675
HIST1H2AE	0.735
HIST1H2AH	3.27
HIST1H2AA	1.5
HIST1H2AL	1.685
HIST1H2AM	1.07
HIST1H2AB	1.93
HIST1H2AJ	-2.35
ZNF428	0.84
HIST1H2AK	2.575
NAT10	-0.48
PLEKHO1	-0.3
RAB4B	0.0
DENND3	-1.1
LRRC8D	-0.195
AHNAK2	-0.385
NDUFA6	0.875
NDUFA7	1.555
NDUFA4	0.93
NDUFA5	0.395
NDUFA2	-0.835
NDUFA3	0.055
NDUFA1	0.405
JUN	1.245
NDUFA8	0.545
NDUFA9	-0.11
	-0.79
USP30	1.05
ARHGAP32	0.79
CORO1A	-1.97
VEGFA	0.8
	-1.62
LRCH3	0.34
ARHGAP39	-0.295
ATP6AP2	2.765
CEP97	-0.22
YES1	-0.185
CEP95	0.155
USP33	-0.435
ECT2	0.51
SSNA1	-0.745
HUWE1	-1.25
SLC25A37	0.62
SLC25A36	0.79
GOLM1	1.88
SLC25A33	3.065
SLC25A32	0.765
SLC25A39	0.845
SLC25A38	2.075
HEATR6	-0.935
HEATR3	-0.285
HEATR1	0.545
POC5	0.46
C5orf15	1.6
	-2.48
DDX17	0.165
C11orf54	-0.555
DDX10	-0.035
DDX11	-0.7
CR1L	0.3
DEF8	2.285
SLAIN1	3.335
DDX18	-1.755
RC3H2	1.31
IGHMBP2	-1.265
GPR107	1.19
GPR108	1.675
NOC4L	0.945
CMIP	-0.81
IPPK	0.545
	-2.88
SRSF4	-0.375
SRSF7	-0.67
SRSF6	-0.44
SRSF1	0.605
CDKN2D	1.575
SRSF2	0.825
SRSF9	0.095
TUBE1	-1.18
C1orf53	1.64
SLC38A7	0.745
SLC38A6	1.48
SLC38A1	1.32
NCK1	-2.355
SLC38A2	0.805
DARS	-0.735
HCN3	0.79
ARVCF	0.57
SLC38A9	0.61
LRRC1	0.93
C6orf203	0.09
PRKCI	-0.815
DEGS1	2.39
SUGT1	-0.94
PRPS2	-0.065
	-0.83
PRPS1	0.8
PRKCA	1.07
PRKCE	0.09
PRKCD	-1.135
STAP1	-2.615
TOM1L2	0.02
CHRM4	2.06
MYO18A	0.7
ATG7	-0.78
ATG5	-0.145
COPZ1	-0.025
	-2.03
CDV3	-0.3
PRPF8	1.26
KLF6	-1.92
KLF4	-0.21
KLF2	-0.9
HOMER3	-0.3
ZC3H11A	-1.395
PRR14	0.635
NCAPD2	-1.695
NCAPD3	-1.61
RRM2	-2.62
RRM1	-3.725
REST	0.385
C12orf4	-1.22
TWISTNB	0.275
CCDC181	0.93
PATZ1	-0.68
	0.82
ZNF652	1.74
ZNF655	0.01
ZNF654	1.56
SEMA7A	-0.195
GATAD1	-0.14
RPAIN	0.245
	-1.12
	-0.76
TRMT11	-0.275
TRMT12	1.87
TRMT13	-0.58
	-2.945
PRRC2B	0.01
PRRC2A	-0.08
	-3.3
PDCD6IP	-0.57
TXNL4A	2.165
	-0.28
PARP8	-1.585
PARP9	-0.86
NUMA1	0.025
PARP4	-2.485
	1.03
PARP1	-3.115
PARP2	-1.21
PARP3	-1.935
ZCCHC9	-0.73
ZCCHC8	-1.165
SRSF11	-0.465
SRSF10	0.52
ZCCHC2	1.095
ZCCHC7	-0.125
ZCCHC4	0.725
LRP10	0.81
TOX	-0.42
	-1.495
VTI1A	-1.565
SND1	-2.625
VTI1B	-0.525
ACO1	0.705
ACO2	2.065
THTPA	-0.08
AVL9	0.305
GTF2IRD1	-0.6
	-1.405
MTDH	2.035
HMGCS1	-1.31
	-0.04
	-0.055
THG1L	-0.51
STAM2	-1.86
AZIN1	-1.235
RAD1	-0.05
CHID1	0.455
	-1.415
KMT2C	0.285
KMT2B	-0.17
KMT2A	-2.105
SEPT6	-1.375
AHCYL1	-0.385
KMT2E	-0.5
AHCYL2	1.785
RBM39	-3.005
C9orf78	1.74
FBXO11	-1.065
RILPL2	0.405
MAPK8IP3	-0.42
SLC35F5	0.57
KCTD13	1.43
SLC35F6	0.295
SLC35F2	1.57
AK3	0.595
AK2	-0.215
OXSM	-0.75
PSTK	2.155
	-0.38
DMTF1	0.165
VAT1	0.15
C3orf38	0.79
TSC22D3	-1.585
TSC22D2	1.025
TSC22D4	1.01
BSN	0.79
DENND1C	-0.94
DENND1B	-0.375
DENND1A	-0.865
BSG	1.75
HIRIP3	-2.005
RPS12	0.95
RPS11	1.915
PLRG1	-1.54
RPS16	1.48
CNIH1	2.57
RPS14	2.6
GLA	1.145
RPS19	1.55
RPS18	1.135
RCL1	1.495
CERCAM	1.93
PHKB	0.49
GLS	0.22
WDR61	0.25
CRLF2	2.81
CRLF3	-0.025
MPP3	1.425
MPP7	-0.63
MPP6	-0.21
MPP5	-1.335
TCEA1	0.515
ZXDC	-0.3
TUFT1	2.275
DGCR8	-0.17
LRPAP1	-0.04
MPV17	-0.21
ABHD16A	0.775
	1.18
C19orf44	-0.46
C16orf72	-0.065
LSP1	-2.105
DCAF10	-0.47
EMG1	0.91
DKC1	-0.095
ABTB1	-0.35
TM2D2	2.68
TM2D3	2.18
FBXL3	1.335
NR4A1	-0.96
FBXL5	-0.47
FBXL6	3.88
ERF	-0.11
IDNK	-0.035
ERH	-0.535
INPP5A	0.93
INPP5B	-0.545
LBR	0.555
INPP5D	-0.905
INPP5F	0.94
RAN	2.215
INPP5K	-1.185
CYP20A1	1.82
IL33	1.68
ENY2	0.19
MARC2	-0.47
TBL1X	-1.455
	0.07
	0.19
	1.02
PLEKHA1	1.28
PLEKHA2	-2.165
PLEKHA3	-0.24
RHEB	0.425
OSBP	0.165
AP2S1	-1.015
HIC1	0.715
AP1G1	-1.105
SNRNP48	1.83
MYO6	-0.055
IRS2	-1.39
USP6NL	-0.45
BRAT1	0.1
PLA2G15	1.095
ISOC1	0.51
	0.205
CLIC4	-1.385
C1orf198	1.86
HEXIM1	-0.19
HEXIM2	0.28
HNRNPLL	0.745
SAMD9L	-0.29
TRAF6	1.18
	1.82
TRAF7	-0.15
PHF21A	-0.495
PASK	-1.895
	1.595
	0.515
	1.615
	-0.735
RGP1	-0.82
PKM	-0.585
HECTD3	-0.865
HECTD1	-2.655
	-0.025
IARS	-0.36
LACTB	0.46
PALB2	-1.78
SERTAD1	0.55
SERTAD2	1.03
SERTAD3	-0.5
MAD1L1	-1.345
	0.23
PIK3R4	-1.27
PIK3R2	0.31
ZFP90	0.93
ZFP91	0.6
APLP2	0.51
TARS2	-0.565
GNPNAT1	1.86
SLC35B3	-0.525
RAB6B	1.29
BTBD10	-0.35
SHQ1	-1.14
NDUFC1	0.255
NDUFC2	0.975
ARHGAP17	-0.955
ARHGAP15	1.575
ARHGAP12	-0.94
ARHGAP10	-0.5
ARHGAP18	1.075
ARHGAP19	-0.725
	-0.915
SIK3	0.76
SIK2	1.64
NR1H2	1.9
ADAM10	1.385
LDHA	-1.04
ADAM15	3.47
ADAM17	-0.81
	0.735
AP1AR	1.66
DEDD	0.41
MTHFD1L	-1.785
ZFC3H1	-1.765
ASH1L	-1.27
DDX39A	-1.055
AFF4	-1.71
AFF3	-0.215
DDX31	-1.065
TEFM	0.09
PNPLA2	-1.02
PNPLA7	-0.035
PNPLA6	1.38
	-0.625
	0.195
NBEAL1	0.975
NBEAL2	0.235
SLC39A13	2.33
SLC39A10	2.32
SLC39A11	-0.535
DZIP3	0.405
SLC39A14	2.64
NSUN3	-0.16
PRKACB	-1.595
NSUN5	1.78
NSUN4	-0.795
NSUN6	1.86
ADRM1	1.305
PAN3	1.145
PAN2	-0.86
ERGIC3	1.34
EEF1A1	-1.07
TMEM183A	1.965
TLN1	-4.65
TRIM59	-0.425
MYBL1	-2.6
MYBL2	-1.5
PTPN11	-0.71
PANK1	1.645
PANK3	2.245
PANK2	1.32
PANK4	0.4
DAP3	-1.29
MBNL1	0.115
MBNL2	0.86
MBNL3	0.495
GNL3	-1.31
GNL2	-1.79
GNL1	-0.325
CTTN	-1.015
SMARCB1	-3.065
CASZ1	0.06
PRR3	0.53
TMEM39B	1.765
PRR5	-1.42
PRR7	1.26
	-0.3
ST3GAL5	0.23
TMCO1	1.175
MTA2	-0.77
FNIP1	-0.365
FNIP2	1.355
PSPH	-2.04
TMCO4	-1.185
LIN37	-1.73
MMADHC	-0.765
UBTD2	0.93
WRAP73	0.41
C5orf24	0.33
BUB1B	-2.04
CDT1	0.085
CNKSR3	-1.295
ZMAT2	-2.175
EXOG	-0.085
EIF1B	0.635
TASP1	0.515
EIF1AX	0.45
MPG	0.615
	0.695
PIGB	0.725
NOM1	-1.085
ELMSAN1	-0.945
TPRA1	0.525
GORASP2	-0.105
TADA2B	0.765
EXO1	-0.01
EXO5	1.14
TSR1	-0.9
MAP7D1	0.08
STK17B	0.47
BSDC1	-1.55
PIGK	0.68
PIGM	1.98
PIGN	0.065
MPI	0.155
HSPA2	-0.465
HSPA5	1.5
HSPA4	-0.885
HSPA9	-0.23
HSPA8	1.105
DNAJB12	1.04
DNAJB11	1.565
PLAA	0.955
PARVG	-0.65
FAM83D	0.205
EMD	0.015
RAB2B	2.32
PIGW	3.31
MIA3	-0.2
MIA2	-0.135
FLT3	2.21
MAGEH1	1.87
PEG10	-0.18
TPD52L2	-0.59
HTRA2	0.28
TSNAX	-0.74
KDM7A	0.225
SNF8	2.535
ARID4B	-0.425
KLHL11	0.495
KLHL12	0.82
KLHL13	-2.555
KLHL14	-0.135
RNASEH2C	1.095
RNASEH2B	0.365
KLHL18	-0.415
BCLAF1	-2.335
	-1.38
SCAF4	-0.3
DDX5	-3.855
DDX6	-1.655
DDX1	-2.345
SCAF8	-0.58
RBL1	-1.065
RBL2	-0.525
ILK	-0.73
FBXO34	-0.1
FBXO36	0.79
CHTF8	-0.44
FBXO31	0.365
FBXO33	2.08
FAM136A	0.95
RAF1	-1.695
DNHD1	-1.0
SYNCRIP	-2.055
TPT1	2.875
MTF1	0.28
FAM214A	-0.575
MTF2	-0.505
SH2D3C	-0.77
	0.95
	1.9
CXXC1	-2.065
OPA3	-0.325
CXXC5	1.13
OPA1	-0.54
N4BP2L1	0.79
DIMT1	0.86
CD151	1.545
VAV1	-1.5
VAV2	1.27
LANCL2	0.945
	1.55
LANCL1	-0.11
	-0.21
CENPO	-0.88
CENPN	-2.17
NR3C1	-1.085
CENPL	-0.645
CENPK	-0.77
CENPJ	-1.175
CENPI	0.625
CENPH	-0.625
RPH3AL	0.86
CENPF	0.42
CENPE	0.545
NOP2	-2.3
AIP	0.47
CENPA	1.715
GNE	1.51
CKAP2	-2.185
CENPV	-0.44
EPRS	-0.645
CENPT	-1.96
	0.135
CENPQ	-0.175
CENPP	1.68
NHLRC3	0.4
NUDT9	0.735
	-1.055
NUDT1	-1.405
NUDT2	-0.085
NUDT3	1.245
NUDT4	0.425
NUDT5	0.175
SMPD4	-0.465
SMPD1	0.84
SMPD3	0.365
PPP2CB	0.94
IDH2	2.315
IDH1	-0.8
YTHDF3	1.495
YTHDF2	-1.685
YTHDF1	1.055
SNRPB	-0.765
	1.675
	0.68
SNRPF	-0.14
	0.16
	-0.76
	-0.455
	1.04
	0.135
	-0.94
	-1.255
EME1	-0.94
CBWD1	0.61
EME2	-0.21
POC1A	1.1
POC1B	1.755
ASNS	-2.14
ECSIT	0.3
LIPT2	0.44
LIPT1	0.69
MYSM1	-0.36
ZNF235	0.77
ZNF800	1.16
ZNF236	-0.74
	-1.18
MSN	-4.58
ETNK1	0.16
TTC39B	-0.14
PTOV1	1.195
	1.2
	-1.83
LEO1	-1.025
DNMBP	-0.46
EIF4H	-0.34
PTPN22	0.835
PTPN23	-0.425
SLC9A6	0.995
SLC9A7	0.345
SLC9A1	0.11
SLC9A8	-1.565
SLC9A9	-0.65
AP3S2	0.87
EIF4E	1.435
IFNGR1	0.8
IFNGR2	0.73
	-0.6
MS4A1	-0.39
C16orf87	0.27
PML	0.555
NAB2	-1.115
UBTF	-2.535
FXR1	-1.53
FXR2	-0.06
	1.355
PHF20L1	0.32
MTFR1L	-0.72
HOOK2	-1.36
HOOK3	-0.13
	-1.455
FCHO1	1.255
OSTF1	-0.455
METRN	0.86
GLUD1	0.35
SSU72	-2.355
CRADD	2.21
RBM41	-0.65
RBM42	0.675
RBM43	-0.09
LARP4	-0.29
RBM45	-1.275
RPS27L	2.805
LARP7	-1.835
RBM48	-0.225
DPP8	-1.41
DPP9	-1.115
PRIMPOL	-0.97
	-1.245
DPP3	-0.835
UIMC1	-2.125
DPP7	1.9
NUB1	-2.465
CEP57	-1.99
CEP55	-2.48
TMCC1	1.65
COL4A3BP	-0.89
HBP1	-1.535
SLC39A8	0.72
SLC39A9	0.035
MACROD1	1.3
SLC39A1	0.775
SLC39A4	0.33
SLC39A6	0.66
SLC39A7	0.75
SUMF2	-0.56
SUMF1	0.355
GLIPR2	2.72
GLIPR1	0.73
GYS1	-2.765
SURF1	1.875
SURF2	-1.295
SURF4	2.19
SURF6	-0.585
NIPAL3	1.46
BPGM	-0.585
DDX52	-0.58
DDX50	-0.64
DDX51	1.195
DDX56	-0.89
CXorf38	-1.69
DDX54	-0.425
DDX55	0.39
HNRNPA2B1	-2.245
SIPA1L1	-1.485
SIPA1L3	-0.245
SIPA1L2	0.725
HEATR5B	-0.185
FUNDC2	-0.14
RAB11FIP3	0.355
ANLN	-0.71
HEXB	1.35
	-0.87
DCAF7	-2.05
DCAF6	-0.265
KNOP1	-0.14
DCAF4	-0.915
IQSEC1	-1.0
DCAF8	-2.215
PDCD2L	-0.56
TRAFD1	-0.055
RALGAPB	-0.935
RAB9A	-0.54
CTR9	-1.44
PCDHGC3	1.91
TDP2	-1.53
ATP5A1	-1.48
ARFGAP3	-0.905
THADA	-0.91
STAT6	-0.03
STAT3	-1.545
STAT2	-1.205
STAT1	-2.715
CEP250	-1.12
SEPSECS	-1.095
ZYG11B	-0.565
KIAA2013	1.11
RPRD1A	2.195
LIN9	-0.575
RUNDC3B	1.27
PALM	1.595
UBE4B	0.575
UBE4A	-0.015
TPRG1L	0.305
PEX19	0.12
TEX261	1.49
TEX264	1.43
PEX10	-0.795
PEX13	-0.125
PEX12	0.63
PEX14	1.27
TUFM	1.575
PEX16	-0.74
BLOC1S6	-0.235
BLOC1S5	-0.3
	0.22
	2.365
BLOC1S1	-0.055
SBDS	-0.33
CCNT1	-0.215
SLC30A9	0.745
CCNT2	0.845
BPTF	-1.84
EIF3H	0.15
EIF3I	-0.32
EIF3K	0.27
EIF3L	-0.95
EIF3M	-2.16
KIAA1549	0.355
EIF3A	-2.135
EIF3B	-0.485
EIF3C	-4.17
EIF3D	-2.63
EIF3E	0.075
EIF3F	1.375
EIF3G	-0.265
SLC30A5	1.065
ADNP2	0.04
CFL2	1.48
FANCD2	-1.97
SLC30A7	3.17
ERLIN1	-0.065
ERLIN2	1.185
NOL11	-0.94
EFNA5	1.98
EFNA4	0.93
TRIAP1	1.595
YEATS2	-1.39
ICAM4	1.53
YEATS4	0.1
PITRM1	0.99
TCF25	-0.415
TCF20	1.54
AKR7A2	1.145
FAM50A	-2.86
BMP2K	-0.175
	1.82
RERE	-1.64
LPGAT1	0.365
PHACTR4	0.72
PI4KB	-0.42
PI4KA	-0.345
TUSC3	-0.585
CRYZL1	-0.46
GRIPAP1	-1.805
	1.29
ALDH18A1	-1.24
NUGGC	-3.97
ELMOD3	-1.11
ELMOD2	-1.075
CREBBP	0.05
TMA16	1.03
	0.175
NGLY1	-1.285
SZT2	-1.185
SMN1	1.06
OIP5	0.9
TPM3	0.295
RFXAP	0.32
SNAPIN	0.14
E4F1	-1.625
PMPCB	0.075
PMPCA	-0.03
DHCR7	1.765
EI24	-0.06
DYM	0.115
SSB	-1.475
	-1.275
INTS12	-0.6
	-1.085
INTS10	0.35
	0.81
TAF6L	-0.975
	-0.415
CRELD2	0.695
ADAR	-2.235
CAT	-2.015
LY75	0.725
EXOSC8	-0.065
EXOSC9	0.27
ADAL	-0.02
EXOSC2	-1.29
EXOSC3	1.695
EXOSC1	0.7
EXOSC6	1.44
SIGMAR1	3.315
EXOSC4	1.05
CAD	0.395
ZNF566	1.86
ZNF560	-1.1
MZB1	-0.87
	0.78
ANO10	1.765
FAM216A	2.26
RNF220	-0.455
TCAIM	0.2
RALBP1	-1.385
RSRC1	-0.28
	-1.37
SYAP1	0.285
PIAS2	1.115
PIAS3	1.31
PIAS1	-2.06
PIAS4	-0.955
SPICE1	-1.49
TMEM87B	0.415
TMEM87A	-0.525
IRF2BP2	2.085
	-0.96
ZNF664	0.57
HIPK2	0.15
TK1	2.155
MEX3D	0.86
MEX3B	1.43
MEX3C	0.93
CDKAL1	-0.395
MRRF	-0.305
PPP4C	0.07
	-0.66
RNF113A	0.775
CHCHD1	-0.98
COMMD8	2.625
COMMD9	-0.985
PPP1CB	0.685
PPP1CA	-0.65
COMMD2	0.28
COMMD3	0.94
COMMD1	0.41
	-0.035
COMMD7	0.2
COMMD4	-1.49
COMMD5	0.375
CNBP	0.42
TKT	-0.905
NLN	-1.405
HAUS8	-0.905
HAUS6	0.335
HAUS7	-1.555
HAUS4	-0.125
HAUS5	-0.24
HAUS2	0.015
HAUS3	0.165
APOOL	-0.98
HAUS1	0.02
ZBTB7A	0.76
MYL6B	-0.32
ATXN2L	-1.28
	-1.855
LPIN1	-0.615
CHMP4B	-0.39
NHSL1	1.365
ELMO1	-1.14
RPP25L	-0.865
EMC9	-0.665
EMC8	0.235
ELMO2	-0.26
NDEL1	1.365
EMC3	2.09
EMC2	-0.65
C12orf43	-1.095
ELMO3	0.15
METTL16	2.47
METTL17	0.925
METTL14	-0.63
EMC4	1.98
DPAGT1	1.18
	0.13
	-2.24
AGPS	0.28
INPPL1	-0.195
TBC1D10C	-2.28
CYHR1	-0.07
MAGT1	2.065
FKRP	1.04
ZNF821	1.395
ATG12	1.64
ATG13	-0.145
CBX6	-0.245
DDB2	-1.74
DAPK3	-1.21
NADK	-0.55
UGDH	1.17
NKRF	-1.905
DOK1	-1.97
AP4E1	0.175
EIF4A3	0.61
EIF4A2	-0.12
PHYKPL	0.57
POR	0.82
CASC3	-1.54
PPOX	-1.35
HNRNPH1	0.455
LUZP1	0.02
HNRNPH3	0.51
HNRNPH2	-3.88
LASP1	-0.21
PAWR	2.755
TAOK1	-0.475
TAOK2	-1.485
TAOK3	-0.01
CYP4F2	3.935
AXIN1	-0.775
CYP4F3	-0.55
WBP11	-0.405
TNFRSF9	2.32
ZNF770	0.88
ZNF771	1.595
ZNF777	-0.29
CPT1A	0.32
RAB21	2.51
MTMR14	-0.505
RAB24	-0.7
RAB25	-0.01
RAB26	0.86
RAB28	-0.08
GGCT	0.775
MFN2	0.265
MFN1	-0.42
	-0.775
STEAP3	2.025
BZW1	-1.54
BZW2	-1.59
SEC23A	-1.73
SEC23B	-1.7
CROCC	-0.865
	-0.135
WBP1L	0.915
GABPB2	-0.94
MFNG	2.16
HSPH1	-0.62
IMPDH1	2.2
	-1.04
PELP1	1.32
NPC2	0.625
NPC1	1.64
WHAMM	-1.31
JADE3	-1.11
JADE2	-0.84
JADE1	-0.995
TXNDC16	0.005
TRIM21	-1.18
TEF	0.345
	-0.07
TRIM23	0.72
APIP	-1.725
ITPKB	0.09
NOC2L	-1.05
TIMELESS	-1.355
	0.035
DDX19A	-0.11
ZMIZ1	0.46
API5	0.995
AAMDC	-0.58
PARS2	0.69
MFSD11	0.605
MFSD10	1.35
CEP76	-0.19
MFSD12	1.2
CEP70	0.12
CEP72	-1.725
CEP78	0.285
PPCDC	1.21
VMP1	0.61
ACADS	0.665
AKTIP	0.48
PCTP	-0.75
ACADL	-2.47
EEF1E1	2.48
TRIM11	0.915
TTC3	0.135
SMAD4	1.455
SMAD5	1.27
ATP6AP1	0.575
SMAD2	-0.645
SMAD3	1.04
TBC1D9B	-0.595
JUP	-0.35
FOXM1	-1.0
GDF15	-0.72
ATP6V0B	3.21
BCS1L	-1.565
ATP6V0E1	2.22
ACAD8	0.515
ACAD9	-0.14
SLC48A1	0.56
MPRIP	-0.73
	-1.38
FBRSL1	1.75
COX8A	2.08
ARNTL	0.15
SUCLG2	0.705
CTPS1	-1.715
NUP62	0.445
RNPS1	-0.895
ELOVL6	0.75
ELOVL7	-0.895
ELOVL4	2.3
ELOVL5	3.24
ELOVL1	1.59
UBE2K	0.865
UBE2M	0.91
UBE2O	-0.555
UBE2A	1.545
UBE2C	1.15
UBE2B	1.355
UBE2F	1.48
UBE2Z	-2.03
BRDT	-0.29
UBE2S	1.08
UBE2T	-0.125
UBE2W	1.37
GSTT2	-1.16
LIN7C	0.96
ACADVL	-0.83
TOPBP1	-1.3
UTP14A	-2.35
TUBA1C	1.29
TUBA1B	0.39
TUBA1A	-0.74
DCAF13	-1.485
DCAF12	1.105
DCAF11	-0.77
SRBD1	-0.635
DCAF17	-0.215
DCAF15	-0.55
HIST2H4B	1.875
SBF1	-0.1
FITM2	2.045
SBF2	0.165
BRD8	-1.91
BRD9	-0.765
	-0.44
BRD7	-1.71
BRD1	-1.355
BRD2	-2.09
BRD3	-0.025
POLR2D	0.03
ELOF1	0.675
PPRC1	0.685
MCMBP	-0.38
SMDT1	-0.63
TBPL1	0.47
C6orf136	-0.175
TTC21B	-0.055
RSBN1	-0.505
	-1.45
HSPE1	3.555
PHF20	-0.56
PHF23	0.65
FAS	2.77
KDM2A	-1.4
DYRK3	1.3
DIABLO	-1.005
ULK2	0.79
ULK3	-0.44
OGDH	-2.01
ULK1	1.755
ULK4	-0.71
MPZL1	0.37
VEZF1	0.095
AARS2	-0.295
SLC26A11	1.535
JOSD2	1.18
MAGED1	-2.675
MAGED2	-0.025
EFCAB7	0.95
MAU2	0.92
C15orf61	1.92
KDM2B	0.455
	-0.08
	2.23
	-2.025
FOXP4	1.98
RBM27	-0.82
ZER1	-0.79
DUS4L	-0.535
SKIL	-1.315
PAPLN	0.275
RAB7A	0.115
CD81	1.395
CD80	3.45
CD82	2.57
SLC44A2	0.97
CCS	-1.13
EGFL7	0.625
TAF4B	3.355
RPRD1B	0.82
WDR53	0.54
PFDN1	0.555
ZC3H8	1.45
PFDN2	0.395
PFDN5	-1.55
PFDN4	2.075
PITHD1	0.99
	0.745
ZC3H4	-1.575
DYNLT3	0.585
C19orf53	0.275
PIH1D1	-0.495
FETUB	-1.385
EPS15L1	-2.16
PTS	1.94
HMBS	-0.21
KDSR	1.2
RWDD1	0.425
GTSE1	-0.85
EPN1	1.025
EPN2	-0.875
ECHS1	-1.125
CPE	1.615
RWDD2B	-1.765
C10orf71	-3.67
LATS2	-0.35
LATS1	-1.315
RANBP9	-0.74
MMS19	-2.125
TAGLN2	-0.49
RANBP6	0.125
RANBP1	-0.185
TBC1D10B	0.64
TBC1D10A	0.535
	-0.995
PHAX	-0.08
IKBKB	1.275
PPP6C	0.385
IKBKG	-0.53
ZNF613	-0.73
	0.785
SAMHD1	-0.45
FAM118A	0.93
TXNDC17	0.13
TEC	-1.54
TXNDC11	0.345
HPRT1	-1.14
TXNDC12	0.34
FHL3	0.04
NBN	0.69
TES	-0.495
DUS2	-1.055
	1.405
PSMD14	-1.37
UAP1	1.04
PSMD11	1.16
PSMD10	-1.66
PSMD13	-1.08
PSMD12	-0.49
HIST1H4F	0.965
HIST2H4A	2.2
IL9R	0.205
TMEM14C	1.935
HIST1H4J	-1.585
HIST1H4A	1.56
HIST1H4H	1.73
HIST1H4K	2.51
HIST4H4	2.685
HIST1H4I	-0.21
HIST1H4L	0.385
RND2	0.65
RSL1D1	0.565
KIF20A	-0.37
CSPP1	0.81
CNTROB	-0.92
DECR2	0.15
CEP350	-0.79
	0.85
BMP1	1.45
	0.625
RXRB	1.13
TMEM147	2.825
TMEM143	-0.12
CHST1	-0.135
RFT1	1.54
CHST3	0.51
CHST7	1.68
