CERS6	-0.485
PLEKHG2	1.935
CERS4	-1.36
CERS5	-0.84
CERS2	-0.785
NSA2	-0.635
NAMPT	0.49
MAN2A2	-1.69
SEPT7	0.06
NDC1	1.125
BCKDK	0.15
HSPBAP1	-0.16
MIER1	-1.88
MIER2	0.325
MIER3	0.85
CNPPD1	-0.84
C17orf58	-0.73
INVS	1.705
DAG1	-2.03
MYADM	-2.095
NAF1	1.91
CEBPB	-2.95
CEBPG	0.09
RGS13	-0.38
ERICH1	0.0
	0.365
CEBPZ	0.35
ARL1	-1.555
ZNF710	1.635
RBM8A	-0.135
ZNF175	1.41
EDRF1	-0.75
MLLT6	-0.78
	0.89
MLLT1	0.185
RTF1	0.28
	-0.355
KIAA0355	-0.87
PRAMEF8	-0.28
CRTC1	-0.28
NOSIP	0.515
SNRPD3	0.035
BTG2	1.505
SNRPD1	-0.395
UPRT	-0.625
ZSWIM4	-1.615
ZSWIM5	0.7
ZSWIM6	-1.315
RTN4IP1	0.07
AIG1	-0.35
NUPL1	0.405
NUPL2	0.245
ZSWIM3	0.04
NDRG1	-1.03
NDRG2	-0.335
NDRG3	-0.905
ZSWIM8	0.1
MAK16	-0.575
TTC30A	-0.72
HM13	-1.445
GGA1	-0.28
GGA3	1.165
GGA2	1.185
	-0.375
SORBS1	-2.1
TSHZ1	-0.34
XIAP	-0.505
MPLKIP	0.52
HSF1	1.42
CNBD1	2.29
FAM104A	0.295
TRNT1	0.1
TEX9	0.56
KCNC3	-1.49
RALGPS2	1.36
RALGPS1	-0.14
TEX2	-1.145
LTA4H	0.13
LMNA	-2.5
SORCS2	-0.67
SUPT16H	2.17
CMAS	-1.665
UBFD1	0.595
FKBP15	0.615
MCL1	1.005
PTTG1	0.385
	-1.465
PREPL	-0.355
GPR180	-1.365
SASS6	-0.075
SLC27A4	-0.415
CEP19	-0.65
SLC27A1	0.34
IMP3	1.06
HMGXB3	-0.43
HMGXB4	0.005
LRRK1	1.135
IMP4	-1.22
TRIM39	-0.58
TCOF1	-0.315
TRIM33	0.665
TRIM32	0.09
TRIM37	0.835
TRIM35	-0.74
FOXO3	-0.255
FOXO1	0.43
DLAT	-0.22
FOXO6	0.82
FOXO4	1.11
	0.66
THAP11	0.765
BTAF1	-0.185
DBNL	1.245
FAM114A2	-1.395
ALDOA	-0.125
ALDOC	1.25
	-0.52
COPE	-1.395
TESK1	-0.72
NSFL1C	-0.82
USP8	0.4
USP1	-0.34
USP2	0.59
USP3	-1.89
USP4	-0.095
USP5	0.075
USP7	2.175
ZNF691	-0.65
IL1RAP	0.48
MIS12	0.31
NR1D2	-0.04
CALR3	-0.03
CARD6	1.2
FARS2	-1.91
RPL37	-1.575
	-1.02
	-0.75
RPL30	0.295
FAM13B	-2.07
BCAS2	-0.3
BCAS3	0.06
EXOSC10	-0.725
	-1.37
	0.375
MTHFR	0.6
TPP1	-1.185
TPP2	0.975
	1.42
SFMBT1	-0.165
ZZEF1	-0.68
BRF2	0.345
BRF1	1.67
SETX	-0.315
FUCA1	1.68
FUCA2	-1.395
MLYCD	-0.31
HIST1H4B	-1.235
FARSB	-0.145
FARSA	-0.565
UAP1L1	0.715
AMMECR1L	-0.83
CCDC90B	0.46
NCOR2	-0.855
NCOR1	0.505
LYSMD3	-1.89
PEBP1	0.26
MAGOHB	-0.97
ABHD17B	0.34
PPME1	0.43
FLNA	1.33
FLNB	1.025
CEP164	1.805
	-0.145
	-0.89
CNNM3	-0.07
MCM3AP	2.57
TINF2	0.735
	-0.03
	1.99
CHAT	-0.73
RALY	0.985
POLD1	2.2
POLD2	0.07
POLD3	0.355
POLD4	1.555
DUT	-0.735
RALB	-1.155
RALA	0.92
HDAC1	1.58
HDAC3	-0.725
HDAC2	-0.715
HDAC5	0.175
HDAC4	-0.85
HDAC7	1.56
HDAC6	0.435
HDAC9	1.89
HDAC8	0.115
GSTCD	-0.42
GZF1	1.055
GMPS	0.51
EPAS1	-1.37
DPY19L1	-1.96
COG7	-2.93
C20orf194	-0.015
UPF3B	1.695
UPF3A	-2.41
STRN	0.38
NACC2	0.92
NACC1	-0.55
CLCN3	0.12
CLCN2	-0.23
CLCN7	2.465
CLCN6	0.125
CLCN5	-0.915
	-0.095
IKZF1	0.575
IKZF3	0.505
H2AFV	0.355
MBTD1	-0.785
H2AFX	-0.37
H2AFY	-0.47
SGSH	-0.73
PIGY	-1.365
BANP	0.7
CNN3	-1.375
CNN2	3.27
HADHA	0.735
SEPT10	0.25
FGF11	1.05
CIZ1	1.09
ASL	-1.14
IKBIP	-1.465
SKP1	-2.07
LMCD1	3.215
ANGEL2	-0.975
ANGEL1	0.44
SNRPD2	-1.0
DNLZ	0.155
BTG1	1.2
	-0.065
BABAM1	-0.4
PHC3	-0.655
PHC2	2.08
SEC16A	-1.22
SEC16B	-1.03
MED22	-0.525
	0.14
ZWINT	-2.565
GOLT1B	0.685
	-1.49
CSNK2A2	-0.53
PIF1	0.59
ZSWIM7	-0.75
TERF2IP	1.815
RNF6	0.01
RNF4	1.385
RNF5	0.565
CHMP7	-0.05
CHMP6	0.5
NET1	1.065
ZSWIM1	-0.02
RECQL5	0.8
RECQL4	2.095
SCLT1	0.06
	-1.02
YTHDC1	2.21
NAIF1	-0.31
MARK4	-0.94
MARK2	1.1
MARK3	1.66
STRIP1	0.265
NMD3	0.62
NDRG4	-1.21
EXTL2	-0.75
EXTL3	1.025
NPAT	-0.715
TMEM160	-0.395
TMEM165	0.52
TMEM164	-0.095
TMEM167A	-1.97
TMEM168	0.725
C12orf10	-0.9
TUBA4A	-0.58
TBC1D1	2.035
TBC1D4	-0.03
TBC1D5	-0.405
TBC1D7	-1.075
HNRNPDL	2.515
SDCCAG8	-0.295
	1.24
	-0.58
ITGAV	1.45
C18orf32	-0.115
IBTK	0.135
GTF2E1	-1.585
GTF2E2	-1.265
EIF4E2	0.155
AKIRIN2	0.505
AKIRIN1	-0.88
AP3M1	0.82
AP3M2	1.085
LIMD2	-0.17
LIMD1	-0.44
RALGDS	-0.355
ACSF2	-1.305
ACSF3	-0.495
ITGA4	-2.905
ITGA6	-3.015
SLC4A8	-1.4
ZNF865	0.56
	1.03
SARNP	2.12
CDK13	1.41
POLE3	-1.095
	-0.84
ZNF91	0.42
C14orf119	-0.995
TPCN1	-0.07
TPCN2	-0.45
SNRPB2	-0.395
GLTP	-0.585
CALR	-1.265
M6PR	-0.08
NDUFS1	0.64
ZNF12	-0.62
EBF1	1.42
R3HCC1L	-0.385
SECISBP2	1.285
CACNA1I	0.94
CTDSPL2	-1.165
IMPAD1	-0.12
CMC1	-0.02
CMC2	-0.24
GCSH	-2.69
RASAL2	0.895
XRN1	2.79
XRN2	1.275
ARHGAP4	3.08
ARHGAP5	0.635
POT1	0.1
ARHGAP1	0.745
AP5Z1	0.875
DYNLRB1	-1.54
RPUSD4	1.265
COL11A2	-0.01
FCRLA	2.48
TIPARP	0.115
DYNC1LI1	-0.76
DYNC1LI2	-0.72
PHB	0.11
	0.02
UTP6	0.165
ATIC	0.3
UTP3	0.76
MTCH2	-0.71
MTCH1	-0.335
LRIF1	-0.43
ANKRD27	0.72
ANKRD26	1.165
	0.66
CNOT8	0.395
TIAL1	-0.26
CNOT3	1.28
CNOT2	0.62
CNOT1	1.275
CNOT7	-0.335
CNOT6	0.41
ANKRD28	0.065
SARS2	-0.295
IFT172	-0.155
UVRAG	-0.685
RNF123	0.455
RNF103	-1.54
NFIB	0.25
LGR6	2.335
TTF2	2.375
	0.645
TTYH2	-1.35
TTYH3	-1.215
GRASP	-0.6
HLTF	1.915
NFIX	-0.935
FBXL20	-1.25
TNFRSF13C	2.92
ZNF292	0.19
IGSF8	-1.14
ZNF296	-0.76
CSNK1D	-0.045
CSNK1E	0.135
ALDH16A1	0.095
C7orf26	1.12
COPRS	-1.07
	-0.945
C2orf42	-1.79
	-1.565
SYNRG	0.455
PKIG	-1.44
U2SURP	3.815
RPL14	-1.47
RPL12	-0.02
RPL18	-0.64
OGFOD1	-0.105
OGFOD3	0.795
OGFOD2	0.125
LYRM4	-0.195
LNPEP	0.685
CLTA	-0.3
KLF13	0.475
GSS	1.04
GSR	-2.52
CLTC	2.905
KLF12	0.11
GSN	1.425
NUDT19	-0.685
HK2	1.105
HK1	-2.2
MOB3B	-1.4
MOB3A	-2.265
	-0.305
SOD2	-1.76
SOD1	-2.995
GBP4	2.1
C9orf40	2.29
LSG1	-0.475
	-2.63
PMS1	0.435
PMS2	0.855
COX7A2L	-0.73
GNAS	0.655
CSTF2T	-0.14
IVNS1ABP	0.525
NAGLU	1.15
TMED10	0.625
DMXL2	-1.09
DMXL1	1.16
BCL2L11	-0.51
BCL2L13	-0.72
BCL2L12	1.175
NFATC2IP	1.29
EED	1.285
TPRN	2.01
C7orf50	-1.14
	-0.615
NAPA	-0.135
CLYBL	-0.315
ID3	1.04
PGM1	-1.175
PGM3	0.475
C6orf62	0.37
CHAF1A	0.225
CHAF1B	-0.085
RMND5A	-1.31
HMG20B	-0.59
RRNAD1	-0.49
TPD52	1.58
NIPA2	-0.65
CHTF18	0.735
QPCTL	-0.935
TRUB1	0.055
TRUB2	0.21
IDS	-1.165
ZNF507	-0.365
	-0.95
AMMECR1	-0.72
	-0.815
IDE	-4.9
	-0.9
PXK	-1.865
HPS6	0.645
PXN	-1.32
ACY1	-0.315
QRSL1	0.29
LYL1	1.485
WDFY1	-0.24
HS1BP3	0.655
MED30	-0.215
MANEA	1.075
SPRYD3	0.29
SPRYD4	0.5
NF2	0.6
NF1	-0.18
SPRYD7	-0.355
	0.725
AQR	0.97
NSMCE2	1.66
	-2.485
EPS15	-1.715
PTPRS	-0.26
PTPRR	-1.765
TAZ	-1.02
POLR1C	0.285
PTPRC	0.71
PTPRA	-0.42
AACS	-0.285
PTPRJ	-0.025
RASA2	1.655
RASA3	1.97
PPHLN1	-1.045
	-0.865
KIF16B	-1.67
DHODH	-0.67
HLA-DRB5	-1.09
	-0.28
	1.405
FAM172A	0.685
MAP3K9	2.73
MAP3K2	1.055
MAP3K3	0.51
LRRC14	-0.5
MAP3K1	-3.135
	0.905
MAP3K4	-0.025
MAP3K5	-0.85
LTB	-0.365
LTA	0.24
ABCA5	0.615
ABCA2	-1.36
ABCA3	0.345
ABCA1	0.42
CHAMP1	0.52
FAM32A	1.62
ZBTB2	-0.73
ZBTB1	3.685
PDCL3	0.72
ZBTB5	-0.85
	2.87
RPF2	0.175
RFX7	0.37
RFX1	0.26
RFX3	0.215
TMEM109	-2.335
FKTN	0.015
TMEM102	2.53
TMEM101	2.36
MYD88	-0.035
BORA	0.155
TMEM104	-3.11
ASPSCR1	-0.915
IFT52	-0.11
NKTR	1.89
ETV3	1.21
ETV6	-0.715
SH3BP5	0.11
POP1	2.65
POP7	0.13
SH3BP1	-0.605
POP5	-0.88
POP4	0.01
EIF4G3	4.52
EIF4G2	0.04
EIF4G1	4.75
GDE1	1.05
TCEANC	-1.4
C5orf63	0.46
GLUL	1.275
APEX2	1.25
AKAP12	0.84
AKAP13	0.115
AKAP10	0.825
AKAP11	-0.59
TMC6	0.2
TMC8	0.45
SNAP47	-0.17
C6orf47	1.205
ANXA11	-0.205
ANXA10	3.885
EFHD2	0.39
MLF2	-1.295
COX4I2	-2.86
NTAN1	-0.31
HERC1	-0.75
HERC3	0.755
HERC2	-0.755
HERC4	0.745
HERC6	0.14
RAB8B	-0.665
RAB8A	0.39
ZCCHC17	0.25
PCID2	-0.38
ZFYVE9	-2.53
ZBED3	-1.04
ALKBH7	0.335
ZFYVE1	0.29
DNAJA2	-0.085
DNAJA3	-1.785
DNAJA1	1.47
PSMA3	-0.08
	-0.57
WDR26	0.865
WDR24	-0.255
WDR20	1.135
PSMA7	-0.915
ACER3	-0.67
APOE	0.11
SMIM7	-1.775
PDE6D	0.1
RAD21	0.25
SMIM8	0.435
ESF1	1.825
RECQL	-0.94
	-1.33
LACTB2	0.515
AGBL1	1.41
CRYL1	2.24
	-0.73
ZFP36	1.38
STARD9	1.065
SRP14	-1.79
STARD3	-0.46
SRP19	-0.525
STARD7	0.61
STARD4	1.405
STARD5	-2.745
ANTXR2	-0.66
PDIK1L	1.435
CDK5RAP2	1.095
CDK5RAP3	0.41
CDK5RAP1	0.205
PBX2	1.61
FAM126A	-0.36
ACAA1	1.095
DOCK9	0.305
DOCK2	-0.055
DOCK3	0.82
DOCK6	1.65
PIK3C2A	-0.215
DOCK5	-0.425
LPCAT4	0.14
LPCAT3	-2.58
LPCAT1	-1.165
ZKSCAN5	-0.03
ASB13	-0.62
DLD	0.61
RSL24D1	0.535
MOB2	1.125
RNF25	-0.115
LDLRAP1	-1.4
HSD17B12	-1.765
ZNF317	-0.295
HSD17B10	-0.915
FOXK2	0.55
FOXK1	0.455
ZNF318	-0.59
ZNF319	-0.615
PRR14L	0.915
RNF128	0.355
RNF126	-0.32
	0.13
RNF122	-0.67
RNF121	1.175
IL2RA	-0.765
IL2RG	-0.18
TBC1D31	-1.165
KATNA1	1.675
UTRN	-1.215
	-0.155
KCTD1	-0.67
	-1.305
DHX58	1.495
ZNF275	-2.335
DHX57	0.74
KCTD9	0.975
ZNF276	0.26
POLR3GL	0.82
COX20	-0.6
NUP214	0.375
NUP210	0.355
PIP4K2C	0.76
PIP4K2B	-0.485
	0.53
NTNG2	-1.445
MRGPRE	1.23
SLC23A2	-0.05
TRDMT1	0.34
SETBP1	1.36
BBX	0.93
	1.19
TFB1M	0.835
DUSP14	0.06
DUSP16	1.135
DUSP11	-0.135
DUSP10	0.82
DUSP12	-0.92
SGPL1	0.17
OPTN	-2.255
C17orf80	-0.29
	-1.63
NUFIP2	2.985
GHDC	-1.15
NUFIP1	0.88
GPS1	0.7
GPS2	-0.225
PFKFB1	-1.49
PFKFB3	-0.32
PFKFB4	-0.125
MOB1A	-0.535
MOB1B	2.055
SLC20A2	-0.28
SLC20A1	-2.02
FSTL5	-0.725
TM9SF4	-3.25
SCNM1	-0.255
MBOAT7	-0.33
TM9SF3	-0.355
TM9SF2	-2.775
NUP43	-1.575
LGALS1	0.52
CADM1	-2.09
CEP128	-0.65
ECD	0.05
RP9	0.465
CEP120	0.72
	0.055
CRYBG3	-0.085
	-1.1
ATAD3A	-1.84
CDC42EP3	0.845
PLK3	-0.345
PLK2	3.745
PLK4	0.4
AKT1S1	-0.455
SPTBN1	-4.14
MTBP	-0.915
NEMF	3.425
RRAD	-0.535
RRAS	0.52
	-1.125
EIF4EBP1	-3.325
PDLIM5	1.355
	3.14
ZCRB1	-0.8
PDLIM2	0.2
	-1.25
	-1.11
PPFIBP1	-0.815
PPFIBP2	-4.07
GPAA1	-1.325
FOPNL	0.185
SKI	2.02
	-1.66
RMDN2	-0.09
PNRC1	0.09
PNRC2	-1.02
PAICS	0.735
MMGT1	-2.69
CARD11	1.42
PCSK7	0.035
SPTLC2	1.12
SPTLC1	-0.71
FAM192A	0.775
TARDBP	0.535
ZZZ3	1.255
RAB22A	-0.73
CDK2AP2	-1.5
ADI1	1.275
	0.19
RPS15A	-1.38
PDK1	-1.58
PDK3	-0.14
RPRD2	-0.08
GRPEL1	-0.77
GRPEL2	0.88
C5orf22	0.115
CYC1	-1.395
MEIS3	-0.72
MEIS2	-1.37
ANKRD33B	-0.305
PECR	-0.155
TPRKB	-0.42
PTGR2	0.055
GOLGA1	-0.59
RWDD4	0.31
GOLGA3	-0.995
GOLGA4	0.22
GOLGA5	1.915
GOLGA7	0.83
CKLF	-0.65
LMNB2	0.985
LMNB1	0.37
RING1	-0.525
	-0.77
BMS1	2.625
CISD2	-2.15
SNAPC3	0.33
AAAS	0.29
CISD1	0.285
FAM49A	-2.475
TBK1	0.71
FAM49B	0.355
RBFA	-0.195
SNAPC1	2.545
SWT1	-0.185
MED10	-1.14
CSTB	-3.705
MED12	-0.5
MED13	0.8
MED14	0.765
	-0.04
MED16	1.16
MED17	-0.595
MED18	0.78
MED19	-0.85
SRFBP1	0.895
BOP1	-0.58
ECE2	-1.1
ECE1	-0.33
VPS13D	-0.065
VPS13A	-1.425
VPS13C	-0.735
VPS13B	-1.595
RPTOR	0.44
FCER2	2.91
C2CD2L	1.585
KIF18A	1.555
TMEM156	1.07
KIF18B	1.27
CXorf56	-0.01
SPEF1	1.32
PKMYT1	1.455
PRKAA1	0.255
ABCC4	-2.205
ABCC5	-0.23
ABCC1	-1.27
OSCP1	-1.4
TMEM127	-0.34
DESI2	-3.07
TMEM123	-1.92
DESI1	0.55
WIPI2	-0.295
PUSL1	0.425
TMEM129	-0.42
TACO1	-1.375
NUDCD2	-1.43
NUDCD3	1.37
NUDCD1	-0.375
PREB	-0.08
IGFBP5	2.935
PREP	1.595
L2HGDH	0.375
POFUT2	0.01
PTK2B	3.17
POFUT1	1.315
MEMO1	-0.32
BRIX1	0.365
AP4M1	-1.5
HVCN1	2.97
SSX2IP	-0.305
C1D	-0.985
NOP10	0.415
	0.825
NOP14	-0.3
NOP16	0.075
ATG9A	0.68
EFCAB14	-1.13
BLNK	-0.42
OCIAD1	-2.97
CCDC88A	-0.725
CCDC88B	-0.845
CCDC88C	2.525
PLEKHM1	0.215
PLEKHM2	-0.67
PLEKHM3	0.625
CACFD1	-1.37
BNIP2	0.58
CDC45	0.4
BNIP3	-0.225
CDC40	0.865
	-0.515
MAZ	0.855
TMA7	-0.09
PSAP	0.385
MON2	0.825
BLVRB	2.215
TRIP4	1.46
SMC6	0.5
UBQLN2	0.295
UBQLN1	-0.33
MLH3	2.545
UBQLN4	0.46
LTN1	0.105
GTF2A1	0.755
GTF2A2	-0.565
ISG20	1.01
GIPC1	0.12
	0.175
OTUB2	4.355
ELAVL1	-0.485
NLRP2	0.04
	-1.045
CYB5B	-0.95
ZDHHC2	-0.73
UPF2	1.785
MDH2	-0.95
MDH1	1.77
ZDHHC5	1.135
DIS3L	0.465
PACSIN2	-1.77
DNAJC8	0.255
DNAJC9	0.89
DNAJC4	0.11
DNAJC5	1.37
DNAJC7	-0.21
DNAJC1	1.655
DNAJC2	-0.4
DNAJC3	-1.895
GPN3	-0.43
GPN2	0.22
GPN1	0.635
MYC	0.555
MYB	2.09
ROGDI	-1.97
DAAM1	1.63
RNASEH1	0.935
MOCOS	-2.45
	0.01
	0.69
ZNF761	0.46
PCIF1	0.72
UBR4	-0.57
SRP72	0.86
DUS1L	-0.14
NTMT1	-1.635
BAIAP2L1	0.32
GTF2B	1.88
PLP2	-1.75
TERT	-0.11
NBAS	-0.39
LUC7L3	-1.755
LUC7L2	2.325
LIN54	-0.67
PLCD3	1.315
NFU1	1.14
SEC13	-1.235
KRR1	-0.61
ZNF213	0.69
SGPP1	1.89
ZNF330	-1.875
JMY	0.64
ZNF335	1.49
RNF149	3.215
SUZ12	1.36
GMIP	1.465
RNF141	0.11
RNF145	-3.095
AICDA	1.875
RNF146	-0.65
RPP38	-0.11
HLA-DMA	0.12
	0.245
ZNF251	-0.185
TBC1D13	-0.185
TBC1D17	0.085
TBC1D14	0.04
TBC1D15	0.445
DLG1	-0.28
DLG3	0.46
FAM102A	-1.3
SUPT7L	-1.525
ODF2	1.985
FASTKD5	1.06
FASTKD2	-1.405
FASTKD3	1.58
FASTKD1	-1.315
ZNF217	-1.775
MMAA	-0.72
UBE3D	1.005
MMAB	-1.655
SLC45A4	-0.31
PSPC1	-1.05
TRMT10C	-0.245
TRMT10B	-0.905
ZRANB1	1.03
ZRANB3	1.32
MPC1	-1.83
GALT	-1.96
CAPN10	-0.45
EFR3A	0.5
CRNKL1	2.755
FNBP1	1.335
FNBP4	1.3
ZFPM1	1.295
POU4F1	-1.1
SWI5	-0.105
RBBP8	0.915
RBBP7	0.65
RBBP6	0.57
RBBP5	-1.46
RBBP4	0.17
CEP104	-1.1
PIK3AP1	1.72
IFFO1	1.08
TOB1	1.005
TOB2	1.065
MRPL4	-0.625
NEO1	-2.59
MRPL2	-1.65
MRPL3	0.315
MRPL1	-1.32
PRKD3	0.34
MRPL9	-0.94
LMTK2	-1.1
TRRAP	-1.08
	0.82
IL10RB	-1.22
RABAC1	-2.695
MSRB1	0.11
MSRB2	0.06
C1orf112	0.84
GGPS1	-0.405
ZNF385A	-0.435
CHKA	2.79
TYRO3	-1.01
HLCS	-0.985
TSFM	-1.185
AFTPH	1.05
BCDIN3D	-0.24
CHCHD10	-3.05
	-0.33
MARCH3	-1.89
CNNM4	-0.94
PDHA1	-0.355
OXA1L	-0.33
KIAA0100	-0.77
C11orf24	-0.02
CAPG	-2.715
DYNLL1	0.435
HIRA	-0.395
PRKAB1	-0.82
ABHD10	-0.1
WWOX	-2.03
KCNAB2	-3.52
INTS3	0.625
INTS2	0.155
INTS1	-0.42
INTS7	1.13
INTS6	-1.665
INTS5	-0.335
INTS4	-0.35
INTS9	0.915
INTS8	-0.73
ADAT1	0.62
CAP1	0.095
ADAT2	0.565
USP45	0.805
RSBN1L	0.96
UBXN2B	-1.01
ATP2B1	-0.475
RNF187	-0.375
CNOT10	0.475
DPY30	-0.645
CSRNP2	0.06
JKAMP	-1.05
HIF1A	1.555
PHYH	-1.985
GINS2	-1.315
GINS3	-0.03
GINS1	-0.57
GINS4	-1.325
GGT7	1.01
GDPGP1	0.7
CCDC66	0.44
CCDC61	1.54
ASNA1	0.1
ILF3	2.11
ILF2	0.26
DACT3	0.67
EBAG9	-1.4
GALK1	-1.215
GALK2	-0.86
AMBRA1	-0.01
RBMX2	-1.25
ADPRH	-0.86
BANK1	-0.61
ADPRM	-1.265
CRYZ	2.945
MRPS7	-1.055
MRPS6	-1.325
MRPS5	-1.345
MRPS2	-0.97
WRNIP1	-0.5
IL3RA	1.495
AASDH	-0.58
LRWD1	-1.075
TULP3	-2.765
DEPDC5	0.61
TULP4	0.46
LPP	1.545
SLC12A4	-1.085
SLC12A7	-1.015
KDM6A	1.41
SLC12A2	-1.625
CWC27	0.765
CWC25	0.055
SLC12A9	-0.69
FEM1C	0.325
FEM1A	1.85
POU2AF1	0.58
	0.41
CRY2	-1.63
MED1	1.155
VCPIP1	-0.55
ATP6V1C1	1.43
	-1.26
NUS1	1.33
PCGF1	0.82
PCGF5	-0.385
LGMN	3.685
PCGF6	-0.27
CCNDBP1	-0.81
SPATA24	-0.195
GOSR2	0.88
NANS	1.325
PRCP	-2.74
DHX33	-0.18
BEND3	-0.56
USP47	-0.505
SFI1	0.76
	0.745
DARS2	0.81
LRRC56	-0.24
LRRC57	-1.425
LRRC58	-1.595
LRRC59	-2.35
HCCS	-0.84
SLC11A2	0.36
NUP155	2.44
SLC11A1	0.585
SNUPN	-0.28
ZC3H12A	1.1
GDI2	0.84
PRC1	1.31
GDI1	1.075
HSD17B4	0.125
CBY1	0.495
HSD17B7	0.04
POLQ	1.425
THOC7	-0.98
POLG	0.91
POLE	2.085
POLB	0.105
PLEKHO2	0.57
POLM	0.185
PLEKHO1	4.455
POLK	-0.675
POLI	-0.6
POLH	3.675
DRAM2	-0.835
RTN4	-1.375
RTN3	-1.615
TIMM13	-1.51
TIMM10	-2.135
VRK1	3.67
RNGTT	-1.355
PA2G4	0.25
CDC6	3.485
CDC7	0.615
ACACB	0.11
PRR12	-0.98
	0.25
PRR11	-0.14
AURKA	0.185
AURKB	0.765
AEBP2	0.43
PRPF3	1.665
PRPF4	-0.44
PRPF6	3.025
SHC1	-0.735
TALDO1	-1.44
EIF2S3	-2.205
PKP4	0.97
PKP2	-1.985
MYO7A	0.005
NINL	-0.83
ITCH	2.47
MICAL1	1.465
CLPTM1L	-0.83
BTLA	-0.75
WDR62	-0.165
USO1	-1.095
XPR1	-0.23
FAM72A	1.665
VPS72	0.67
SCAPER	0.815
TEP1	-0.32
ACOX3	0.815
ACOX1	-0.165
ERGIC2	-0.26
ERGIC3	-1.14
ERGIC1	-0.635
DERL1	-2.15
DERL2	-0.105
ALDH9A1	0.055
FRY	0.685
SDHAF1	-1.435
FAM122B	-1.89
	0.43
CLIC1	1.33
GABARAP	-0.67
	0.99
	-0.03
ZSCAN29	0.83
ZSCAN25	0.225
ZSCAN26	-0.505
ZNF569	0.89
ZSCAN21	1.885
ZSCAN22	0.2
LMF2	-0.355
LMF1	-2.31
DUS3L	1.835
TSSC4	0.275
ZFYVE19	-1.15
ZNF687	-0.24
ZNF688	-0.6
TMCO1	-0.61
TMCO3	0.555
ZFYVE16	-1.855
TMCO6	1.31
SREBF2	-1.22
ZMAT3	-0.62
SREBF1	-2.82
ZMAT5	1.315
ANKRD44	0.11
ANKRD46	0.275
	-0.45
ANKRD40	1.005
ANKRD49	-1.685
MEF2C	1.395
MEF2A	0.495
BTBD9	-0.135
MEF2D	0.565
ARID4A	4.53
CYB561D2	0.48
BTBD1	-0.6
BTBD2	-0.965
CLUH	0.54
RNF166	-0.915
RNF169	0.365
RNF168	1.31
RABGAP1L	-1.525
N4BP2L1	0.11
EAF1	0.16
EAF2	1.325
N4BP2L2	1.37
RAD51D	0.99
RAD51B	1.61
DNPEP	-0.945
DDX39B	0.5
ERC1	-1.27
CHMP2B	1.015
CHMP2A	-1.04
DHX16	-0.245
DHX15	0.55
ZNF239	-0.03
MTHFD2	-1.8
MTHFD1	2.625
KATNAL1	-1.89
DBF4	-0.195
STIP1	1.605
GPCPD1	-1.45
	0.285
ALG8	-0.33
ALG9	-2.135
ALG2	-0.47
ALG3	-1.68
ALG1	-0.765
ALG6	0.03
ALG5	-2.705
PRIM1	2.47
PRIM2	0.73
GYG1	0.465
HIF1AN	0.005
IRF2BPL	-0.94
RPP14	-0.205
ACSL3	-3.29
RABL6	-1.38
C19orf24	-0.2
SLC30A6	0.49
SLC30A1	-0.4
RABL3	-0.93
MSI2	-2.53
BRPF3	1.46
BRPF1	1.235
CRLS1	-0.96
LYST	-3.26
PCNA	2.12
CNST	2.1
HELQ	-1.175
MCTS1	0.45
SPAST	1.375
HELZ	1.63
HIPK3	1.845
HIPK2	-0.24
HIPK1	2.4
IRF2BP1	1.545
	0.46
HELB	0.875
PCNX	-0.8
B9D2	-0.405
	-0.335
LSM8	0.095
LSM4	-0.575
EEF1G	-0.145
EEF1D	-1.17
LSM1	-1.17
LSM2	0.105
LSM3	-1.195
GUK1	-1.455
ZMYND11	-0.965
	-1.275
ZNF526	0.85
	0.025
MON1A	0.015
MON1B	-0.665
ZMYND19	-0.435
TPX2	3.49
	1.69
PPP1R21	1.875
	0.025
	0.17
	-0.17
HIST2H2BF	0.58
HIST1H2BJ	-1.15
TRAF3IP2	0.745
TRAF3IP1	2.29
SAC3D1	0.37
DPH6	-1.4
DNAJC25	-0.73
DNAJC24	-0.49
DNAJC21	-0.46
APOBEC3B	0.27
HSPB11	-1.435
APOBEC1	1.18
MTMR9	0.015
MTMR6	-1.285
MTMR4	-0.45
MTMR3	1.405
MTMR2	0.005
MTMR1	1.08
MYL12A	-0.21
CARS	-2.11
MAN1A1	-2.2
TRAIP	1.01
CHURC1	1.15
ABCB10	-0.285
RANBP3	0.48
APBA3	-0.535
	-1.59
CA2	-5.0
ACSS2	-0.1
ACSS1	-1.56
CYBB	1.28
CRTC3	-0.22
CRTC2	-0.91
HINT1	-2.55
HINT2	0.715
	0.11
TAMM41	0.08
HSF2	-0.5
C18orf25	1.205
DRAP1	-0.315
FGFR1OP2	0.09
PPIP5K2	-0.04
SCO2	-0.41
PPIP5K1	0.47
H2AFJ	-0.53
TFEB	-0.91
C19orf25	-0.21
TOLLIP	-0.155
AAMP	-1.29
HYPK	-1.01
NXN	0.035
	0.7
CCZ1	-0.485
KARS	0.055
DPY19L3	2.015
DPY19L4	0.36
CCDC47	-0.64
CCDC43	-0.28
SON	1.91
CCDC112	-0.095
PGGT1B	-0.745
ACTL6A	0.11
	-0.705
PSEN2	-2.12
PSEN1	1.99
MYLIP	-0.01
GPATCH2L	2.405
XPNPEP1	-0.09
NRBP1	-0.92
	0.675
TMEM259	0.93
TMEM258	-0.565
TMEM256	-1.24
TMEM251	0.63
REXO1	1.13
REXO2	-1.425
	1.41
REXO4	1.095
	-0.69
MYH13	-0.67
ABCG1	-6.405
MARS2	-0.98
AP5M1	-0.26
KDM4C	1.68
KDM4B	0.35
KDM4A	-1.165
RPUSD1	1.95
RPUSD2	-0.87
RPUSD3	-1.495
OTUD6B	0.11
TMUB1	-0.42
TMUB2	1.33
	-1.03
SIMC1	0.02
KHK	0.54
LMAN1	-1.515
LMAN2	-0.195
TMTC2	0.11
	0.38
ARFIP2	-0.83
NECAP1	0.49
GNAQ	-1.02
	-0.685
NECAP2	-1.07
GNAZ	0.06
NAPG	-0.79
ATP1A1	0.275
PHLPP1	-0.825
OS9	-0.28
PON2	-1.81
	-0.21
NSMCE1	0.36
UTP15	-1.16
	-0.625
S100A13	0.33
UTP18	0.13
HELLS	0.39
HYOU1	-2.045
PLOD3	0.315
CYP39A1	1.935
SCO1	-1.53
CASC4	-1.44
UGP2	1.405
CPPED1	0.355
LEMD3	2.265
SMYD4	-1.345
SMYD5	-0.15
COX4I1	-1.185
SMYD3	-1.46
DOCK11	1.3
ENTPD7	-0.63
ENTPD6	-0.87
ENTPD5	-0.1
TRIT1	1.375
SNAP23	-0.585
SNAP29	-1.31
SH3BP5L	-0.31
CCM2	1.875
ZBTB40	-0.415
ZBTB41	-1.08
ZBTB43	0.69
ZBTB44	0.015
ZBTB45	0.105
ZBTB48	1.01
DYNC2H1	-0.91
MOB4	-1.745
GAPVD1	-0.01
PRDX6	-0.225
PRDX5	-0.475
PRDX4	-1.2
PRDX3	-2.18
PRDX2	0.14
PRDX1	0.35
	1.76
KRIT1	0.565
PANX1	1.35
DPF2	-0.27
NDUFB6	-0.175
NKIRAS2	-1.28
P4HA1	1.165
WDR41	1.37
WDR43	-0.17
WDR44	-0.23
WDR45	0.195
WDR46	-0.065
WDR47	0.33
WDR48	0.175
SERGEF	-0.14
USE1	-0.39
VPS53	0.51
VPS52	1.51
VPS51	0.405
	-2.5
VPS54	-0.72
EGLN3	0.5
EGLN2	-0.11
EGLN1	1.31
LNX2	0.525
ABHD14A	-0.925
ABHD14B	-0.6
APEH	2.57
TARSL2	-0.82
FAM120B	-1.855
FAM120C	2.465
FAM120A	0.36
MASTL	0.76
EEPD1	1.16
PHC1	0.125
C19orf47	-2.06
NAGPA	1.045
TMEM161A	-1.06
PARK7	-1.89
	0.54
NXPE2	0.38
NXPE3	-2.315
SF3B2	0.34
STX5	-0.155
	1.32
ANAPC16	-2.32
ANAPC11	-0.195
ANAPC10	1.53
ANAPC13	-0.12
MAST2	0.605
MAST3	0.715
GBE1	0.17
GGCX	-1.79
PSIP1	2.025
CAND2	2.405
CAND1	0.72
RNF44	-0.04
	-0.145
RNF41	-0.585
RNF40	1.725
KPNA6	1.375
KPNA4	0.285
KPNA3	2.41
KPNA1	-1.685
FDFT1	-0.435
	1.745
S100A6	-0.945
USP49	0.925
USP48	-0.545
RNF185	-0.75
CNOT11	-1.265
USP46	-1.79
RNF181	-2.62
USP40	-1.17
RNF183	-0.01
USP42	-0.405
SKA1	1.8
SKA3	1.71
SKA2	-0.73
COQ9	0.125
COQ5	-1.64
COQ4	-0.18
COQ7	-0.295
COQ6	0.59
COQ3	0.63
COQ2	-0.445
EIF5A2	-0.125
SCP2	1.04
DHX38	-0.8
ZNF219	-0.03
GNGT2	0.205
CDK20	-0.03
DHX30	1.03
ZNF212	0.32
DHX32	-0.15
GOSR1	0.37
DHX34	-0.18
DHX35	-1.13
DHX36	1.955
DHX37	0.93
COPS8	-1.015
	-0.195
	-1.86
COPS3	-0.725
COPS6	0.305
COPS4	0.125
COPS5	0.19
SENP6	0.0
UTP20	1.215
DHCR24	-1.92
CCNB2	0.89
ZNF280C	-0.325
ZNF280B	0.41
ZNF280D	1.48
CCDC157	0.11
BLM	1.205
NUMBL	0.27
BRCA1	2.845
BRCA2	-0.215
ALAD	0.945
ACAP2	-0.88
ACAP3	-1.22
BAZ1A	5.7
PFN1	0.75
PFN2	0.25
BAZ1B	2.64
EP400	0.59
MRPS27	-0.535
URB2	-0.505
URB1	-1.795
C15orf39	-0.755
PABPC4	1.86
SLC7A11	-1.5
	-0.39
	-1.025
LIPA	-1.27
LIPC	0.11
LIPE	-1.025
LIPG	1.24
GM2A	-1.18
RPS6KB1	-0.405
RPS6KB2	0.495
TTK	1.07
MGST3	-0.24
TRMT2A	0.985
SUCNR1	0.455
SAMD1	3.385
CLSPN	2.34
	-0.43
TRMT2B	3.48
CUL4A	0.6
CUL4B	0.67
TUBB2A	-2.295
TUBB2B	-1.49
NEK6	-1.765
NEK7	1.055
NEK4	-2.07
NEK2	1.48
NEK1	-0.16
NEK8	-1.33
NEK9	2.285
HIST1H2AD	1.735
IDUA	-0.125
SLC41A1	0.76
SLC41A2	5.38
CEP170B	0.335
SETD1A	1.065
CHMP3	-1.185
	-0.105
ARHGEF10L	0.35
SMURF1	-1.035
SDAD1	1.225
SENP8	-0.03
SENP7	0.71
RNF2	0.735
SENP5	2.245
STAMBP	-0.965
SENP3	-1.795
SENP2	-0.43
SENP1	-0.27
CHMP5	0.28
IL6R	-2.22
B3GNT2	1.32
NKAP	-0.23
SLX4	1.46
PNKP	0.025
CSF1	1.525
GLB1	-1.635
APPL1	-0.825
APPL2	-0.66
PNKD	1.195
AIM2	-0.25
PRNP	-1.33
DCLRE1B	-1.05
PQLC2	0.32
PQLC1	-0.96
DCLRE1A	0.045
ZNF580	-0.02
STX8	0.685
TRAK2	0.77
TRAK1	-0.95
COL27A1	0.02
STX7	-0.975
STX6	0.155
	-0.185
MDC1	1.405
	0.585
CTNNB1	-0.465
EDC3	1.16
AAK1	-0.27
EDC4	0.485
C17orf75	-0.595
DEPTOR	-0.67
ASAP1	1.455
KAT8	0.33
NUF2	2.05
KAT5	1.305
HYLS1	1.17
KAT7	1.13
LY96	-0.16
LUC7L	0.375
CORO1B	-0.2
ARHGAP31	-0.645
PQLC3	1.51
CCDC22	-0.49
CCDC25	0.005
GRB2	0.95
DCLRE1C	-0.09
EXTL1	0.75
CRTAP	-0.045
FCF1	2.115
LRCH1	0.055
TIMMDC1	0.545
UXS1	-1.165
ASXL1	1.19
ASXL2	2.445
FIBP	0.49
	-0.095
	1.64
TIA1	1.255
MOAP1	1.465
CCSAP	-0.65
ARF3	-0.37
	-0.915
ARF1	-1.045
ARF6	-0.145
ARF5	0.24
ARF4	-1.525
AAGAB	1.6
RPN2	-0.725
GRAMD4	-0.095
TMEM186	0.88
PDCD6	-0.135
PDCD7	-1.0
PDCD4	0.64
KIAA0319L	-1.38
PDCD2	-0.745
NDUFV3	-1.245
NDUFV2	-0.545
NDUFV1	-0.08
DNASE1L1	0.6
ATP6V1G1	-0.4
TXNRD2	-0.355
TXNRD3	-0.375
TXNRD1	-0.775
	-1.745
DNASE2	1.64
ACVR1B	-0.67
INO80	1.59
NARS	-1.975
HACE1	0.005
OXCT1	1.07
DYNC1H1	2.045
NARF	-1.76
TTLL5	1.165
TTLL4	1.715
TTLL1	-0.92
SAR1A	0.025
SAR1B	-1.405
WDHD1	1.24
	-0.425
TBCEL	-0.16
DEAF1	-0.385
C11orf49	-0.08
NTHL1	-0.535
MANBA	-1.025
CDC27	0.38
CDC26	-0.45
COMTD1	0.1
CDC23	0.855
CDC20	1.47
CLN6	-1.73
CLN5	0.48
FAR1	-0.205
MAPRE1	0.225
NOL10	1.115
MAPRE3	-1.19
NOL12	-0.305
TCF4	-1.945
AUP1	-1.235
MORN1	-0.665
TCF3	-0.035
DCP2	-0.13
SLC16A1	-2.07
SLC16A3	-1.27
SIGLEC10	0.775
RIF1	-0.56
SLC16A6	-0.12
TTLL12	-0.5
STK38	1.895
TIMM50	-0.58
ZBTB21	1.17
UCP2	4.1
ZBTB24	1.0
UVSSA	0.72
	2.285
OTUD4	1.84
OTUD3	-0.72
OTUD1	2.035
CXorf21	0.62
EIF1AD	0.15
SAP30BP	0.675
GPHN	0.535
MDN1	0.14
FAM76B	1.11
FAM76A	0.84
CCDC137	1.475
CCDC130	0.915
PSD4	0.105
CCDC138	0.69
TUT1	1.705
CDON	-0.61
SLC1A4	-2.36
SLC1A5	0.405
SLC1A3	0.82
VPS35	0.655
VPS36	-0.055
VPS39	-1.045
	-0.08
GEMIN2	0.98
LHPP	-0.6
TET3	-0.25
TET2	-2.11
PDE4DIP	-3.26
ANAPC1	-0.02
ANAPC2	-0.605
ANAPC5	-0.165
ANAPC4	-0.685
ANAPC7	1.01
NDUFB10	-0.26
RUFY1	-1.49
SLC35E4	-0.72
RUFY3	0.27
RUFY2	0.66
SAE1	0.8
C11orf95	-0.015
C8orf33	-0.02
SPG11	-1.245
EEF2	-0.435
ZNF3	-0.58
SLC2A8	0.5
SLC2A3	0.305
SLC2A1	-2.82
GGACT	-1.48
KCTD18	-0.03
RAB3GAP2	-1.255
	0.82
PLCB3	1.1
SUPT5H	2.555
HRAS	-0.53
TIPIN	0.645
UBE2R2	0.37
SCRIB	0.68
GAS8	1.045
SGSM3	-1.4
SGSM2	-0.73
ACOT8	0.72
	-0.38
ACOT7	-2.315
KIAA0753	-0.045
ACOT2	-1.07
SLC15A4	1.475
FEZ2	-2.51
PYURF	-0.325
DDT	-2.28
ZNF398	1.35
CBX6	-0.065
ZNF397	0.61
MRPL36	0.05
MRPL37	-2.045
MRPL34	0.32
MRPL35	-1.585
MRPL32	0.315
MRPL33	0.895
MRPL30	-0.155
MRPL38	-1.63
MRPL39	0.175
PPIL1	-0.23
PPIL2	0.88
PPIL3	-0.335
PPIL4	0.33
CENPB	-0.76
NUP88	-0.835
CLASP2	-0.155
CLASP1	1.015
MTM1	-0.15
NUP85	0.635
TMEM120A	-0.935
DERA	-1.05
	-1.2
	-0.755
HMGN1	0.945
NFS1	-0.415
CDKN2B	0.27
CDKN2C	1.48
DSTYK	-0.46
CCND3	-1.125
SPECC1	-2.145
CDKN2A	-1.27
CD74	-0.915
CD72	1.66
BRCC3	0.82
NUDT22	-0.375
GEM	-0.46
FAM162A	-2.23
	1.91
IQCD	-1.35
CETN3	-0.355
CETN2	-1.23
NOP58	-0.72
PEX1	1.145
	2.34
PEX3	0.36
PEX2	-0.145
PEX5	1.36
PEX7	0.81
PEX6	0.935
GSDMD	-1.89
	0.645
HADH	-0.23
NOP56	-0.085
CTPS2	0.075
CHRAC1	0.455
ARRDC1	0.945
ARRDC2	-0.03
ARRDC3	-0.75
YOD1	0.325
FKBP5	-0.82
GNPTAB	0.965
P2RY10	0.975
RBM7	0.8
SORD	-1.54
RHBDD2	-1.84
	3.995
RHBDD1	-0.885
TGFBR2	-0.8
TGFBR1	-0.255
FKBP2	-1.23
RPS7	0.1
RPS5	-2.43
RPS3	-1.34
RPS2	-0.4
ALG11	-1.39
ALG12	0.335
	-1.16
ALG14	-0.07
RPS9	-1.445
RPS8	-1.495
DRG2	0.46
DRG1	-1.15
SDF4	-1.59
SDF2	-0.885
STRAP	-1.02
DARS	-0.335
	0.04
ZNF367	0.735
CAPZB	-0.44
	-1.56
RSU1	-0.445
ARIH2	-0.73
ARIH1	1.54
ARL8B	-1.575
	-0.24
ARL8A	0.06
HSP90AB1	-0.675
MEGF8	-1.39
PDCL	-0.115
YIF1B	-2.67
	1.37
GSTO1	-3.465
CENPU	-0.965
YIF1A	0.02
TRAM1	-0.45
TRAM2	-0.4
TOR2A	-0.185
PBK	1.885
RAD23B	-1.015
SHCBP1	1.025
RAD23A	-0.425
SCARB2	-0.33
SCARB1	-1.88
RHOBTB2	4.465
SAYSD1	-0.415
PRKCI	0.4
TBCK	1.155
TBCE	-1.54
TBCD	-1.525
TBCC	1.27
TBCB	-0.405
TBCA	-1.3
TRIM8	-0.315
SUGT1	-0.79
TRIM3	0.11
TRIM5	-0.49
STXBP5L	3.47
TMEM43	-0.495
TTC14	-0.61
TTC17	-0.23
TTC13	-1.0
LMBRD2	0.07
LMBRD1	1.12
RAB40C	0.155
IDH3A	-1.38
	-0.96
IDH3B	0.365
	0.07
	0.41
LTBP4	-2.84
SIPA1	2.29
SSBP3	-0.635
TRPC4AP	-1.94
OSBPL11	0.265
SSBP2	-1.66
	-1.755
GADD45A	-3.345
GADD45B	1.41
	-0.585
MNT	0.57
SSBP4	1.48
	-1.155
	0.905
	0.23
	-1.275
SLC25A42	0.5
NDOR1	0.105
SLC25A44	1.475
SLC25A45	1.28
SLC25A46	-1.405
ECM1	0.82
TMEM214	1.11
TMEM219	0.43
ARL2BP	-0.625
	1.415
PPM1G	-1.685
PPM1F	0.51
	-0.535
PPM1D	-0.26
PPM1B	-1.465
PPM1A	2.135
RPL6	-1.195
RPL7	0.605
RPL4	-0.64
PPM1L	0.19
PPM1K	-0.86
RPL3	-0.51
LCOR	0.11
MECR	-0.74
ALDH4A1	-1.05
ZHX2	-1.16
ZHX3	-2.275
ZHX1	0.23
ATP6V1E1	-0.82
CNTN2	-2.26
	0.92
PAG1	0.345
TLE1	0.11
TLE4	0.98
ESPL1	0.95
IRGQ	-1.295
MYO18A	1.11
JAK2	1.145
JAK3	0.015
	0.24
NAT9	-0.295
NAT1	-0.375
DNMT1	6.36
CCPG1	-0.45
ALDH7A1	-1.325
POMT1	0.225
POMT2	-0.125
SDR39U1	0.965
ATRNL1	0.525
FAT4	0.48
SETD3	1.425
SETD2	0.955
SETD5	1.25
SETD7	0.04
SETD6	0.09
WRB	1.26
WRN	1.1
TSPAN3	-1.17
TSPAN5	0.84
CSDE1	1.285
ZFHX3	-1.285
ZFHX2	0.84
BCL9	1.04
HES1	2.155
BCL6	2.37
HES6	-0.33
CCDC117	1.855
RABIF	-1.585
CSTF1	0.3
CSTF3	1.445
CSTF2	0.765
VHL	0.235
WDR81	0.175
WDR82	0.78
WDR83	-0.68
C4orf46	1.135
WDR89	-0.07
	-0.61
HDHD2	-0.535
R3HDM4	0.235
VPS16	1.58
R3HDM1	-0.745
VPS11	1.485
SF3A1	0.56
	2.115
SUFU	-0.47
PITPNA	-1.74
PITPNB	0.615
SPRTN	-1.06
RPN1	-1.175
FTO	-1.025
RAD54B	0.745
ERCC1	-0.43
ERCC2	0.78
ERCC3	0.675
ERCC4	-1.615
ERCC5	-0.555
	-1.4
SCPEP1	-2.28
EXD2	1.655
PPP1R16A	-1.81
PPP1R16B	-0.91
FRRS1	-0.475
NLRX1	0.085
GON4L	1.65
TBCCD1	-0.36
RPAP2	0.56
RPAP3	2.25
RPAP1	0.155
	0.06
ZNF628	2.29
	-0.24
NSMAF	0.415
	0.17
ZNF622	1.505
ZNF623	-0.54
CIART	-1.975
MBTPS2	-1.645
MBTPS1	-0.625
PLCL2	1.47
AMFR	0.0
STX12	-1.035
STX17	-0.985
STX16	-1.415
STX18	-1.925
GBA2	0.11
CYB561	1.26
TSTA3	-1.545
TYMS	0.675
MRPL10	-0.59
MRPL11	-0.435
MRPL12	-0.97
MRPL13	-1.225
MRPL14	-2.005
MRPL15	-1.36
MRPL16	-0.405
MRPL17	2.145
MRPL18	0.735
MRPL19	-1.03
CALHM2	-0.375
IER2	-0.28
DTNB	1.005
GABPA	0.365
STAM	-1.525
PRRG4	-0.645
MYNN	-0.135
C11orf71	0.715
PRPF19	-0.215
PRPF18	1.155
POLDIP3	2.275
GSTP1	-1.37
RDM1	0.6
STAG2	1.37
HTATSF1	0.92
CDCA7	1.285
SP140	-0.08
CYFIP1	-3.06
ZNF512	1.365
CLEC12A	-2.2
CYFIP2	-0.475
ZNF513	0.67
HGS	-1.045
ACAT1	-0.97
ABR	3.465
ZNF131	-0.4
KCTD20	-0.19
	1.065
CD53	2.865
CTNNAL1	-0.86
SNX5	-1.93
CD55	0.815
AHNAK	0.22
SMCR8	-0.585
MTO1	1.15
MMP17	-0.67
TEX30	-2.46
GMNN	-0.8
TPR	-0.025
ARGLU1	0.16
CMTR2	0.25
CMTR1	0.9
GPSM2	-0.62
GPSM1	0.145
PEAK1	0.045
SLC29A3	-0.645
SLC29A1	-1.68
NUP107	-0.42
CDKN2AIP	0.25
GSKIP	0.835
ADPGK	-1.07
ULBP1	0.725
TOP2B	-0.085
	-1.245
TOP2A	2.885
BOD1L1	-0.155
PPARGC1B	0.62
RHBDF1	-1.315
RHBDF2	-1.145
HSH2D	-0.29
SCIMP	1.915
ARHGAP9	0.415
	0.84
RFK	0.165
ING5	0.69
ARHGAP6	0.785
ING2	-0.47
ING3	0.655
SNRNP200	1.485
MAEA	-0.405
CSK	0.09
	1.335
SNRK	0.155
UBA6	0.015
UBA7	1.9
UBA5	-0.34
UBA2	0.385
UBA3	0.125
UBA1	0.11
	-0.24
PWP1	0.14
NAA20	-0.005
CREG1	-1.64
NAA25	-1.27
SPIN1	0.24
ERCC6L	1.385
WARS	-0.665
RASSF1	-0.8
TNIP1	1.205
UCKL1	0.995
CLINT1	-1.185
RASSF3	0.11
RASSF2	0.43
SLTM	-0.065
MED25	0.825
TMEM158	-0.73
COASY	-1.725
RASSF4	-3.45
DDB2	2.39
RASSF7	-0.735
ELL2	-0.785
PDF	1.08
MED26	-0.615
PNO1	-0.67
SNRNP35	-0.63
LAMP2	-1.53
LAMP1	-0.55
TMEM67	-0.635
TMEM64	-1.66
TMEM62	-1.1
SMCHD1	1.845
TMEM69	1.605
TMEM68	-0.24
FOXRED2	-0.315
FOXRED1	-1.2
NRM	0.2
LITAF	0.46
	-0.245
TTC33	2.055
TTC32	-0.245
TTC37	2.32
TTC38	-0.015
RARA	0.97
UFM1	-1.085
BTRC	-1.78
RARS	-1.23
	-0.6
MLX	-2.29
TADA1	0.89
TADA3	0.89
	-0.34
SET	0.465
PSME4	-1.33
PSME2	-1.285
PSME3	-2.12
NDUFB11	-0.535
PSME1	0.205
INO80D	0.735
INO80E	-0.245
INO80B	0.125
INO80C	-1.225
MEA1	-2.385
GNPDA2	0.225
GNPDA1	0.53
DAGLB	0.205
TMEM234	-1.39
TMEM237	-0.03
ATP5G3	-0.295
SCFD1	0.745
SCFD2	-0.22
ZNF451	-0.31
CNTLN	1.47
TRMT1L	1.36
IPMK	0.115
DVL1	-0.12
AKR1B1	-1.305
THUMPD1	-0.805
THUMPD3	0.76
THUMPD2	0.1
MAML1	1.595
BMPR1A	-0.305
RCBTB2	-2.09
RCBTB1	-0.575
QKI	-0.2
NADK2	-0.855
SERP1	0.245
TAPT1	2.47
PPP2R5D	-0.46
PPP2R5E	2.1
PPP2R5A	0.3
	1.55
DAXX	0.93
WARS2	-1.79
	0.35
TMEM184B	-1.195
TMEM184C	1.105
TFDP2	1.32
TFDP1	-0.76
MIF4GD	0.1
SUMO1	-0.72
SUMO3	1.055
PDS5A	1.745
PDS5B	1.055
RB1CC1	-1.285
ATPAF2	-1.26
VOPP1	0.46
SMNDC1	-1.965
C12orf66	-0.08
TRAPPC11	-0.795
TRAPPC10	1.275
TRAPPC13	0.815
TRAPPC12	2.455
TUBB6	-0.01
VIPAS39	0.02
TUBB	0.615
TUBB3	-2.405
TBX15	-0.455
TFE3	-0.44
TCERG1	0.49
NR2C2AP	-1.08
TRMT13	-0.35
IRAK1	-0.465
	-0.115
IRAK4	0.3
NIFK	-0.715
NGDN	-0.175
AP4S1	0.655
	0.09
	-0.215
LIG4	0.595
PRRC2C	3.365
NAV3	0.32
GNG5	-1.94
GNG2	-1.79
LIG1	2.375
LIG3	1.82
CLN3	-0.39
CNOT4	0.41
TNRC18	1.805
VPS26A	-0.775
TSPYL1	1.555
	0.915
VPS26B	-0.415
CCDC171	1.53
CCDC174	0.005
GPD2	1.055
PLBD2	-1.17
DIP2A	1.61
DIP2B	-0.29
MAN1B1	0.675
CDK1	1.185
CDK2	0.495
CDK4	0.985
SACM1L	0.155
CDK6	-0.7
	-0.67
CDK8	0.13
CDK9	-0.23
PRKX	1.36
SREK1	0.65
PSMC1	0.69
PDE4B	-0.155
SQSTM1	-3.2
FUT11	0.995
PSMC3	-1.33
PPP3R1	-0.6
SUV39H1	1.535
MXD3	0.26
SUV39H2	-1.21
SAAL1	0.905
PPAN	1.435
SPPL2A	0.615
PAPOLG	-0.395
PPP1R14B	-0.185
PAPOLA	2.755
DROSHA	0.4
ZNF608	1.405
ZNF609	-1.305
ZNF606	-1.89
FANCB	-0.58
PRKAR1A	1.05
WWP2	-0.805
WWP1	0.69
OGFRL1	-0.14
ZNF787	1.62
USP28	0.16
USP25	1.025
USP24	0.4
USP22	-1.33
USP21	-0.695
USP20	-1.9
KIAA0895L	-1.89
C19orf57	0.06
DSTN	-1.44
ZBTB25	-1.3
CTNS	-0.77
PARM1	-0.67
PRPF39	1.94
WDTC1	-0.895
PRPF31	-0.37
ALAS1	-1.605
BRWD3	1.61
TYK2	0.4
BRWD1	3.39
AGTPBP1	0.13
	-1.15
SMU1	0.23
FYCO1	0.06
SLC5A3	-0.595
N4BP3	0.14
SLC5A6	-1.0
RITA1	-0.07
RENBP	-1.795
CXCR5	0.675
EIF1AY	-0.425
DCTD	0.31
	2.695
SLC19A2	-0.62
UBALD1	-1.425
SLC19A1	-0.97
	-1.765
MAN2C1	0.34
TNFRSF13B	-0.68
POPDC3	0.595
	2.28
CD36	3.155
CD37	1.22
GAN	1.01
GAK	1.015
CITED2	-1.51
CITED1	-1.35
MTA1	1.93
GAA	-3.325
MTA3	-0.79
NCEH1	-1.8
EHD4	-0.21
EHD2	-0.975
EHD1	-1.885
TRMT61A	0.51
ZC2HC1A	-0.45
SLC35A4	-1.365
SLC35A5	-0.485
SLC35A1	-2.24
	0.36
SLC35A3	-0.3
ABL1	0.505
KHNYN	-0.835
ABL2	0.185
ATXN2	0.745
ATXN3	1.215
IGSF9	0.16
PLSCR3	0.155
CLIP2	-1.16
SLC6A9	-3.8
	0.195
AURKAIP1	-2.075
MTAP	-1.78
BCAP31	-1.215
CCDC134	0.56
MAPK1IP1L	0.335
CAMK2D	-0.73
NUP160	0.375
CAMK2G	-0.22
CAMK2B	1.15
ELAC2	-1.42
UBXN8	-1.045
ANKHD1	-0.3
UBXN4	-2.715
UBXN6	-1.11
UBXN7	0.085
UBXN1	-1.13
XKR5	-0.29
	0.9
TTPAL	-0.13
PIBF1	0.545
FILIP1L	0.125
HSD17B8	1.865
RINT1	-0.915
	1.2
ZNF189	-0.73
SETDB1	-1.19
SETDB2	1.42
ZNF180	-0.675
TMEM41B	0.11
ATF4	-2.855
GRAP	-0.11
HAX1	0.345
BANF1	-1.785
GUSB	0.56
BHLHE40	2.935
XKRX	0.39
C9orf64	-0.415
ENSA	-1.285
FBXW8	-2.17
DDOST	-2.655
ANKIB1	0.87
FBXW2	0.38
FBXW4	1.235
FBXW5	-1.85
LPAR5	-1.95
HUS1B	-0.01
NAA40	2.36
PARD6B	-1.66
PARD6A	1.64
SMIM20	0.69
	-1.21
ARL4A	1.03
PGS1	0.38
AHCY	-1.84
TUBB4B	-0.055
AFMID	0.15
TOMM20	-0.42
TOMM22	-0.63
AP1B1	-0.72
IGF2R	-0.595
RAB33B	0.25
MAP3K10	0.11
MAP3K11	0.365
MAP3K14	1.335
GALNT7	-0.64
GALNT1	0.38
PLXNB2	5.955
NCBP1	1.09
NCBP2	-0.075
	0.06
NARS2	-0.125
SLC9A3R1	-0.825
SHISA5	-2.265
LIMS1	-1.025
KIF3B	-0.435
KIF3C	0.515
KIF3A	-1.38
FAM45A	-0.56
NLE1	-0.585
UFC1	-1.385
PSMG4	-2.85
PSMG1	-2.045
PSMG2	0.75
PSMG3	-1.415
MALT1	0.595
TRPV2	-0.11
XPO1	0.46
XPO5	-1.34
XPO4	-0.115
XPO7	-0.775
XPO6	-1.01
DOHH	-0.315
RCOR2	0.855
MNAT1	0.83
UBE2G2	-0.855
CRCP	0.525
PRDM15	1.265
UBE2G1	-0.055
PRDM10	-1.07
CPNE3	1.74
SAFB	1.14
CPNE1	-0.5
ZNF182	0.82
ISCU	-0.12
PECAM1	2.28
FNTA	0.74
FNTB	2.35
	1.525
RBM34	1.025
GIT1	-0.94
GIT2	-0.87
CYTH1	0.305
CYTH3	-2.26
CYTH2	0.265
SEPT1	0.25
RBM38	-0.625
	-0.18
TACC1	1.325
SGCE	-0.525
TACC3	0.22
SGCB	0.115
TECR	-1.3
DCTPP1	-1.185
	0.58
KMT2D	1.13
ECI2	0.01
ECI1	-0.32
IPO8	-0.81
IPO9	0.33
IPO7	-0.32
IPO4	-1.835
IPO5	-0.335
FBXO10	0.335
YRDC	-1.225
	0.065
C2CD5	0.82
PRMT2	-1.435
PRMT3	-0.15
PRMT1	0.555
PRMT6	-1.63
PRMT7	-1.465
PRMT5	0.18
	-0.07
RNFT1	0.98
	0.36
HUS1	1.77
TUBGCP2	-1.925
TUBGCP3	0.875
TUBGCP4	0.68
TUBGCP5	0.245
TUBGCP6	0.675
STIM1	-1.575
STIM2	-1.26
PAK4	-0.8
PAK2	-0.43
TANC2	0.73
YIPF1	-0.575
HNRNPUL2	1.265
YIPF3	-0.135
ELF2	0.495
RUVBL1	0.515
TTI2	0.115
TTI1	1.75
RUVBL2	-0.315
ELF4	2.955
SS18	0.04
H3F3A	-0.02
TNS3	0.28
PATL1	1.12
RTTN	1.125
EIF4B	1.145
VWA5A	0.595
AK6	-1.715
MAT2A	-0.555
RHOG	-0.26
	-1.65
	-2.09
TAPBPL	-0.565
ICAM5	1.65
VPS8	1.22
	-0.005
ICAM2	0.31
ICAM1	-1.03
	-0.915
AMZ2	-0.04
	-1.68
COQ10B	-1.08
	-1.55
COQ10A	0.395
SPIB	0.805
SPIC	-0.8
PPP1R12A	0.545
	0.15
PPP1R12C	-1.555
MCPH1	-1.435
JMJD6	-1.215
ZNF667	0.265
JMJD4	-0.4
ZNF668	-1.475
	1.925
HIST1H1D	5.18
SECISBP2L	0.295
DDX20	-0.015
SUSD3	1.24
SUSD1	-0.12
SKP2	-0.255
CHERP	1.465
CAPZA2	-1.385
CAPZA1	-1.53
SPI1	-0.45
SERINC5	0.42
TPMT	0.11
SERINC1	-2.22
SERINC3	-0.3
	1.055
SNX30	-0.11
SNX32	-1.63
CDH13	0.44
CDH17	-1.4
DLST	1.48
CHM	-0.785
MRPL54	-2.11
MRPL55	-0.52
	-2.0
MRPL50	-0.8
MRPL51	-1.565
MRPL52	-0.79
MRPL53	-1.235
ACLY	1.185
	-0.2
PLD4	-0.445
PLD3	0.75
NFYC	0.215
NFYB	0.845
NFYA	-0.68
RPL7A	-0.895
SCAMP4	-0.425
SCAMP2	-0.45
SCAMP3	-1.115
	-2.66
SCAMP1	-1.835
PRRC1	-0.115
UNC45A	1.115
POLR2E	0.42
GLYR1	2.41
POLR2G	1.94
POLR2F	-2.115
POLR2A	3.81
POLR2C	-1.395
POLR2B	0.455
POLR2M	0.64
POLR2I	-1.915
POLR2H	-1.6
POLR2J	1.1
ATP11C	-0.535
ATP11B	0.025
HIBCH	-1.38
GCA	1.53
SUPT6H	2.87
	1.03
POLDIP2	-1.18
CLEC16A	-0.95
RPS10	-0.07
SUPT3H	0.87
AFP	-0.72
CD19	1.85
FBXO45	-0.935
FBXO44	-0.77
FBXO46	1.915
RPS15	-1.16
FBXO42	-0.865
ERI2	1.42
ERI3	0.86
MAN2A1	2.055
ERI1	0.29
BAIAP2	-0.655
VASP	-0.39
MLST8	1.1
XAB2	0.49
CHD1L	-1.73
	1.015
PER2	-0.305
PER1	-0.385
SLC15A3	0.545
LCA5	1.41
SLC35C2	-0.205
SLC35C1	-0.265
DBI	-0.765
	-0.215
SS18L1	-0.72
C1GALT1	-1.845
WSB1	0.95
WSB2	-0.6
DBP	-0.295
MAFG	-2.195
DBT	2.26
TESK2	1.13
CBR1	-1.14
RB1	-2.385
PURB	0.585
PURA	-0.735
LDB1	0.115
PURG	-0.03
LONP2	0.905
LONP1	-2.765
TBC1D22B	-1.23
TBC1D22A	-1.46
LZIC	0.82
UFSP2	-0.1
ARSG	-0.72
ARSA	-1.415
ARSB	-0.43
COMMD3-BMI1	-0.72
ARSK	-0.655
RFTN1	-2.265
FRYL	0.28
C11orf53	-2.4
YTHDC2	0.885
UQCRC2	0.495
BTD	-0.99
OLA1	-1.415
DENND4A	-1.615
DENND4B	2.64
DENND4C	0.04
	-0.22
UQCRC1	-0.365
BTK	2.9
STK19	0.215
BIRC3	1.27
STK10	-0.43
STK11	1.915
STK16	0.185
CALU	-1.475
BIRC2	0.155
CBFB	0.02
NAA60	-0.53
RASAL1	1.055
RASAL3	0.175
LSM11	0.265
	-0.63
MBIP	0.425
CCDC18	2.38
EXOC5	-1.035
ATP5H	-0.19
CCDC6	-0.925
CCDC9	1.31
SLPI	1.785
HYAL2	-0.13
CYLD	-0.4
ADHFE1	1.71
SAMD4B	-0.82
SHKBP1	0.895
MYH9	1.965
TP53BP1	-1.57
TP53BP2	1.02
SNRNP70	0.15
OSTM1	-0.32
SLC52A2	-1.385
KIF1B	2.11
KIF1C	-0.425
PRDM4	-0.14
PRDM2	0.23
CAGE1	0.11
PRDM9	-0.72
TMPO	2.63
RAB5A	-0.62
RAB5C	0.02
SLC31A1	-0.855
UNC119B	-0.575
	-2.06
CASP4	-1.86
G6PD	-1.765
RGS2	0.56
	-0.67
NVL	1.14
RGS9	-0.285
GNPTG	-1.025
PSMA2	-0.815
KIF15	1.165
PSMA1	-0.585
PSMA6	0.495
KIF11	1.285
PSMA4	-1.435
PSMA5	-0.75
MSTO1	1.19
CASP2	0.31
RPL18A	-0.275
	1.005
TTC7B	0.135
CNDP2	-1.455
ATP5C1	-0.78
ZDHHC17	1.33
ZDHHC16	-0.295
PIWIL2	-0.72
ZDHHC13	0.13
ZDHHC12	-0.58
NBR1	2.155
ZDHHC18	-0.155
LGALS8	-0.11
FOSL1	1.32
CREM	-0.73
FOSL2	-0.03
	-1.89
KAT6A	1.72
VEZT	0.245
ZNF410	0.08
ZNF414	-0.585
RBM12	1.31
RBM10	0.78
RBM17	0.605
RBM15	0.975
RBM14	2.97
RBM19	1.54
PPP2R1A	0.085
PPP2R1B	-1.11
ZFX	0.265
TP53I13	-0.08
ARNT	-0.95
ZFR	-0.3
TCP11L2	0.585
CEP89	0.05
N6AMT1	-1.27
GFPT1	0.76
	0.19
CEP85	0.525
TWF1	1.01
TWF2	-0.245
PRPF38A	0.78
PRPF38B	2.88
UBE2E1	-0.21
UBE2E3	-0.605
SLC25A22	-0.84
SLC25A23	-0.72
SLC25A20	1.045
PEX11B	-0.67
TNKS1BP1	-0.595
SLC25A25	-0.345
SLC25A28	1.63
BNIP1	-0.245
EYA3	-2.73
NRBF2	-0.72
RGL2	0.17
PRKDC	1.26
ETFA	-0.795
ETFB	-0.46
TFAM	-1.475
LAS1L	-1.445
SCAF11	0.35
PDIA6	1.02
CTDP1	0.3
POGLUT1	-1.385
HIBADH	-0.005
BSCL2	-1.485
CAPN15	1.8
ESYT1	-3.495
ESYT2	2.125
PGM2	1.635
MYBBP1A	-2.275
ATF7	-0.02
PRKD2	1.285
MAD2L1BP	1.565
MTFMT	-0.31
BET1	-2.57
TLK1	0.515
VSNL1	0.295
TLK2	0.575
ATF1	0.755
CGGBP1	-1.525
ETF1	-0.34
ERCC6L2	0.725
GCDH	0.585
MRE11A	0.05
ABTB1	1.11
ABTB2	-0.58
IL17RA	-0.47
HMG20A	-0.555
RMND5B	-0.385
OLFM4	-2.58
THOC3	0.105
THOC2	0.855
THOC1	0.195
ZC3H12D	4.71
THOC6	-0.825
THOC5	1.215
B3GALT6	-0.315
ACACA	-0.495
VRK3	0.92
VRK2	0.82
WNK1	-1.91
	0.2
GMCL1	-1.51
FEN1	1.345
NCSTN	0.34
TMEM63A	-0.325
TMEM63B	-1.305
SNTB2	0.625
PCBP2	-0.54
NCAPG2	4.495
DMAP1	0.215
FAM160B1	-0.315
FAM160B2	-0.965
	0.32
DPH1	1.01
DPH2	0.88
DPH3	-0.94
DPH5	-0.775
LPXN	2.45
DPH7	0.065
SPOP	0.56
TBRG1	-1.575
TBRG4	-0.75
MSX1	1.26
ABCC10	-0.355
ZNF644	-0.895
ZNF646	2.115
ZNF250	0.11
PUM2	1.4
	1.885
PUM1	0.16
TNKS2	0.345
NPEPPS	0.04
SNX17	1.045
SNX16	-0.6
SNX15	0.175
SNX14	-0.25
SNX13	0.55
SNX12	-0.865
SNX11	0.85
SNX10	-0.875
SNX19	-0.645
SNX18	-0.3
MALSU1	-0.225
	-1.89
GXYLT1	-1.54
MARS	-1.955
NDC80	2.21
STARD3NL	-1.87
RIC8B	-0.26
	-0.275
TNFRSF1B	-1.1
LRR1	0.7
	-0.84
MIB1	0.02
MIB2	-1.325
ZFAT	-0.36
PABPC1	2.285
GSTZ1	-1.185
DTD1	1.1
DTD2	0.09
STK3	-2.635
STK4	-0.735
TNRC6B	0.31
TNRC6A	1.32
CPSF6	-1.87
DBR1	1.84
MUL1	-1.295
	1.37
DCPS	0.735
PEPD	-0.98
	1.01
SERPINB9	-1.4
SERPINB8	-0.055
RAE1	0.02
ADA	0.84
ARMC10	-0.865
ADO	-0.84
ADM	-6.7
ADK	-0.165
SERPINB7	-1.91
LRPPRC	2.03
ADPRHL2	-0.155
RABEPK	-0.985
GPBP1	1.555
BAG2	-0.05
BAG3	-0.555
BAG1	-1.25
BAG6	-0.325
BAG4	-1.23
BAG5	0.82
INSL6	0.505
GSAP	1.01
	0.82
SLC35E1	-0.855
SLC35E2B	-1.37
LZTR1	-0.62
SAP130	-1.015
FAM111A	3.77
CCNL1	0.8
CCNL2	0.86
NUSAP1	2.36
RAB3GAP1	-0.87
TMEM9	-1.02
RABEP2	0.62
RABEP1	1.51
RPS26	-3.14
RPS24	-0.9
RPS20	-0.185
RPS21	-0.255
MIS18BP1	1.405
	-0.62
ESD	-1.98
LCP1	2.49
NFKBIB	-0.55
NFKBIA	1.515
CHUK	0.86
NFKBID	0.76
NFKBIE	2.145
ARHGDIB	-1.96
SMIM13	0.415
ARHGDIA	-0.555
FMNL3	-0.45
	1.105
SNRNP40	0.39
TEX10	1.29
RNMT	-0.735
BUD13	1.675
LSM14B	-0.935
LSM14A	-2.25
FANCG	0.415
FANCF	1.165
FANCE	0.16
FANCC	-0.16
NIF3L1	0.68
FANCA	0.29
JAK1	-0.545
FANCM	2.525
FANCL	-0.24
DENND6B	1.26
AP1G2	2.29
FANCI	1.9
DENND6A	-0.485
APPBP2	0.38
	-0.11
FAM149B1	-0.45
HLA-G	0.8
ATG4B	-1.725
MPDU1	0.385
ATG4D	1.12
COX6B1	-1.1
CDPF1	-0.72
SNX3	-1.28
SNX2	0.93
SNX1	-1.565
MED31	-0.35
SNX6	1.655
ARAP1	-3.02
SNX4	-1.765
SNX9	-1.78
SNX8	0.97
CKS1B	-1.575
SEC61B	-0.695
SYNE1	-1.3
IFT80	0.525
TCF19	0.6
IFT88	0.76
TNIP2	-0.955
TGS1	-2.285
STK35	-1.075
ELL3	3.36
DEPDC1	-0.03
DEPDC1B	2.06
DDB1	1.825
SHMT2	0.085
SHMT1	-0.865
PIM2	-4.32
PIM3	-1.25
PIM1	-2.49
C2orf76	-0.72
BCL2L1	-0.71
SEC24D	-3.15
SEC24A	0.305
SEC24C	-1.015
SEC24B	0.18
	0.165
SPC25	1.08
SPC24	1.665
MVP	-0.655
CCDC82	-0.155
CCDC86	-1.695
CCDC84	1.945
TANGO6	-1.11
MVD	0.16
TANGO2	0.04
PDE4A	0.28
PSMC2	-1.23
MXD4	0.58
PSMC4	-0.81
PSMC5	-1.015
PSMC6	-1.055
DOLK	-1.855
NR2C2	0.145
NAAA	-0.695
ISOC2	-0.445
HSP90B1	-3.785
N4BP1	0.21
CANX	-1.08
N4BP2	-0.975
KCMF1	-0.79
IARS2	-1.105
THAP1	-0.46
MRPS35	-1.43
MRPS34	-1.28
ARL3	-1.63
ARL2	0.16
MRPS31	1.645
MRPS30	-0.655
ARL6	0.325
ZNF565	0.66
CLIP1	0.425
	-0.72
CRIPT	-0.215
SEL1L	-1.66
CHRNB1	-1.495
CHRNB2	-0.72
IBA57	0.06
NLRC4	-0.01
LARS2	-1.76
AGO1	0.095
AGO2	0.55
VBP1	0.335
PPP2R3C	0.33
RGS14	0.47
C1QBP	-2.565
ARHGAP21	-0.355
ARHGAP27	-1.65
ARHGAP26	0.595
ARHGAP25	-0.7
C8orf76	-1.66
MSANTD4	-0.25
SIRT7	1.82
ARHGAP29	-1.35
CASP9	0.84
CRIP1	2.8
	0.35
BROX	0.405
DHFR	0.695
HSPB1	-1.69
ZC3HAV1	2.555
IFIT2	0.425
INIP	0.8
MTHFSD	-1.645
RGS19	-0.64
DDX23	2.635
DDX21	2.615
TMEM38B	2.485
DDX27	-0.48
DDX24	3.33
DDX28	1.26
JDP2	0.07
DYRK1A	1.185
DYRK1B	-0.67
C4orf33	-0.03
IWS1	-0.77
COPB1	-1.315
TUBD1	1.065
COPB2	1.77
NTPCR	0.025
APBB1IP	2.045
B4GALNT1	-0.57
BIRC6	-0.575
BIRC5	0.675
LSM12	-0.06
	0.78
LSM10	0.915
EEF1B2	-0.9
CTU2	0.69
APRT	-1.955
CTU1	0.31
TRIM46	-0.1
TRIM44	-0.9
TRIM41	0.035
CAB39L	-1.38
NFAT5	0.695
CDC34	-0.98
TAF1A	1.26
ACAA2	1.38
OSGEP	-0.87
	-0.48
NFKB1	-2.155
NFKB2	0.875
CDC37	0.135
SUN2	2.065
SUN1	-0.105
	0.42
MTX2	0.225
MTX1	0.42
ATF5	-4.62
S100PBP	0.835
SMARCA2	1.835
ATF6	0.15
SMARCA4	2.09
SMARCA5	-0.585
ATF2	1.22
RER1	0.01
PCBP1	1.935
CMTM6	0.655
CMTM7	0.03
LIAS	0.405
GFM1	0.825
GFM2	0.695
CARM1	1.34
HEXDC	-0.73
CPSF7	1.63
STT3B	-0.82
STT3A	-2.125
CPSF4	-0.195
CPSF3	2.06
CPSF2	3.13
CPSF1	-0.455
KIAA0930	0.345
ASPM	2.505
ASPH	-2.155
CHML	-0.41
RRN3	-0.895
TPI1	0.285
BECN1	1.245
SIAH2	1.33
	-0.45
ATP8A1	0.385
TCF12	-0.23
FNDC3A	-0.305
SYNE2	0.395
SYNE3	1.615
YBX1	0.345
YBX3	-1.27
	-0.74
NONO	1.755
TRMT6	-0.98
TRMT5	1.16
GKAP1	-0.9
HSPB6	-0.6
SIRT2	-1.23
SIRT1	0.26
	1.135
RGS12	-0.395
SIRT6	-0.2
SIRT5	0.395
SIRT4	0.21
SOX12	-0.03
RASA1	0.05
EBNA1BP2	-2.245
TAF1C	0.585
TAF1B	-0.64
STIL	2.17
TAF1D	0.81
PDPR	-0.525
FAM135A	-1.125
PHPT1	-1.42
TICAM1	-0.33
DAZAP2	0.6
LRP1	-1.35
LRP6	0.55
RFWD3	1.075
LRP8	-1.05
MVK	-1.385
ACP6	-0.095
ADD3	0.635
ADD1	-2.165
ITM2C	-0.715
ITM2B	-1.085
TAF11	-0.645
TAF10	1.475
LENG1	-0.355
MAP4	0.75
SEMA4B	0.5
SEMA4D	0.385
LENG8	-1.42
COPS7A	0.665
KLHL24	2.67
AGPAT1	0.18
KLHL21	0.215
KLHL20	1.21
RAPH1	-0.18
TGDS	0.075
IL21R	-0.715
PHRF1	0.795
KLHL28	0.66
FAM53B	-0.59
FAM53C	0.315
FAM53A	-0.535
FMO5	-0.085
ACKR4	3.19
HMOX1	-2.72
SPRED2	0.11
HMOX2	0.925
	-0.195
NIN	1.215
FAM168A	-0.63
RPLP2	-1.945
	-1.26
RPLP0	-0.825
MTG2	-0.72
MLLT10	0.49
MTG1	-0.305
FADS1	-3.375
ZBTB9	1.535
FADS2	-2.475
SLC35G1	1.45
	0.205
	1.16
	-1.13
	-0.18
PTGIR	-0.32
FAM117B	1.26
CD79B	0.62
CD79A	0.835
	0.63
TAF12	2.395
VAC14	0.885
MECP2	0.19
PDP2	0.945
PAFAH1B3	0.83
FSBP	0.11
ZW10	0.94
C21orf91	0.3
PIK3R2	0.36
TAF15	0.525
CCNB1	-1.705
RRS1	-0.66
ZNF263	-0.165
	-0.09
OXR1	-1.04
IQGAP1	3.615
IQGAP3	-0.03
PDXDC1	-0.45
KIAA1211L	3.28
COPS7B	1.285
INPP4B	-0.66
INPP4A	-0.41
DFNB31	1.08
MATR3	3.335
RASIP1	-0.72
IDI1	0.89
MPST	1.355
KLHL26	0.89
C12orf73	-2.4
CABLES2	0.19
CD2BP2	-0.005
BCL11A	0.195
NUP188	-1.235
METTL22	-1.1
	-1.15
	-0.5
METTL25	0.985
	-1.745
NMNAT1	-0.645
C9orf85	-0.57
HINFP	1.925
AHI1	-0.695
MUS81	0.735
C18orf54	0.475
PARG	1.01
PARN	1.44
PARL	-2.42
FIS1	-1.4
ATG2A	-0.25
ATG2B	1.36
HLA-DOB	1.05
HLA-DOA	0.09
KNTC1	0.595
MYL6	1.75
MYL4	1.6
PLEKHB2	0.16
DNAAF2	0.76
CSGALNACT2	-1.485
	-0.595
TOMM40	-2.11
ABCA7	0.42
VPS25	-0.545
BASP1	0.31
TLR3	-0.72
TLR1	0.84
ST13	-0.585
TLR4	-1.37
FIZ1	-0.185
TLR9	-1.01
HARS	-0.325
BICD2	0.005
WDR90	1.26
HIST1H2BO	0.535
KIF5B	-1.25
WAC	-1.645
HIST1H2BF	0.92
HIST1H2BG	0.14
HIST1H2BC	3.21
HIST1H2BB	2.09
HIST1H2BI	-0.75
C1orf35	0.58
HIST1H2BM	1.91
WAS	0.59
HIST1H2BL	1.48
HIST1H2BK	1.745
	-1.49
	-1.29
RAB1B	0.38
DNASE1	-1.89
ARHGAP30	0.265
HIP1R	2.81
MTR	0.76
ZBTB6	-0.41
NACA	1.2
CUTA	-0.93
CUTC	0.775
S1PR2	1.825
RAB18	-1.33
PTPN9	-0.455
RHOT1	-0.15
RHOT2	1.2
RPF1	1.005
GOT2	-0.525
PTPN2	0.7
PTPN1	-0.97
GOT1	-2.51
PTPN6	3.24
PTPN4	1.42
CUEDC2	-0.02
ORC6	0.46
ORC4	0.165
ORC5	1.09
ORC2	1.2
ORC3	0.43
TIMM9	-0.315
NPLOC4	0.195
ASH2L	-0.06
NDUFB9	-2.065
NDUFB8	-0.635
NDUFB7	-1.015
CEP44	0.415
NDUFB5	-1.425
NDUFB3	0.285
NDUFB2	-0.855
SMARCAL1	1.055
DCUN1D2	-0.255
DCUN1D4	-2.05
DCUN1D5	-0.02
FAM168B	0.095
SIL1	-1.795
TMEM100	-0.975
MRPS17	-0.585
MRPS16	1.885
MRPS15	-2.07
NXT1	1.075
MRPS12	-1.405
MRPS11	0.365
MRPS10	-0.995
PLGRKT	-0.97
EPCAM	0.46
MLLT11	-2.08
	1.045
CTSH	2.445
CTSV	-1.48
C12orf49	0.56
CTSO	-0.83
TMEM41A	-1.545
CTSA	1.315
CTSB	-1.21
DDX42	0.29
CTSD	-1.23
KIDINS220	1.075
DDX47	0.805
DDX46	2.205
ERO1LB	-0.435
CTSZ	-2.7
EVI2A	0.02
CTSS	-0.535
GANAB	-0.985
MICALL1	-0.04
ATAD1	-0.53
ATAD2	1.325
TMEM38A	0.11
MAPK3	0.615
MAPK1	-0.52
MAPK6	0.285
MAPK7	0.425
CORO2B	0.065
MAPK8	-0.175
MAPK9	1.015
PTGES2	-1.08
KAT2A	0.485
C12orf65	0.69
APTX	-0.025
SQLE	0.44
SOCS5	0.44
SOCS4	0.6
SOCS7	-0.245
TRNAU1AP	0.555
PARPBP	1.91
DHRS7	-0.015
DHRS4	0.97
EIF2D	-0.79
DHRS3	1.5
EIF2A	0.25
DHRS1	-1.29
NEIL1	3.435
NEIL3	0.495
	-0.98
CLIC4	-0.725
SMARCC2	1.365
SMARCC1	1.86
LAT2	-0.72
USP31	-0.655
GNA12	0.29
GNA13	1.415
CYSLTR1	-0.03
	-0.695
CDKN1B	-1.35
CDKN1A	-1.1
TSEN54	1.21
USP32	-0.55
NFKBIL1	-2.31
TXNIP	-0.13
SCAI	0.415
INCENP	4.73
OXLD1	-0.58
CDS2	-0.07
	2.725
KLC1	5.02
KLC2	-0.58
NUCB1	-2.465
NUCB2	-1.125
TOMM6	-1.465
SBNO2	0.985
SBNO1	-0.235
	-2.095
ELL	2.24
HSPA14	1.81
ESCO2	2.465
ESCO1	0.255
NOL9	-0.26
NOL8	1.695
TPK1	-0.965
NOL7	-0.68
NOL6	-0.84
EFNB1	2.63
BRI3	-0.205
CLUAP1	-1.45
POMGNT1	-0.33
SERBP1	-0.61
EBPL	0.88
TTC9C	0.485
MGME1	-0.705
MCOLN1	-0.905
MCOLN2	-0.255
HTT	-0.14
CCL25	0.81
ICK	-0.95
E2F7	0.87
CNP	-2.98
RSF1	0.575
BRAP	0.43
TEFM	-0.53
CTNNBL1	1.295
FCRL1	-1.365
MPPE1	0.84
MAVS	1.395
E2F2	3.085
MAP4K1	1.24
MAP4K2	1.665
MAP4K5	1.405
MAP4K4	-1.38
	0.955
	-0.64
	1.72
TRIM7	1.485
	1.56
BYSL	0.24
DTX1	2.285
DTX2	0.13
CCDC71L	0.0
	-1.25
HDLBP	1.615
EIF5	0.575
EIF6	-1.645
POLA2	1.105
POLA1	2.415
CYB5R4	0.2
	-0.78
CYB5R1	-3.0
MYCBP	-0.485
RAPGEF5	1.47
RAPGEF6	-0.045
MTSS1	1.025
RAPGEF1	-1.87
RAPGEF2	1.24
VTA1	-0.115
FBL	0.76
CHIC2	-0.43
RBM6	1.74
RBM5	3.135
RBM3	-0.205
CNIH4	0.82
ADCK5	0.46
ADCK2	0.11
ADCK1	-0.575
FBXO22	-0.105
FBXO21	-0.37
FBXO25	-0.395
NDE1	-0.055
RPL36AL	1.28
CBFA2T2	-1.055
ASF1A	-1.425
ASF1B	0.575
TICRR	0.57
ZNF574	-0.76
OSBPL1A	-2.27
ALCAM	0.46
SP2	-0.635
SP3	0.005
	-0.58
PRPF40A	1.575
RNF219	-1.92
SLAMF9	-2.025
RNF215	0.32
SLAMF6	-1.13
RNF216	0.53
PXMP4	0.41
RNF213	-1.1
NSUN2	-0.65
	0.25
	2.235
RBMX	0.955
MRS2	0.76
TRPM5	1.135
TRPM7	-1.2
	2.67
TTC19	-0.58
SPR	-2.655
GSE1	-1.31
KIAA0556	-0.08
OXNAD1	-0.27
LACC1	0.71
	1.095
ASNSD1	0.11
ZNF106	1.85
IFNAR1	-1.23
IDH3G	0.825
RLF	-0.21
ABT1	0.105
MYCBP2	0.215
	-1.0
ECHDC1	-1.045
DENND2A	0.455
NOD2	-1.54
PMM2	-0.475
PMM1	-0.525
SEPT11	-1.11
SEC61A1	-2.28
AHR	-0.67
YARS2	-0.03
RBMS1	-1.36
RBMS2	0.56
JAG2	-0.155
JAG1	0.43
CHST12	-1.41
BACH2	0.86
BACH1	-0.715
ARCN1	-1.31
BCCIP	-1.3
SRD5A3	0.64
UGGT1	-0.105
RFXANK	1.585
ZNF519	1.245
HAP1	-0.245
KIAA0430	0.815
MKNK2	1.4
MKNK1	-0.845
	-0.03
ZNF394	2.465
ZNF496	-0.615
NSL1	1.04
BPTF	0.31
MOV10	1.055
LRRC8C	0.69
HLA-DQA1	-0.605
RIT1	-0.68
TRIM56	2.205
EARS2	-0.455
CKAP2L	1.995
FBXO2	-2.45
FBXO3	-0.52
FBXO4	-0.345
FBXO5	2.5
FBXO6	0.05
FBXO7	-0.02
FBXO8	-0.415
FBXO9	-0.325
SWAP70	0.365
MROH1	-0.705
CAPNS1	-0.345
	-1.565
MR1	1.26
RRP7A	0.235
TERF2	0.665
	1.515
TERF1	1.495
	-1.065
LIMK2	0.18
LIMK1	-0.825
RBPMS	-0.14
RAB3A	-0.305
NAE1	-0.785
RAB11A	-0.205
OSBPL8	-1.545
OSBPL9	0.685
CFDP1	-1.485
OSBPL2	-2.77
OSBPL3	3.505
	-0.73
ZNF746	-0.755
	-0.525
	-1.035
CBLB	0.96
UGCG	-0.275
RAB30	0.285
SAPCD2	0.465
HAPLN1	3.155
APMAP	-2.8
KIAA1549	-1.565
TNFAIP8	-0.34
TNFAIP1	0.97
TNFAIP3	-0.42
MAP2K5	-0.265
MTRF1L	-1.205
	-0.865
CA13	0.505
AKIP1	-1.295
CEP68	0.105
ATOX1	-1.49
ALDH3A2	0.635
FBXW11	-0.725
DOT1L	0.82
	1.15
FAM98C	-1.62
FAM98B	-0.77
FAM98A	0.255
	-0.73
ENPP1	1.635
PJA1	1.96
PJA2	-0.13
ATP6V1D	1.755
ATP6V1F	-0.85
ATP6V1A	0.205
ATP6V1H	-0.23
	-1.03
	-1.255
TMEM39A	-1.5
IMMT	0.795
JTB	-0.73
METTL23	-1.53
GPR155	-0.14
KIAA0232	0.11
KIAA1328	0.11
USPL1	-0.375
PDPK1	0.68
REEP3	-1.655
REEP2	1.655
REEP5	-1.93
REEP4	-0.205
REEP6	-3.33
CRKL	1.37
KIAA1217	-1.38
RFNG	-0.335
IFT122	0.7
PDGFA	0.065
STAU2	-1.12
HEG1	0.475
AP2A2	-0.395
UROS	-1.7
BIN1	1.045
BIN3	-0.215
BIN2	0.04
SUCLA2	-1.915
KLHDC3	-0.38
	-0.01
PDCD10	0.535
PDCD11	3.445
PACS1	-0.17
PACS2	-0.42
NIP7	-1.895
TBL1XR1	-0.47
AGAP2	0.365
AGAP3	-0.515
	-0.26
TBC1D8B	0.27
ZWILCH	0.235
HTATIP2	-0.805
KNSTRN	-0.045
PPM1E	-1.06
BRK1	-0.705
DUSP5	0.0
EEFSEC	-0.87
ASCC1	-0.78
DUSP6	0.4
DUSP3	0.64
DUSP2	2.775
RPL8	-1.36
MFGE8	0.335
IRAK1BP1	-2.165
PPM1M	0.31
ACYP1	0.63
ACYP2	-0.62
PPM1J	-0.58
	-0.585
OGG1	1.27
STOM	0.48
GPALPP1	-0.195
DLGAP4	0.16
CC2D1B	-0.72
	-1.7
HSCB	-0.495
ITFG2	-0.94
ITFG1	0.465
COA5	-0.32
COA4	-0.01
COA7	-0.01
	0.51
COA3	0.47
PAK1IP1	-0.72
TARS	-0.25
UBR2	-0.565
ACTB	0.015
TAF5L	0.71
UBR7	3.235
UBR5	-0.115
LRBA	-0.99
VCPKMT	-0.765
	-1.73
MSH6	3.07
EIF2S1	1.39
FAM219B	-1.73
FAM219A	-1.265
FUT8	1.79
MIDN	2.335
CLPX	-0.7
DSN1	1.42
YARS	-2.4
CANT1	0.675
SDF2L1	-0.92
MGRN1	-0.995
TGFBRAP1	0.98
UXT	-0.14
SLC25A3	-0.465
	-1.48
POLG2	0.805
SCCPDH	-1.11
SLC25A5	0.465
SLC25A4	-1.64
CACNG8	-0.45
C1orf174	0.21
TRMT44	-0.61
FTH1	0.035
CACNG6	-2.185
	-0.19
RAC2	0.19
RAC1	-0.49
PPP5C	-0.65
ANGPTL6	-2.22
LYAR	-0.81
C11orf58	-2.015
CLCC1	1.705
ZNF48	0.24
TDG	-0.72
EID1	-2.16
PYCR2	-2.485
PYCR1	-2.35
NMI	-0.235
LY6E	-1.03
LY6D	-2.885
SRF	-0.905
	-5.9
NFE2L2	-0.14
NFE2L1	-3.76
SRI	0.35
GK5	1.4
SRM	-2.165
SRR	1.84
GNPAT	-0.55
RASGRP2	-0.78
RASGRP3	0.79
KIAA1147	0.93
DNA2	0.155
PYCRL	-1.36
SPIRE1	0.46
ATPIF1	-1.19
CCSER2	0.04
EMC10	-0.17
ZNF665	-1.4
KIF13B	1.185
SDHA	0.33
SDHC	0.175
SDHB	-0.29
SDHD	-1.64
	1.135
TLE3	-0.355
RPS4Y1	-0.665
LEPROT	-1.22
ETAA1	0.18
ANKS1A	-1.78
ANKS3	1.185
HPGDS	-0.14
GRK6	0.34
	-0.02
ZNF717	-0.03
ATP9B	0.195
TADA2A	0.8
DCTN2	-0.655
DCTN3	-0.98
DCTN1	-0.32
DCTN6	-1.305
GORASP1	-0.53
DCTN4	1.155
DCTN5	-0.995
DHDDS	0.53
ZNRF1	-1.49
ZNRF3	-1.97
ZNRF2	-0.49
SLC38A10	-1.535
	-1.205
C1orf54	-0.35
GLRX	0.82
ATXN10	-0.75
CARHSP1	-0.67
C1orf52	0.135
ZNF839	1.42
PLEKHF2	-1.425
ZNF830	-0.39
DUSP4	1.71
FERMT3	-0.69
ERMARD	-0.03
ATXN1L	0.655
ETS2	-2.565
ETS1	2.155
SEC22B	-0.535
PTPN18	-0.955
PTPN12	-1.79
P4HB	-1.7
CDIP1	-0.165
ZFAND2B	0.92
ZFAND2A	0.53
ITGB1	0.16
PIGA	-0.115
ITGB3	3.67
ITGB2	2.355
ITGB5	-0.765
PIGF	-0.395
PIGG	-1.32
PIGH	-0.89
TSR3	-1.385
TSR2	-1.49
PIGL	-0.105
MMS22L	0.395
PIGN	-0.75
PIGO	0.66
PIGP	0.56
PIGQ	0.15
PIGS	0.64
PIGT	-1.205
PIGU	0.91
PIGV	0.84
CAPRIN1	2.875
PIGX	0.64
PIGZ	-1.4
GOPC	0.995
	-1.33
GNL3L	1.28
DOCK8	-3.51
ZNF768	-0.605
TMX4	-0.375
TMX1	0.92
TMX3	-0.685
TMX2	-0.31
	-0.2
CDIPT	-1.31
ARL13B	-0.405
	-0.615
BTF3	-1.35
PPP2CA	0.12
PLCG1	-1.73
TAF8	0.5
NAGA	-0.76
NAGK	-1.4
	0.19
LLGL2	0.82
LLGL1	0.395
NOC3L	1.665
HIST1H2BE	1.94
SCD	0.025
PTAR1	2.055
XYLT2	0.855
XYLT1	0.335
ANXA2	1.995
CBLL1	2.58
KDELR2	-1.075
OFD1	-1.035
KDELR1	-0.165
ARFIP1	0.065
	1.315
RAB11FIP2	-0.6
RAB11FIP1	1.435
LRIG2	0.455
MORC2	0.945
THYN1	-0.245
	-0.17
	-0.1
ANXA4	-0.625
ARHGEF39	1.105
PPP3CA	-0.95
PPP3CB	0.505
PPP3CC	-0.67
RCAN3	0.11
NCLN	-0.44
ARFRP1	-0.8
PTBP3	-0.075
SPICE1	1.39
PTBP1	1.77
CHCHD3	-1.48
ATP6V0D1	-0.99
CHCHD6	-1.575
CHCHD7	0.385
CHCHD4	0.33
	-0.535
LMO2	3.685
LMO4	-2.74
LMO7	1.2
	-0.075
PBXIP1	0.22
GCLM	-1.53
GCLC	-0.93
ALDH2	0.325
GRAP2	-0.72
NHP2	-1.545
IFT140	0.055
TRIM28	0.695
TRIM24	-0.53
TRIM25	1.05
TRIM26	-0.525
TRIM27	-0.83
TRIM21	0.755
CTDSP1	1.87
ITPKC	-0.85
FABP5	-1.05
SART3	0.605
SART1	2.015
TTC5	-0.32
TTC4	1.205
TTC7A	0.63
TTC1	-0.345
CDC42BPB	1.71
NELFCD	1.37
SUCLG2	-1.075
SUCLG1	-1.44
GATAD2B	-0.27
GATAD2A	-0.335
VGLL4	1.86
LCMT1	-0.875
UBE2D3	0.82
NUP50	1.825
	-2.095
NUP54	0.69
ATL3	-0.67
ATL2	0.79
RNF20	-0.54
ZNF316	-0.14
PEX26	-1.89
DSCC1	0.57
FARP2	0.835
RPL26	-1.35
RPL23	0.4
RPL22	-0.66
PHLDB3	0.06
BCAR1	-2.835
BCAR3	2.02
SORL1	2.115
STRN4	0.055
STRN3	0.465
ATP13A1	1.22
ATP13A3	-0.615
ATP13A2	0.8
PMVK	-1.3
RANBP10	-0.335
PKD1	0.565
GPX1	0.155
B2M	-3.47
GPX4	-2.1
UNC50	0.735
THEM6	-1.785
THEM4	-1.19
SPG7	-0.055
UBE3B	-0.575
UBE3C	-0.705
UBE3A	-0.485
UQCRQ	-1.74
HSPD1	-1.86
UQCRHL	-1.38
UQCRB	-3.27
RMI2	-0.185
METTL8	0.215
METTL9	-1.865
CEP170	0.72
METTL1	0.725
METTL2A	-0.355
METTL3	0.835
METTL4	0.2
METTL5	-0.635
METTL6	-1.34
PHF3	-1.09
FASTK	1.005
CCAR1	0.245
CCAR2	0.655
PHF1	1.26
UBP1	1.39
RAB27A	1.56
COG8	0.89
AVEN	-0.27
PTRHD1	-0.825
COG3	1.49
COG2	-0.07
COG1	-1.015
SZRD1	1.805
FLI1	0.29
COG6	-0.41
COG5	0.245
COG4	-0.145
SC5D	0.675
MAGEE1	3.555
LSM5	-0.21
	-0.705
TAP1	0.07
UBAP2	3.715
UBAP1	1.05
TAP2	1.405
KLHL42	1.905
POLE4	-2.925
FLII	0.69
POLE2	1.3
RAB10	-0.945
RAB12	-1.79
	-0.14
SIKE1	-2.21
GNG10	-1.86
TBC1D32	-1.4
GNG12	-1.38
RAB14	-0.61
ATRIP	-0.72
TFRC	-0.62
ARHGAP11A	2.595
MIEN1	-2.19
	1.145
HPSE	2.87
GOLIM4	-0.58
ST7	-1.39
P2RX4	0.155
PSKH1	1.01
MPHOSPH9	1.99
MPHOSPH8	2.445
KLF11	0.06
KLF10	1.865
	0.33
TFG	-0.375
MPHOSPH6	0.155
NCL	3.97
KCTD3	-0.815
DTL	0.385
PHB2	0.51
ALS2	-1.955
HPS5	0.415
HPS4	0.63
WDFY4	-1.005
HPS1	-0.66
WDFY2	-1.14
HPS3	-1.185
BRIP1	1.735
LAMTOR4	0.2
LAMTOR5	-1.31
ORC1	0.775
LAMTOR1	1.2
LAMTOR2	2.1
KCTD5	-0.635
FAM133B	0.57
CBL	-0.15
FAM199X	-0.505
ZNF277	-0.6
UCK1	0.46
UCK2	1.44
APEX1	0.96
ZNF148	0.405
ZNF143	1.14
ZNF142	0.935
	-1.89
ZNF146	-0.845
PUS7L	-1.1
SOAT1	0.07
IAH1	-0.86
C17orf49	-1.725
LDLR	-0.755
ILVBL	-1.55
	-0.03
CCDC115	0.41
	-1.165
	0.025
	0.35
PPTC7	0.45
HIST1H4C	0.095
SLC7A6OS	1.375
RNASEH2A	0.08
KBTBD7	1.7
KBTBD4	1.23
KBTBD3	0.7
KBTBD2	-1.115
GLG1	-0.875
PIP4K2A	-0.655
KBTBD8	1.415
PRELID1	0.6
METTL7A	0.33
RCE1	-1.065
ATP7A	-1.825
NEU1	1.52
RSAD1	-0.58
NEU3	-1.225
ZNRD1	1.09
SLC8B1	-0.075
GPD1L	-0.06
IP6K2	0.21
IP6K1	0.41
NME6	-0.135
NME7	1.49
NME1	-2.25
NME3	-1.03
HAT1	-1.23
ARPC5L	-0.05
EAPP	1.69
SFPQ	3.37
	-0.72
SLCO4A1	-0.07
	-1.265
	-0.05
PGRMC2	-1.975
PGRMC1	-3.42
PLEKHH3	-1.1
PLEKHH1	0.06
HID1	-1.89
	-2.26
LRRCC1	-1.49
BLVRA	2.135
SLC46A3	-0.03
CARNS1	-0.03
ZDHHC3	-0.845
DDIT3	-3.15
DDIT4	0.655
ZDHHC4	-1.705
ZDHHC7	0.285
ZDHHC6	-2.17
ZDHHC9	-0.225
ZDHHC8	0.295
VPS18	1.48
RAP1GDS1	-0.145
CST3	0.01
	2.4
	-0.975
GTF2F1	2.045
GTF2F2	-1.955
R3HDM2	1.0
LRRFIP1	0.64
	2.32
	1.23
MLEC	-1.97
PDSS2	0.26
PDSS1	-1.26
SPTAN1	0.275
CASD1	-1.1
HIVEP1	-2.03
HIVEP2	1.355
DONSON	0.665
	-0.655
ZNF703	-0.555
	1.32
ZNF707	0.2
ZNF443	-1.1
SF3A3	2.72
REPS1	-1.56
ABHD11	-2.22
ABHD12	-0.385
ABHD13	-1.985
BBC3	-1.81
	1.905
CCT8	-1.445
CCT2	-1.08
CCT3	-0.47
CCT7	-1.405
CCT4	-0.665
CCT5	-0.375
DTYMK	0.09
ARPC2	-0.07
FBXO30	-2.16
CREBZF	0.715
FAM129C	-0.1
ARPC4	-0.3
	0.215
NOTCH1	-2.385
NOTCH2	-2.225
RPS19BP1	-3.17
SKIV2L	1.375
BPHL	2.39
	-1.35
VAMP1	0.4
VAMP3	-1.285
VAMP2	0.375
VAMP4	-1.045
AMER1	0.325
CERK	-0.445
	-0.23
SEC14L1	-1.345
	1.54
	-0.62
ISYNA1	0.82
MYL12B	-0.76
	2.37
MCM7	3.165
MCM6	-0.075
MCM5	2.08
MCM4	2.86
MCM3	1.66
MCM2	2.775
FADD	-0.325
COX7B	-0.05
MCM9	-0.99
MCM8	-0.445
NXT2	-1.195
CECR2	0.99
COMMD7	-0.335
AIPL1	-0.02
MRPS14	-1.23
TMEM30A	-0.235
LMAN2L	-0.665
DALRD3	-0.365
FAM107B	2.43
MEPCE	0.87
CROT	0.94
RNF114	-0.825
RNF115	1.27
RNF111	0.51
FOXN2	-0.445
	1.65
PCMTD2	-1.715
GFER	-0.51
PCMTD1	1.76
CHORDC1	-1.36
CYP51A1	-0.58
	-0.48
FBXL15	0.14
FBXL14	0.93
FBXL17	-1.245
FBXL19	0.9
FBXL18	0.55
ZNF281	0.675
ZNF282	-0.04
KATNB1	-0.99
NUP37	1.505
NDFIP2	-2.47
NDFIP1	-1.33
GORAB	-0.72
NIT2	-0.65
NIT1	0.555
PTK2	-0.755
GLOD4	1.09
CD2AP	0.375
PYGB	-0.47
HECA	-0.84
ODC1	0.655
PFAS	0.195
GRAMD3	-1.34
MTPN	-1.88
MYBPC2	2.34
DGUOK	-0.53
PDAP1	-0.11
INPP1	-0.58
EXT2	-2.415
LONRF1	0.91
DGAT1	-0.24
TMPPE	-0.24
MADD	-1.41
RNF31	0.34
BAHD1	1.945
SPEN	2.635
KDM8	1.03
MDP1	-0.36
GEMIN8	0.61
ORMDL2	0.58
ORMDL3	1.41
MAT2B	0.165
FKBPL	0.02
	-0.23
GEMIN7	0.105
GEMIN4	0.09
GEMIN5	-0.49
SPPL3	-0.49
SPSB3	-0.16
SPSB2	0.505
SPTSSA	0.65
CMSS1	-1.685
CTXN3	-1.81
PHF14	-0.835
DDX49	-0.275
PHF10	-1.84
PHF12	2.315
PHF13	0.27
PHF19	2.32
CPE	2.02
MOSPD3	-0.92
MOSPD2	0.67
MOSPD1	1.26
CSRP1	1.23
CSRP2	-0.46
GEN1	1.87
CEP152	0.73
	-0.7
FKBP4	-0.95
DDX41	0.735
ACADSB	-1.045
FKBP3	1.375
KANK2	0.47
FKBP8	-0.805
PDHX	-2.395
CTSC	-3.315
WASF1	-0.01
WASF2	-0.13
TRAPPC8	1.34
SRGAP2	0.12
PSAT1	-2.38
PBRM1	1.92
PDHB	-1.305
NIPBL	-0.555
PRKCSH	-0.99
TRAPPC3	0.855
MCUR1	-0.42
CCHCR1	-0.33
TRAPPC5	-0.025
CARS2	0.6
AP1S1	-1.65
AP1S2	1.245
AP1S3	0.82
CAPN7	0.24
	0.11
	-0.77
FGFBP3	-0.01
CS	0.775
TM9SF1	-0.275
CP	-3.02
NOP9	0.115
GNS	-0.255
CENPM	0.775
CDCA2	2.585
CDCA3	0.83
ZNF516	-0.52
ZNF511	1.45
CDCA4	2.9
CDCA5	1.12
CDCA8	1.085
KRBA1	0.21
FZR1	0.46
ATAD5	3.285
RBKS	1.32
	2.26
MED28	-1.015
MRM1	-0.03
MED21	-0.735
MED20	-1.01
MED23	0.525
	0.98
NRAS	-0.675
MED24	-1.225
MED27	-0.745
RASSF6	1.735
	-3.46
DNM2	0.195
SPHK2	0.43
	1.18
IQCB1	0.83
DVL2	2.29
DVL3	0.21
REV3L	2.685
UCHL5	-0.67
KLHDC10	0.945
UCHL3	-0.85
FAM171B	0.625
MEAF6	-0.68
	0.215
CENPW	-1.74
TMBIM6	0.195
TMBIM4	-0.075
ARV1	0.46
TMBIM1	0.96
C16orf70	-0.195
COMMD10	-1.895
TVP23B	1.075
CKAP5	2.895
PEF1	-2.02
NHLRC2	1.375
SCAND1	-1.2
IST1	-0.105
CASKIN2	1.94
ZMPSTE24	-0.25
RCC1	0.73
RCC2	-0.695
EML2	0.915
EML3	0.085
EML6	0.305
EML4	1.93
EML5	0.3
	0.0
ATP5J	-0.325
AFG3L2	-2.245
ATP5O	-1.07
ATP5B	-0.47
PUS10	-0.01
	-0.065
ATP5D	-2.005
DIS3L2	1.01
TXLNG	0.86
CEPT1	-0.435
TXLNB	-0.34
TXLNA	-0.155
TJP2	0.965
HSPBP1	-2.14
	-0.015
CPEB4	-1.155
RPA1	1.455
TJP3	0.82
RPA3	0.02
RPA2	0.13
PLK1	0.08
PROSER1	-0.26
TMEM175	0.57
TMEM173	-0.535
C2CD3	1.86
C2CD2	-1.4
IFT27	0.7
IFT20	-1.03
IMMP2L	-0.925
	0.575
RAP2C	0.185
PLEKHJ1	1.31
	-0.895
PDXK	-1.23
ELF1	0.57
ZKSCAN3	0.7
YIPF2	-1.33
YIPF5	-0.24
YIPF4	-0.03
YIPF6	-2.135
	-1.4
PPT1	0.74
TRIM65	1.425
SLC26A2	-0.2
SLC26A6	0.11
IER5	0.395
SFR1	-0.95
	0.22
MAGOH	0.095
	2.465
HIST1H1C	-0.47
JUNB	1.88
LIME1	0.985
FTSJ3	3.32
FTSJ1	0.945
DAD1	0.47
CBR4	0.425
CENPC	1.325
THOP1	-1.735
	-1.89
	0.595
	-1.115
KSR1	0.17
	1.01
EXOC2	1.535
EXOC3	0.21
ST3GAL1	-0.75
EXOC1	2.48
EXOC6	0.165
EXOC7	-1.165
EXOC4	0.015
PCED1B	0.61
EXOC8	1.415
	0.46
C19orf54	-0.34
RRM2B	0.175
UQCRFS1	-2.185
NFXL1	-3.83
SNRPA1	-1.095
ZNF18	1.425
RICTOR	-0.055
DHX8	-0.375
DHX9	4.12
METAP1	0.26
METAP2	-1.405
ZNF585A	-0.26
ZNF778	0.035
COTL1	-1.565
	1.395
	0.51
	0.485
	1.58
WDR35	-0.05
WDR34	0.725
WDR37	0.43
WDR36	-1.59
PINX1	0.45
WDR33	-1.515
RPE	-0.07
VWA8	-2.165
GMPPA	-0.685
GMPPB	-0.265
BCORL1	-2.56
PTCH1	-0.625
YME1L1	-0.23
TMEM203	0.82
WIZ	0.05
SHARPIN	0.815
FDPS	0.14
XPC	1.155
CMPK1	1.365
XPA	-2.41
GPANK1	-0.76
PDLIM7	-0.85
SUDS3	-0.64
TEN1	-0.175
CNOT6L	-0.115
SUPT4H1	0.27
CYBA	-0.285
C5orf51	-2.195
BFAR	-0.21
SMARCAD1	1.01
FAF1	-0.91
FAF2	-0.665
TIAM1	-0.85
MAPKAP1	-0.355
SLC35B3	-0.45
ZNF7	0.02
ZFP1	1.285
RNF130	-0.675
RNF135	-0.725
RNF138	-0.565
RNF139	1.02
ITGB1BP1	0.475
APLF	-0.915
PCK2	-0.92
RPP40	0.24
TMEM126B	-1.1
PTER	0.015
TBC1D23	-2.16
PTEN	-0.85
TBC1D20	-2.07
RELN	-0.655
TBC1D25	-0.25
TBC1D24	-1.215
GRN	-5.53
RELB	0.26
RELA	-0.22
ZNF266	0.56
DHX40	-0.085
ZNF260	-0.345
C9orf16	-0.72
	0.49
	0.27
	1.985
MTRR	-1.5
	2.995
	0.91
RMDN3	-2.175
FRG1	1.28
WTAP	-0.395
COX5A	-2.47
	0.35
RMDN1	0.56
FRMD8	1.385
MPV17L2	-0.835
OCEL1	0.435
FRMD6	0.06
	-1.18
MSL1	-0.995
MSL2	2.405
MSL3	0.81
	-0.72
CCP110	1.57
PAFAH2	-1.03
GPT2	-2.25
KANSL1L	-2.07
CHFR	0.935
ATAD2B	1.46
RCHY1	-1.42
E2F6	0.355
E2F4	1.23
E2F3	1.105
TMEM126A	0.73
E2F1	0.065
JARID2	-3.05
TOP1MT	-1.185
E2F8	2.07
BRAF	-0.315
BOLA1	-2.08
	-1.18
KATNBL1	0.45
GUF1	0.135
RABGAP1	-0.845
	0.195
	-0.21
CEP135	-0.865
ARRB2	-0.79
ARRB1	-0.18
GMEB2	1.435
GMEB1	-1.075
LCMT2	1.64
	0.02
	-1.02
PGLS	-0.055
	1.48
PNPO	-1.825
RAD17	0.325
KRCC1	0.625
PI4K2B	-0.435
PI4K2A	0.625
GTPBP4	0.01
GTPBP6	0.93
GTPBP1	-0.765
GTPBP3	-0.61
SCAP	-0.42
KLHDC4	1.545
KLHDC2	1.095
GTPBP8	-0.955
XBP1	0.805
TPST2	-0.375
TPST1	-0.57
	1.15
KLC4	-1.265
	-0.53
UBXN11	0.115
SEC11A	-0.65
HSPA13	-1.99
SEC11C	-1.235
	-0.79
TOMM7	-1.59
ARPP19	-1.815
ILKAP	0.18
KLHL6	3.92
MGA	0.715
	-0.08
TBP	-0.815
ARL14EP	-0.575
MRGBP	1.35
SHF	-0.6
RREB1	1.28
SMC1A	4.785
ADNP	0.64
TRABD	-1.67
SLMAP	-0.785
RAI1	-1.53
GOLGB1	0.455
CFP	0.11
FAM118B	-0.53
FAM173A	-0.775
KIF21B	-1.055
CDC42BPG	0.215
CDC42BPA	0.24
RPL7L1	0.0
PDZD8	0.085
BAK1	-0.51
ALG10	1.255
PHF8	0.285
CACUL1	-1.385
PHF6	1.385
PHF7	2.29
PHF2	0.56
HSDL1	1.31
	-0.655
	-0.2
TNPO2	2.07
TNPO3	0.185
TNPO1	0.65
	-0.03
	-1.03
ANKZF1	0.8
CDKN2AIPNL	1.765
FHIT	-0.905
PLA2G12A	-0.895
APC	-1.405
	1.24
ABCB7	-1.495
ABCB6	-2.48
ABCB8	-1.375
	-0.975
SLBP	1.805
ARPC3	1.56
ARPC1B	0.61
ARPC1A	0.405
PDIA4	-2.455
PDIA3	0.645
ARPC5	-0.33
CHSY1	0.79
ITPR2	0.49
ITPR3	1.58
ITPR1	-0.17
	-1.2
SPATA13	-0.15
IFT46	-1.035
RUNDC1	0.675
SFT2D2	-3.18
DAPP1	-1.285
PAX5	0.425
TXNDC15	-1.345
MPHOSPH10	0.32
FLYWCH1	0.12
	-0.6
RPGR	-0.72
U2AF2	0.76
STOML2	0.905
KIF19	-1.89
HIST1H3H	1.675
HIST2H3D	0.635
HIST1H3D	2.44
HIST2H3A	3.28
HIST1H3J	2.89
HIST1H3A	0.155
HIST1H3I	2.56
TELO2	0.27
HIST1H3E	1.865
HIST1H3F	1.165
PAIP2B	-0.39
LEMD2	-0.435
TRAPPC9	2.155
TCEANC2	-0.205
PHTF2	-0.69
TRAPPC1	0.685
RTCB	-0.975
RTCA	-0.93
VCL	-1.935
TRAPPC4	-1.225
VCP	2.125
CAPN2	-1.21
CAPN1	2.375
	-0.45
	0.78
NSD1	3.27
MTOR	-0.08
	-0.485
	1.73
CHAC2	1.855
CHAC1	-1.445
TIMM17B	-0.775
TIMM17A	-1.465
	0.5
GLRX5	-0.42
GLRX2	0.515
GLRX3	-0.19
ARFGEF1	0.745
ARFGEF2	-0.77
	-0.705
TMEM167B	-0.225
GID4	-1.235
ZRSR2	1.42
PELI1	-0.95
MBLAC2	0.22
SPDL1	-0.3
SYMPK	0.765
GID8	0.3
GTF3A	-0.27
GMPR2	-0.775
	-0.905
GATC	-0.97
NRD1	-1.78
GOLGA2	0.265
WDR13	0.035
WDR12	-0.11
WDR11	0.39
WRAP53	1.17
WDR18	-0.79
ANO6	0.215
C17orf53	-0.295
BUB1	2.525
BUB3	0.24
	-0.09
RAD18	0.885
ABLIM1	2.32
ATXN7L3B	-0.555
CDC25C	1.775
CDC25B	-0.76
CDC25A	0.135
FAM207A	1.55
	0.64
ZGPAT	1.15
MTIF3	-0.235
MTIF2	1.155
ZNF436	0.09
SLC10A3	-0.62
OMA1	1.745
NEDD9	-0.92
CD164	-0.35
ZFYVE27	-0.845
ZFYVE26	1.735
UQCC1	0.095
GOLPH3L	-0.615
EFTUD2	0.895
UQCC2	-1.725
SRPK1	0.445
CSNK2B	0.385
SRPK3	2.145
SRPK2	-1.83
NEDD8	-2.76
NCF2	0.975
NCF1	-3.385
SLC10A7	0.92
SRPR	-2.02
NCF4	-2.21
NEDD1	0.135
GRINA	-2.215
	2.915
SEC62	-0.8
SEC63	-2.27
SYPL1	1.585
	-2.015
RNF38	-0.275
ANKRD16	0.395
ANKRD17	0.1
RNF34	-1.315
HDGF	-1.48
ANKRD12	1.43
ANKRD10	0.485
ANKRD11	1.07
YWHAZ	0.02
FOXJ2	-0.6
FOXJ3	-0.935
SPCS2	-0.1
SPCS3	-0.225
YWHAH	0.54
YWHAB	-0.745
BCL9L	-0.635
CWF19L1	-0.51
	-0.395
YWHAE	-1.265
	1.275
TMEM106B	0.2
GIGYF1	2.33
GIGYF2	1.81
RPP21	0.875
PCM1	0.71
CDYL	-2.575
MYO9B	0.73
MYO9A	0.17
ZNF248	-0.75
HMBOX1	-0.57
GOLPH3	-0.345
HARS2	0.62
NUP205	0.65
	0.22
SH3GLB1	-1.33
SH3GLB2	-0.395
	-0.6
MTTP	1.46
	-0.03
ZNF567	-0.72
	0.01
RABGEF1	0.575
BCAT2	-0.465
BCAT1	-1.975
CIB1	0.505
DUSP22	-2.085
ZBTB12	-0.155
	2.085
TREX1	-0.08
HERPUD1	-5.405
C1orf43	-0.65
PHF5A	-0.46
MED11	0.335
ZFPL1	0.87
KHDRBS1	1.085
PLIN2	1.97
PLIN3	-0.085
MCTP2	0.48
ZBTB18	-1.07
	-0.45
SAFB2	2.89
MKLN1	1.565
ISG20L2	-1.2
BCR	-0.57
MIS18A	-1.0
CHD1	0.985
SPIDR	-1.355
CHD3	2.645
CHD2	-0.105
ZC3H7B	-1.345
ZC3H7A	1.09
CHD6	3.035
CHD9	3.225
CHD8	0.43
YWHAG	-0.955
NOB1	-0.385
PPP6R2	-0.45
PPP6R3	1.24
PPP6R1	-0.025
CWF19L2	1.015
IPO11	-1.04
IPO13	-1.44
ING4	-0.125
ERP44	0.565
FYTTD1	0.44
FH	-0.985
TMEM106C	0.03
FLCN	0.835
ING1	1.05
COIL	0.88
ENC1	0.63
THRAP3	1.725
TECPR1	0.885
TECPR2	0.25
PRAF2	-1.42
DICER1	0.72
RAP1B	-0.07
EBP	-1.385
GLO1	-1.32
	0.085
NGRN	0.61
RACGAP1	0.06
CNPY4	-0.46
CNPY3	-2.395
CNPY2	-1.365
	-0.085
CDC42SE1	0.405
SMG5	-0.745
SMG7	0.77
SMG6	1.45
SMG1	1.465
ADH5	-0.81
ANKFY1	2.11
KIAA1109	-0.255
SMG9	0.695
SMG8	-0.7
EDEM2	0.535
EDEM3	0.395
EDEM1	0.195
ATP2C1	2.005
KYNU	-2.91
XXYLT1	-1.89
EGR1	2.865
TRADD	1.19
	-2.77
UHRF1BP1	-2.105
ME1	-1.345
ME2	-0.35
FAM193A	1.245
	1.185
HSBP1	-1.0
WDR7	0.88
BRMS1L	0.21
SRXN1	0.5
AASDHPPT	1.07
CCDC77	0.26
	-1.075
SGTA	0.525
MRI1	-1.26
EPG5	-0.07
NFATC1	-0.655
NFATC2	-0.26
NFATC3	-0.4
B3GALNT2	-0.585
LARP1	0.4
TSPAN13	-0.195
TSPAN14	-1.815
SOWAHC	1.32
FLAD1	-1.03
	-3.575
NDUFA10	-0.52
NDUFA11	-0.51
NDUFA12	-1.845
NDUFA13	-1.61
WEE1	-0.105
AP5B1	1.45
GPATCH11	-0.93
DET1	1.355
ABCD3	-0.91
ABCD4	-0.24
CLSTN2	4.235
TMEM131	2.455
POMP	-0.85
SLIRP	-0.295
TMEM135	-1.15
TMEM138	0.11
NDUFAF5	-0.59
MOCS2	-1.25
NDUFS2	-0.735
NDUFS3	-0.305
NDUFS4	-2.7
	1.195
NDUFS6	-0.165
NDUFS7	-1.01
NDUFS8	0.67
ATP6V1B2	-0.035
	-0.24
POMK	-0.515
TP53I11	0.635
	0.025
LGR4	-0.385
ATP1B2	-0.67
ATP1B3	1.77
LRRC25	-1.89
LRRC24	0.85
ARFGAP2	0.26
CLPTM1	-0.485
ARFGAP1	0.775
MVB12A	-0.935
ZFP36L2	-0.675
LRRC28	-0.6
LARS	1.62
	1.015
GAS2L3	0.27
MED13L	-0.31
LIMA1	2.105
CCNY	0.11
	1.83
CCNF	1.215
CCNC	0.79
CCNH	-0.77
CCNI	1.15
CCNJ	0.02
CCNK	1.23
HNRNPA0	-0.165
SIVA1	0.46
LRCH3	-1.42
WBP2	0.655
CACTIN	1.9
PLEKHN1	-0.01
WBP4	-1.57
PTDSS1	-0.855
PTDSS2	0.31
	0.68
ASAH1	0.68
C1GALT1C1	-1.06
PICALM	1.01
CDC5L	3.74
ROMO1	0.7
HIGD2A	-2.115
PELO	-1.81
RINL	0.475
HIST1H3B	2.03
HNRNPAB	-0.615
IMPACT	-1.03
TSEN34	-0.085
TMEM128	0.165
SYNJ1	-0.925
SYNJ2	-1.62
MKKS	-1.4
	-0.95
DNAJB9	-0.07
FBXO28	-1.995
DNAJB1	0.68
DNAJB5	0.065
DNAJB4	-0.6
XRCC1	1.415
WDR70	0.32
WDR73	0.025
XRCC2	-0.745
XRCC5	-0.57
XRCC4	-0.17
WDR77	-0.805
WDR76	1.295
HMCES	3.085
CAMSAP2	-0.45
CAMSAP1	-0.355
PTCD2	0.455
	-1.21
ATP5J2-PTCD1	0.81
HS6ST1	0.02
TDRD3	1.93
TDRD7	-0.685
SRP68	-0.91
ATP6V0A1	-1.21
ATP6V0A2	0.29
SP1	0.57
B3GAT3	1.01
ACAD10	1.365
ZFP64	-0.845
ZFP62	0.235
	-0.99
AHDC1	0.73
NCDN	1.02
TOR4A	0.3
GFOD1	1.32
PLCG2	1.71
USP9X	-0.765
MCCC2	-1.095
MCCC1	0.285
RNF14	-1.055
RNF10	-0.005
RNF13	-0.75
SRRT	2.3
SLAMF7	0.545
RNF214	-1.065
SRRD	0.56
ANKRD13B	-1.4
ANKRD13C	-1.355
ANKRD13A	-0.22
ZNF326	-1.055
ZNF324	-0.745
GGNBP2	0.97
DDRGK1	0.265
SPATA2	0.315
SPATA5	-0.85
RAB3IP	-0.17
VIM	2.625
MZT1	0.405
MZT2A	-2.785
CSNK1A1	0.455
SESN2	-1.425
SESN3	-0.195
CD3EAP	2.545
COX18	-0.54
SSR1	-1.945
SSR2	-2.335
SSR3	-2.34
SSR4	-1.145
FOCAD	-1.64
COX10	-1.62
COX11	-0.405
COX14	-1.455
COX15	-1.06
COX16	1.175
ICMT	-0.055
ETFDH	0.47
PFKP	0.905
PFKM	0.005
PFKL	-1.355
CDADC1	-0.13
OSGIN2	-0.945
	-2.06
UNC13B	-0.72
UNC13A	-0.75
	-1.3
MSH2	2.065
MSH3	0.9
VPS37C	-1.335
VPS37B	-0.865
VPS37A	0.07
HIST2H2AB	2.04
MAPKAPK2	-0.895
CLDN12	-1.4
PPP1R3F	0.46
DIS3	1.45
ANXA5	-1.67
SH3BGRL3	-0.075
ANXA7	-2.22
ANXA6	0.42
ANXA9	-0.18
CPED1	-0.65
NENF	-2.75
RAD51AP1	1.325
	2.475
	-0.2
ZC3H14	1.665
ZC3H18	0.015
BAP1	-2.385
RIOK3	-0.09
RIOK1	1.245
BBIP1	-0.61
MRPS18A	-0.5
MRPS18B	-1.5
MRPS18C	-0.525
BAD	-1.55
DDX59	0.245
FIGNL1	1.405
HMMR	3.345
	-0.845
NIPSNAP1	2.43
EOGT	0.33
CIITA	1.94
MSRA	1.255
PPP1R37	0.47
PPP1R35	-0.795
PLAGL2	-0.95
BRMS1	-1.31
PYROXD1	-0.625
NAIP	0.995
RC3H1	0.485
SLAIN2	-1.965
SLAIN1	-3.99
ENO3	-2.085
ANKLE1	0.615
DXO	1.395
ANKLE2	-0.51
C8orf37	0.77
SYNGR2	-0.485
MBD4	1.915
MBD6	0.365
MBD1	0.365
MBD3	1.3
MBD2	1.745
GLMN	-1.62
	0.71
ARHGEF6	-1.255
ARHGEF7	2.375
ARHGEF2	2.01
ARHGEF1	0.6
MIEF1	0.115
MIEF2	0.78
UNG	-2.445
POLRMT	-0.045
UNK	1.245
DIDO1	0.845
TRMU	-0.27
	1.615
MCM10	2.18
NUP210L	0.975
PAIP2	-0.345
PAIP1	0.355
FUNDC1	-1.405
TYW5	-1.245
TYW1	0.91
BDH1	0.115
TRAF1	-1.0
TRAF2	-0.91
TRAF4	-0.73
TRAF5	-0.58
ATP2A2	0.46
ATP2A3	-0.39
PNPT1	-0.345
ACIN1	0.975
PINK1	-0.16
CYHR1	-0.065
ATP8B2	-1.11
AP2A1	-0.875
MUTYH	0.365
PRKACA	-0.49
NR3C2	0.56
SLK	-1.135
CHD4	5.865
XK	0.1
ST6GALNAC4	0.385
CHD7	-1.02
TMEM97	-2.205
	-1.295
SH3KBP1	1.685
FLOT1	-0.825
PSRC1	1.255
DCAF5	1.295
LCLAT1	-0.05
RNPEPL1	0.17
AKR1E2	-0.385
UPF1	3.24
ACTR8	-0.95
ACTR6	1.76
ACTR5	0.235
ACTR3	-0.895
ACTR2	-0.405
	1.875
CCDC51	-0.36
GALNT12	-1.0
GALNT10	1.65
CCDC58	-0.495
CCDC59	-0.9
ANKMY2	1.88
ARAF	-0.035
KIN	0.29
NUCKS1	1.56
PTTG1IP	0.26
ATM	1.57
ATR	0.42
KTI12	0.32
NT5DC1	-0.765
ABCF3	0.13
ABCF2	3.005
ABCF1	3.1
ALMS1	-0.59
MAGI3	-1.41
BLMH	1.1
SLC6A12	-2.75
CHEK2	-0.275
TDP1	0.725
CWC15	-1.82
CHEK1	2.08
TFIP11	1.955
PPFIA3	-0.69
PPFIA1	0.93
CCDC85C	0.56
CCDC85B	-2.7
TNNT3	0.965
LRRC41	-3.21
LRRC40	-1.07
LRRC42	-0.655
LRRC45	0.02
UTP23	0.55
LRRC47	-0.275
LRRC49	-1.89
GLCCI1	0.82
LPIN2	1.455
LPIN1	1.55
ST8SIA4	0.145
AEN	-2.77
CBX8	-0.495
CBX7	0.52
CSE1L	0.83
CBX5	1.51
CBX4	-3.2
CBX3	0.385
CBX2	-0.36
CBX1	1.325
FURIN	-0.3
CDC73	-1.475
GCFC2	0.32
SLC43A2	-1.02
ENKD1	0.325
TMF1	0.31
	1.48
CDCA7L	2.255
TRAPPC6A	0.215
TRAPPC6B	-0.72
EIF2B3	-0.74
AP3D1	-0.735
	1.535
CRAT	0.685
NCKIPSD	-0.58
IFI35	0.17
MLH1	0.325
CREBRF	-1.04
MDM1	0.84
MDM2	-2.115
MDM4	-0.48
PKNOX1	-0.23
AREL1	1.835
CDAN1	1.535
SLC44A1	-2.28
WDR55	0.755
LAPTM4A	0.995
PIK3CA	2.44
PIK3CB	1.22
PIK3CD	0.0
ATRAID	0.78
WDR59	-1.55
PIK3CG	4.835
KIAA2013	-0.115
NXF1	0.745
ATXN7L3	-0.125
ATXN7L2	-0.125
ATXN7L1	1.1
NCAPH2	-0.175
CIAO1	2.435
TOX4	0.28
SCRN3	-0.535
PIK3C3	1.665
COPA	-1.745
IL4R	-0.45
EIF2B4	0.59
EIF2B5	-1.16
EIF2B2	1.805
ZNF692	-0.025
RIBC1	-0.01
EIF2B1	-0.255
PCF11	1.87
	1.04
	-0.22
RAD52	-0.45
RAD51	0.975
RAD50	0.615
RNF19B	-0.005
RNF19A	-0.045
ANKRD52	0.84
ABHD17A	-0.25
	-0.51
ABHD17C	1.07
ADIPOR2	-0.245
GDAP2	-0.53
ANKRD54	1.095
ADIPOR1	0.05
ARL15	-0.69
FAHD1	1.01
TFCP2	-0.34
MCEE	-1.43
ZNF341	-0.75
KPNB1	1.0
ZNF346	-1.1
TAPBP	-2.255
	-2.935
NMRAL1	0.87
NUBP2	-0.23
NUBP1	-0.585
DHX29	1.57
AMN1	1.26
MYO5A	-0.005
ZNF207	3.075
CDK19	0.765
ARID5B	-0.45
ARID5A	-0.9
	0.875
CDK12	0.26
UNC119	-0.325
CDK10	-0.24
CDK16	0.3
CDK17	-0.145
CDK14	1.46
TCIRG1	1.445
HGSNAT	-1.145
CCNA2	1.405
METAP1D	-1.31
CAB39	-0.44
PRPF4B	3.33
NUBPL	-1.35
	-0.665
HIST3H2A	-0.37
CASP8AP2	0.125
DCAKD	0.25
PSMC3IP	-0.26
NUDT13	2.02
RCOR1	3.035
NUDT16	1.795
NUDT14	-0.89
CLTB	-1.465
NUDT18	0.56
CD300A	-0.45
PKN1	-0.155
PKN3	0.51
PKN2	-0.095
LAPTM5	3.735
CIRBP	0.72
GINM1	0.31
RPS6KA1	-0.465
RPS6KA3	-0.775
RPS6KA4	1.405
UQCR10	-2.13
UQCR11	-0.045
STAMBPL1	-1.27
MORC3	-0.63
SLC3A2	-0.68
	0.02
BLOC1S4	-0.18
BLOC1S3	0.76
SHPRH	0.95
PPP1R11	-0.315
PPP1R10	1.375
ALKBH8	1.57
ALKBH6	0.66
PPP1R18	-0.25
ALKBH4	1.23
ALKBH5	0.2
ALKBH2	-1.36
ALKBH3	0.355
ALKBH1	1.44
ZKSCAN1	0.55
PIK3C2B	1.835
SHOC2	-1.055
TOR1A	-2.005
TOR1B	-0.455
ZKSCAN8	-0.73
COMT	0.145
DR1	-1.245
GADD45GIP1	-2.025
GLCE	-0.98
EEF2K	2.895
HAGH	-0.2
PNN	2.23
PUF60	0.125
TNNI2	-0.52
EIF4EBP2	1.175
MAN2B2	-1.545
PAXBP1	1.07
PHKA1	1.1
PHKA2	-0.575
NRROS	-2.185
HSP90AA1	2.725
	-1.205
YPEL5	-0.665
ERO1L	-3.77
ZNF598	1.465
	-0.72
MINK1	0.665
ZNF597	0.8
PRKAA2	-0.65
ZNF592	-1.115
ZNF593	-1.58
GRWD1	-1.45
ZMYND8	2.965
	1.66
TSC2	-1.16
TSC1	1.485
TAF7	0.19
TAF6	-1.53
TAF5	-0.37
SNW1	1.67
TAF3	0.01
TAF2	1.29
TAF1	0.215
ACTR10	1.325
MAX	0.37
SMC3	1.785
SMC2	0.385
SMC5	1.655
SMC4	2.52
SLC33A1	-0.97
MAP2K3	0.45
MAP2K2	-1.11
MAP2K1	-0.34
MAP2K6	0.19
TTC3	0.0
MAP2K4	-0.955
CASK	0.205
CAST	0.83
INSIG2	-0.895
INSIG1	0.2
LTV1	-0.86
IL6ST	-2.9
ACTR1B	-0.315
ACTR1A	0.6
MORF4L2	-0.27
MORF4L1	1.665
CFL1	0.015
GALNS	-0.305
TBL2	1.035
TBL3	-0.39
DISP1	2.16
KDM5A	0.325
KDM5B	-4.21
KDM5C	-0.255
OTUD7A	0.06
OTUD7B	-0.12
C15orf57	-0.42
	-2.1
EPC2	-2.105
CSRNP1	0.225
CCDC34	0.58
EPC1	0.305
GTF3C3	0.145
GTF3C2	-0.67
GTF3C1	1.31
GTF3C6	-1.89
GTF3C5	-0.115
GTF3C4	0.91
TOPORS	1.165
ENDOG	1.215
SYCE2	-2.035
MED6	0.22
MED7	-2.9
MED4	0.51
MED8	-0.95
MED9	0.355
ENDOV	-0.155
TMEM248	-0.645
ATP5J2	-1.125
TMEM245	-0.155
CPT2	1.025
FCHO2	1.29
TMEM242	-2.245
KXD1	1.045
FASN	-1.255
WIPF2	0.7
WIPF1	1.83
FAM3A	-1.505
FAM3C	-0.445
UBE2L6	1.32
SPTY2D1	2.495
RBM15B	0.34
	1.91
UHMK1	-1.005
SLC36A1	0.665
RPIA	-3.9
IL1R1	0.405
UBIAD1	-0.475
	-1.035
LSS	0.325
LEPROTL1	-3.48
PIP5K1A	-0.15
KPTN	-0.85
TMTC4	-1.49
EPM2AIP1	-0.965
RNPC3	-1.305
GTF2I	1.525
CDC16	-1.735
NUAK2	1.3
DFFA	-1.165
DFFB	-0.715
ZCWPW1	1.65
BCOR	0.745
NASP	1.21
SF3B5	-0.975
SF3B4	-0.005
	0.835
SF3B1	3.12
SF3B3	4.185
TMEM161B	-1.18
SYVN1	0.405
	0.765
PHLDB1	-0.6
SCLY	-1.89
TIMM22	-1.085
TIMM21	-0.865
AP3B1	2.21
PLA2G6	0.45
ARMC5	1.115
F8	0.51
F9	-0.08
RDH14	0.225
	-0.07
RDH11	1.98
RDH12	-0.595
RDH13	-0.295
CCDC127	-0.105
GRHPR	-0.845
CCDC124	-0.16
EIF4H	-0.435
	-2.15
STX4	0.585
VPS45	1.53
DHPS	-1.1
VPS41	0.285
ODF2L	0.95
GPI	0.7
PCYOX1	1.065
USF2	1.235
	-1.1
USF1	0.1
MICU3	-0.03
MICU2	-0.56
MICU1	-0.09
LETMD1	-1.265
	-2.285
NDST2	1.01
	-0.34
HCFC1R1	0.575
TUSC1	0.76
JRKL	-0.03
PYGO2	1.095
RPL27A	-0.03
PSD3	1.28
PSD2	-0.72
MGAT4A	0.97
VPS4A	0.585
VPS4B	0.46
MGAT4B	-0.835
UNC93B1	-2.535
BCKDHB	-0.76
	-0.35
	0.06
	1.885
	-1.33
BCKDHA	-0.52
YLPM1	1.8
CHMP1B	2.09
CHMP1A	0.775
CTCF	0.425
UBE2Q1	-0.415
MTRF1	-0.56
UBE2Q2	0.06
	-0.9
	1.745
ILDR1	-0.825
DHRS11	1.15
DHRS13	-0.5
IQCC	0.3
	-0.515
IQCE	1.715
SUPV3L1	0.88
CD320	-1.615
KIAA0586	2.245
KRI1	1.165
CTC1	1.035
CDC14A	2.02
ZNF362	1.44
ALDH6A1	0.46
TNRC6C	0.73
	0.66
ZEB1	1.415
ZEB2	-2.05
	-1.37
SERHL2	0.585
USP54	-0.58
USP53	-0.315
SSBP1	-2.55
GART	0.775
CD180	0.185
GARS	-2.16
RBAK	-0.405
BPNT1	1.29
NUP98	2.07
NUP93	0.265
PICK1	0.455
DLL1	0.285
ARID3A	-0.98
PCCB	0.49
PCCA	0.21
UBAC2	0.705
UBAC1	-1.28
FDX1	-0.825
TMED7	-1.57
TMED5	-1.86
TMED4	-0.03
TMED3	1.52
PET100	-1.255
TMED1	0.31
RAD54L	0.805
NQO2	-0.84
TMED9	-1.905
TMED8	0.03
CACHD1	-0.67
ADSS	0.625
SSRP1	0.555
STAG1	1.895
IPP	0.485
SFSWAP	1.655
FDXR	-0.12
	-1.365
ADSL	-0.345
UHRF1	4.06
UHRF2	1.785
	-0.775
TSG101	0.915
MKI67	9.84
PIEZO1	-0.715
VPS33B	-0.535
VPS33A	-0.395
SIN3B	-1.12
SIN3A	2.47
MPND	0.805
STRBP	-2.615
ABI2	-1.04
ABI3	2.16
ABI1	-0.095
OSBPL7	0.81
CPOX	-0.015
OGFR	-1.05
GPATCH8	2.98
GPATCH4	-2.805
GPATCH2	0.385
GPATCH3	0.215
GPATCH1	0.68
RAB35	0.12
HDDC2	-1.36
CHN1	-0.39
C16orf91	-0.43
	1.065
MYO3B	-1.575
GRSF1	-0.615
TMEM50B	0.025
TMEM50A	-0.295
ERP29	-1.345
TOR3A	-0.905
PPAT	0.755
GTDC1	-0.64
	1.79
ASB1	-1.35
ASB6	-0.3
ASB7	-0.625
ASB8	-1.02
	1.01
	1.28
	-0.01
PPWD1	-0.695
	0.735
TFPT	1.285
RRAGA	1.515
DDI2	-0.84
RRAGC	-1.2
RRAGB	-0.79
AP1M1	-1.12
GHITM	-2.75
PPA2	-0.655
PPA1	-1.125
VPREB3	-0.215
HP1BP3	1.05
TSPO	-0.58
RIPK1	-0.965
DNAI2	-1.1
RIPK3	-0.585
RIPK2	0.06
SDC1	1.155
EHBP1	1.06
PTCHD1	0.415
PRKAG1	0.53
PRKAG2	1.105
APBB1	-0.1
CABIN1	-0.26
MAF1	-0.07
RHOQ	0.245
OSTC	-2.09
DNAJC16	-1.51
DNAJC17	-0.02
DNAJC14	-0.715
DNAJC15	-0.165
DNAJC12	-1.085
DNAJC13	1.93
DNAJC10	2.46
DNAJC11	-0.595
RHOB	1.89
RHOA	1.535
GNAI2	-0.13
RHOF	1.78
DNAJC18	0.56
DNAJC19	-1.63
FAM102B	-0.27
NELFB	0.99
NELFA	-1.76
G6PC3	-1.305
NELFE	1.1
RPL13A	0.595
TMEM59	-2.1
POU2F2	1.87
CTNNA1	-0.41
POU2F1	-0.505
PAPSS1	-0.38
BVES	0.285
MAFK	0.055
	-0.5
WDYHV1	-0.24
MID1IP1	-0.91
LY86	-1.68
CAMKMT	0.06
ACTN1	-1.4
ACTN4	1.555
PARP14	-1.15
PARP10	-0.865
PARP11	-1.89
CCDC14	1.825
CCDC15	1.05
SIAE	0.97
CCDC17	-0.68
CCDC12	0.22
KDM3B	-0.63
HDAC10	0.64
KDM3A	0.005
NFRKB	-0.555
MRFAP1	-0.425
TSPYL2	-0.84
ETHE1	-1.545
G2E3	2.34
TCF7L2	1.59
	0.93
TMEM260	0.31
	-0.735
TMOD3	-1.795
EMC7	-1.83
AKR1A1	-1.075
KIFC1	-0.355
TMEM192	-0.13
LOC102288414	0.555
TMEM199	-0.775
TRA2A	0.225
TRA2B	1.99
MFSD8	-0.03
MFSD1	-0.195
MFSD3	0.11
MFSD5	-0.435
MFSD6	-0.45
C15orf40	-0.555
DENR	-1.585
NCS1	-1.35
AHSA1	2.28
	-2.08
NAA38	-2.375
	1.32
CORO7	0.075
CASP6	-0.1
CASP7	0.13
THAP2	-1.32
THAP3	1.01
THAP4	0.405
CASP3	1.54
TRIOBP	0.41
CASP1	-1.48
GNB5	0.11
GNB4	-2.085
GNB1	-1.93
CASP8	-0.215
GNB2	-0.01
ABCD1	0.03
MAP1A	-8.48
YY1	3.2
AIMP2	-0.695
AIMP1	-2.47
CEP63	0.5
MAP1S	-0.745
ELP6	-2.155
ELP5	-0.215
ELP4	-1.59
ELP3	-0.295
ELP2	-0.52
	0.39
CDK5	0.255
TRAPPC2L	0.115
ACVR2A	0.82
NSMCE4A	0.04
AKAP1	-0.8
TP53	-0.045
SEPHS2	-1.825
SEPHS1	-0.085
CDK7	1.08
AKAP8	2.615
	-1.14
	-0.95
ZBTB39	1.26
ZBTB38	1.63
RNPEP	0.43
SEC23IP	0.735
TRIP11	1.785
PHLPP2	-0.515
ZBTB33	1.915
ZBTB32	-2.91
TIMM44	1.18
	0.24
AKAP8L	0.435
PAFAH1B1	0.28
STK11IP	-0.175
PAFAH1B2	-0.95
CCDC107	-0.695
PIKFYVE	-2.365
MANBAL	0.075
NADSYN1	1.22
MOCS3	0.42
TM7SF3	-0.42
NDUFAF4	-0.49
WDR92	0.82
WDR91	-0.53
VPS29	0.865
NDUFAF7	0.04
EXOSC7	0.58
NDUFAF6	-0.295
NDUFAF1	-0.92
EXOSC5	0.51
WDR45B	1.68
NDUFAF3	0.205
ARHGEF11	-0.6
NDUFAF2	-0.625
IFIH1	-0.67
BRI3BP	-1.725
DTX3L	0.96
SPG21	0.03
	-1.415
CXCR4	0.265
MGAT1	-0.72
MGAT2	0.73
G3BP1	0.845
MGAT5	-0.835
G3BP2	1.71
NT5C3A	0.3
NT5C2	0.705
TOR1AIP2	1.175
TOR1AIP1	-0.92
TXNDC9	0.245
RUNX1	0.38
MPC2	-1.18
CDC123	0.795
GPKOW	0.25
TXNDC5	-2.45
BCL10	0.435
	-0.395
SCYL2	1.35
SCYL3	1.335
CBFA2T3	-0.6
SCYL1	0.835
MCAT	-1.18
GBF1	2.47
DHRS7B	-1.2
CYB561A3	-3.7
ZNF384	-0.47
FAM89B	-0.095
ZNF382	0.52
UNKL	0.32
MRPL24	1.33
MRPL27	1.21
MRPL21	-0.645
MRPL20	-1.315
MRPL22	-0.86
RAD9B	-1.49
RAD9A	1.635
MRPL28	-1.4
TATDN2	0.145
GALE	0.595
	-1.67
QTRT1	-0.965
SEC31A	-2.43
	-0.93
HCFC2	-1.58
HCFC1	0.3
ERLEC1	-0.295
CSNK1G2	0.76
CSNK1G3	-0.485
CSNK1G1	0.98
TNKS	1.02
MKRN1	1.425
CRAMP1L	1.785
CLP1	-0.405
ARID1B	-0.21
ARID1A	0.5
ATRN	-1.365
MKRN2	-0.57
UROD	-1.53
ATRX	3.855
CCNE2	1.555
CCNE1	1.7
DEK	-0.295
AIFM1	-0.325
	-0.71
IVD	1.08
TNK2	-0.295
SPPL2B	-1.03
SEH1L	0.845
CLPP	-0.1
EIF4ENIF1	0.325
ASRGL1	0.7
CLPB	-1.715
ERN1	-0.77
RYK	0.665
TONSL	1.77
MTPAP	0.675
PCBD2	-0.205
CHPF2	-2.185
	-1.195
MYO19	-0.17
MYO10	-0.13
NUP133	1.93
ACD	-1.11
CEP192	0.545
C2orf68	-2.485
RAD54L2	-0.41
QSER1	-0.27
MYO1G	-1.275
MYO1E	1.645
MYO1D	-0.245
MYO1C	-0.35
BAZ2A	-1.55
BAZ2B	1.26
PC	-2.07
STRADA	0.13
NMT2	-0.81
NMT1	-0.285
PDE12	0.355
RPGRIP1	-1.49
PPCS	0.315
SDE2	-0.735
SOS2	-1.055
SOS1	-0.67
CACYBP	-1.55
SH3GL1	1.51
SYF2	-0.67
STK40	-1.955
SAMD10	-2.16
CIAPIN1	0.445
JMJD1C	0.465
AKT1	2.29
AKT2	1.64
AKT3	-0.23
TOP3A	0.3
TOP3B	1.77
NAA16	-0.235
NAA15	-0.285
NAA10	0.655
FUBP3	-0.315
FUBP1	0.6
SLU7	1.415
EZR	3.58
MEX3C	-0.54
RTEL1	-0.08
	-2.735
CSHL1	3.7
PRADC1	0.27
C19orf12	0.22
PDE3B	-1.23
MARCH5	-0.72
MARCH7	-0.37
MARCH6	-1.745
MARCH1	0.47
C2orf49	0.225
RBCK1	1.635
MAD2L2	-3.465
MAD2L1	0.85
TAB3	-2.22
TAB2	-0.515
TAB1	-0.36
FAM222B	1.035
LETM1	-0.045
LETM2	-0.73
PPP1R7	0.255
ADCY7	0.745
PPP1R2	-0.045
PPP1R8	1.185
KRTCAP2	-1.36
KRTCAP3	0.2
NRDE2	2.65
TMEM70	-1.08
	-0.745
SLC7A6	0.275
SLC7A7	0.145
SLC7A5	-2.47
SLC7A1	-2.11
	0.81
	0.56
UFL1	-1.505
STUB1	0.16
SLC17A5	-0.13
SH3PXD2A	3.04
PSMD9	-0.2
PSMD8	-0.635
PSMD5	-1.515
PSMD4	-0.055
PSMD7	-2.18
PSMD6	-0.695
PSMD1	-2.21
JUND	-2.58
PSMD3	-1.26
PSMD2	-1.79
AGPAT5	-2.335
AGPAT4	0.47
AGPAT3	-1.29
IFRD1	-0.57
IFRD2	-1.69
NPRL3	1.2
NPRL2	0.22
SLC25A51	0.89
SLC37A1	-0.26
SLC37A4	-0.985
ITPRIPL1	-0.275
ERMP1	0.08
TMEM201	-0.005
NIPSNAP3A	0.52
TMEM205	-0.305
TMEM208	-0.38
TMEM209	0.835
ADSSL1	4.21
ATP5F1	-0.225
ZNF446	0.04
ZNF444	-0.75
ZNF445	2.53
MCFD2	-1.405
NOA1	-0.335
TOMM40L	0.37
LARP4B	2.925
RFC5	1.18
RFC4	-0.335
RFC1	2.685
RFC3	1.38
RFC2	0.875
SARS	-1.47
	1.745
KLHL7	0.17
KLHL5	-0.48
KLHL2	0.275
EMP3	-3.76
KLHL8	-1.035
KLHL9	0.165
SMAP1	-0.185
SMAP2	0.925
PAF1	1.49
ATF7IP	-0.67
UHRF1BP1L	-0.65
HBE1	0.64
RLIM	-0.495
KDM1A	0.99
	0.01
FIG4	-0.145
	1.3
GCC2	-2.61
GCC1	-2.16
MXI1	-1.45
ANO8	0.55
STAU1	0.225
ITSN1	-0.645
MOGS	1.6
ITSN2	1.66
PIGC	-0.595
FN3KRP	-1.43
IRF3	1.645
IRF2	2.175
IRF1	1.185
SPCS1	-1.595
IRF5	-0.775
IRF4	-1.15
IRF8	3.065
CLK1	2.13
CLK2	0.22
CLK3	-0.495
CLK4	0.845
HERPUD2	0.965
ZBTB11	-0.21
ZBTB10	0.4
ZBTB17	-2.475
ZBTB14	-0.935
	0.46
FDXACB1	0.56
PHGDH	-0.965
AGFG2	-0.055
AGFG1	0.13
GTF2H3	-0.605
GTF2H2	-1.615
GTF2H1	0.375
CDC42SE2	0.89
ZFP36L1	2.0
GTF2H5	1.255
GTF2H4	-1.31
ABHD8	-0.58
ABHD2	1.48
ERAL1	0.285
ABHD5	0.005
C12orf45	-0.65
WDR6	1.76
WDR5	0.775
WDR4	0.51
WDR3	0.835
WDR1	0.215
	0.115
RSPRY1	0.72
CCDC167	-1.39
MLXIP	0.915
USB1	-0.48
	1.32
MAN1C1	2.24
MINPP1	0.96
C6orf89	-0.15
TROAP	1.555
	0.18
KIF14	1.78
EVI5	-1.02
POU3F2	3.33
SAMM50	-0.31
CHKB	0.2
GIN1	0.245
FECH	-0.81
CYP4V2	-0.305
PTRH2	-1.3
ZNF639	-1.07
	3.21
HCLS1	0.245
ZNF32	-0.225
BARD1	2.735
METTL18	1.59
SFXN2	0.56
SFXN3	-0.17
SFXN1	1.52
RRP12	-1.355
MIIP	-0.66
RRP15	-0.93
	-2.055
CLNS1A	-2.45
	-0.88
ST6GAL1	-1.715
FUZ	-0.3
USP12	-0.235
USP10	0.06
USP11	0.645
USP16	0.485
USP14	0.55
USP15	1.725
USP19	0.595
EMC1	-0.71
PRPSAP1	-0.59
PRPSAP2	0.18
RRP1B	-1.0
HS2ST1	0.04
SPTB	1.26
EMC6	-0.39
GANC	-0.36
HMGB2	-0.215
METTL15	1.01
FAM185A	-1.08
	0.11
SLC4A1AP	-0.63
SYK	0.98
C16orf58	-0.33
	-0.6
OARD1	0.725
	-0.835
FRS2	-0.42
	-0.875
	1.07
PDRG1	0.91
	3.455
NCKAP1L	0.915
NAPSA	0.495
MAN2B1	1.5
CD44	-0.145
CD47	-1.09
URM1	-0.995
CD40	-1.505
RAP1A	-1.16
SKAP2	0.335
L3MBTL3	1.01
L3MBTL2	-0.52
SATB2	-0.465
SATB1	0.19
EP300	1.74
GPRASP1	2.355
NCOA2	1.695
NCOA3	1.885
NCOA1	2.715
	-0.235
NCOA7	-0.31
NCOA4	-0.72
NCOA5	1.71
NEFH	1.29
REV1	1.735
ATF6B	-2.2
C5orf34	0.445
PIP5K1C	-0.945
PIP5K1B	0.11
BID	0.645
PPP4R1	0.32
PPP4R2	-0.295
CCNG1	0.895
CCNG2	0.38
ARMC8	0.05
ARMC9	-0.73
ARMC6	-0.9
DACH2	0.255
ARMC1	-1.11
BCAP29	0.94
RELL1	0.145
NOX1	-1.89
FBRS	1.285
RNH1	-1.175
HJURP	1.1
SNIP1	1.32
WDR75	-0.255
WDR74	-0.685
	0.545
XRCC6	0.19
GSK3A	-1.905
GSK3B	-0.015
VARS2	-0.375
DMWD	0.88
INF2	0.115
TFAP4	1.245
PMF1	0.375
ISCA2	0.34
QDPR	-2.815
DYNLL2	-2.015
MAPK14	1.595
CAMK1D	0.175
PTCD3	-0.215
PHKG2	0.92
HNRNPUL1	0.165
GLE1	-0.32
SAP30	0.885
GPBP1L1	-0.695
NAA35	0.09
NAA30	-0.54
METTL21A	-1.39
CALCOCO1	-1.295
TRIP10	-0.555
ALDH5A1	-2.0
TRIP12	2.52
TRIP13	-0.785
APOA2	-0.6
CR2	4.395
KIAA1143	-0.465
C10orf88	-0.525
PDE1B	0.41
ADAM9	-0.34
AATF	-0.57
DNM1L	-1.405
PDP1	-0.725
	-0.075
AP2M1	-0.975
SNRNP25	-2.325
TOMM34	2.745
SNRNP27	-2.845
EDF1	-0.905
TMEM11	-0.975
TMEM17	-1.33
	-0.21
TMEM19	-0.175
ITPA	-1.185
CRK	-0.645
ORAI3	-0.14
ORAI1	0.725
ZNF322	-1.27
KIRREL	1.39
TTC28	0.475
MTA2	1.61
BDP1	1.02
COX7A1	-0.6
COX7A2	-1.37
TTC27	0.455
ARL5A	-0.87
ARL5B	-0.73
ZNHIT3	0.0
ZNHIT2	0.86
ZNHIT1	-1.345
ZNHIT6	-0.665
ASCC3	0.635
ASCC2	-0.745
NPM1	-0.525
DUSP7	-0.14
NPM3	-1.475
KANSL3	0.375
KANSL1	0.605
KIF24	1.255
PSMF1	1.595
KIF23	3.93
KIF22	1.955
	-1.21
	-0.37
	0.135
ATMIN	-0.165
FGFR1OP	0.65
ZFP69	-0.6
	0.42
MEN1	1.09
TMEM222	-1.05
NABP2	-0.065
ZNF253	-0.73
NABP1	-0.06
ACAD11	2.06
NSF	1.46
SPNS1	-0.71
KIF2A	-0.055
KIF2C	3.4
GABARAPL1	-1.755
	-0.615
POGZ	-0.75
UBE2J1	1.35
UBE2J2	-1.79
LY9	0.97
ECH1	-0.315
MIPEP	-0.68
AUH	-0.59
GCAT	-1.005
SAT1	2.01
ATG16L1	0.99
ATG16L2	-0.51
SLC6A6	0.205
GNG3	-0.74
PCYT2	0.195
MTFP1	-1.12
SRA1	-0.535
OXSR1	1.975
LYN	0.755
NSDHL	0.115
KIF4A	3.195
MNS1	0.015
AMACR	-1.06
ZFAND5	-0.52
ZFAND4	0.57
ZFAND3	-0.585
TIMM8B	-0.56
LMBR1L	-0.73
FAM20B	1.01
TCTN1	-0.03
TMEM185B	-0.38
	-0.27
SUGP2	-0.03
SUGP1	0.44
SPAG9	-1.305
SPAG7	-0.06
FOSB	1.85
SPAG5	0.11
YDJC	1.025
ASTE1	1.755
WDSUB1	0.95
SMARCD2	0.95
SMARCD1	0.855
NCAPH	1.565
NCAPG	2.99
FAIM	0.69
	0.85
BLZF1	-1.475
ROCK1	-0.23
ROCK2	1.38
GPC1	-3.325
BBS9	0.915
TGFB1	-0.375
BBS2	-2.27
BBS4	0.67
BBS7	0.32
PRKAR2A	0.115
	0.7
PRKAR2B	0.4
MAN1A2	-0.425
	-0.875
	-0.19
	0.255
	1.695
ZNFX1	-0.325
H6PD	-2.46
ACBD3	-0.125
ACBD6	-0.83
ACBD5	-0.205
ACBD4	0.965
HBS1L	0.02
ZMYM2	0.52
ZMYM3	0.745
FAM160A2	-0.925
ZMYM1	0.3
ZMYM6	0.16
ZMYM4	-0.19
ZFAND6	-1.845
AMPD2	-1.04
TOP1	3.715
MMACHC	0.36
NRF1	0.585
DPM3	-1.505
DPM2	-0.145
SLC50A1	0.51
TWSG1	-0.38
LYPLA1	-1.13
LYPLA2	-0.52
POLR3F	0.81
POLR3G	0.055
POLR3D	-0.77
POLR3E	0.415
POLR3B	-0.675
POLR3C	-0.165
POLR3A	1.575
CD99L2	-1.55
POLR3K	-0.5
POLR3H	-0.29
ENOX2	-1.78
RRP36	-0.18
NR2F6	0.11
	0.725
MIOS	-0.07
CC2D1A	0.91
ZADH2	0.83
CDKL5	0.23
DLGAP5	3.09
CDKL1	-0.67
CDKL3	-1.4
USP38	-0.28
USP39	1.08
GLT8D1	1.07
USP30	-1.375
TPGS2	-0.03
TPGS1	-0.85
ACOT13	0.565
USP34	0.265
USP35	-0.14
USP36	0.545
USP37	2.555
PPP1R15A	-0.39
PPP1R15B	1.51
TSN	-1.22
PABPN1	-2.0
FBF1	-1.54
SSH2	0.15
SSH1	-0.565
CTBP1	-0.53
CINP	0.56
SMOX	-0.02
NFX1	1.97
	-0.785
DAP	-1.155
CIC	-0.01
KCTD12	0.02
KCTD10	1.07
HMGCL	-2.38
NAP1L1	-0.795
PBDC1	0.035
NAP1L4	1.225
GMDS	0.93
HMGCR	0.585
CIT	2.785
GET4	0.145
EXOC6B	-1.945
CD22	2.86
C14orf93	-0.01
KIAA0040	0.175
DPYSL5	-1.15
DPYSL2	1.72
ARL6IP6	-1.715
ARL6IP5	-0.66
ARL6IP4	0.0
DAB2IP	3.56
RET	-1.35
	0.295
SLC35B1	-0.27
PES1	-0.945
FCHSD2	1.375
SLC35B2	0.31
SLC35B4	1.94
REL	1.73
CHPF	-0.155
UBR1	0.15
PSMB10	0.785
	0.12
BTBD7	0.395
FPGT	-0.58
FPGS	-0.125
DENND5B	1.53
DENND5A	-0.36
PPP1R9B	-1.205
AGL	-1.585
THAP7	-1.1
CHP1	-2.04
AGA	0.915
	1.195
RAB23	-1.89
TSEN2	0.04
XYLB	-0.305
RAB25	-0.46
PCYT1A	-0.455
PGM2L1	-0.42
PCYT1B	-0.18
MYEF2	-0.795
QSOX2	-0.165
VAPB	1.02
VAPA	0.42
DGKZ	0.35
PUS1	-1.19
PUS3	1.21
PUS7	-1.655
DGKQ	0.46
CSAD	-1.86
DGKH	-0.535
BMPR2	-1.725
DGKD	0.385
DGKE	0.24
	0.11
OGT	1.905
TCP1	-0.29
PWWP2A	0.615
DNTTIP1	-0.615
DNTTIP2	-0.07
ARHGEF12	1.775
UBN2	-0.12
UBN1	1.03
HEATR5A	2.64
NAA50	-0.845
CREB3	-0.01
CREB1	-0.785
IMPA1	0.135
IMPA2	0.26
RETSAT	-0.28
B4GALT3	-0.33
EIF2S2	-1.8
B4GALT5	-2.245
B4GALT7	1.675
EHMT1	2.015
EHMT2	1.5
TRAP1	-0.325
AARS	-0.07
MIF	-1.515
PDE7A	-1.13
	0.71
SPAG1	-0.72
AGGF1	-0.47
GNAO1	-1.35
ELK3	1.555
ELK1	0.46
ELK4	-0.015
UBOX5	-0.88
TANK	-0.825
AAR2	1.35
TMEM33	-0.83
CNEP1R1	-0.455
CTH	-6.025
	1.02
DDAH2	1.81
SESN1	2.44
PLXNC1	-0.9
PGD	2.385
MRPS9	-1.455
	0.305
RABGGTB	-0.55
DOK3	1.09
RABGGTA	0.88
PGP	1.46
DNMT3B	0.11
DNMT3A	2.185
	1.86
SDCBP	-0.065
MELK	0.865
IGBP1	-1.035
	-1.835
COX19	-0.405
RANGAP1	1.56
CAAP1	-0.22
DDHD1	0.535
DDHD2	0.435
PDZD11	-0.59
ZDHHC20	-0.27
ZDHHC21	0.29
ZDHHC24	-1.4
ZNF408	-1.08
	0.48
ZNF407	1.27
CDK11A	0.85
	-0.95
RBM26	-1.645
STAT5B	0.15
STAT5A	-0.035
	2.675
RBM22	0.78
ENAH	0.11
RBM28	2.365
CLOCK	-1.22
FCGR2B	0.89
YKT6	0.49
SH2B2	1.45
SH2B3	0.18
SH2B1	0.305
KIF20B	0.54
IREB2	0.13
GSPT1	4.34
RAB2A	1.09
EIF2AK1	-1.83
EIF2AK3	1.235
EIF2AK2	1.245
EIF2AK4	0.36
CAMKK2	-0.82
SLC25A19	1.64
FKBP1A	-1.65
SLC25A17	0.52
SLC25A16	0.84
SLC25A15	0.265
SLC25A14	-0.115
SLC25A12	0.985
SLC25A11	-0.76
SLC25A10	1.215
NUDC	-1.135
TRMT1	-0.56
SAV1	-0.3
CRBN	0.9
PITPNM1	-1.06
PITPNM2	-0.67
STK38L	-1.19
LAMC1	-0.775
TOMM70A	-1.095
C16orf54	-0.895
NEDD4L	1.13
ARID2	-0.435
MTFR1	-2.575
MTFR2	-0.025
C12orf57	0.575
	-3.01
KDM6B	-0.82
TUBG1	-0.235
COPG2	-1.465
COPG1	-0.56
APAF1	0.34
C15orf41	-0.945
ABCE1	-0.16
ZNF518A	0.86
FEM1B	-0.355
ZNF518B	-0.475
SPECC1L	1.14
TIGD2	-1.4
DCP1B	-0.77
DCP1A	-1.41
SUCO	0.37
KIAA2026	-1.54
KEAP1	0.35
KCNQ5	-1.305
HOMEZ	1.055
	-1.91
ERAP1	0.385
UMPS	-0.8
TXNL1	-0.605
JAGN1	0.06
PGPEP1	-0.285
SLC4A7	0.575
ANK3	2.2
ATE1	0.565
SLC4A2	-0.135
CUL5	-0.18
CUL1	-0.655
CUL2	-0.055
CUL3	-0.585
HSPA4L	-1.28
OVCA2	1.565
PTP4A3	0.215
PTP4A2	-2.395
IGF2BP3	0.945
PGAP1	-0.79
DCBLD1	-0.05
	-0.09
MFAP3	-1.545
RARS2	-0.305
GPAM	-0.34
NT5C3B	1.055
EEA1	1.46
CEP57L1	-0.18
NEURL2	-0.24
NEURL3	1.545
NEURL4	1.165
EIF5B	6.735
EIF5A	-1.25
ZNF672	-0.58
ENOPH1	-2.415
TXN2	-1.17
POLR1A	1.41
POLR1B	-0.955
TXN	-1.05
POLR1D	-1.39
POLR1E	0.2
	-0.635
TGIF1	-0.43
FYN	-4.84
ADARB1	-1.25
CREB3L2	0.11
PRCC	-1.205
SNX29	1.39
PLEC	-2.19
FRA10AC1	-0.46
LRMP	3.885
SNX20	0.08
PLEK	-4.795
SNX27	0.175
SNX25	1.48
CDKN3	0.275
QRICH1	-0.485
MSH5	-1.81
MRPL43	-0.995
MRPL42	0.355
MRPL41	1.03
MRPL40	-0.145
MRPL47	-1.56
MRPL46	-0.945
MRPL45	-1.585
MRPL44	-0.96
MRPL49	0.035
MRPL48	0.31
BCL7C	-0.9
BCL7B	0.545
BCL7A	0.79
ZMYM5	0.005
OAZ2	-0.72
OAZ1	-0.32
TIPRL	-0.075
PPP1R13B	1.27
MARVELD2	2.32
SH3BGRL	0.49
PPP1R13L	-0.595
CTDNEP1	1.32
FAM110A	0.725
CIPC	1.405
C11orf68	0.945
DCK	3.21
MAPKAPK3	0.06
HIST2H2AC	-1.055
	-1.61
	-1.285
TNFRSF21	-0.73
	-1.88
UBR3	-1.27
C1orf131	0.025
TSTD2	0.67
	-0.34
LAP3	-2.015
FGD6	0.245
FGD3	0.695
FGD2	-1.395
GMFB	1.625
STXBP1	-2.035
SNAPC2	0.75
	1.55
STXBP2	2.025
STXBP5	0.665
STXBP4	0.95
SNAPC5	0.04
SNAPC4	-0.295
FMR1	2.735
URI1	-0.46
NT5M	0.225
FAM210A	-0.77
NT5C	-0.535
CELF4	-0.33
CELF2	1.225
	1.43
KRAS	-1.5
	-1.265
EZH1	-0.055
EZH2	2.08
ZMIZ2	-0.55
SLC35D1	0.88
DDX19B	1.45
ZC3H10	-0.155
VDAC3	-1.43
VDAC2	-0.065
VDAC1	-1.42
RALGAPA1	2.0
RALGAPA2	0.16
	-0.145
	-0.65
RCN2	-0.28
GBA	2.165
RRP8	-0.02
RRP9	0.265
NPEPL1	0.25
RASGRP1	0.485
PHIP	-0.35
GRAMD1A	0.605
DTWD1	-0.76
VARS	-0.1
EPSTI1	-0.67
SIDT2	1.42
LCORL	-0.925
CDC37L1	0.115
IL10	-1.995
DTNBP1	-0.13
IL16	-1.265
OAT	-1.105
KIFAP3	1.11
NUDT16L1	-0.205
PPIG	2.97
PPIF	-0.57
PPIE	0.345
PPID	-0.74
PPIB	-0.845
NUP153	-0.4
C20orf27	0.155
TP53INP1	-1.445
	0.185
UBC	3.76
	-0.08
UBL5	-0.005
UBL7	-1.835
	1.445
UBL3	1.37
BAX	-0.87
XPOT	-2.08
TAX1BP1	-0.51
SMIM12	-2.36
	-1.7
SMIM15	-0.935
SMIM14	0.17
SPOPL	-1.84
IK	2.33
COX6A1	-2.58
COX6A2	-1.6
PRKRIP1	1.075
	-1.61
AHCTF1	-0.605
TYSND1	-0.71
HNRNPR	1.13
ACSL1	-0.83
HNRNPU	2.735
ACSL4	1.0
ACSL5	1.365
ARL10	-0.03
HNRNPK	0.975
HNRNPL	2.48
HNRNPM	2.045
ARL16	0.82
HNRNPC	0.67
HNRNPD	0.28
HNRNPF	0.455
	-1.505
KHSRP	-0.08
	1.545
STK25	-1.075
STK24	1.49
HELZ2	5.025
DDA1	-0.145
MARCKSL1	-0.015
TOE1	0.465
MANF	-2.965
CAMLG	0.725
PIN1	-0.21
FZD2	-0.37
FZD3	-0.73
FZD5	0.145
FZD7	0.11
PLXNA3	1.265
NINJ1	-1.7
PLXNA1	-1.56
RPL35A	0.565
CERKL	-0.53
HCST	-0.03
HLA-DQB1	-1.36
TJAP1	1.175
PPP2R2D	0.01
CCDC97	-0.215
PPP2R2A	0.295
PQBP1	0.64
CCDC92	-1.7
CCDC93	0.455
ZNF169	1.53
PSMB9	0.245
PSMB8	1.34
PSMB7	-1.02
PSMB6	-1.33
PSMB5	-0.385
PSMB4	-1.06
PSMB3	0.145
PSMB2	0.02
PSMB1	-1.37
ZNF790	0.01
ACADM	2.275
PGAM5	-1.065
TRIB1	0.475
TRIB2	2.285
TRIB3	-5.065
MRPS28	-1.91
PREX1	-2.64
MRPS26	-0.01
KCNK5	1.065
MRPS24	1.41
MRPS25	-0.39
MRPS22	1.335
MRPS23	-1.34
MRPS21	-0.095
HIST1H2AG	1.77
HIST1H2AE	1.795
HIST1H2AH	-1.16
HIST1H2AA	0.235
HIST1H2AL	1.135
HIST1H2AM	-0.245
HIST1H2AB	0.475
HIST1H2AJ	2.59
ZNF428	-1.0
HIST1H2AK	-0.42
NAT10	0.27
POLL	0.06
RAB4B	-1.71
DENND3	0.215
LRRC8D	-0.925
AHNAK2	-0.35
NDUFA6	-0.655
NDUFA7	-1.375
NDUFA4	0.72
NDUFA5	0.035
NDUFA2	-2.255
NDUFA3	-2.07
NDUFA1	-0.225
JUN	-0.6
NDUFA8	0.12
NDUFA9	-0.315
	2.31
CORO1C	-0.615
CORO1A	1.62
VEGFA	-1.71
	-1.32
VEGFB	0.225
ARHGAP39	0.12
ATP6AP2	-1.675
CEP97	0.59
YES1	-0.915
CEP95	0.89
USP33	0.21
FAT3	1.71
ECT2	1.33
SSNA1	0.705
HUWE1	-0.33
SLC25A37	-1.82
SLC25A30	-1.05
SLC25A33	-1.18
SLC25A32	1.515
SLC25A39	-2.65
SLC25A38	0.6
HEATR6	-0.245
HEATR3	-1.175
HEATR1	0.055
POC5	-1.13
C5orf15	-1.775
	1.7
DDX17	0.205
C11orf54	-1.365
DDX10	-0.47
DDX11	0.535
CR1L	-1.205
DEF8	0.075
DDX18	2.64
RC3H2	-0.28
IGHMBP2	0.785
GPR107	0.895
GPR108	-1.02
NOC4L	-0.75
CMIP	0.42
IPPK	1.125
	0.675
SRSF4	0.395
SRSF7	1.375
SRSF6	0.18
SRSF1	0.31
CDKN2D	0.415
SRSF2	-0.07
SRSF9	-0.575
TUBE1	0.075
C1orf53	-0.995
SLC38A7	-2.67
SLC38A1	-2.915
NCK1	-0.445
SLC38A2	-1.255
HCN1	-2.625
LRRC6	0.11
ATP6V0E1	-1.77
SLC38A9	-0.01
LRRC1	-0.395
C6orf203	1.005
NEURL1B	-0.73
DEGS1	-1.37
NEURL1	0.355
PRPS2	-0.525
	0.82
PRPS1	-1.815
PRKCA	3.02
PRKCE	2.73
PRKCD	0.285
STAP1	1.42
TOM1L2	-1.385
ATG3	0.545
ATG7	-0.85
ATG5	-1.075
COPZ1	0.22
	1.92
SNTA1	-0.6
CDV3	1.69
PRPF8	0.13
ARMCX5	0.16
KLF6	-1.26
KLF4	0.06
KLF2	-0.695
HOMER3	-0.83
KLF8	-0.72
ZC3H11A	1.245
PRR14	0.27
NCAPD2	2.005
NCAPD3	0.22
RRM2	2.805
RRM1	3.05
CWC22	1.17
HACL1	-0.89
REST	1.69
C12orf4	-0.275
TWISTNB	-0.26
CCDC181	-0.07
PATZ1	-1.49
	-0.55
ZNF653	-0.03
ZNF652	0.84
HAGHL	-0.83
ZNF655	1.525
ZNF654	-0.955
ANKH	-0.795
SEMA7A	1.28
GATAD1	-0.35
RPAIN	0.495
	0.035
	0.515
TRMT11	-0.665
TRMT12	-0.73
SPATS2	-1.525
	4.32
PRRC2B	1.06
PRRC2A	1.575
	2.92
PDCD6IP	0.09
TXNL4A	-0.88
	0.805
PARP8	3.665
PARP9	0.58
NUMA1	-1.09
PARP4	1.17
	0.505
PARP1	3.24
PARP2	1.285
PARP3	0.345
ZCCHC9	1.26
ZCCHC8	1.76
SRSF11	0.83
SRSF10	0.58
ZCCHC2	0.03
ZCCHC7	-0.125
ZCCHC4	0.465
LRP10	0.88
TOX	2.23
	0.89
VTI1A	-0.2
SND1	0.95
VTI1B	1.47
ACO1	0.185
ACO2	-0.65
THTPA	0.82
AVL9	1.135
GTF2IRD1	0.63
	-0.865
MTDH	-4.315
HMGCS1	1.995
	-0.65
	-0.245
THG1L	-1.69
STAM2	-1.985
AZIN1	0.29
SEPT5	-0.67
RAD1	0.115
CHID1	-1.485
	2.555
KMT2C	0.21
KMT2B	0.855
KMT2A	5.44
SEPT6	-0.08
AHCYL1	-2.165
KMT2E	-1.445
AHCYL2	0.125
RBM39	3.47
C9orf78	-1.45
FBXO11	0.54
ERCC6	0.26
RILPL2	-2.285
MAPK8IP3	0.115
KCTD13	0.085
SLC35F6	0.41
GTPBP2	-1.855
SLC35F2	0.51
AK3	0.39
AK2	0.275
OXSM	0.355
PSTK	-0.49
	-0.255
LZTS2	-1.32
DMTF1	-1.415
VAT1	-1.97
C3orf38	-1.49
TSC22D3	-0.055
TSC22D2	-1.76
TSC22D4	1.275
DENND1C	-0.58
DENND1B	1.34
DENND1A	-0.335
BSG	-1.935
HIRIP3	1.81
RPS12	-0.75
RPS11	-2.5
PLRG1	0.44
CNIH1	-1.325
RPS14	-1.99
GLA	-1.555
RPS19	-0.845
RPS18	-2.315
RCL1	-0.28
CERCAM	-1.765
PHKB	-1.31
GLS	1.585
WDR61	-0.91
CRLF2	0.19
CRLF3	0.44
MPP7	-0.03
MPP6	-0.855
MPP5	2.68
TCEA1	-0.965
ZXDC	1.06
TUFT1	-0.03
DGCR8	1.72
LRPAP1	-0.88
ABHD16A	-0.875
	-2.33
C19orf44	0.535
C16orf72	-0.465
LSP1	-0.095
DCAF10	0.37
EMG1	0.27
DKC1	0.24
FBXL8	0.19
TM2D2	-0.68
TM2D3	-0.285
FBXL3	-2.04
NR4A1	0.32
FBXL5	0.64
FBXL4	-0.6
FBXL6	-1.13
ERF	1.465
IDNK	-0.64
ERH	1.235
INPP5B	-1.865
LBR	0.52
INPP5D	2.485
INPP5E	2.02
INPP5F	-2.57
RAN	-1.35
INPP5K	1.19
CYP20A1	-0.665
ENY2	-0.97
LBH	-1.79
MARC2	-1.41
TBL1X	-0.51
	0.925
	-0.445
	1.265
PLEKHA1	-1.55
PLEKHA2	0.72
PLEKHA3	0.395
RHEB	-0.725
OSBP	-1.505
AP2S1	-1.615
AP1G1	0.68
SNRNP48	-2.3
MYO6	-0.98
IRS2	1.005
USP6NL	-0.085
TYW3	0.82
BRAT1	1.285
SYN1	-0.58
PLA2G15	0.505
ISOC1	-0.36
	-0.98
SDHAF2	1.275
HEXIM1	-2.515
HEXIM2	-1.53
HNRNPLL	-1.045
SAMD9L	0.29
TRAF6	0.33
	-1.315
TRAF7	-0.18
PHF21A	1.2
PASK	0.52
	-0.68
	0.285
	-1.29
	2.01
RGP1	-0.12
MYOF	0.44
PKM	-1.41
HECTD3	0.125
HECTD1	3.515
	0.845
IARS	-2.97
RPP30	-0.795
LACTB	-2.02
PALB2	0.41
SERTAD1	0.485
SERTAD2	0.5
SERTAD3	0.665
MAD1L1	-0.035
TMEM9B	-1.06
	0.11
PIK3R4	0.735
ARL6IP1	0.025
PIK3R1	0.625
ZFP91	-0.445
APLP2	-1.565
TARS2	-2.12
GNPNAT1	-0.355
ZSCAN20	-0.04
RAB6A	-1.07
RAB6B	0.055
BTBD10	-0.76
SHQ1	1.355
NDUFC1	1.485
NDUFC2	-3.37
ARHGAP17	1.545
ARHGAP15	0.225
ARHGAP12	-0.52
ARHGAP10	-0.65
ARHGAP18	0.47
ARHGAP19	-0.035
DDX3X	2.025
SIK3	0.345
SIK2	1.13
NR1H2	1.52
ADAM10	-1.7
LDHA	-0.29
ADAM15	-1.59
ADAM17	0.74
	-1.415
AP1AR	-0.09
DEDD	-0.805
MTHFD1L	0.41
KIAA1191	0.82
ZFC3H1	1.98
ASH1L	2.425
DDX39A	0.98
AFF4	0.61
AFF3	0.94
DDX31	0.565
AFF1	-0.58
PNPLA2	-1.225
PNPLA7	-1.415
PNPLA6	-0.705
	-0.82
	-1.04
NBEAL1	-1.835
NBEAL2	-0.135
SLC39A13	-0.45
SLC39A10	-2.255
SLC39A11	-2.35
DZIP3	0.465
SLC39A14	-1.625
NSUN3	0.075
PRKACB	1.235
NSUN5	1.93
NSUN4	-1.27
ADRM1	-1.525
PAN3	0.63
PAN2	-0.025
EEF1A1	-1.59
TMEM183A	0.92
TLN1	4.79
TRIM59	1.04
MYBL1	3.99
MYBL2	1.615
PTPN11	-1.86
PANK1	-0.1
PANK3	0.615
PANK2	0.475
PANK4	-1.065
DAP3	0.09
MBNL1	2.125
MBNL2	-0.52
MBNL3	-0.62
GNL3	0.08
GNL2	1.61
GNL1	-0.58
CTTN	-0.805
SMARCB1	0.7
CASZ1	-0.735
PRR3	-0.24
TMEM39B	0.83
PRR5	0.92
PRR7	-0.485
	0.02
ST3GAL5	0.745
ZNF689	-0.6
FNIP1	0.715
FNIP2	-2.27
PSPH	-2.74
TMCO4	0.33
LIN37	-0.535
MMADHC	-3.035
WRAP73	0.69
C5orf24	1.605
ZNF354C	-0.58
ZMAT1	0.56
BUB1B	2.11
SNTG2	2.07
CDT1	1.3
CNKSR3	0.66
ZMAT2	-0.485
EXOG	-0.67
EIF1B	0.335
TASP1	-0.14
EIF1AX	-0.705
MPG	0.51
	-2.495
PIGB	0.5
NOM1	1.45
ELMSAN1	1.9
TPRA1	0.7
ITGB7	0.11
GORASP2	-1.87
TADA2B	-1.715
EXO1	0.645
EXO5	0.42
TSR1	0.725
MAP7D1	0.04
STK17B	-1.2
BSDC1	0.63
PIGK	1.02
PIGM	-0.32
MPI	-1.82
HSPA2	2.635
HSPA5	-1.59
HSPA4	0.46
HSPA9	-2.86
HSPA8	1.935
DYRK3	0.2
DNAJB12	-2.41
DNAJB11	0.155
DNAJB14	0.11
CAPRIN2	1.52
PLAA	-1.265
PARVG	-1.86
FAM83D	1.195
EMD	0.77
PIGW	-0.005
MIA3	0.495
MIA2	-0.28
FLT3	-0.85
MAGEH1	-2.055
PEG10	-0.225
TPD52L2	-1.24
HTRA2	0.18
TSNAX	0.795
KDM7A	-1.915
SNF8	-0.815
CYB561D1	0.11
ARID4B	0.045
KLHL11	-0.96
KLHL12	-0.65
KLHL13	2.0
KLHL14	0.06
RNASEH2C	0.755
RNASEH2B	0.09
KLHL18	0.8
BCLAF1	1.285
	-0.055
SCAF4	0.215
DDX5	2.845
DDX6	0.595
DDX1	1.56
SCAF8	-0.445
RBL1	1.22
RBL2	1.975
	1.26
ILK	1.05
FBXO34	-0.325
FBXO36	-0.72
CHTF8	2.055
FBXO31	-0.885
FBXO33	1.34
FAM136A	-1.89
RAF1	0.705
DNHD1	0.005
SYNCRIP	1.79
TPT1	0.205
MTF1	-0.43
FAM214A	-0.495
MTF2	2.0
SH2D3C	0.915
	-1.465
	-1.235
CXXC1	1.615
OPA3	-0.395
CXXC5	0.22
OPA1	-2.115
CD151	-3.33
VAV1	0.905
VAV2	0.85
LANCL2	-1.925
LANCL1	-2.655
	1.32
CENPO	1.905
CENPN	1.88
NR3C1	0.5
CENPL	0.74
CENPK	-1.245
CENPJ	-0.375
CENPI	1.305
CENPH	0.035
CENPF	0.565
CENPE	0.875
NOP2	3.61
AIP	-0.055
CENPA	0.28
GNE	-1.32
CKAP2	2.045
CENPV	-0.475
EPRS	-3.095
CENPT	0.535
	0.375
CENPQ	-0.855
CENPP	1.32
NHLRC3	0.56
NUDT9	0.895
LENG9	1.265
NUDT1	-1.745
NUDT2	0.805
NUDT3	-0.225
NUDT4	0.075
NUDT5	-0.27
NUDT6	-0.535
SMPD4	0.315
SMPD1	-0.035
SDK1	0.18
PPP2CB	0.435
IDH2	-0.785
IDH1	-2.435
YTHDF3	1.075
YTHDF2	0.88
YTHDF1	0.15
CCDC28A	0.11
SNRPB	-0.27
	-0.155
	0.57
SNRPF	-1.185
	0.42
	-0.385
	0.855
	-1.44
	0.925
	0.81
	-1.85
EME1	0.745
CBWD1	-1.86
EME2	0.23
POC1A	-0.215
POC1B	-0.84
ASNS	-2.25
ECSIT	-0.245
LIPT2	0.06
FBXW7	0.11
SUB1	-2.625
MYSM1	-1.295
ZNF235	-0.03
ZNF800	2.18
ZNF236	0.88
	0.91
MSN	3.49
ETNK1	1.17
TTC39B	-1.06
PTOV1	-1.605
	-1.78
	-1.76
LEO1	-0.96
DNMBP	0.56
SMARCE1	0.04
PTPN22	-2.115
PTPN23	1.13
SLC9A6	1.0
SLC9A7	1.61
SLC9A1	-0.45
SLC9A8	1.155
SLC9A9	0.04
AP3S2	0.87
EIF4E	-1.83
IFNGR1	-2.51
IFNGR2	-1.63
MS4A1	1.26
AKNA	-1.31
C16orf87	-0.68
PML	-0.205
NAB2	2.15
UBTF	2.15
MREG	0.11
FXR1	0.725
FXR2	1.245
	-1.22
	-0.03
PHF20L1	-1.22
MTFR1L	-1.24
HOOK2	-0.445
HOOK3	-0.87
	0.48
FCHO1	0.595
OSTF1	-0.97
RBM4B	-0.83
SRCAP	0.84
GLUD1	-0.245
SSU72	1.44
RBM41	0.495
RBM42	-1.065
RBM43	0.29
LARP4	1.525
RBM45	-0.61
RPS27L	-2.235
LARP7	0.855
RBM48	1.77
DPP8	0.89
DPP9	-0.25
PRIMPOL	-0.895
	-0.27
DPP3	-0.305
UIMC1	2.14
DPP7	0.46
NUB1	0.16
CEP57	2.98
CEP55	2.87
TMCC1	-1.7
COL4A3BP	0.48
HBP1	2.285
SLC39A8	0.89
SLC39A9	-1.265
MACROD1	-1.235
SLC39A1	0.035
SLC39A4	-2.895
	-0.95
SLC39A6	1.23
SLC39A7	-0.32
SUMF2	-1.065
SUMF1	-0.565
GLIPR2	-1.575
GLIPR1	-4.775
GYS1	0.34
SURF1	-0.805
SURF2	-0.55
SURF4	-1.555
SURF6	0.085
DDX58	-0.135
NIPAL3	1.18
BPGM	0.81
DDX52	0.77
DDX50	1.395
DDX51	1.72
DDX56	-0.805
CXorf38	-0.96
DDX54	0.95
DDX55	0.595
HNRNPA2B1	1.47
SIPA1L1	0.65
SIPA1L3	0.335
SIPA1L2	0.33
HEATR5B	-0.275
FUNDC2	-0.08
RAB11FIP3	-1.945
ANLN	1.78
HEXB	-0.505
	-1.285
DCAF7	0.265
DCAF6	-0.08
KNOP1	0.19
DCAF4	1.475
IQSEC1	-0.52
DCAF8	0.52
PDCD2L	-1.115
TRAFD1	0.21
RALGAPB	0.245
HOXB6	1.375
RAB9A	-0.92
CTR9	3.01
PCDHGC3	2.0
TDP2	0.485
ATP5A1	0.89
ARFGAP3	-1.33
THADA	0.16
STAT6	-0.09
STAT3	0.335
STAT2	1.01
STAT1	1.995
CEP250	1.39
SEPSECS	1.145
ZYG11B	-0.235
	0.13
LIN9	0.445
RUNDC3B	0.46
PALM	-1.55
UBE4B	-0.595
UBE4A	-0.78
HMX2	-0.08
TPRG1L	-0.455
PEX19	-1.59
TEX261	1.23
TEX264	-1.01
PEX10	-0.635
PEX13	-1.78
PEX12	-0.345
PEX14	-0.77
TUFM	-0.67
PEX16	0.22
BLOC1S6	0.065
BLOC1S5	-1.745
	-0.63
	1.88
BLOC1S1	-1.15
SBDS	0.855
CCNT1	0.945
SLC30A9	-0.07
CCNT2	-0.48
EIF3H	-0.485
EIF3I	-0.67
EIF3K	0.89
EIF3L	0.31
EIF3M	0.02
YPEL3	0.64
EIF3A	-0.41
EIF3B	-0.83
EIF3C	0.22
EIF3D	1.12
EIF3E	-0.85
EIF3F	-1.13
EIF3G	-0.56
SLC30A5	0.96
ADNP2	1.17
FANCD2	1.54
SLC30A7	-2.01
ERLIN1	-1.465
ERLIN2	-1.535
NOL11	1.76
TRIAP1	-1.81
YEATS2	-0.545
FXN	0.9
YEATS4	0.535
PITRM1	-2.355
TCF25	-0.095
TCF20	1.11
AKR7A2	1.2
FAM50A	2.27
BMP2K	-1.36
	-0.3
RERE	3.06
LPGAT1	-0.275
PHACTR4	0.79
PI4KB	1.145
PI4KA	-0.31
TUSC3	1.005
CRYZL1	-0.335
GRIPAP1	1.225
	1.02
ALDH18A1	-1.38
NUGGC	2.66
ELMOD3	-0.4
ELMOD2	0.22
CREBBP	-0.515
TMA16	1.175
	-1.025
NGLY1	0.615
SZT2	-0.275
SMN1	1.92
OIP5	1.775
PNPLA8	0.21
TPM3	-0.6
RFXAP	-0.775
SNAPIN	-0.365
E4F1	-0.15
PMPCB	-1.585
PMPCA	-0.33
DHCR7	0.07
EI24	-1.1
DYM	-1.09
FLRT2	-3.015
SSB	1.155
	0.395
INTS12	-0.595
	-1.02
INTS10	-0.33
TAF6L	-0.21
	-1.25
CRELD2	-0.395
ADAR	1.63
CRELD1	-0.29
CAT	-1.29
LY75	-0.41
EXOSC8	0.005
EXOSC9	-0.935
ADAL	-0.03
EXOSC2	0.135
EXOSC3	-0.655
EXOSC1	-1.01
EXOSC6	0.61
SIGMAR1	-1.035
EXOSC4	0.325
CAD	0.185
ZNF566	0.82
ZNF563	0.11
MZB1	-1.3
	0.37
ANO10	-2.9
FAM216A	-1.185
RNF220	-0.385
TCAIM	0.62
RALBP1	-0.265
RSRC1	-1.465
	-0.56
SYAP1	-0.045
PIAS2	-0.03
PIAS3	0.01
PIAS1	2.365
PIAS4	0.66
TMEM87B	0.02
TMEM87A	1.475
IRF2BP2	-1.815
	1.94
ITGB3BP	-0.73
TK1	0.305
MEX3B	0.22
ZC3HC1	-3.03
CDKAL1	-0.285
MRRF	-0.57
PPP4C	1.795
	1.365
RNF113A	1.23
CHCHD1	-0.375
COMMD8	-1.795
COMMD9	-0.485
PPP1CB	-0.82
PPP1CA	-0.105
COMMD2	-0.03
COMMD3	-1.395
COMMD1	-1.96
	-0.085
SUSD4	-0.72
COMMD4	1.44
COMMD5	-0.56
CNBP	-0.825
TKT	0.535
NLK	0.475
NLN	-0.42
ELAC1	-0.705
HAUS8	-2.045
HAUS6	-0.65
HAUS7	-0.73
HAUS4	-0.83
HAUS5	0.705
HAUS2	-1.42
HAUS3	1.35
APOOL	-0.175
HAUS1	1.615
ZBTB7A	0.64
MYL6B	-0.71
ATXN2L	-0.075
	2.26
ZBTB7B	-0.4
CHMP4B	-1.06
NHSL1	-2.01
ELMO1	1.53
RPP25L	0.455
EMC9	0.36
EMC8	-0.485
ELMO2	0.185
NDEL1	-0.57
EMC3	-2.29
EMC2	-2.745
C12orf43	1.3
METTL16	-0.02
METTL17	-0.935
METTL14	0.83
EMC4	-1.635
DPAGT1	0.9
	0.11
	0.99
AGPS	-1.5
DEDD2	0.475
INPPL1	2.18
SPINT2	-0.565
TBC1D10C	0.67
MAGT1	0.405
FKRP	-0.415
ZNF821	0.945
ATG10	1.68
ATG12	0.52
ATG13	-0.485
NFIL3	0.49
DAPK3	-0.055
NADK	-1.505
UGDH	-0.795
NKRF	0.645
DOK1	0.01
AP4E1	0.155
EIF4A3	0.895
EIF4A2	-0.095
PHYKPL	-0.75
POR	0.155
CASC3	1.315
PPOX	-0.17
HNRNPH1	-1.585
LUZP1	0.7
HNRNPH3	-0.005
HNRNPH2	3.085
LASP1	0.515
PAWR	-0.875
TAOK1	-0.51
TAOK2	1.11
TAOK3	-1.32
CYP4F2	-2.08
AXIN1	0.235
CYP4F3	-1.4
WBP11	0.645
ZNF770	-0.03
ZNF771	-1.335
ZNF777	-0.285
CPT1A	2.81
RAB21	-0.96
MTMR14	1.315
RAB24	-0.325
MTMR12	1.375
RAB26	-1.03
RAB28	-0.635
GGCT	0.15
CNTNAP1	-1.495
MFN2	0.465
MFN1	-2.94
	1.01
STEAP3	-0.76
BZW1	0.06
BZW2	1.51
CSF2RA	-0.18
SEC23A	0.34
SEC23B	-0.77
CROCC	1.07
	-0.685
WBP1L	-1.21
GABPB2	1.295
MFNG	-0.95
HSPH1	0.51
IMPDH1	-1.46
	1.43
PELP1	-0.77
NPC2	-1.04
NPC1	-1.95
WHAMM	-0.91
JADE3	1.505
JADE2	1.505
JADE1	1.155
TXNDC16	-0.305
MFSD2A	-2.47
TEF	-1.15
	-1.645
TRIM23	1.015
APIP	-0.45
ITPKB	1.805
NOC2L	-1.625
TIMELESS	0.94
	0.805
DDX19A	0.52
ZMIZ1	1.725
API5	0.72
AAMDC	-0.61
C7orf25	-0.165
MFSD11	0.02
MFSD10	0.035
CEP76	-1.6
MFSD12	-0.015
CEP70	0.86
CEP72	-0.305
CEP78	1.3
PPCDC	0.41
VMP1	-2.065
ACADS	-0.53
PCTP	0.215
ACADL	-1.43
EEF1E1	-1.89
TRIM11	-0.15
TRIM14	1.13
SMAD4	-0.615
SMAD5	1.165
SGK1	0.65
ATP6AP1	0.4
SMAD1	0.69
SMAD2	0.78
SMAD3	-0.475
TBC1D9B	0.81
JUP	-0.795
FOXM1	2.61
GDF15	-0.46
ATP6V0B	-1.55
BCS1L	1.875
ARVCF	-0.03
ACAD8	-0.72
ACAD9	-1.54
SLC48A1	-0.75
MPRIP	0.435
	-1.045
COX8A	-1.615
ARNTL	-1.48
DOLPP1	-0.02
CTPS1	-0.17
NUP62	0.79
RNPS1	-0.12
ELOVL6	0.34
ELOVL7	0.64
ELOVL4	-0.725
ELOVL5	-1.395
ELOVL1	-0.23
UBE2K	0.79
UBE2M	-1.805
UBE2O	-2.07
UBE2A	-0.865
UBE2C	-0.135
UBE2B	-0.62
UBE2F	0.06
UBE2Z	0.605
KBTBD11	-1.81
BRDT	-3.43
UBE2S	-0.53
UBE2T	0.87
UBE2W	-0.73
GSTT2	-2.3
LIN7C	-0.095
ACADVL	-1.48
TOPBP1	2.745
UTP14A	1.46
TUBA1C	1.12
TUBA1B	1.72
TUBA1A	-0.025
UTP14C	-0.84
DCAF13	-0.315
DCAF12	2.43
DCAF11	-0.95
SRBD1	1.135
DCAF17	0.415
DCAF15	0.63
HIST2H4B	1.155
SBF1	0.23
SBF2	-3.015
BRD8	2.61
BRD9	0.715
	0.745
BRD7	-0.06
BRD1	-0.56
BRD2	1.145
BRD3	-0.25
POLR2D	-0.245
ELOF1	-1.215
PPRC1	-1.39
MCMBP	0.785
CYP2U1	1.32
SMDT1	-1.83
TBPL1	-0.855
C6orf136	-0.65
TTC21B	-0.06
RSBN1	-0.415
	2.07
HSPE1	-2.59
PHF20	2.415
PHF23	1.355
FAS	-0.345
KDM2A	1.26
FAH	-0.18
DIABLO	-0.78
ULK3	-1.485
OGDH	0.75
ULK1	-0.8
MPZL1	0.34
VEZF1	0.455
AARS2	0.595
SLC26A11	-1.03
JOSD2	-0.775
MAGED1	-0.85
MAGED2	-0.86
SHOX2	0.11
EFCAB7	1.37
MAU2	-0.07
C15orf61	-0.085
KDM2B	-1.21
	0.08
FOXP4	-1.35
RBM27	0.56
HIP1	-1.08
ZER1	-0.725
DUS4L	1.93
ISY1-RAB43	-0.93
SKIL	0.725
PAPLN	0.69
RAB7A	-0.49
CD81	0.405
CD80	-2.195
CD82	-3.225
SLC44A2	-1.495
CCS	0.44
CD86	0.4
RPRD1A	-1.395
TAF4B	-1.445
RPRD1B	-0.65
WDR53	1.71
PFDN1	-1.425
ZC3H8	0.62
PFDN2	-1.31
PFDN5	0.315
PFDN4	-0.995
PITHD1	-0.145
	-0.095
ZC3H4	2.195
DYNLT3	0.64
C19orf53	0.85
PIH1D1	0.645
FETUB	-3.09
EPS15L1	0.79
PTS	-0.6
HMBS	-0.33
KDSR	-1.455
RWDD1	0.725
GTSE1	2.17
EPN1	1.35
EPN2	1.505
ECHS1	-0.45
GABPB1	0.52
RWDD2B	-0.635
C10orf71	1.96
LATS2	-0.665
LATS1	-0.535
RANBP9	1.32
MMS19	-1.36
TAGLN2	0.71
RANBP6	0.18
RANBP1	-0.82
TBC1D10B	-0.395
TBC1D10A	1.17
	1.255
PHAX	-0.87
ABRACL	0.01
IKBKB	-0.865
PPP6C	-0.41
IKBKG	0.145
ZNF613	0.535
	-0.565
SAMHD1	-1.37
FAM118A	-0.9
TXNDC17	-1.01
TEC	2.25
TXNDC11	-0.03
HPRT1	0.7
TXNDC12	-0.98
FHL3	1.09
NBN	1.59
TES	0.29
DUS2	-1.305
	0.73
PSMD14	0.13
UAP1	0.305
PSMD11	-0.07
PSMD10	0.865
PSMD13	0.015
PSMD12	-0.17
HIST1H4F	0.185
HIST2H4A	-1.25
IL9R	-3.645
TMEM14C	0.705
HIST1H4J	4.04
HIST1H4A	1.49
HIST1H4H	0.67
HIST1H4K	-0.445
HIST4H4	0.89
HIST1H4I	2.405
HIST1H4L	-1.06
RSL1D1	0.295
KIF20A	1.605
CSPP1	1.115
CNTROB	0.685
DECR2	-1.8
CEP350	2.365
	0.35
BMP1	-1.135
RXRB	0.94
TMEM147	-1.95
TMEM143	-0.31
CHST1	0.725
RFT1	0.865
CHST3	2.72
CHST7	0.46
