CERS6	-0.19
PLEKHG3	-0.02
CERS4	2.29
CERS5	0.97
HSPBAP1	-0.76
PLEKHG5	-3.03
NSA2	0.25
ZNF846	-1.1
NAMPT	-1.75
EIF2AK4	-0.85
RFX1	2.94
MAN2A1	1.45
BCKDK	-2.63
CERS2	-2.7
MIER1	-1.61
MIER2	0.63
MIER3	-1.41
CNPPD1	3.03
	-1.23
RABIF	-0.89
DAG1	1.81
MYADM	-2.31
EXOSC10	1.89
CEBPB	-0.36
ACVR1	-0.07
ERICH1	0.98
	0.59
CEBPZ	-0.96
ZNF710	-1.06
RBM8A	-0.25
ZNF175	-1.82
EDRF1	-0.46
MLLT6	-0.16
	-0.76
MLLT1	0.99
RTF1	-0.62
KIAA0355	-1.31
PRAMEF8	0.57
NOSIP	0.6
SNRPD3	-1.16
BTG2	1.79
SNRPD1	1.21
C12orf43	1.18
ZSWIM4	1.61
ZSWIM5	-2.04
PIF1	1.23
ZSWIM7	-0.8
ZSWIM1	-1.57
NUPL2	1.15
ZSWIM3	-0.34
NDRG1	-0.74
NDRG2	-1.08
NDRG3	-0.8
NDRG4	-0.69
NPAT	-0.73
TTC30A	0.26
HM13	4.0
GGA1	-1.5
GGA3	1.28
GGA2	0.34
	0.28
ZSCAN10	1.11
ZSCAN12	1.12
INHBB	3.42
MPLKIP	-2.16
LRIF1	0.2
ARHGEF28	-1.09
HSF2	1.59
FAM104A	-0.06
KIAA0368	6.18
TRNT1	3.15
ITM2B	2.31
PORCN	-0.21
TEX9	-1.88
RALGPS2	-1.48
B3GNTL1	0.09
MKL1	0.15
MKL2	0.62
TEX2	-2.74
LTA4H	1.82
LMNA	6.55
MOCS2	0.37
SUPT16H	3.38
CMAS	-1.55
UBFD1	-0.63
MCL1	-2.54
PTTG1	0.62
PREPL	-0.19
GPR180	0.93
SASS6	-0.04
SLC27A4	0.22
SLC27A1	0.79
SLC27A3	2.15
SLC27A2	-1.12
IMP3	0.15
HMGXB3	1.28
HMGXB4	0.5
IMP4	-0.71
DBN1	0.23
DAZ2	-1.74
TCOF1	-1.38
TRIM33	-1.2
TRIM32	-0.4
TRIM37	0.05
TRIM35	4.55
FOXO3	1.75
FOXO1	1.79
DLAT	-1.98
CIRBP	-0.23
THAP11	0.45
BTAF1	0.23
DBNL	-0.5
FAM114A2	-2.03
ALDOA	-1.34
ALDOC	-0.43
	-1.67
NUP43	1.35
NSFL1C	1.12
USP8	-0.15
IFITM3	0.25
XPR1	0.18
USP1	-0.36
USP3	1.59
USP4	0.36
USP5	0.18
USP7	-2.44
ZNF691	-0.47
MIS12	-1.45
NR1D2	2.26
TPRKB	0.77
FARS2	1.15
RPL37	-1.26
	-0.78
FAM13B	0.79
BCAS2	-0.81
BCAS3	-2.78
NAF1	3.35
	-2.02
	-1.92
MTHFR	0.29
TPP1	0.4
TPP2	-0.46
	-0.12
SFMBT1	1.94
SFMBT2	-2.55
ZZEF1	0.5
HIST1H2BD	-1.13
BRF2	1.84
CEBPG	-1.44
BRF1	-0.29
SETX	-5.63
FUCA1	-0.14
FUCA2	0.68
MLYCD	0.63
HIST1H4B	1.37
FARSB	2.53
FARSA	3.21
UAP1L1	-1.85
CYP2S1	-2.34
LIN54	0.18
NCOR2	-0.4
NCOR1	-2.5
NKIRAS2	-1.65
MAGOHB	2.17
NKIRAS1	1.63
	-0.27
PPME1	-0.71
RBMXL2	-1.72
PCOLCE	2.58
FLNA	2.51
FLNB	4.37
FLNC	-0.89
CEP164	-0.47
	-0.21
	1.19
	-0.97
LRRIQ4	0.3
TGM1	5.06
TGM2	3.08
CNNM2	0.4
MCM3AP	-0.44
TINF2	1.7
HNRNPH2	1.47
ZKSCAN3	-0.41
SLC4A11	-0.23
POU5F1	-1.61
	-0.44
RALY	-3.03
POLD1	-1.74
POLD2	-0.5
POLD3	1.81
DUT	0.14
RALB	-0.85
RALA	-1.87
HDAC1	-0.2
HDAC3	-1.83
HDAC2	-0.73
HDAC5	-0.81
HDAC4	2.78
ITCH	-0.5
HDAC6	-1.7
HDAC8	0.68
GSTCD	0.17
GZF1	-1.19
GMPS	-0.1
EPAS1	2.74
KARS	3.5
C20orf194	-1.44
UPF3B	-0.7
UPF3A	-0.18
STRN	0.86
PNLDC1	-1.35
NACC1	1.82
	1.63
CLCN3	1.46
CLCN2	-1.34
CLCN7	-1.03
CLCN6	-2.35
CLCN5	1.8
H2AFV	-3.92
MBTD1	-2.05
H2AFX	0.4
H2AFY	-0.67
H2AFJ	4.07
BANP	3.52
CNN3	-1.5
CNN2	-2.16
HADHA	0.04
ARC	0.89
MGMT	1.75
CIZ1	0.5
FGF17	3.25
FGF19	1.26
ASL	-0.76
IKBIP	1.76
SKP1	-2.0
ANGEL2	0.13
ANGEL1	-1.5
SNRPD2	-0.95
	0.41
PRSS41	1.96
BABAM1	1.6
PHC3	0.09
SEC16A	-1.42
PEG3	-0.23
CCDC91	1.59
ZWINT	-1.52
GOLT1B	-3.19
	-0.06
CSNK2A2	1.03
CSNK2A1	-0.05
	-1.98
ZSWIM6	-0.7
TERF2IP	0.92
RNF6	-1.47
VPS37A	-2.55
RNF2	-0.16
NET1	0.21
NUPL1	2.09
RECQL5	0.99
RECQL4	-0.6
	-0.08
GCNT2	0.6
NAIF1	0.52
MARK4	0.18
MARK2	-0.75
MARK3	-1.09
SLC12A9	-0.26
STRIP1	-0.14
NMD3	-1.13
ZSWIM8	3.53
EXTL2	1.05
EXTL3	2.06
TVP23B	-0.77
MAK16	2.06
TMEM160	-2.05
TMEM165	-2.56
TMEM167A	-3.54
TMEM168	-0.17
MRPS35	-0.53
TBC1D8	-0.53
C12orf10	2.5
TBC1D1	0.4
TBC1D2	1.57
DEAF1	1.34
TBC1D5	2.92
TBC1D7	1.97
	-2.52
HNRNPDL	-0.32
RYR1	0.36
	-1.71
SLC4A7	2.7
ITGAV	0.33
XPNPEP1	-0.49
C18orf32	-2.35
SAE1	-0.36
CAPRIN1	-1.32
ATE1	0.34
GTF2E1	-0.62
GTF2E2	2.21
EIF4E2	-0.36
AKIRIN2	-2.02
AKIRIN1	-2.48
AP3M1	-0.45
ITGA9	-3.23
SGK1	2.8
NOP56	2.0
ITGA5	1.96
ITGA6	0.34
CUL1	0.34
ZNF865	1.17
SARNP	1.86
UNC119	-0.62
FLII	0.85
	-0.31
ZNF91	2.18
C14orf119	1.43
TPCN1	-2.06
	-0.52
SNRPB2	-0.1
	2.27
LTBP1	-0.76
	0.36
HBEGF	1.75
CALR	0.94
M6PR	-1.42
NDUFS1	-0.74
ZNF205	-1.56
SULF1	1.38
R3HCC1L	-0.3
FLOT2	-0.12
NDUFS2	-0.7
SPARC	1.77
SECISBP2	-1.73
NDUFS3	0.29
CTDSPL2	-0.34
CACNA1A	0.78
IMPAD1	-2.83
CMC1	-0.06
CMC2	1.19
GCSH	-1.04
ABI1	0.01
DOPEY2	-1.96
DOPEY1	-0.47
SHROOM3	-1.05
SHROOM2	0.05
	2.91
XRN1	0.61
XRN2	-0.5
ARHGAP5	-1.38
POT1	0.8
ARHGAP1	0.99
AP5Z1	-0.72
FEM1B	0.54
DYNLRB1	-0.92
KDM4C	-1.05
TDRKH	-1.56
TIPARP	2.13
DYNC1LI1	0.37
DYNC1LI2	1.68
PHB	0.06
UTP6	-1.3
ATIC	0.16
UTP3	-1.92
MTCH2	-0.45
MTCH1	-1.05
ANKRD27	-0.61
ANKRD26	-0.16
	-0.95
CNOT8	-2.22
TIAL1	-1.02
CNOT3	-0.75
CNOT2	0.22
CNOT1	2.47
CNOT7	-0.42
CNOT6	-2.42
ANKRD28	1.46
SARS2	0.16
IFT172	2.37
UVRAG	-1.86
CLDN6	-0.57
LGR4	-1.93
NCAN	1.73
SYNGR1	-1.4
TTF2	-1.26
	0.45
TTYH1	-1.9
TTYH2	-1.9
GRASP	1.8
HLTF	-0.47
FBXL20	0.44
EPDR1	2.52
ZNF292	0.28
IGSF8	-1.01
ZNF296	-1.57
IGSF3	0.99
CSNK1D	-0.53
CSNK1E	1.21
ALDH16A1	-0.74
C7orf26	-1.0
DLC1	-0.27
COPRS	1.11
	-1.09
SYNRG	-0.59
U2SURP	-0.22
RPL14	-2.17
C19orf52	0.16
	1.76
RPL18	-0.19
OGFOD1	1.89
OGFOD3	-1.07
LNPEP	-1.43
KLF13	-0.24
GSS	-0.63
GSR	2.76
CLTC	0.87
PATL2	0.37
PATL1	0.67
NUDT19	-1.79
PALM3	4.98
HK2	8.05
HK1	-0.76
MOB3A	-1.51
SOD2	-1.73
GRHL2	0.22
SOD1	-1.2
C9orf40	-0.66
LSG1	1.12
	-0.46
PMS1	1.12
PMS2	-0.4
GNAS	3.74
CSTF2T	-1.25
INSR	3.53
IVNS1ABP	-2.64
UQCRC1	0.62
DMXL2	-2.21
DMXL1	-1.92
BCL2L13	1.75
BCL2L12	1.62
NFATC2IP	-3.68
EED	-1.38
IFRD2	-0.48
TPRN	-0.5
CHGA	-0.17
KDM6A	-1.0
C7orf50	1.87
XPO7	2.43
NAPA	0.74
CLYBL	3.89
ID2	4.63
ID3	0.09
PGM1	2.13
CAMKV	-1.47
CHAF1A	0.36
CHAF1B	-1.79
HMG20A	2.25
RMND5B	-0.83
RRNAD1	0.52
CGN	0.18
TPD52	-1.52
WWC2	1.14
WWC1	-0.14
CHTF18	-1.39
KDM6B	2.14
TRUB1	-0.08
TRUB2	-0.3
ZNF507	-0.97
AMMECR1	0.04
IDE	0.81
	-0.08
PXK	3.55
PXN	1.36
WDFY3	-2.14
ACY1	-0.14
QRSL1	0.98
HARBI1	-0.32
XRCC6BP1	-0.72
HS1BP3	1.17
MED30	-2.15
MED31	-0.91
SPRYD3	1.72
SPRYD4	2.52
NF2	-2.83
NF1	0.02
	0.64
AQR	-0.23
NSMCE2	1.32
EPS15	-0.16
PTPRU	0.71
PTPRS	0.68
PTPRG	1.81
PTPRF	4.36
TXN	-0.95
PTPRA	0.48
AACS	-0.87
PTPRK	0.88
PTPRJ	0.99
RASA2	1.4
RASA3	0.9
PPHLN1	-1.28
KIF16B	1.66
SIX4	0.58
DHODH	2.37
NPHP3	0.24
NPHP4	-1.84
EVPL	1.05
FAM172A	2.39
MAP3K3	-1.7
MAP3K1	0.32
	-0.02
MAP3K4	0.25
MAP3K5	0.23
BASP1	-2.01
FIZ1	1.65
ABCA1	4.23
CHAMP1	4.68
FAM32A	-0.17
ZBTB1	0.86
PDCL3	0.77
	-1.64
ZBTB9	-1.14
RFX7	1.2
TIMM9	1.4
RFX2	-1.01
RFX3	0.66
APOPT1	-1.01
TMEM109	1.97
TMEM102	0.18
TMEM101	-0.49
MYD88	-1.29
BORA	0.87
TMEM104	-0.42
ASPSCR1	-1.72
IFT52	0.89
IFT57	-1.38
NKTR	-2.2
ETV3	0.53
ETV5	0.42
ETV4	2.5
ETV6	1.41
SH3BP4	0.32
POP1	0.17
SNX29	-1.39
POP7	0.1
SH3BP1	-0.66
POP5	1.36
SERBP1	3.45
EIF4G3	3.22
EIF4G2	0.18
EIF4G1	1.68
GDE1	-1.0
STK4	-1.56
GLUL	2.8
APEX2	0.62
AKAP12	-0.11
AKAP13	-0.61
AKAP10	0.04
AKAP11	2.3
BSPRY	-0.07
TMC6	-1.8
TMC8	-0.44
SNAP47	-0.21
ANXA11	0.05
EFHD2	1.58
MLF2	-2.21
NTAN1	-1.75
	-1.56
TCN2	-0.72
HERC1	0.71
HERC3	1.73
HERC2	-0.24
HERC4	-2.38
HEATR5B	0.62
ZCCHC11	1.23
	-0.59
ZCCHC17	-0.82
ZCCHC14	0.47
PCID2	2.48
ZFYVE9	1.75
ALKBH7	-0.88
SORT1	1.3
ZFYVE1	-1.25
DNAJA2	1.81
DNAJA3	0.13
DNAJA1	-2.13
PSMA3	0.75
	1.02
WDR26	-1.02
WDR24	-0.36
WDR25	1.19
WDR20	0.99
KIF11	-1.22
ACER3	0.16
APOD	1.16
APOE	0.27
SMIM7	0.08
LRBA	2.08
RAD21	1.24
SMIM8	0.31
TRIT1	0.0
RECQL	0.58
LACTB2	-1.34
CCSER2	0.93
	-1.03
ZFP37	-0.88
SRP14	-1.72
STARD3	-0.42
SRP19	-1.79
STARD7	-2.96
STARD4	0.75
STARD5	0.09
FOXO4	1.84
CDK5RAP2	0.84
CDK5RAP3	2.09
CDK5RAP1	1.33
PBX2	0.56
ACAA1	0.62
DOCK9	-0.44
DOCK1	0.33
DOCK6	0.56
DOCK7	1.31
DOCK4	-0.73
DOCK5	-0.5
LPCAT4	-0.69
LPCAT3	-0.41
LPCAT1	-2.31
ZKSCAN5	-1.14
DLD	0.68
ZNF18	0.63
MOB2	-0.56
RNF25	0.67
RNF20	0.23
HSD17B12	-1.49
ZNF317	-0.95
HSD17B10	0.82
HSD17B11	1.99
FOXK2	1.25
FOXK1	1.72
DYNC2H1	-0.44
ZNF318	0.55
PRR14L	-0.17
PHLDA3	2.5
RNF126	-1.41
RNF123	-1.11
RNF121	-1.14
TBC1D31	0.35
KATNA1	-0.88
TFRC	-1.55
PPTC7	1.22
	-2.6
	0.38
KCTD5	0.16
ZNF275	0.38
DHX57	-0.18
KCTD9	1.78
GNB1L	1.89
NUP214	-0.71
MINOS1	0.33
NUP210	2.94
PIP4K2C	-0.47
PIP4K2B	-3.29
ATP5C1	-0.92
	1.09
SLC23A2	-1.01
TRDMT1	-0.3
BBX	1.0
	-0.26
DUSP19	-0.15
TFB1M	-0.8
DUSP16	1.14
DUSP11	2.38
DUSP12	-0.95
MYH10	2.81
SGPL1	-2.11
RPL7A	1.78
MYH14	-0.18
RAPH1	-1.64
KBTBD4	0.04
C17orf80	-0.97
NUFIP2	-1.63
NUFIP1	1.2
GPS1	-1.04
GPS2	0.31
PFKFB1	0.34
CAMTA1	-0.32
MOB1A	4.06
SLC20A2	2.11
SLC20A1	0.43
TFCP2L1	-3.99
FSTL1	-2.06
TM9SF4	1.0
SCNM1	-0.5
TM9SF1	2.82
TM9SF3	-0.2
BLCAP	-0.12
ZIK1	0.43
LGALS1	1.69
CADM1	-0.65
CEP128	0.44
ECD	3.24
RP9	-1.86
CEP120	0.51
ATAD3A	-0.62
PLK1	-2.01
PLK3	0.66
PLK2	1.77
PLK5	-0.73
PLK4	-2.12
CDC42EP4	1.62
AKT1S1	0.16
SPTBN4	0.88
SPTBN2	-1.32
SPTBN1	-0.57
DCK	-0.01
NEMF	0.91
	1.81
PDLIM5	-1.63
PDLIM7	0.12
PDLIM1	-2.27
PPFIBP1	0.4
PPFIBP2	-0.7
HSF2BP	0.81
GPAA1	-2.22
FOPNL	0.48
	-0.65
SKI	2.16
OCRL	-0.85
PNRC1	-2.05
PNRC2	-0.84
PAICS	0.16
DDR1	-2.52
PCSK6	1.24
SPTLC2	-2.08
SPTLC1	-1.92
FAM192A	1.46
TARDBP	1.58
ZZZ3	-0.55
CDK2AP2	-0.82
ADI1	-0.89
PCSK1N	-5.11
	-1.12
RPS15A	-0.29
PDK1	-0.54
PDK3	-0.72
TRIML2	4.27
PDK4	1.05
TRIML1	2.06
DSG2	0.3
RPRD2	1.64
GRPEL1	-1.62
GRPEL2	1.46
C5orf22	-1.87
PHKA1	0.07
PRKRIR	0.1
NR1D1	0.88
PECR	0.22
PTGR1	0.47
PTGR2	0.84
NRD1	-2.35
GOLGA2	-0.42
GOLGA3	-1.03
GOLGA4	-2.11
GOLGA5	-1.97
MED7	-0.53
LMNB2	1.18
LMNB1	0.96
NDN	-1.11
RING1	1.0
NME7	0.09
	-3.06
CISD2	0.55
CISD3	-0.44
AAAS	1.87
CISD1	-1.4
FAM49A	0.52
MANBA	-4.05
FAM49B	-2.34
RBFA	1.38
	0.03
SWT1	-0.25
MED10	-2.25
CSTB	-1.73
MED12	0.32
MED13	-1.07
MED14	1.39
	-0.3
MED16	0.61
MED17	-0.2
MED18	2.08
MED19	1.33
SRFBP1	0.08
BOP1	0.62
ECE2	-0.6
ECE1	0.76
VPS13D	-1.7
VPS13A	1.45
SOGA1	2.95
VPS13B	2.15
RPTOR	-0.28
GJA1	-1.21
ALPK3	-1.22
KIF18A	-0.4
KIF18B	0.1
SGMS1	-0.93
LRRC34	-3.08
PKMYT1	0.64
PRKAA1	0.62
ABCC4	2.99
ABCC5	-0.25
ABCC1	-0.96
TMEM127	0.72
DESI2	0.07
DESI1	-1.45
WIPI2	-0.59
PUSL1	-0.05
TACO1	-0.59
NUDCD2	0.44
NUDCD3	0.84
NUDCD1	-1.31
IFT74	-2.04
PREB	-0.17
IGFBP2	-7.16
IGFBP3	-1.25
PREP	-1.47
L2HGDH	-2.14
POFUT2	-0.28
PTK2B	1.55
SLC25A26	1.05
POFUT1	0.59
MEMO1	-0.73
BRIX1	-0.52
AP4M1	0.6
HVCN1	1.36
SSX2IP	0.21
C1D	-1.36
NOP10	0.37
SNW1	1.08
NOP14	0.64
NOP16	1.71
ATG9A	0.59
EFCAB14	-1.41
OCIAD1	-0.08
CCDC88A	-0.27
CCDC88C	1.7
PLEKHM1	0.51
PLEKHM3	-2.2
EYA3	-0.31
CDC45	-0.38
NCKAP5L	0.0
NT5DC2	3.42
CDC40	-0.89
NT5DC1	-0.65
SMC2	-1.13
PSAP	-2.3
MON2	-1.01
MB21D2	0.3
BLVRB	-0.31
TRIP6	2.68
TRIP4	-1.51
TAF8	-0.53
UBQLN2	0.95
C16orf62	1.05
UBQLN1	1.33
MLH3	0.31
MLH1	1.4
LTN1	0.31
GTF2A1	0.06
GTF2A2	0.1
FAM64A	0.17
	-0.34
ELAVL1	0.88
ELAVL2	-3.41
	-1.09
CYB5B	1.36
ABCD1	-0.58
MDH2	-1.13
MDH1	1.05
DDIT4	1.17
DIS3L	3.08
PACSIN2	-0.62
DNAJC8	-0.67
DNAJC9	1.91
DNAJC5	-0.54
DNAJC6	-0.37
DNAJC7	-1.39
DNAJC1	-0.07
DNAJC2	0.49
DNAJC3	0.84
GPN3	-0.53
GPN2	0.06
GPN1	-0.58
MYC	3.67
ROGDI	-0.59
PXDN	0.61
DAAM1	-0.74
RNASEH1	-0.92
	-0.65
ZNF761	0.49
ZFP57	0.59
PCIF1	0.96
	0.24
SRP72	0.37
DUS1L	-2.59
NTMT1	-0.43
GTF2B	-1.82
GTF2I	-0.54
NBAS	0.84
ZYX	2.53
LUC7L2	-1.4
JAKMIP1	-0.17
CCDC90B	0.09
PLCD3	1.94
PLCD1	-1.46
NFU1	3.36
SEC13	-0.5
KRR1	1.75
ZNF330	1.19
JMY	-0.79
ZNF334	-0.78
ZNF335	-0.77
RNF149	-1.34
SUZ12	-3.64
RNF145	-0.79
RNF146	-1.15
RPP38	1.55
CHMP4B	-3.43
CHMP4C	-2.06
TBC1D19	-1.33
TFPI	-3.49
TBC1D13	-0.08
TBC1D17	1.01
TBC1D14	0.46
TBC1D15	-1.02
DLG1	-0.97
DLG3	-0.86
DLG5	1.46
SUPT7L	0.89
LTV1	-1.58
ODF2	-0.97
FASTKD5	-0.75
FASTKD2	-0.68
FASTKD3	-0.46
FASTKD1	-0.27
UBE3D	-1.4
SLC45A4	-1.97
GBA	1.91
PSPC1	-2.27
TRMT10A	0.3
TRMT10C	-0.92
TRMT10B	0.05
IGDCC4	1.2
ZRANB1	1.08
ZRANB3	-0.54
HCFC1R1	-0.98
CAPN10	0.55
EFR3A	-3.68
CRNKL1	-0.19
SUB1	-1.7
FNBP1	-1.1
FNBP4	0.35
POU4F2	3.29
SWI5	1.35
RBBP9	-0.83
RBBP8	-2.35
RBBP7	0.69
RBBP6	0.04
RBBP5	-0.37
RBBP4	-0.14
HSD3B7	2.63
CEP104	-0.55
TOB1	1.12
TOB2	0.09
MRPL4	-1.18
NEO1	2.9
MRPL2	-2.51
MRPL3	-0.5
MRPL1	-0.37
MAD2L1BP	0.08
NOA1	-1.28
LMTK2	-0.04
XIAP	-0.82
RNF41	-0.66
	-0.63
M1AP	0.29
NOTUM	-4.68
RABAC1	-3.13
MSRB1	-1.03
C1orf112	-0.38
EVI5	0.38
ZNF385A	-0.16
CHKA	-0.37
CHKB	-0.55
HLCS	0.24
TSFM	1.17
	-3.09
CNNM3	0.99
AFTPH	0.22
BCDIN3D	0.18
DIEXF	0.05
CHCHD10	-0.66
DSE	-0.64
	1.8
CNNM4	1.05
PDHA1	-0.86
SKAP2	4.5
KIAA0100	0.41
KDM5B	-3.37
CAPG	7.35
DYNLL1	-3.09
TFAP4	0.72
PRKAB1	2.04
REPS1	0.54
WWOX	0.58
USP49	1.09
INTS3	-0.96
INTS2	1.13
INTS1	1.38
INTS7	-0.07
INTS6	0.91
INTS5	0.38
INTS4	0.6
INTS9	2.29
INTS8	0.49
ADAT1	2.26
CAP1	-0.05
WHSC1L1	2.34
ADAT2	0.21
RNF185	-1.5
FGFR1OP	-0.39
UBXN2B	-1.77
PAPD4	0.66
PAPD5	0.59
ATP2B1	-0.71
USP47	0.49
USP46	-1.26
MTSS1L	-0.38
AUH	-1.09
CCDC34	-1.14
	0.31
JKAMP	-0.67
HIF1A	-2.05
PHYH	1.18
GINS2	2.37
GINS3	2.1
GINS1	-0.82
GINS4	-0.74
	1.35
C17orf96	-2.15
LACE1	2.91
MDK	1.23
COQ6	-0.65
CCDC61	-1.07
ASNA1	2.44
COQ3	-0.46
ILF2	-0.76
DACT2	0.34
GALK1	-1.11
GALK2	0.11
AMBRA1	-0.33
RBMX2	-1.08
ADPRH	-1.69
ADPRM	0.42
MRPS9	0.75
MRPS7	-0.9
MRPS6	1.23
MRPS5	-1.33
MRPS2	-1.41
GJC1	-4.22
AASDH	1.26
MGARP	-0.21
LRWD1	-2.44
TULP3	1.61
SLC12A4	3.6
SLC12A7	-2.03
LPL	-2.82
JAGN1	-0.28
RLN3	1.96
CWC27	-0.14
ABCE1	2.04
CWC22	0.68
FEM1C	-0.26
	0.12
CRY2	0.89
MED1	0.54
VCPIP1	0.73
ATP6V1C1	-1.81
NUS1	-1.63
BEX4	2.59
	-2.69
BEX1	0.94
	-0.92
PCGF6	0.11
PRCC	-2.7
DHX30	-0.25
NANS	-1.01
PRCP	-1.04
BEND4	-0.8
GOSR1	0.96
BEND3	0.81
DHX34	-0.35
DARS2	-0.28
LRRC57	-0.37
LRRC58	-0.82
LRRC59	-0.16
HCCS	-1.78
SLC11A2	-0.24
ISY1-RAB43	0.28
SNUPN	0.3
ZC3H12A	-0.2
GDI2	-0.61
PRC1	-1.29
GDI1	0.71
HSD17B4	0.83
CBY1	0.98
POLG	-0.27
POLE	-0.3
POLB	-0.37
POLL	1.62
POLK	1.62
POLI	2.38
POLH	1.38
MESDC2	-1.63
DRAM2	-1.82
RTN4	-2.27
RTN3	-0.6
TIMM13	-2.01
TIMM10	0.79
VRK1	1.29
RNGTT	-0.54
PA2G4	0.09
CDC6	0.74
CDC7	1.13
VRK2	0.09
PRR12	1.87
PRPF8	-0.09
PRR11	0.44
AURKA	-0.12
PRR14	-2.77
AEBP2	-1.72
PRPF3	2.43
PRPF4	-0.19
PRPF6	0.72
SHC1	-1.34
TALDO1	0.53
PKP4	-1.76
PKP3	-0.56
PKP2	-0.75
NINL	-2.4
	-0.81
MICAL1	-1.37
CLPTM1L	0.36
MICAL3	0.3
WDR62	-1.86
FEN1	0.29
WDR61	0.64
VPS72	0.56
ABHD16A	0.96
TEP1	4.37
ACOX3	2.56
ACOX1	1.39
ERGIC2	-1.37
ERGIC3	-0.53
ERGIC1	0.46
DERL1	-2.04
DERL2	-0.54
ALDH9A1	1.26
FRY	0.72
NOTCH3	-1.4
	-0.09
SDHAF2	-1.05
	0.49
	0.88
CLIC1	0.02
GABARAP	0.34
	-1.48
ZSCAN25	-1.34
ZSCAN26	0.86
ZSCAN20	0.81
BTBD10	1.5
ZSCAN22	0.71
LMF2	0.38
LMF1	0.9
ANKRD35	0.62
DUS3L	-0.77
TSSC4	-1.27
TSSC1	-0.02
TBK1	0.17
ZFYVE19	-0.17
ZNF687	-1.69
TMCO1	-1.74
TMCO3	1.65
ZFYVE16	1.21
TMCO6	2.23
SREBF2	-1.48
ZMAT3	2.54
SREBF1	-1.41
ZMAT5	-1.97
ANKRD46	0.57
	-0.63
ANKRD40	-1.24
ANKRD49	0.18
BTBD9	0.86
MEF2D	0.06
ARID4A	-1.02
ARID4B	-1.69
BTBD3	0.8
BTBD2	1.12
CLUH	-0.06
RNF167	-3.38
RNF165	0.99
RNF169	0.95
RNF168	-0.87
EAF1	0.37
N4BP2L2	0.44
RAD51C	1.55
DNPEP	-1.19
DDX39B	-1.24
ERC1	0.24
CHMP2B	-1.24
CHMP2A	-1.17
DHX16	1.21
DHX15	-0.64
ARFIP1	-0.6
MTHFD2	5.05
MTHFD1	2.59
STON1	1.81
DBF4	-2.23
STIP1	-0.4
ALG8	-1.07
ALG9	0.84
ALG2	-0.44
ALG3	0.34
	-2.66
ALG1	1.23
ALG6	1.34
NTN1	-1.64
ALG5	0.84
PRIM1	-0.18
PRIM2	-0.31
GYG1	0.02
	-1.01
HIF1AN	-0.72
IRF2BPL	4.09
SLC30A9	-0.72
TYSND1	2.46
RABL6	0.09
SLC30A7	-1.38
SLC30A6	-1.61
SLC30A1	-1.95
RABL3	1.42
SLC30A2	-2.76
S100PBP	1.67
MSI2	-1.69
BRPF3	-0.36
BRPF1	-0.11
CRLS1	-2.56
LYST	-1.64
URB1	-1.84
PCNA	0.14
ERBB3	-2.98
CNST	-0.71
HELQ	0.44
MCTS1	1.46
SPAST	-0.11
HELZ	-1.2
IRF2BP2	1.08
HIPK1	-1.05
IRF2BP1	0.65
	-2.48
HELB	1.24
HNRNPL	1.83
B9D1	-0.28
LSM8	0.83
LSM4	1.28
EEF1G	-1.8
EEF1D	0.34
LSM1	0.73
LSM2	-1.51
LSM3	2.97
GUK1	-0.07
ZMYND11	-0.3
	-0.9
AIM1L	-0.69
MON1B	1.35
ZMYND19	-1.97
TPX2	0.16
	0.94
PPP1R21	-0.02
HIST2H2BF	3.6
TRAF3IP2	-1.01
TRAF3IP1	-0.56
VPRBP	0.26
SAC3D1	1.35
DNAJC24	0.48
DNAJC21	-2.8
APOBEC3B	-0.88
MTMR9	2.42
MTMR7	1.12
MTMR6	1.46
MTMR4	1.23
MTMR3	-0.95
MTMR2	-0.49
MTMR1	-0.64
ISYNA1	0.58
CARS	1.41
TRAIP	-0.7
CHURC1	0.09
C19orf70	0.05
RANBP3	0.47
APBA3	-2.17
MYRF	2.7
AHDC1	1.66
CA2	-0.85
ACSS2	-1.42
CRTC1	2.19
	-0.73
RTN4IP1	1.05
ABCC10	-1.92
HINT1	-0.02
HINT2	-1.64
TAMM41	-0.62
	0.72
C18orf25	1.76
DRAP1	0.32
ALS2CL	0.71
TMEM88	-1.06
C17orf62	-0.25
PPIP5K1	-1.61
SH3TC1	1.35
CDYL2	-1.69
TOLLIP	0.45
AAMP	-0.24
HYPK	1.4
NXN	0.24
RETSAT	1.0
DPY19L1	-1.47
DPY19L3	1.0
DPY19L4	1.5
CCDC47	-0.17
CCDC43	-3.28
SON	1.07
PGGT1B	-0.62
ACTL6A	-1.6
PSEN2	-2.24
PSEN1	-0.34
GPATCH2L	-1.23
FZD10	-0.19
NRBP1	-0.91
	-0.85
	-1.27
CBWD1	0.26
TMEM258	-0.73
TMEM256	-0.62
REXO1	-0.35
REXO2	0.42
REXO4	0.08
NUMB	-1.66
ABCG1	-0.8
ABCG2	2.75
MARS2	-0.24
AP5M1	0.23
RPUSD4	0.18
KDM4B	-2.0
KDM4A	0.07
RPUSD1	0.44
RPUSD2	0.38
RPUSD3	-0.58
FAM178B	3.12
FAM178A	-0.64
OTUD6B	-1.49
TMUB2	0.34
	-0.69
SIMC1	0.75
LMAN1	-0.49
LMAN2	-1.78
	0.89
ARFIP2	0.47
NECAP1	-0.33
NECAP2	2.29
DALRD3	-0.54
NAPG	1.21
ATP1A3	-3.49
ATP1A1	-0.03
OS9	0.24
C14orf159	-2.06
NSMCE1	-1.76
UTP15	-1.33
	-0.77
S100A10	-0.63
UTP18	-1.42
	0.38
HELLS	-1.97
HYOU1	-0.08
PLOD2	3.05
PLOD3	1.46
PLOD1	0.34
SCO2	2.46
SCO1	-1.23
GABBR1	-1.51
UGP2	-0.42
CPPED1	-0.23
PLEKHG1	-3.54
SMYD4	-1.34
SMYD5	4.24
COX4I1	0.69
SMYD2	0.54
SMYD3	0.52
DOCK11	-2.73
ENTPD6	2.02
ESF1	0.03
SNAP23	-1.36
SNAP29	0.72
SH3BP5L	-0.73
ZBTB40	1.68
ZBTB43	0.72
ZBTB44	-3.07
ZBTB45	0.57
ZBTB48	0.98
PHLDA1	2.39
MOB4	0.98
PHLDA2	4.9
GAPVD1	-0.21
PRDX6	-2.4
PRDX5	-0.45
PRDX4	0.01
PRDX3	-0.71
PRDX2	2.56
PRDX1	0.48
	2.85
KRIT1	0.53
PANX1	0.26
DPF2	2.17
NDUFB6	1.0
SGK223	0.05
P4HA2	3.36
P4HA1	0.89
WDR41	0.83
WDR43	0.02
WDR44	1.46
WDR45	-1.07
WDR46	0.08
WDR47	-0.18
WDR48	0.42
	-0.72
NARFL	0.27
USE1	3.0
	0.82
VPS53	-0.04
VPS52	-0.01
VPS51	1.7
	-1.48
VPS54	-2.49
EGLN3	2.18
LNX2	-1.28
LNX1	0.66
ABHD14A	0.8
APEH	-1.35
TARSL2	-0.24
FAM120B	0.5
FAM120C	1.62
FAM120A	-3.75
MASTL	-1.08
PHC1	-1.59
C19orf47	-1.24
NAGPA	0.69
MCF2	-3.72
TMEM161A	1.38
PARK7	-0.03
GRIK3	0.13
NBEA	0.93
DSCR3	0.29
TMEM161B	-0.78
STX5	-2.81
ANAPC16	-1.85
ANAPC11	0.64
ANAPC10	1.72
ANAPC13	-1.07
MAST2	-0.68
MAST3	2.08
GBE1	-0.56
	0.58
PSIP1	0.45
CAND2	-0.08
CAND1	-0.34
RNF44	-1.73
	-0.07
TRRAP	-1.23
RNF40	-0.05
KPNA6	0.05
KPNA4	0.6
KPNA3	1.43
KPNA1	1.65
FDFT1	-1.05
	-0.6
S100A6	5.24
RHEBL1	-0.74
USP48	-3.58
USP45	-0.57
USP44	-1.68
CNOT11	-1.12
CNOT10	1.45
RNF181	2.89
USP40	-1.7
USP42	0.91
SKA1	0.66
SKA3	0.96
COQ9	2.26
COQ5	0.1
COQ4	-0.41
COQ7	-0.99
OGDHL	5.24
ILF3	1.57
COQ2	0.84
SCP2	1.27
DHX38	1.27
ZNF219	2.32
GOSR2	-0.41
ZNF212	0.67
DHX32	-0.17
DHX33	1.24
ZNF217	1.98
DHX35	3.17
DHX36	-1.11
DHX37	-0.01
COPS8	-0.47
SDAD1	-1.17
	-1.22
COPS3	1.02
COPS6	-1.1
COPS4	0.04
COPS5	0.93
DHCR24	-0.54
CCNB2	-1.83
CCNB1	0.39
ZNF280B	0.07
ZNF280D	-0.42
BLM	-1.94
HCK	2.16
BRCA1	-0.03
BRCA2	1.24
ALAD	1.2
TMEFF1	-2.91
ACAP1	1.28
ACAP2	0.1
ACAP3	-0.52
BAZ1A	1.27
PFN1	-1.23
	0.18
BAZ1B	0.48
EP400	-0.04
KCNK5	-0.04
URB2	3.78
SERPINH1	7.32
C15orf39	1.43
PHYHIPL	0.31
GSTZ1	1.38
KCNK1	1.81
FREM2	3.17
LIPA	0.91
LIPE	1.73
LIPH	-1.26
GM2A	-1.72
RPS6KB1	-1.41
TTK	-0.4
MGST3	1.45
TTN	-5.11
TRMT2A	2.03
	2.13
SAMD1	1.2
CLSPN	0.6
	-0.25
CUL4A	3.51
CUL4B	0.11
C14orf1	-1.08
TUBB2A	-2.56
TUBB2B	-4.54
TJP2	-1.63
TJP3	2.11
NEK4	-0.46
TJP1	0.01
NEK2	-0.79
NEK3	1.95
NEK1	0.58
	0.96
NEK8	0.52
NEK9	-0.43
HIST1H2AD	-0.2
IDUA	0.77
SLC41A1	-2.27
CEP170B	1.77
SETD1A	-1.17
CHMP3	1.51
	0.25
ARHGEF10L	0.88
SMURF1	0.17
GBX2	3.35
SMURF2	-1.44
TIMP1	-1.98
SENP8	0.24
SENP6	0.05
SENP5	-1.15
SENP3	-0.33
SENP2	-1.11
SENP1	-0.53
CHMP5	1.13
B3GNT7	1.29
B3GNT2	0.1
NKAP	-1.03
RPL10L	-4.09
SLX4	-0.02
PNKP	-0.87
GLB1	0.77
APPL1	0.72
APPL2	0.36
PNKD	-1.5
PQLC3	0.1
DCLRE1C	-0.86
PQLC1	1.72
CRTAP	-1.79
ADAP1	-2.42
LHPP	-2.07
STX8	2.98
TRAK2	-1.34
TRAK1	1.85
STX7	-2.1
STX6	-1.12
CTNNB1	-1.21
EDC3	-0.86
AAK1	-0.58
EDC4	2.32
AVPI1	-1.21
NICN1	-0.5
ASAP1	0.73
ASAP2	-0.42
ASAP3	-0.39
KAT8	1.6
NDUFA1	-0.52
KAT5	1.45
HYLS1	-0.92
KAT7	0.26
LUC7L	-1.39
	0.23
ARHGAP30	-2.28
CCDC22	2.45
CCDC25	0.79
PQLC2	1.05
DCLRE1A	-0.17
FCF1	1.2
	0.38
TIMMDC1	-0.42
LRCH2	-0.11
UXS1	1.52
ASXL1	-0.81
ASXL2	0.34
FIBP	-1.22
	0.72
	-0.51
	3.0
ADO	1.26
TIA1	2.97
MOAP1	-0.44
CCSAP	0.02
ARF3	0.03
	1.53
ARF1	0.19
ARF6	-2.06
ARF5	-0.37
ARF4	1.04
RPN1	4.84
RPN2	-1.37
GRB7	1.85
TMEM186	0.61
KDM2A	-0.01
PDCD7	1.32
PDCD4	-0.9
KDM2B	1.37
GLYR1	0.0
NDUFV3	-0.79
NDUFV2	-1.61
NDUFV1	1.36
ATP6V1G1	0.05
TXNRD2	-1.98
TXNRD3	1.4
TXNRD1	0.58
DNASE2	1.14
ACVR1B	0.22
INO80	-4.29
NARS	3.05
OXCT1	-0.08
DYNC1H1	0.87
NARF	-1.39
TTLL5	-1.35
TTLL4	0.15
TTLL1	-0.97
LONRF1	0.58
D2HGDH	0.72
SAR1A	-1.93
SAR1B	0.33
WDHD1	2.22
GPA33	-2.59
SLC25A30	-0.3
	-0.45
DAGLB	2.26
NTHL1	0.58
CDC27	-1.67
COMTD1	0.23
CDC23	-2.21
LIN28A	-1.93
CDC20	0.2
CLN5	2.4
FAR1	-1.03
RTFDC1	1.13
MAPRE1	-2.47
NOL10	-1.68
NOL12	0.95
TCF4	-0.65
	-1.19
AUP1	0.1
TCF3	-0.7
UCKL1	2.65
SLC16A1	0.56
SLC16A3	-2.54
SLC16A6	1.5
TTLL12	1.7
TIMM50	-1.95
ZBTB21	-0.32
ZBTB24	-1.05
ZBTB25	0.76
	0.33
OTUD4	2.15
EIF1AY	1.48
OTUD1	-2.13
EIF1AD	-1.01
SAP30BP	2.75
	2.22
GPHN	1.98
MDN1	0.89
FAM76B	-0.34
FAM76A	-0.74
CCDC130	0.41
CCDC138	-1.64
CDON	0.18
SLC1A4	0.06
ORMDL2	-2.16
SLC1A1	0.09
SLC1A3	-0.65
VPS35	1.24
VPS36	2.99
VPS39	0.81
ZNF280C	1.61
TET1	1.4
TET2	1.11
SDCCAG3	0.24
PDE4DIP	-0.98
ROR2	-1.5
ANAPC1	0.3
ANAPC2	0.79
ANAPC5	-1.84
ANAPC4	0.29
ANAPC7	-0.25
RUFY1	0.52
FAM188A	-0.53
RUFY3	-2.04
RUFY2	-2.35
IBTK	-0.82
C8orf33	-2.56
SPG11	1.78
EEF2	0.29
SLC2A8	-3.06
SLC2A3	-0.71
SLC2A1	-0.99
KIAA1551	-3.52
GGACT	1.82
RAB3GAP2	0.58
PLCB3	0.22
PLCB4	1.9
SUPT5H	-0.35
SUPT6H	-0.67
SUPT3H	1.31
SCRIB	-0.66
SGSM3	-0.86
SGSM2	0.31
ACOT8	0.22
	0.11
ACOT7	0.67
SLC15A1	1.11
SLC15A4	0.34
	1.09
KIAA0196	-0.52
FEZ2	-1.06
DDT	-0.49
DDC	-2.99
ZNF395	2.47
MRPL36	-0.64
MRPL37	-1.45
MRPL34	0.11
MRPL35	3.65
MRPL32	-0.91
MRPL33	1.35
MRPL30	0.56
MRPL38	0.39
MRPL39	0.26
PPIL1	0.77
SLC31A2	-0.05
PPIL3	0.54
PPIL4	-2.52
NUP88	0.1
CLASP2	0.05
CLASP1	-0.52
CTBS	0.36
MTM1	-1.86
NUP85	1.34
MSRA	1.33
	-0.43
HMGN1	-1.33
	-1.61
NFS1	-0.92
STC2	-0.65
CCND1	2.04
CCND3	-1.73
CCND2	1.91
PSMA2	0.54
C3orf58	-1.59
CD74	-2.35
SRSF3	0.09
ERCC1	0.15
DCXR	1.96
BRCC3	0.67
SPP1	-4.21
FAM162A	-0.21
TEX15	-0.94
TEX14	2.58
TEX11	1.72
TEX10	-1.24
NOP58	-3.55
PEX1	-0.67
	0.57
PEX3	-0.45
PEX5	-0.94
PEX7	0.15
PEX6	1.13
	2.29
	-1.99
HADH	1.37
ITGA3	2.59
CTPS2	-0.14
LRSAM1	-1.48
CHRAC1	-0.84
ARRDC4	-2.32
SLC5A11	-1.5
INIP	0.84
ARRDC3	1.44
GNPTAB	-0.09
	-0.89
RHBDD1	2.84
TGFBR1	-3.13
ACADSB	-0.36
RPS5	-1.13
RPS3	-0.05
RPS2	0.48
ALG11	0.31
	-1.54
ALG14	-0.96
RPS9	-0.76
RPS8	-2.36
DRG2	-0.53
DRG1	-0.03
SDF4	-0.13
SDF2	2.66
CHMP7	0.39
EVC2	1.96
STRAP	-3.58
	-0.38
	0.29
	0.0
	0.09
	0.28
CAPZB	-0.8
	0.8
RSU1	1.96
ARIH2	-1.89
ARIH1	0.11
ARL8B	3.17
GRB10	11.39
	-1.89
ARL8A	-0.28
	-1.06
HSP90AB1	0.8
MEGF8	1.58
PDCL	0.68
	0.0
GSTO1	1.61
CENPU	0.31
YIF1A	-2.96
TRAM1	-1.48
TRAM2	0.49
TOR2A	0.66
PBK	1.4
	-2.22
RAD23B	-2.81
SHCBP1	2.47
RAD23A	1.0
SCARB2	0.7
SCARB1	1.25
RHOBTB2	1.34
SAYSD1	2.59
TBCK	1.84
MMRN2	-0.3
TBCE	0.36
TBCD	-0.41
TBCC	1.4
TBCB	-0.47
TBCA	-0.51
TRIM8	-0.52
TMEM47	-1.17
TRIM2	-0.23
TMEM43	2.62
TRIM6	0.25
DDX43	-2.36
MN1	0.44
TTC14	0.17
TTC17	0.69
COL5A1	-1.17
TTC13	1.16
TTC12	-0.06
LMBRD2	-0.9
LMBRD1	1.08
RAB40C	-1.54
IDH3A	-1.11
DDX42	0.75
IDH3B	-0.49
IDH3G	-1.35
LTBP4	1.42
SIPA1	1.76
SSBP3	1.69
TRPC4AP	0.25
OSBPL10	2.11
OSBPL11	-0.54
TCL1A	-3.56
	-2.3
GADD45A	2.29
MNT	-0.18
FAM221A	0.31
	-2.34
	-0.14
	0.4
	-0.88
	-2.15
NDOR1	0.3
SLC25A46	-1.16
TMEM214	-0.95
SH3RF1	-0.35
KNSTRN	-1.64
PPM1F	-1.61
	-0.95
PPM1D	1.51
PPM1B	-0.32
RPL8	0.33
RPL6	-1.43
RPL7	-0.41
DNAH8	-2.75
PPM1J	2.62
MECR	0.99
ALDH4A1	-0.43
ATP6V1E1	-1.03
TLE3	-0.82
TLE1	-1.82
TLE6	-0.21
TLE4	1.11
ESPL1	0.9
LSM11	-0.09
IRGQ	1.65
ATG3	-1.76
JAK3	2.71
	-0.19
NAT9	1.55
FHOD3	-1.8
DNMT1	0.83
SULF2	2.06
CCPG1	-1.15
	-2.51
ALDH7A1	0.56
POMT1	0.22
POMT2	1.74
FANCM	-1.11
C20orf24	-1.97
FAT1	3.06
SETD3	-0.93
SETD2	0.88
SETD5	0.24
SETD4	1.39
SETD6	1.9
WRB	-0.82
WRN	1.14
TSPAN3	-2.35
TSPAN6	-0.09
TSPAN7	-0.89
TSPAN4	0.41
TSPAN5	-0.63
TSPAN9	0.18
PM20D1	0.43
APPBP2	-0.77
ZFHX3	2.06
ZFHX2	3.17
BCL9	0.03
NGFR	-0.58
HMHA1	3.94
HES1	0.83
BCL3	0.95
CCDC117	-3.0
CCDC114	1.1
CCDC115	-1.09
CSTF1	1.55
CSTF3	0.7
CSTF2	-0.53
VHL	-2.45
LAMC1	3.81
WDR81	1.02
WDR82	-1.04
WDR83	1.31
WDR89	-0.07
	1.06
HDHD2	-0.77
R3HDM4	-0.27
VPS16	1.23
R3HDM1	-1.11
R3HDM2	-1.67
NID2	-1.26
NID1	-3.78
SF3A1	-0.55
	0.32
SF3A3	1.02
PITPNA	-0.3
PITPNB	0.07
SPRTN	1.92
AAGAB	1.68
C10orf76	-1.12
FTO	3.34
RAD54B	-0.85
HUS1	0.22
ERCC2	0.29
ERCC3	0.41
ERCC4	-0.21
ERCC5	0.3
ERCC6	1.68
SCPEP1	-1.61
EXD2	-2.91
FRRS1	-0.69
GON4L	-0.48
TBCCD1	-1.74
RPAP2	-0.79
RPAP3	0.39
RPAP1	-2.68
ZNF628	-0.78
	-1.92
NSMAF	-0.53
TMED8	-1.21
ZNF622	-0.29
ZNF623	-1.35
MBTPS2	0.34
MBTPS1	3.16
SALL4	-1.44
AMFR	3.39
STX12	0.34
SALL1	2.15
STX16	0.58
STX18	-0.7
GBA2	1.17
	-0.72
TSTA3	-0.52
TYMS	-0.31
WTIP	-3.04
RAP2B	1.56
RAP2C	-0.7
MRPL12	0.55
PDXK	-0.66
MRPL14	-0.56
MRPL15	-0.88
MRPL16	-0.61
MRPL17	-0.66
MRPL18	-2.55
MRPL19	2.3
IER2	3.08
DTNB	-0.65
GABPA	-3.33
STAM	-0.87
MPDU1	-1.36
PRPF19	-0.86
PRPF18	1.48
RAB11FIP4	-2.33
GSTP1	1.9
	-1.81
RDM1	-0.87
SSRP1	1.07
HTATSF1	0.63
PLTP	0.17
ZNF511	0.46
CYFIP1	1.12
ZNF512	1.22
CYFIP2	-0.38
CDCA5	-0.68
HGS	0.15
ACAT1	0.72
ABR	1.93
ZNF131	2.01
TCTEX1D2	-0.21
KCTD20	-1.48
CTNNAL1	-5.13
ARAP1	-0.84
AHNAK	-1.38
AMDHD2	-1.61
SMCR8	-1.53
GNB2	0.51
MTO1	-1.06
GGH	-0.18
MMP14	3.91
MMP17	0.98
MMP11	0.06
TEX30	-0.38
GMNN	-0.87
TPR	-1.21
ARGLU1	0.72
CMTR2	2.82
CMTR1	1.52
GPSM2	0.98
PEAK1	2.62
MTOR	-0.73
C9orf72	0.72
SLC29A1	-1.76
JAM2	-5.18
NUP107	0.13
CDKN2AIP	0.71
OMA1	1.44
TOP2B	2.58
	0.0
TOP2A	-2.48
BOD1L1	0.23
RHBDF2	0.91
ARHGAP9	1.1
	-0.27
RFK	-3.04
ING5	-0.24
VANGL2	0.46
ING1	0.8
ING2	0.17
ING3	-0.04
SNRNP200	1.47
MAEA	1.3
CSK	0.4
KALRN	-1.63
MAEL	0.38
UBA6	-1.47
UBA5	-1.62
UBA2	-0.73
UBA3	3.01
UBA1	1.07
	-0.66
PWP1	-0.79
NAA20	1.86
CREG1	-1.47
NAA25	0.21
SIN3B	1.09
ERCC6L	0.17
WARS	0.51
MED21	-0.14
CLINT1	0.51
SIN3A	-1.25
MED23	0.11
	-0.78
SLTM	0.43
NRAS	0.68
GSTM4	0.16
STRBP	-1.37
STK38	-2.58
RASSF7	-0.91
PDF	-1.01
TOR4A	-0.25
C14orf37	-0.74
PNO1	-1.25
SNRNP35	1.14
HIST1H4C	3.42
LAMP1	1.48
TMEM67	-0.17
TMEM64	-3.99
SH3BGRL3	0.1
SH3BGRL2	-1.62
CD276	-0.85
TMEM69	-1.63
FIGNL1	0.62
FOXRED2	-0.94
FOXRED1	0.34
ERAS	-2.37
C12orf29	-0.71
BAG3	-1.87
H1F0	-1.24
NRM	2.66
LITAF	-0.48
PROS1	3.33
TTC33	-0.35
TTC37	0.17
RARA	-0.25
AOAH	-2.58
RARG	1.79
UFM1	-0.14
BTRC	-0.08
RARS	-0.19
MLX	-1.25
TADA1	-1.33
TADA3	1.19
TLCD1	-1.4
CCDC102A	3.81
PSME4	-2.79
H1FX	1.4
PSME2	-1.16
PSME3	-2.84
NDUFB11	0.15
PSME1	2.38
INO80D	0.96
INO80E	1.68
INO80B	1.47
INO80C	-1.32
PROSC	3.87
MEA1	-0.84
GNPDA2	0.44
PCDH1	2.3
GNPDA1	-0.4
TBCEL	0.25
TMEM234	-0.23
TMEM237	1.47
TMEM231	0.22
ATP5G3	-0.96
SCFD1	0.16
SCFD2	-0.4
ZNF451	-0.24
IPMK	-0.78
	-1.82
C7orf43	1.68
AKR1B10	0.82
AKR1B1	-0.57
DDX20	-0.85
THUMPD1	-1.18
THUMPD3	0.92
THUMPD2	0.05
MAML1	0.89
LEPROT	-1.55
RCBTB2	1.58
RCBTB1	3.07
QKI	-3.57
NADK2	-2.71
UCHL1	-3.51
SERP1	-2.96
TAPT1	0.24
PPP2R5D	0.32
PPP2R5E	-1.05
PPP2R5A	0.61
	-0.28
	-1.06
DAXX	1.45
TMEM184B	-0.11
TMEM184C	0.57
TFDP2	-4.23
TFDP1	3.23
MIF4GD	-0.31
SUMO1	-3.55
SUMO3	-2.26
PDS5A	1.64
PDS5B	0.11
RB1CC1	-0.07
ATPAF2	-0.47
SMNDC1	-0.99
C12orf66	0.39
F2R	-2.06
TRAPPC11	1.02
TRAPPC10	0.26
TRAPPC13	-1.11
TRAPPC12	-0.76
TUBB6	2.11
VIPAS39	-0.78
TUBB	-0.33
TUBB3	-4.36
PET100	1.14
SPC24	-0.37
TCERG1	1.35
SPATS2	0.5
FAM134A	-1.13
IRAK1	-1.39
	0.65
GHITM	1.1
NGDN	3.54
LIG4	2.2
	1.74
NAV2	2.46
GNG2	-0.08
GNG3	-1.82
LIG3	0.66
CLN3	1.37
CNOT4	-0.52
PRRC2A	1.43
VPS26A	-1.73
TSPYL1	-1.73
TSPYL2	-0.49
VPS26B	0.29
KDELC1	2.01
CCDC171	0.82
CCDC174	2.26
GPD2	0.52
PLBD2	0.99
NOL11	1.17
DIP2B	0.77
DIP2C	-0.07
CARS2	2.44
CDK1	-1.65
CDK2	-0.81
CDK4	-1.91
SACM1L	-1.58
CDK6	0.22
CDK7	-1.71
CDK8	-1.68
CDK9	-1.26
CLN8	-0.65
SREK1	0.02
PDE4A	-0.99
SQSTM1	0.45
MVK	-1.48
PPP3R1	-0.32
SUV39H1	2.47
	-1.0
SUV39H2	-0.67
SAAL1	1.57
ERP29	-0.19
SPPL2A	0.61
PAPOLG	-0.33
PAPOLA	-1.47
PPP1R14A	-0.88
DROSHA	1.3
	2.22
SMC6	0.09
ZNF609	0.48
NDNL2	-1.44
ZNF605	0.4
ZNF606	-0.97
PRKAR1A	0.78
WWP2	1.9
USP28	2.3
USP24	-0.5
USP22	-0.03
USP21	-0.86
USP20	-1.42
STOM	-0.23
	2.03
CTNS	1.34
PRPF39	-1.25
WDTC1	-1.57
PRPF31	-0.45
ALAS1	0.43
BRWD3	-2.78
TYK2	0.77
BRWD1	-0.5
N4BP1	0.64
SMU1	-0.8
FYCO1	0.17
	-1.4
SLC5A3	1.89
CANX	-3.28
SLC5A6	-0.89
FAM96B	0.08
RENBP	-1.29
DCTD	0.89
SLC19A2	0.68
UBALD1	-1.9
SLC19A1	-1.2
CD38	-2.97
MAN2C1	1.25
CALCOCO1	0.9
	-4.68
C10orf88	-0.81
CD37	-1.18
TMEM55A	-2.22
TMEM55B	0.01
GAK	0.95
CITED2	1.0
ATP5A1	-0.01
GAA	-0.99
MTA3	-0.85
TRH	2.44
NCEH1	2.59
EHD4	0.32
EHD1	-1.63
TRMT61A	-1.46
ZC2HC1A	0.47
SLC35A1	-1.73
	-1.13
ABL1	-0.54
KHNYN	2.65
ABL2	0.41
ATXN2	0.29
ATXN3	0.46
IGSF9	0.17
SLC6A1	-1.63
SLC6A6	5.17
PLSCR1	0.9
SLC6A9	0.48
SLC6A8	-1.9
	0.53
EML2	2.07
RPGRIP1L	0.93
MTAP	-1.47
BCAP31	-1.33
CCDC134	0.71
MAPK1IP1L	0.16
NUP160	-0.59
CAMK2G	2.63
CAMK2B	-2.59
NEK6	-1.17
FAM169A	1.95
PRKD3	-0.26
UBXN8	-0.67
ANKHD1	0.13
UBXN4	-0.91
UBXN6	-2.0
UBXN7	-1.01
UBXN1	-3.33
XKR5	3.63
	-0.66
PIBF1	1.72
HSD17B8	-0.32
XKR8	-1.88
RAI14	1.25
RINT1	1.83
ZNF189	0.45
	0.47
ZNF184	-1.16
C14orf93	0.6
SETDB2	1.25
NPHS1	-0.48
RDX	-0.26
BANF1	-1.48
GUSB	2.6
	-2.24
	-2.78
	-2.4
BHLHE40	3.17
F11R	-1.09
PPA2	-1.45
FBXW8	2.59
FBXW9	2.29
DDOST	-1.72
SLC1A5	2.37
ANKIB1	-1.86
FBXW2	-1.24
LPAR1	-2.06
FBXW5	1.83
FBXW7	-2.65
COPS7B	0.29
C1orf123	-1.34
ARID2	-0.05
PARD6B	1.05
COL4A2	8.82
COL4A1	12.34
ARL4A	0.76
GLDC	-0.4
PGS1	0.72
OPLAH	-0.73
TUBB4B	-0.09
COL18A1	-1.77
TOMM20	1.09
TOMM22	-1.35
AP1B1	2.47
IGF2R	1.95
AS3MT	1.76
SMTNL2	-3.26
MAP3K12	-0.07
GALNT7	3.64
GALNT1	0.53
NRP2	-2.46
HYDIN	0.26
PLXNB2	-0.04
NPL	2.28
PLXNB1	-0.12
XPOT	1.83
NCBP2	1.11
	-0.46
NARS2	0.75
SLC9A3R1	-1.94
SHISA5	0.05
LIMS1	-2.12
KIF3B	-0.42
KIF3A	-0.67
FAM45A	0.6
KAZN	1.79
NLE1	-0.16
UFC1	-1.24
PSMG4	-1.83
PSMG1	-0.19
PSMG2	-2.5
PSMG3	-0.66
CETN3	0.57
MALT1	-1.64
XPO1	-0.12
XPO5	-0.36
XPO4	1.66
C11orf54	1.08
XPO6	-0.3
DOHH	-0.61
MNAT1	-2.87
CRCP	0.68
PRDM15	0.0
PRDM10	-1.27
CPNE3	-0.64
SAFB	1.08
CPNE1	-0.29
CPNE5	0.59
ISCU	-0.71
PECAM1	-1.41
ARHGAP28	-1.14
FNTA	0.89
FNTB	0.31
ZNF473	-0.7
	-0.18
RBM34	1.69
GIT1	1.24
GIT2	-1.05
	-0.16
CYTH2	-1.69
RBM39	0.31
RBM38	-0.01
	-1.33
TACC1	-1.32
TACC2	2.23
TACC3	1.28
KMT2A	0.23
TECR	1.78
DCTPP1	-1.76
PROSER1	0.02
AHCYL2	-1.86
ECI2	-2.52
ECI1	-0.05
IPO8	-1.12
IPO9	-0.44
IPO7	-4.33
IPO4	3.19
IPO5	3.75
YRDC	-0.27
	1.66
	-1.64
PRMT2	1.05
PRMT3	-0.81
PRMT1	-0.07
PRMT6	-0.58
PRMT7	3.51
PRMT5	3.34
RNFT1	-0.31
	2.83
TUBGCP2	0.45
TUBGCP3	1.07
TUBGCP4	0.1
TUBGCP5	0.17
TUBGCP6	-0.6
STIM1	-1.2
STIM2	0.38
CEP97	-0.35
INA	-0.8
PAK4	-1.79
C16orf59	0.21
PAK1	-1.81
PAK2	-0.01
ELF1	2.59
YIPF3	-1.78
RUVBL1	5.47
TTI2	1.34
TTI1	1.28
RUVBL2	1.75
SS18	-1.19
EIF4H	1.12
TNS3	3.25
	-0.31
TNS1	-2.36
RTTN	0.15
EIF4B	-0.78
VWA5A	-0.89
OXSM	0.8
C21orf59	0.16
ANLN	-0.55
GNAI1	-0.29
FXN	0.84
	2.04
ICAM1	-0.79
	0.52
TPM3	-0.99
	-1.19
	-0.53
E4F1	0.47
HOMEZ	0.91
CCDC151	-0.21
PPP1R12A	0.36
PPP1R12C	-0.34
MMP2	1.72
MCPH1	3.55
JMJD6	-0.58
RBM7	-0.23
ZNF668	0.07
	1.59
SFR1	-1.31
SECISBP2L	0.29
PLCH1	-1.33
SUSD2	0.27
SKP2	-0.37
CHERP	1.67
ZBTB8OS	1.69
CAPZA2	-1.74
AGPS	-0.94
TPMT	-0.31
SERINC1	-1.7
SERINC3	-0.81
MAGOH	0.41
RADIL	-1.88
SNX30	0.21
DIRC2	-2.05
DLST	1.44
CHM	-2.26
MRPL54	-2.04
MRPL55	0.26
	-1.37
MRPL50	-0.15
MRPL51	-1.44
MRPL52	2.55
MRPL53	4.22
ACLY	1.38
	-0.86
C7orf25	0.67
GRHL3	1.67
NFYC	-0.38
NFYB	1.68
NFYA	1.05
C14orf80	-1.17
KIRREL2	0.93
TMEM51	0.43
SCAMP4	-1.27
SCAMP5	1.16
SCAMP2	-1.93
SCAMP3	-3.32
SCAMP1	-1.03
PRRC1	-3.75
UNC45A	0.23
POLR2E	-1.65
POLR2D	1.25
POLR2G	0.34
POLR2F	-1.63
POLR2A	-0.44
POLR2C	1.1
POLR2B	-0.56
POLR2M	-1.31
POLR2I	-0.89
POLR2H	-1.47
POLR2J	-0.8
ATP11C	-3.43
SKIL	0.21
ATP11A	1.74
HIBCH	0.63
GABPB2	-1.63
GABPB1	-0.18
	2.41
POLDIP2	-0.59
CLEC16A	-2.42
PERP	2.36
UBE2R2	-2.57
C21orf91	0.69
FBXO42	-0.93
ERI2	-1.44
ERI3	-0.15
NDC1	-1.55
ERI1	1.83
BAIAP2	-0.31
VASP	-0.68
MLST8	-1.58
XAB2	4.54
CHD1L	-0.51
	0.46
TBX3	-4.96
PER1	-0.92
SLC35C2	0.7
SLC35C1	-1.47
DBI	0.29
ZDBF2	2.81
WSB1	0.29
DBT	-1.48
VSIG10	1.48
CENPC	-0.32
RB1	0.63
PURB	-0.09
PURA	0.74
LDB1	-1.89
AMMECR1L	-2.23
LONP2	3.26
LONP1	0.57
TBC1D22B	-0.32
TBC1D22A	0.02
	-2.06
	0.16
LZIC	0.98
UFSP2	3.13
NTPCR	1.52
ARSA	-0.51
PPIP5K2	-0.63
YTHDC1	0.26
YTHDC2	-0.55
UQCRC2	0.16
IGFBPL1	-0.48
BTD	0.18
DENND4A	-0.82
DENND4B	0.1
DENND4C	-1.34
	1.0
TMED10	-0.38
STK10	1.57
STK11	-1.66
CALU	0.64
BIRC2	1.38
CBFB	-0.46
RASAL1	0.43
RASAL2	-1.14
	0.71
MBIP	-0.2
NFRKB	-2.42
EXOC5	-0.65
DMTN	3.35
CCDC3	0.23
ATP5H	-0.18
CCDC6	-0.58
CCDC9	0.82
HYAL2	0.41
CYLD	0.98
SAMD4B	-0.7
SHKBP1	0.16
MYH9	-0.54
TP53BP1	0.84
TP53BP2	2.28
	-0.6
SNRNP70	0.89
OSTM1	-0.82
SLC52A3	1.73
	-0.58
KIF1B	0.01
KIF1C	0.43
MITD1	0.22
PRDM4	0.77
PRDM5	1.78
PRDM1	-1.86
PRDM2	1.43
TMPO	0.58
RAB5A	-2.13
RAB5C	-0.92
SLC31A1	-1.89
UNC119B	-2.07
	-0.8
G6PD	1.08
	-0.58
NVL	0.55
KIF14	-0.61
KIF15	0.16
PSMA1	0.15
PSMA6	1.38
PSMA7	1.18
PSMA4	-0.21
PSMA5	-0.62
PSMA8	1.05
ACAA2	-2.18
RPL18A	0.84
	3.37
TTC7B	0.35
CNDP2	-0.3
ZDHHC15	-1.01
ZDHHC17	1.18
ZDHHC16	-0.45
PIWIL2	4.74
ZDHHC13	-1.49
ZDHHC12	-1.52
NBR1	-1.54
ZDHHC18	-1.96
NFKB1	2.13
LGALS3	-0.28
	1.96
KAT6A	2.1
ZNF416	0.38
ZNF410	0.09
ZNF414	1.03
RBM12	1.64
RBM10	-0.11
RBM17	-2.79
RBM15	-0.55
RBM14	0.4
RBM19	0.21
RBM18	-0.98
PPP2R1A	0.94
PPP2R1B	-1.29
ZFX	-1.05
ARNT	-1.3
ZFR	1.22
TCP11L2	-1.56
CEP89	-0.21
N6AMT1	0.52
GFPT1	3.81
GFPT2	0.51
CEP85	1.54
TWF1	-1.02
TWF2	-3.96
PRPF38A	0.39
PRPF38B	0.53
UBE2E1	2.8
UBE2E3	-0.84
SLC25A22	-1.26
SLC25A20	-2.97
TNKS1BP1	1.8
SLC25A25	1.18
SLC25A28	-0.06
BNIP1	1.62
BNIP2	0.84
	0.85
SUN1	-0.7
	0.12
PRKDC	2.02
ETFA	0.28
ETFB	0.04
TFAM	-2.69
LAS1L	0.33
SCAF11	-0.68
PDIA6	-3.03
CTDP1	0.15
NELFB	-0.16
POGLUT1	1.33
NR5A2	-2.11
HIBADH	1.35
BSCL2	-0.9
CAPN15	0.68
ESYT1	0.99
ESYT2	-0.51
ESYT3	1.85
MYBBP1A	-0.02
ID1	9.87
PRKD2	1.48
KIF21B	0.38
MTFMT	0.8
BET1	-2.66
TLK1	-0.93
TLK2	-0.77
SMARCA4	1.28
CGGBP1	-2.74
ETF1	-1.87
ERCC6L2	1.84
CMKLR1	-0.56
GCDH	0.89
MRE11A	1.24
ABTB1	2.18
CAB39L	2.04
IL17RD	-0.21
NR6A1	-2.81
RMND5A	1.59
HMG20B	-2.02
THOC3	-1.66
THOC2	0.44
THOC1	0.65
THOC7	1.11
THOC6	0.81
THOC5	0.26
B3GALT6	1.51
ACACA	2.57
VRK3	1.8
ACACB	1.69
WNK3	-0.57
WNK1	-2.74
	1.27
GMCL1	1.88
USO1	-1.72
NCSTN	-0.08
TMEM63A	-0.88
TMEM63B	0.43
SNTB2	3.48
PLD3	1.47
TFAP2C	-3.58
NIPA2	-1.86
PCBP2	-0.89
NCAPG2	-1.63
DMAP1	-0.08
FAM160B1	0.33
FAM160B2	2.19
	-1.68
DPH1	-0.02
DPH2	0.93
DPH5	0.58
DPH6	0.85
DPH7	-0.65
SPOP	0.1
TBRG1	0.71
TBRG4	-0.99
DSTYK	-0.05
C6orf106	-1.15
ZNF644	0.34
ZNF646	0.28
ZNF250	0.73
PUM2	-1.48
	-0.46
PUM1	0.69
TNKS2	-0.39
NPEPPS	-0.58
SNX17	1.56
SNX16	-0.41
SNX15	-0.6
SNX14	-0.01
SNX12	0.94
SNX11	-0.65
SNX10	1.8
SNX19	0.1
SNX18	-0.21
AGRN	-1.71
MALSU1	3.04
MARS	-0.26
NDC80	1.0
STARD3NL	-2.96
FAM213A	-1.01
RIC8B	1.95
	0.96
FAM213B	0.31
LRR1	-2.26
EXOC3L1	3.98
MIB1	-1.96
MIB2	-0.89
KIAA1429	0.12
ZFAT	0.72
PABPC1	0.03
PABPC4	-0.62
DTD1	1.43
DTD2	-1.8
STK3	-0.83
TNRC6C	-1.58
TNRC6B	-0.42
TNRC6A	-0.51
STT3B	0.04
SAMD8	0.26
DBR1	0.63
CPSF4	-1.72
	-2.87
DCPS	1.52
PEPD	-0.15
	3.87
RAE1	-0.41
ADA	-0.58
ARMC10	-2.06
PYCARD	-2.72
ADK	7.1
LRPPRC	0.25
ADPRHL2	1.35
RABEPK	-0.03
GPBP1	-3.0
NPTX2	0.45
DCP2	-3.0
BAG1	-0.32
BAG6	0.06
BAG4	2.15
BAG5	0.3
NUDT22	0.29
SLC35E1	-0.39
SLC35E2B	-0.62
LZTR1	0.38
SAP130	-1.27
FAM111A	2.53
CCNL1	0.27
CCNL2	0.46
NUSAP1	-2.94
RAB3GAP1	-0.38
TMEM9	-1.14
RABEP2	-1.07
RABEP1	-1.97
TMEM2	-2.29
TMEM5	-1.09
RPS26	-0.85
RPS24	2.32
NOS3	2.52
RPS20	-2.02
RPS21	0.83
MIS18BP1	-2.4
ESD	4.05
NFKBIB	-2.46
NFKBIA	-2.04
CHUK	-0.81
YIF1B	-0.97
ARHGDIA	-0.89
FMNL2	1.03
FMNL3	-1.54
SNRNP40	-0.95
CETN2	0.85
PDZD2	0.7
RNMT	-0.24
BUD13	-0.36
CXorf23	-1.18
LSM14B	-2.71
LSM14A	-2.64
FANCG	-0.53
FANCF	1.75
FANCC	-0.81
FANCB	0.27
FANCA	3.3
JAK1	1.92
BRE	1.5
FANCL	-0.94
AP1G2	2.74
FANCI	-0.39
DENND6A	0.58
CSDE1	-0.66
MAOA	1.21
ATP5SL	-0.21
	-0.91
ATG4B	0.34
MYNN	-0.55
COX6B1	-0.92
COX6B2	0.6
SNX3	-3.04
SNX2	0.37
SNX1	0.47
ARAP3	0.72
SNX6	1.78
SNX5	-4.14
SNX4	-0.76
SNX9	2.23
SNX8	0.16
OSGEPL1	-0.07
CKS1B	-1.12
FNDC3B	2.04
IFT80	0.16
IFT81	2.14
SYNE4	2.57
IFT88	2.73
C1orf106	2.14
TNIP2	-0.66
STK31	3.68
TNIP1	-0.4
STK35	-2.58
ELL3	-1.49
ELL2	0.18
DEPDC1B	-1.07
DDB1	0.62
SHMT2	1.35
SHMT1	-0.22
PIM2	-2.51
PIM3	-2.14
PIM1	-1.24
BCL2L1	2.09
SEC24D	-0.05
SEC24A	0.56
SEC24C	2.3
SEC24B	1.85
SPC25	-2.39
FGFR1	2.08
MVP	3.38
CCDC86	0.08
TANGO6	1.12
MVD	0.52
PSMC1	1.27
PSMC2	1.04
PSMC3	0.99
PSMC4	-0.09
PSMC5	0.68
PSMC6	2.93
DOLK	-1.12
ISOC2	-0.28
HSP90B1	-1.63
AGTPBP1	0.09
TTC9C	-0.92
N4BP2	0.63
KCMF1	2.34
IARS2	0.96
CASP7	1.54
ARL1	-1.44
MRPS34	0.86
ARL3	0.45
ARL2	-0.32
MRPS31	3.04
MRPS30	-1.14
ARL6	1.4
CLIP3	1.02
ZNF565	0.23
CLIP1	2.54
CLIP4	0.09
CRIPT	-1.97
SEL1L	-0.24
LARS2	1.13
AGO1	-0.74
AGO2	-1.68
SIRT3	-0.86
VBP1	-0.66
PPP2R3C	0.32
MAN1B1	-2.17
C1QBP	-0.82
ARHGAP23	3.09
ARHGAP21	-1.65
UBE2G2	2.62
UBE2G1	-0.7
C8orf76	-2.46
MSANTD4	0.29
RGS12	-0.58
ARHGAP29	-0.8
CASP9	0.31
CRIP1	-3.12
	-0.56
MSANTD3	-1.1
DHFR	-0.53
HSPB1	-0.29
ZC3HAV1	-4.13
ADAM23	-0.73
ERRFI1	-0.3
MTHFSD	1.46
	-1.02
PASK	1.18
DDX23	-1.38
DDX21	-0.76
TMEM38B	0.42
DDX27	2.04
DDX25	1.32
DDX24	-1.68
DDX28	2.32
DYRK1A	-0.37
FAF2	0.09
ZSCAN21	1.09
IWS1	-1.42
COPB1	-1.36
TUBD1	-1.64
COPB2	0.07
B4GALNT4	-1.73
	-0.94
B4GALNT3	-0.7
BIRC6	0.08
BIRC5	0.29
LSM12	-0.05
	-1.06
LSM10	0.24
EEF1B2	-1.75
CTU2	1.88
APRT	3.86
CTU1	0.45
TRIM44	-0.12
TRIM41	-1.42
RERE	0.79
NFAT5	2.31
CDC34	-0.62
TAF1A	-0.65
MSTO1	-0.55
HECTD1	1.33
TUBA4A	-0.25
NFKB2	0.68
AIMP1	-0.39
SUN2	-1.92
RGL2	-0.18
ZBTB8A	-0.16
ZBTB8B	0.7
MTX2	-0.91
MTX1	-0.52
ATF4	-1.88
ATF6	-2.51
ATF1	-1.43
SMARCA5	3.72
ATF2	-1.02
PCBP4	-2.37
RER1	-1.29
PCBP3	-0.88
PCBP1	5.05
CMTM6	-0.56
CMTM7	-0.9
CMTM4	0.16
LIAS	1.19
GFM1	0.66
GFM2	-0.14
CARM1	-0.01
CPSF7	-0.48
CPSF6	2.02
STT3A	-2.06
MUL1	-1.91
CPSF3	1.46
CPSF2	0.33
CPSF1	0.8
ENG	0.55
ASPM	-3.42
ASPH	0.78
CPSF4L	-1.47
RRN3	-2.0
TPI1	-1.31
BECN1	0.92
	-0.13
ATP8A1	-3.0
TCF15	0.45
TCF12	-2.13
FNDC3A	1.67
SYNE2	-1.01
YBX1	-1.4
YBX3	-1.23
LRP2	8.16
NONO	2.4
TRMT6	-1.64
GATSL3	-0.6
TRMT5	2.06
	4.63
TRMT1	1.91
FXYD6	-4.24
SIRT2	0.56
SIRT1	-2.99
SIRT7	-0.23
SIRT6	-0.48
SIRT5	-0.45
SIRT4	1.94
SOX12	-1.27
SOX13	-1.16
SOX15	0.24
RGS19	0.3
EBNA1BP2	-2.17
TAF1C	1.52
TAF1B	-1.16
STIL	0.23
TAF1D	-0.74
PDPN	-1.21
HN1L	-2.51
PDPR	2.47
MAPT	-0.66
CLU	4.26
FAM135A	0.9
PHPT1	0.37
	0.52
DAZAP2	1.45
LRP1	1.36
LRP6	-0.02
RFWD3	0.38
LRP4	-0.9
LRP5	0.89
ZBTB34	0.3
ACP6	-3.14
ADD3	-0.5
ADD1	1.27
WWTR1	1.71
ITM2C	0.34
PDP1	-0.78
ITM2A	-2.53
TAF10	-1.52
MAP7	-0.35
MAP4	-0.51
SEMA4A	1.86
EAPP	-2.21
SEMA4D	-1.97
LENG8	1.05
COPS7A	-0.49
KLHL25	-0.07
KLHL24	-2.68
KLHL26	4.83
KLHL21	-1.67
KLHL20	0.87
KLHL22	1.04
TGDS	0.52
PHRF1	-1.59
KLHL28	-0.41
PDE6D	-1.59
SCYL1	1.33
DIS3L2	2.8
GSG2	-0.83
HMOX1	6.02
SPRED1	-0.07
SPRED2	2.04
HMOX2	0.41
	0.94
NIN	-0.05
ACP2	1.25
FAM168A	0.95
RPLP2	2.52
	-3.21
RPLP0	-1.79
MTG2	-0.96
MLLT10	-0.04
MTG1	1.71
MTUS1	2.01
ACSF3	2.95
FADS1	-1.82
FADS2	-0.86
SLC35G1	-3.88
	-2.34
	1.93
	1.03
PTGIS	0.45
EPS8	-0.3
FAM117A	-1.14
FAM117B	-3.39
	0.19
TAF12	-0.89
PAFAH1B1	0.45
MECP2	0.22
PDP2	0.86
	0.92
CHRNA7	-1.13
STK11IP	-0.93
ZW10	-1.93
DGCR14	-0.74
TAF15	-0.28
RRS1	-0.11
ZFP91	0.17
ZNF263	1.62
OXR1	0.01
ZNF260	-0.14
SEMA4B	0.31
IQGAP2	1.18
IQGAP3	1.48
PDXDC1	-0.87
TCEB3	1.4
	1.48
TCEB1	1.41
INPP4A	0.09
MATR3	-0.64
LCK	1.67
RASIP1	0.47
MPST	-1.1
SOX2	-3.35
SOX4	1.17
CD2BP2	-0.59
NUP188	1.5
	1.73
METTL25	-2.31
NMNAT2	-0.25
NMNAT1	0.99
C9orf85	1.34
HINFP	1.45
AHI1	0.75
PARG	1.61
PARN	-1.1
PARL	-0.51
FIS1	-0.8
ATG2A	-2.4
ATG2B	-0.24
CPXM1	0.13
KNTC1	-0.31
GRAMD1B	-1.61
PLEKHB1	0.99
PLEKHB2	0.34
DNAAF2	0.05
	-1.18
TOMM40	-0.87
PIPOX	2.59
FAM53C	0.41
ST14	0.01
ST13	-0.51
ABCA2	1.82
NUMBL	-2.41
HARS	0.38
BICD2	-0.4
VPS29	0.99
	2.32
KIF5A	-1.03
KIF5B	-2.48
KIF5C	-0.45
WAC	-2.48
HIST1H2BG	4.92
HIST1H2BC	-0.02
HIST1H2BA	2.24
HIST1H2BB	-0.12
HIST1H2BE	-0.93
HIST1H2BN	3.38
	-3.02
SLC9B2	0.37
	2.35
HIST1H2BL	-0.33
	0.59
	-1.73
RAB1B	-1.94
A2M	-2.93
MTR	-0.41
NACA	0.33
CUTA	-0.22
S1PR2	-1.23
RAB18	-2.35
RHOT1	-1.73
RHOT2	-1.48
RPF1	0.36
GOT2	2.43
RAB10	-1.42
PTPN1	-1.25
GOT1	3.13
RPF2	1.27
RRAS2	0.72
CUEDC2	-0.5
ORC6	1.77
ORC4	0.88
ORC5	-3.25
ORC2	-1.13
ORC3	1.88
ORC1	-0.53
NPLOC4	0.03
ASH2L	2.69
NDUFB9	-2.18
NDUFB8	0.47
NDUFB7	2.24
CEP44	1.26
NDUFB5	-0.69
NDUFB3	0.75
NDUFB2	0.69
SMARCAL1	-0.59
DCUN1D2	0.52
DCUN1D3	-1.29
DCUN1D4	-1.4
DCUN1D5	-2.38
FAM168B	1.06
SIL1	-0.07
NXT2	1.3
MRPS16	1.26
MRPS15	-1.82
NXT1	-0.63
MRPS12	-3.2
MRPS11	-1.64
MRPS10	0.26
MEI4	-1.3
PLGRKT	1.24
	2.72
DDX49	1.46
CTSV	4.67
DDX41	-1.49
CTSA	-1.12
CTSB	3.12
CTSC	2.66
CTSD	-0.32
KIDINS220	-0.83
DDX47	1.36
DDX46	0.31
CTSZ	0.86
GANAB	-0.41
ATAD5	-0.38
ATAD1	-0.8
ATAD2	2.68
FAN1	-0.1
MAPK3	1.53
MAPK1	-0.6
MAPK6	-0.12
MAPK7	0.99
CORO2B	0.26
MAPK8	1.66
MAPK9	-1.31
PTGES2	-1.15
KAT2B	-2.08
KAT2A	1.38
C12orf65	-0.94
FBLN1	-4.57
TRIM63	1.46
SQLE	-3.65
SOCS4	-1.15
SOCS7	-1.03
TRNAU1AP	0.46
SOCS3	3.16
PARPBP	-0.04
DHRS7	-0.12
DHRS4	3.7
EIF2D	0.09
EIF2A	-1.72
DHRS1	3.69
	-3.01
NEIL3	1.12
	-0.89
CLIC4	-1.87
SMARCC2	0.41
SMARCC1	-0.84
GNA12	-1.19
GNA13	-0.41
GNA11	-1.21
	6.86
CDKN1B	0.02
CDKN1A	1.64
TSEN54	-0.32
NFKBIL1	-0.65
TXNIP	5.04
INCENP	-0.68
CDS2	-4.6
	-0.27
KLC1	0.22
KLC2	-0.49
NUCB1	0.05
HSPA13	-0.75
SBNO2	0.32
SBNO1	-0.74
ELL	2.68
HSPA14	0.2
ESCO2	1.34
ESCO1	-0.93
SMEK1	-2.09
NOL8	-1.18
SMEK2	-2.21
NOL7	-0.56
NOL6	-0.8
GLTSCR1L	-1.51
	-0.59
ANKZF1	-0.47
CLUAP1	1.99
POMGNT1	0.28
POP4	-0.12
EBPL	-0.81
MGME1	0.01
MCOLN1	0.02
RSPRY1	0.46
CRABP1	-0.4
HTT	1.66
E2F7	1.14
CNP	-0.5
E2F6	-1.04
RSF1	0.51
BRAP	-1.15
TEFM	-2.13
CTNNBL1	0.73
MAVS	0.53
HSPH1	-1.44
MAP4K1	1.47
MAP4K3	-0.07
MAP4K5	-0.8
MIS18A	-0.04
	-1.17
	-0.92
	0.03
BCL10	-1.76
ENC1	0.22
	-0.65
BYSL	-0.94
DTX1	0.82
DTX2	-1.09
HDLBP	-0.89
EIF5	-2.28
EIF6	-1.3
SMCHD1	-1.14
COCH	-0.42
POLA2	-0.16
POLA1	-0.09
CYB5R4	0.16
	0.66
CYB5R1	-0.46
MYCBP	-1.13
RAPGEF5	-0.44
RAPGEF6	-1.01
MTSS1	-1.84
RAPGEF1	2.43
RAPGEF2	0.65
PRSS8	1.64
VTA1	-2.2
FBL	2.67
CNIH1	-0.22
RBM6	1.59
RBM5	-0.16
RBM3	1.88
CNIH4	-2.21
ADCK5	0.09
ADCK1	-0.47
FBXO22	-0.55
FBXO21	-1.54
FBXO25	2.62
PTRF	2.64
RPL36AL	0.41
FBXO28	-0.34
ASF1A	-0.34
ASF1B	2.41
TICRR	-4.11
ZNF574	-1.13
OSBPL1A	-1.61
SP1	-1.46
SP2	-1.21
SP3	0.88
PRPF40B	-0.59
PRPF40A	1.08
RNF219	2.26
RNF214	-0.18
RNF216	-2.35
PXMP4	0.82
RNF213	1.2
	1.06
	-3.01
TRPM4	-2.55
TRPM7	-1.52
TTC19	0.0
SPR	2.46
GSE1	6.02
SPN	-1.97
KIAA0556	0.44
OXNAD1	1.76
	0.54
FAM35A	3.31
KIAA0907	0.72
ZNF35	-1.66
IFNAR1	-0.36
	0.41
GPRC5A	-1.15
GPRC5B	-2.14
CDC37	1.96
RLF	0.59
IQGAP1	-0.93
ABT1	-1.31
MYCBP2	2.52
ECHDC2	-2.98
ECHDC1	0.05
DENND2C	-2.02
DENND2A	0.89
PMM2	1.21
PMM1	-2.09
SEC61A1	4.41
LDHB	-5.83
YARS2	-1.05
RBMS1	-2.18
RBMS2	-2.58
JAG2	1.14
JAG1	-1.92
CHST12	-0.07
BNIP3L	-0.35
TMEM183A	-0.52
BACH1	-0.18
ARCN1	-1.11
BCCIP	1.78
SRD5A3	-1.06
UGGT1	-0.53
RFXANK	0.91
HAP1	0.89
KIAA0430	-1.03
BNC2	-0.07
MKNK2	-1.2
	3.7
MKNK1	0.82
PNN	0.28
ZNF496	-0.89
NSL1	-0.92
LRRC8D	1.07
MOV10	-0.87
	-2.12
EARS2	0.7
	-0.88
CKAP2L	-0.46
FBXO2	-1.21
FBXO3	-0.08
FBXO5	0.03
FBXO6	-0.56
FBXO7	-0.45
FBXO8	-1.37
SWAP70	0.34
MROH1	2.08
CAPNS1	3.97
MRPL28	0.14
TERF2	0.98
	1.05
TERF1	-2.07
LIMK2	0.95
LIMK1	-1.13
RBPMS	0.84
NAE1	3.69
QTRT1	0.48
RAB11A	0.45
OSBPL8	-0.28
OSBPL9	-0.22
CFDP1	2.38
OSBPL2	-1.64
SLC47A1	-2.53
ZNF746	1.46
OSBPL7	0.18
	1.97
CBLB	0.39
UGCG	-0.44
RAB34	-1.6
BLOC1S4	1.11
SPOCK2	-1.03
SAPCD2	-1.32
TSPO	-1.42
APMAP	-0.35
SLC22A18	0.86
TNFAIP1	0.71
HCFC1	-0.38
TDP2	0.69
	-0.73
CA13	-1.82
AKIP1	2.12
CEP68	-0.92
ATOX1	1.03
CEP63	-1.5
CTTN	0.09
C11orf84	0.69
DOT1L	-0.65
ARHGEF10	0.75
ARHGEF11	-1.46
FAM98A	-1.07
ARHGEF16	-0.6
ARHGEF17	1.3
ARHGEF18	-0.17
ENPP4	-0.71
ENPP3	0.27
PJA1	0.07
PJA2	0.49
ATP6V1D	-1.03
ATP6V1F	0.23
ATP6V1A	0.4
KIAA0319L	1.52
ATP6V1H	1.53
	-0.42
RAB8A	1.89
IMMT	2.85
ZBTB32	0.53
JTB	1.82
DMRT1	0.68
ELAC2	-0.86
KIAA0232	2.26
USPL1	1.05
PDPK1	-3.3
REEP3	-0.78
SH3PXD2A	-3.65
REEP5	-0.82
REEP4	-0.59
REEP6	-4.12
NANOG	-1.13
CRKL	0.13
KIAA1217	-2.03
GTPBP1	0.22
IFT122	-0.9
PDGFA	-0.34
PDGFC	-3.02
AP2A2	-0.33
BIN1	-0.09
KLHDC4	4.04
BIN3	1.5
BIN2	0.76
SUCLA2	2.74
GTPBP8	1.64
PDCD10	-0.31
PDCD11	1.53
PACS1	1.31
PACS2	-1.98
NIP7	2.18
TBL1XR1	0.1
AGAP1	-0.69
AGAP3	1.74
ZWILCH	0.57
HTATIP2	0.04
PPM1G	-0.77
BRK1	1.42
DUSP9	2.31
ASCC3	-0.05
EEFSEC	4.53
ASCC1	-0.44
DUSP6	4.28
DUSP1	0.06
DUSP3	1.15
	-1.68
MFGE8	-2.85
IRAK1BP1	0.42
RPL4	-0.58
CCNE1	-1.87
ACYP1	0.05
	-2.88
OGG1	-0.45
DLGAP3	-1.21
CC2D1A	1.54
DLGAP4	0.32
CC2D1B	0.14
SEC11A	0.62
ITFG2	1.62
ITFG1	1.85
COA7	0.04
COA3	0.32
PAK1IP1	-0.73
UBR3	-0.67
UBR2	1.05
ACTB	-0.02
TAF5L	-0.58
UBR7	-0.12
PEG10	-1.63
UBR4	1.54
	1.26
MYEOV2	-0.5
NIF3L1	0.68
EIF2S1	1.72
EIF2S2	-2.55
MIDN	-0.35
QPRT	3.1
CLPX	-1.01
DSN1	1.23
YARS	1.3
CANT1	-2.68
SDF2L1	-1.81
MGRN1	-1.77
AUTS2	1.65
SLC25A3	0.21
	-3.7
SCCPDH	-2.31
SLC25A5	-0.53
SLC25A4	2.43
C1orf174	0.79
TRMT44	0.65
LAMC2	2.1
FTH1	1.38
CACNG7	-1.52
	0.83
RAC3	-1.1
RAC1	0.37
PPP5C	0.14
ANGPTL4	-0.06
LYAR	-0.35
C11orf58	0.03
CLCC1	-0.15
ZNF48	1.84
C6orf120	-0.96
FUNDC1	1.64
EID2	-2.68
EID1	2.18
PYCR2	-1.46
PYCR1	1.39
SRC	-1.26
LY6E	-3.32
SRF	-1.66
NFE2L2	-0.15
NFE2L1	-1.22
SRI	1.39
GK5	-2.3
AGBL5	1.62
SRL	0.18
SRM	-2.94
GNPAT	1.6
RASGRP2	-2.28
MYL6	1.66
KIAA1147	0.23
DNA2	1.37
PYCRL	0.28
SPIRE2	0.8
PCGF2	-0.67
CRYL1	1.29
EMC10	1.29
KIF13A	0.95
KIF13B	3.54
SDHA	0.54
SDHC	0.75
SDHB	0.31
SDHD	-0.99
	0.49
C19orf53	1.4
RPS4Y1	0.16
SFRP1	-1.97
ETAA1	-1.64
ANKS1A	1.52
UTP11L	0.09
ATP6V0D1	-0.45
GRK6	0.01
APLP2	-0.27
	-0.89
ATP9B	-2.36
ATP9A	0.59
GORASP2	-1.75
DCTN2	1.82
DCTN3	-1.65
DCTN1	5.52
DCTN6	0.67
DCTN4	-2.06
DCTN5	1.07
DHDDS	0.63
ZNRF3	0.59
SLC38A10	-0.12
SLCO4C1	-1.48
PDDC1	-1.7
GLRX	-1.4
ATXN10	0.98
RNMTL1	0.67
ZNF839	1.31
PLEKHF2	-4.53
ZNF830	-0.11
DUSP4	0.43
MRPL10	1.3
ATXN1L	0.72
ETS2	0.98
SEC22B	0.45
SEC22A	-1.36
PTPN13	0.0
PTPN12	0.3
PTPN11	0.15
PTPN14	1.95
CDIP1	-0.81
ZFAND2B	-1.04
ITGB1	4.86
PIGA	-1.76
PIGB	1.41
ITGB5	-0.34
ITGB4	0.1
PIGF	-0.12
PIGG	1.28
PIGH	-1.38
TSR3	0.38
TSR2	-0.72
PIGL	2.0
MMS22L	-0.99
PIGN	-1.56
MPI	1.33
PIGQ	-1.1
PIGS	-0.53
PIGT	1.17
PIGU	-0.23
PIGV	1.96
WHSC1	3.17
PIGX	0.15
OPTN	-0.38
PNMA2	1.33
GOPC	-0.54
	0.32
	1.06
GNL3L	0.75
	-0.38
ADAMTS9	1.36
TMX1	-1.22
TMX3	-1.38
TMX2	0.65
CDIPT	-0.93
ARL13B	-1.81
BTF3	1.21
PPP2CA	-1.39
PPP2CB	-1.02
NAGA	0.51
NAGK	2.66
SLC9B1	0.1
	0.56
LLGL2	-0.25
LLGL1	1.47
NOC3L	-0.44
PCDHGA12	1.05
C1orf35	-1.74
RBFOX2	-0.25
SCD	-1.07
NR0B1	-1.01
PTAR1	0.48
XYLT2	-0.39
ANXA2	0.04
CBLL1	-0.65
KDELR2	-0.3
KDELR3	2.07
OFD1	-0.41
KDELR1	-0.68
RAB11FIP3	0.63
RAB11FIP1	1.99
LRIG3	-1.59
LRIG2	-2.87
LRIG1	0.65
	-1.04
MORC2	-0.24
THYN1	-0.01
HSPA4	-0.88
FAM96A	-1.4
CCDC169-SOHLH2	-3.96
ARHGEF39	0.17
PPP3CA	-1.88
PPP3CB	0.46
NCLN	-1.43
ARFRP1	0.84
PTBP3	0.58
SPICE1	0.85
PTBP1	0.04
ITPK1	3.25
CHCHD3	-1.9
CHCHD1	2.81
CHCHD6	-1.66
CHCHD4	0.74
CHCHD5	1.13
EPHA4	-0.41
EPHA2	2.51
LMO7	-3.06
TMEM45A	-1.31
PBXIP1	0.63
GCLM	-1.61
GCLC	0.9
ALDH2	3.42
NHP2	-1.15
IFT140	3.38
TRIM28	-1.78
TRIM24	-3.44
TRIM25	-0.92
TRIM26	-0.02
TRIM27	-0.74
TANC1	-0.01
TRIM23	-0.55
ITPKC	-1.21
PDZD4	1.65
SART3	1.93
SART1	1.04
CDC42BPA	-0.21
TTC5	0.62
TTC4	0.82
TTC1	-2.03
CDC42BPB	-0.42
NELFCD	1.53
DOLPP1	-2.48
SUCLG1	5.52
GATAD2B	-0.41
GATAD2A	1.97
THNSL2	0.71
THNSL1	1.81
LCMT1	-1.61
LCMT2	0.68
NUP54	0.44
ATL3	-0.12
ATL2	1.71
LDLRAP1	-1.38
	1.21
PEX26	1.46
DSCC1	-0.35
ZC4H2	1.54
HSD17B14	-1.73
FARP1	2.63
RPL26	-0.49
JRK	1.09
RPL23	-1.91
RPL22	-0.36
BCAR1	3.52
BCAR3	2.63
SORL1	0.94
STRN4	1.11
STRN3	-1.53
ATP13A1	0.37
ATP13A3	-0.41
ATP13A2	0.0
PMVK	-1.03
PKNOX1	-0.99
RANBP10	1.68
RANBP17	-0.04
PKD2	0.17
CRTC2	0.77
GPX1	0.66
B2M	1.74
GPX4	-1.43
GPX7	-1.29
UNC50	-1.09
THEM6	0.08
AMPH	-0.73
SPG7	-0.4
UBE3B	-0.16
UBE3C	0.46
UBE3A	-0.66
UQCRQ	-3.41
HSPD1	-0.78
UQCRHL	-0.78
UQCRB	1.13
RMI2	1.61
METTL8	-0.95
METTL9	0.73
CEP170	-0.24
UNC5B	2.26
METTL1	-1.9
METTL2A	1.27
METTL3	0.58
METTL4	0.51
METTL5	-1.46
METTL6	1.9
HSDL1	-0.08
FASTK	-0.35
CCAR1	-0.95
CCAR2	3.87
UBP1	0.33
RAB27A	-0.87
COG8	3.53
AVEN	-1.44
PTRHD1	-2.58
COG3	2.1
COG2	1.38
COG1	0.54
SZRD1	-0.99
COG7	0.17
COG6	1.69
COG5	-0.7
COG4	3.79
SC5D	-0.68
YAP1	-0.33
PPIL2	0.11
TPD52L2	0.06
UBAP2	0.04
UBAP1	0.01
KLHL42	1.33
POLE4	1.33
POLE3	-2.04
POLE2	0.04
	2.89
CCZ1	-1.74
EPS8L2	-1.05
LAMA1	7.19
RAB12	-1.35
LAMA5	0.25
SIKE1	-1.07
SKIV2L2	0.16
TBC1D32	0.17
RAB14	-1.2
UTRN	-0.61
ARHGAP11A	-0.24
MIEN1	-1.01
	-2.67
NYNRIN	4.33
ST5	-3.23
GOLIM4	0.25
P2RX7	-0.15
FSD1	1.53
MPHOSPH8	3.36
KLF11	-0.34
KLF10	-0.25
	0.28
KLF15	1.77
	2.89
TFG	-1.97
MPHOSPH6	1.06
NCL	-0.11
	-0.09
UNKL	1.95
KCTD3	0.61
DTL	-1.2
PHB2	-2.1
ALS2	-0.97
HPS5	0.99
HPS4	-0.14
HPS6	0.09
HPS1	-1.35
WDFY1	-0.05
BRIP1	1.49
LAMTOR4	0.08
LAMTOR5	-0.21
LAMTOR2	-0.68
FAM133B	-1.67
SERPINB6	0.68
CBL	1.11
	0.42
CBS	1.95
ZNF277	0.63
	0.53
UCK2	-2.25
APEX1	3.37
ZNF148	-2.02
ZNF143	0.27
ZNF142	0.17
	-1.75
ZNF146	0.52
PUS7L	1.83
SOAT1	-0.83
	-0.75
IAH1	2.99
C17orf49	-0.57
LDLR	0.2
ILVBL	1.82
	0.0
	-1.74
	-0.15
CCDC112	-0.5
LEFTY2	-4.55
LEFTY1	-5.08
SLC7A6OS	1.01
KBTBD7	3.05
C1orf27	0.51
KBTBD2	1.35
AKT1	0.0
KBTBD8	1.77
PRELID1	-3.69
PRELID2	-2.28
RCE1	-0.8
ATP7A	-1.27
NEU1	2.13
ATP7B	1.05
ZNRD1	0.41
SLC8B1	0.07
GPD1L	-0.79
IP6K2	-1.13
IP6K1	-2.26
NME4	-3.27
DDX4	1.84
NME6	-0.53
BMS1	-0.12
NME1	0.4
NME3	0.85
HAT1	-1.11
ARPC5L	-0.53
PDCD6	-0.88
SFPQ	0.47
	3.56
SLCO4A1	-0.06
DDX1	0.99
PGRMC2	-1.41
PGRMC1	-2.72
	-1.14
PLEKHH1	0.44
	0.69
	-2.46
LRRCC1	-1.62
BLVRA	1.5
ZDHHC5	-0.78
ZDHHC6	0.51
ZDHHC8	0.09
VPS18	1.14
RAP1GDS1	2.41
CST3	-2.67
DERA	-0.01
GTF2F1	2.18
GTF2F2	2.64
VPS11	0.48
RBL1	-1.03
PDCD2	-1.52
MLEC	-2.05
PDSS2	1.46
PDSS1	-0.17
SPTAN1	1.36
CASD1	0.09
DONSON	-1.8
ZNF704	-1.45
CEP41	-0.82
SUFU	-0.91
ABHD10	-1.99
ABHD11	1.69
ABHD12	-1.83
ABHD13	1.52
BBC3	-0.36
TROVE2	-0.71
	-0.31
CCT8	-0.22
CCT2	-0.68
CCT3	-0.64
CCT7	6.14
CCT4	1.44
CCT5	0.16
RNF4	-0.6
DTYMK	-2.56
DEPDC7	1.81
DEPDC5	0.74
CHTF8	0.19
ARPC1A	-0.09
CREBZF	0.1
FAM129A	4.74
FAM129B	-0.71
CHSY1	-0.3
NOTCH4	-1.98
	-1.47
NOTCH1	0.05
NOTCH2	-0.95
MEST	-3.2
RPS19BP1	0.33
SKIV2L	1.41
BPHL	-1.1
VAMP3	-0.76
VAMP4	-0.1
VAMP7	-1.07
AMER1	-0.82
SEC14L1	2.39
TOR1B	1.24
	-0.32
MYL12A	1.76
MYL12B	-1.24
	-0.15
UBE2J1	0.09
MCM7	0.73
MCM6	-2.11
MCM5	2.41
MCM4	-0.87
MCM3	-0.96
MCM2	5.01
C20orf196	-0.18
COX7B	-1.45
MCM9	-0.92
MCM8	0.0
MRPS17	-3.05
CECR2	-1.16
CECR5	-0.04
SPRY2	0.96
MRPS14	0.53
SPRY4	1.47
TMEM30A	-2.87
LMAN2L	0.55
HDGFRP2	-1.4
KIAA1841	1.05
MEPCE	1.8
CROT	-0.84
RNF114	-0.51
RNF115	-1.48
RNF111	-1.76
FOXN2	0.29
	-0.33
PCMTD2	1.72
GFER	-0.89
CHORDC1	-0.81
CYP51A1	-2.31
NAA40	-0.26
	1.25
PBDC1	-0.25
FBXL14	-1.86
FBXL17	-1.65
FBXL19	0.86
FBXL18	-0.41
ZNF281	-0.68
KATNB1	-0.19
NUP37	1.34
NDFIP2	0.67
NDFIP1	0.17
GORAB	-1.39
NIT2	1.26
NIT1	0.03
PTK2	0.07
PTK7	1.44
GLOD4	2.51
CD2AP	-0.32
PYGB	1.06
C17orf75	-1.09
ODC1	-4.65
PFAS	1.1
GBAS	-0.95
MTPN	-2.14
DGUOK	3.45
PDAP1	-0.77
HACE1	-2.17
EXT2	0.18
EXT1	0.87
DGAT1	-0.47
TMPPE	-0.69
MADD	0.63
RNF31	1.18
STOML2	-0.21
SPEN	0.28
UCP2	-6.32
MDP1	-0.46
MAT2A	1.75
MAT2B	0.84
GEMIN2	-1.13
	1.51
GEMIN7	-1.56
GEMIN4	-0.2
GEMIN5	0.23
SPPL3	-0.56
SPSB3	0.62
SPTSSA	-1.43
CMSS1	1.32
PHF14	1.54
PHF10	1.34
PHF12	0.52
PHF13	-1.59
PHF19	0.43
TMEM120A	-2.56
MOSPD2	-1.42
CSRP1	0.84
CSRP2	-2.2
CEP152	-0.06
PAIP2B	0.2
FKBP4	-1.7
FKBP5	0.69
FKBP2	-1.05
FKBP3	-2.13
KANK2	-0.67
FKBP8	2.53
FKBP9	3.05
PDHX	0.59
TMEM41B	-1.97
TMEM132A	-0.42
WASF1	-0.36
WASF2	-0.12
WASF3	0.35
SRGAP2	-1.35
PSAT1	1.59
CTSF	-0.06
PBRM1	1.39
PDHB	2.45
ARPC2	-0.71
NIPBL	0.32
PRKCSH	0.29
TRAPPC3	0.22
CCHCR1	0.82
VCL	3.24
AP1S1	-0.72
AP1S2	1.18
CAPN7	1.02
	0.7
MBOAT2	-0.88
	1.17
INTU	-0.58
CS	-0.98
MBOAT7	0.24
CENPO	-0.9
GNS	0.3
TM9SF2	3.49
NR3C1	1.05
CDCA2	-0.04
CDCA3	-4.24
ZNF516	3.29
CDCA7	0.15
CDCA4	-1.01
ZNF513	-0.07
CDCA8	-1.35
KRBA1	2.4
FZR1	0.6
DPPA5	-1.16
CD9	1.43
	-0.74
MED28	-0.43
MRM1	-1.07
	0.77
RASSF1	1.43
MED20	-1.4
RASSF3	-0.82
MED22	-0.58
MED25	-1.06
MED24	-0.73
MED27	0.61
MED26	1.9
	-1.71
DNM2	-0.5
SPHK2	-0.87
	0.82
IQCB1	-0.95
GRTP1	4.35
DVL2	0.83
DVL3	-0.17
REV3L	-0.79
UCHL5	-1.56
KLHDC10	-1.77
UCHL3	0.6
MEAF6	-1.98
CENPW	-1.19
TMBIM6	-0.42
TMBIM4	-4.62
ARV1	1.31
TMBIM1	-0.13
C16orf70	-2.26
COMMD10	-1.66
CENPQ	-0.12
CENPP	-1.21
PEF1	-1.1
NUDT9	0.84
GCN1L1	3.76
SCAND1	-0.94
IST1	0.94
CASKIN2	-1.82
ZMPSTE24	-1.8
RCC1	0.88
RCC2	0.25
SSSCA1	-0.41
AURKAIP1	-1.72
EML3	0.37
EML4	0.21
EML5	-1.05
	5.2
ATP5J	1.02
AFG3L2	-1.9
ATP5O	0.22
NUDT1	0.71
ATP5B	-0.27
PUS10	-0.82
	1.07
ATP5D	-0.65
	-1.82
TXLNG	1.03
CEPT1	-1.64
TXLNA	-1.06
HSPBP1	1.65
RPA1	0.09
RPA3	1.23
RPA2	-1.16
TMEM177	-0.38
	-0.2
TMEM170A	0.66
C2CD3	-0.47
SPINT2	0.37
IFT27	0.26
IFT20	0.36
C2CD5	1.31
MRPL11	-1.8
PLEKHJ1	-0.61
	3.05
MRPL13	0.61
YIPF1	1.67
ELF3	-0.48
ELF2	-0.69
YIPF5	-1.01
YIPF4	-2.62
YIPF6	0.4
HIST1H1T	-0.86
PPT1	-1.44
PPT2	-0.23
SYDE2	0.31
SLC26A2	3.98
HIST1H1D	2.39
	-0.34
	2.84
	1.63
HIST1H1C	3.23
PSMD6	3.69
FTSJ3	-1.11
FTSJ1	-0.92
DAD1	1.06
GDF3	-1.41
CBR4	2.77
CBR1	0.87
CBR3	0.62
THOP1	1.06
	-0.35
	0.5
	0.09
KSR1	1.63
	-0.43
AGPAT2	-0.77
EXOC2	0.79
EXOC3	0.14
EXOC1	-0.94
EXOC6	0.45
EXOC7	-0.58
EXOC4	-0.64
PCED1B	0.04
EXOC8	3.64
RTKN2	1.14
GLT1D1	-1.1
UQCRFS1	-2.3
NFXL1	-0.28
VCAN	-1.91
SNRPA1	-0.83
NEIL1	0.79
RICTOR	-0.1
DHX8	-0.85
DHX9	-0.57
METAP1	1.1
METAP2	-0.88
ZNF778	0.03
COTL1	-0.4
	0.58
WDR35	3.05
WDR34	-1.51
WDR37	-1.26
WDR36	0.35
WDR31	0.98
PINX1	1.81
WDR33	0.37
RPE	-2.4
VWA8	3.25
VWA9	-0.36
GMPPA	-0.48
GMPPB	-1.71
HUNK	1.77
PTCH2	-0.22
BCORL1	-0.86
PTCH1	-1.87
YME1L1	-1.4
FAM92A1	-1.65
WIZ	0.4
SHARPIN	-2.54
XPC	2.57
CMPK1	0.02
TNFRSF10A	2.62
TGS1	-0.96
	1.87
SUPT4H1	-0.17
CYBA	0.46
C5orf51	-1.6
BFAR	-1.95
SMARCAD1	4.61
FAF1	0.59
LRRN4	-1.55
TIAM1	-2.78
MAPKAP1	0.73
ZNF7	0.73
ZFP1	1.91
RNF138	-3.02
RNF139	0.0
FOXH1	-1.66
APLF	-0.32
PCK2	5.33
RPP40	-1.08
TBC1D23	-0.91
PTEN	-1.99
TBC1D20	0.01
TBC1D25	-0.63
GRN	-2.48
RELA	0.74
ZNF266	-1.13
DHX40	0.46
IER5L	1.63
AFAP1	-1.31
AIP	0.61
TBC1D2B	-0.08
	-0.21
	-3.14
	0.3
MTRR	-1.74
KLK8	-0.08
RMDN3	-0.55
FRG1	2.18
WTAP	-2.2
COX5A	-0.47
	1.34
FRMD8	0.67
MPV17L2	1.1
ZNF692	-1.44
CARD10	0.56
MSL2	1.11
CCP110	-0.3
PAFAH2	-0.43
GPT2	1.86
CHFR	-0.14
ATAD2B	-0.83
RCHY1	0.16
EDA2R	-1.11
E2F5	-2.59
E2F4	1.6
E2F3	-0.05
TMEM126A	-0.35
TMEM126B	-1.12
JARID2	-0.54
TOP1MT	0.57
E2F8	-0.72
BRAF	-1.24
BOLA1	0.2
	0.61
KATNBL1	0.54
GUF1	-1.68
RABGAP1	-0.67
	1.73
	-0.25
CEP135	-0.03
PALLD	4.05
ARRB2	1.12
GMEB2	1.48
GMEB1	0.47
PGLS	3.2
C14orf2	0.66
PNPO	1.08
RAD17	0.41
RNF187	1.14
PI4K2B	0.84
PI4K2A	-0.79
PNP	2.22
GTPBP4	0.11
GTPBP6	0.03
AP2A1	-0.27
GTPBP3	1.68
SCAP	0.8
ZNF267	-0.6
KLHDC2	0.54
KLHDC3	-2.53
XBP1	-0.19
TRIO	1.54
TPST2	0.53
TPST1	-0.33
KLC4	-0.89
	-2.2
GLI2	1.73
GLI1	1.23
HSCB	-0.09
TOMM6	-0.28
	0.22
TOMM7	0.55
PRAMEF12	-1.34
ARPP19	-2.64
ILKAP	-0.64
MGA	0.35
SVIL	-2.24
TBP	-1.31
FAM118A	-1.18
ARL14EP	0.47
MRGBP	0.16
SHB	-0.82
SHF	-1.59
RREB1	0.84
SMC1A	0.82
SMC1B	-2.46
ADNP	0.32
TRABD	-0.33
USP9X	-3.35
SLMAP	0.52
RAI1	2.52
OBFC1	1.97
GOLGB1	-0.81
CDC25B	0.87
NOL9	-0.02
FAM173A	-0.76
CDC42BPG	0.97
STON2	-1.44
RPL7L1	1.11
PDZD8	-2.85
SSFA2	-0.53
BAK1	0.33
ALG10	-2.77
PHF8	2.26
CACUL1	-2.27
PHF6	-1.18
PHF3	-1.16
	-0.58
	0.88
TNPO2	3.39
TNPO3	-0.61
TNPO1	0.81
FBLIM1	-1.32
CDKN2AIPNL	-0.72
PLA2G12A	-0.76
RASA1	-1.35
APC	-0.42
ABCB7	-2.39
ABCB6	-0.62
ABCB8	-1.42
EPHX1	-0.45
EPHX2	-2.89
SLBP	1.52
ARPC3	0.23
ARPC1B	-0.81
PDIA5	-0.46
PDIA4	-1.24
PDIA3	-1.76
ARPC5	0.46
ARPC4	-1.33
TMEM110-MUSTN1	0.18
ITPR3	2.35
ITPR1	3.55
	0.58
SPATA13	-0.78
IFT43	-0.05
IFT46	1.35
RUNDC1	-0.5
SFT2D2	1.37
DAPP1	2.59
N4BP3	0.69
MPHOSPH10	-0.28
FLYWCH1	1.71
	0.82
RPGR	-1.55
U2AF2	-1.0
BAHD1	0.69
STOML1	-0.18
HIST2H3D	3.97
HIST1H3D	3.4
HIST2H3A	1.84
HIST1H3J	0.13
HIST1H3A	-0.31
HIST1H3I	1.68
TELO2	-1.14
HIST1H3E	1.95
HIST1H3F	2.94
LEMD3	1.45
LEMD2	-0.04
TRAPPC9	0.8
TRAPPC8	-2.2
PTPN23	-0.43
TRAPPC1	0.04
RTCB	-0.96
RTCA	-2.03
TRAPPC5	1.88
TRAPPC4	-0.46
VCP	1.95
CAPN5	1.72
CAPN2	7.74
CAPN1	0.46
	0.36
C1orf50	-1.04
	1.12
NSD1	-1.1
SLC29A3	-0.81
SLC29A2	-0.9
TIMM17B	-0.51
TIMM17A	0.46
GLRX5	-2.37
GLRX2	-2.0
GLRX3	-0.09
ARFGEF1	1.96
ARFGEF2	0.11
TMEM167B	-0.3
GID4	-0.23
ZRSR2	-2.04
PELI1	-2.35
SPDL1	1.92
SYMPK	1.45
GID8	0.15
GTF3A	1.48
GMPR2	2.46
	-0.58
JAM3	-1.0
RWDD4	-0.27
WDR12	-0.08
WDR11	-0.75
WRAP53	1.02
WDR19	1.68
WDR18	0.38
MOGS	3.24
C17orf53	0.53
BUB1	-0.42
SMARCA1	1.91
BUB3	-1.33
RAD18	1.11
DPYS	2.15
CDC25C	-0.43
APOA1BP	0.34
CDC25A	-0.43
FAM207A	1.7
KRT17	3.01
ZGPAT	-0.53
ZFP42	2.34
MTIF3	0.61
MTIF2	-0.39
KRT18	5.56
ADPGK	1.9
CD164	-0.8
ACO1	0.39
ZFYVE21	-0.62
ZFYVE27	-0.31
ZFYVE26	-0.19
UQCC1	1.26
ZFYVE28	0.31
GOLPH3L	-0.31
EFTUD2	-0.08
PLCE1	-0.74
LOC101929327	-4.65
ATXN7L3B	-0.37
SRPK1	-0.1
CSNK2B	0.66
SRPK2	-0.76
NEDD8	1.67
SLC10A7	0.63
SRPR	-2.09
NEDD1	0.84
GRINA	-1.48
	2.21
SEC62	-1.47
SEC63	-2.6
PML	1.62
RNF38	-0.19
ANKRD17	1.29
RNF34	-0.4
HDGF	-1.87
ANKRD10	2.84
ANKRD11	2.58
YWHAZ	-0.22
FOXJ3	0.61
SPCS3	-0.29
YWHAH	1.42
YWHAB	-0.15
BCL9L	0.86
CWF19L1	2.41
YWHAG	0.24
YWHAE	-0.82
	-1.49
TMEM106B	-1.78
GIGYF1	0.06
GIGYF2	0.79
RPP21	-0.63
PCM1	2.22
RPP25	-2.05
CDYL	-0.02
MYO9B	1.67
MYO9A	-2.41
ZNF248	0.09
GAP43	0.37
HMBOX1	0.49
GOLPH3	-2.66
HARS2	1.21
NUP205	0.7
DMD	1.56
ESRRB	-0.39
SH3GLB1	-1.55
SH3GLB2	0.55
MTTP	0.05
	-2.36
RABGEF1	0.14
BCAT2	3.11
BCAT1	-4.84
CIB1	-0.22
DUSP27	-5.3
ZBTB12	1.41
HERPUD1	3.08
HN1	-1.7
PHF5A	1.0
MED11	0.75
ZFPL1	-0.14
KHDRBS1	1.15
KHDRBS3	-1.81
MTFR1L	0.65
PLIN2	1.28
PLIN3	-1.16
	-0.84
	-0.28
SAFB2	-0.21
MKLN1	1.42
ISG20L2	-0.85
BCR	-1.46
MAP4K4	0.16
CHD1	-1.57
SPIDR	-0.29
CHD3	-0.88
CHD2	1.31
CHD5	-1.89
CHD4	0.68
ZC3H7A	-1.06
CHD6	-1.69
CHD9	2.47
CHD8	1.41
	-1.53
NOB1	3.8
PPP6R3	-1.92
PPP6R1	-0.49
CWF19L2	-1.33
	-0.6
IPO11	-2.52
IPO13	-2.7
ING4	0.66
ERP44	-1.12
VANGL1	-0.67
FYTTD1	-0.95
FH	-0.22
FLCN	-0.76
	-2.98
COIL	1.09
ZIC3	-0.53
ENGASE	0.75
THRAP3	0.58
TECPR1	0.4
TECPR2	0.49
SGOL1	0.58
DICER1	-0.71
EBP	-5.18
GLO1	0.21
NGRN	0.23
RACGAP1	-2.16
CNPY4	-1.11
CNPY3	0.26
CNPY2	-2.11
GTF2H4	-0.97
SMG5	0.62
SMG7	-0.48
SMG6	1.97
SMG1	-0.86
ADH5	2.03
SOGA3	2.64
ANKFY1	-0.46
KIAA1109	0.68
SMG9	0.35
SMG8	-1.76
EDEM2	0.67
EDEM3	-2.89
EDEM1	0.24
ATP2C1	-0.86
SLMO2	0.76
UBTF	-1.02
C19orf60	2.37
SHOC2	0.3
XXYLT1	1.6
EGR1	-5.59
TRADD	3.0
	0.79
PEBP1	0.64
UHRF1BP1	0.79
ABHD4	3.67
ME2	0.01
FAM193A	0.0
	0.96
HSBP1	1.67
C12orf45	-0.34
FAM175A	1.3
FAM175B	2.07
C2orf47	-0.42
BRMS1L	-0.27
SRXN1	1.05
AASDHPPT	-1.27
CCDC77	-0.24
	-1.01
	-0.63
KIAA0141	-1.9
SGTA	-0.05
PPM1A	-0.58
MRI1	4.03
EPG5	-0.5
NFATC3	0.95
NFATC4	2.53
B3GALNT2	0.8
B3GALNT1	-1.1
TSPAN13	-3.24
TSPAN14	0.43
CELSR2	0.82
CELSR1	3.38
FOLR1	-2.84
ANKRD6	-0.28
FLAD1	0.73
ANKRD9	-0.3
	-1.75
NDUFA10	0.15
NDUFA11	0.56
NDUFA13	3.24
WEE1	-1.11
GPATCH11	0.31
SLAIN2	-2.13
ABCD3	-0.57
ABCD4	1.75
CLSTN3	-1.68
TMEM131	2.06
POMP	0.16
SLIRP	0.83
TMEM135	-2.43
TMEM138	0.65
PPM1M	-0.44
NDUFAF5	1.08
NDUFAF4	-0.05
	1.57
NDUFAF6	-0.04
NDUFAF1	-0.44
NDUFAF3	2.7
NDUFS7	-1.09
NDUFS8	-0.34
ATP6V1B2	2.11
POMK	2.03
LYPLAL1	1.72
	1.25
ATP1B2	0.48
ATP1B3	-1.46
ATP1B1	2.14
ARFGAP2	0.45
CLPTM1	-0.21
ARFGAP1	1.66
MVB12A	1.57
ZFP36L2	0.21
LARS	2.44
GAS2L3	-1.95
MED13L	0.88
LIMA1	-4.15
CCNY	-1.66
	1.79
CCNF	0.4
CCNC	-2.15
CCNH	-2.01
CCNK	-0.14
HNRNPA0	-1.49
	-2.28
SIVA1	1.61
WBP2	-0.32
CACTIN	0.44
AAR2	0.39
WBP5	0.04
WBP4	1.15
PTDSS1	-1.52
PTDSS2	-1.31
	2.09
ASAH1	1.93
C1GALT1C1	-0.85
PICALM	-1.94
CDC5L	1.13
ROMO1	-0.21
HIGD2A	-0.04
PELO	0.12
C6orf89	-2.56
RINL	-0.84
HNRNPAB	-2.43
IMPACT	0.29
PTRH2	0.5
TMEM128	-1.07
NDE1	0.66
SYNJ1	0.16
SYNJ2	-1.22
DNAJB9	-1.73
ATPIF1	-0.22
DNAJB1	-1.0
DNAJB5	-0.32
GSTM5	-1.55
XRCC1	1.48
WDR70	0.84
WDR73	0.84
XRCC2	-0.76
WDR75	0.5
XRCC4	-0.82
WDR77	0.16
WDR76	0.89
HMCES	5.68
FAM65A	0.23
CAMSAP2	-0.74
CAMSAP3	1.89
CAMSAP1	-1.18
PTCD2	0.7
PTCD3	3.19
GSTM3	-0.06
HS6ST1	-0.84
TDRD3	0.94
ATP6V0A4	-0.44
SRP68	3.16
ATP6V0A1	0.85
ATP6V0A2	-1.4
	-0.82
ACAD10	1.18
ZFP64	0.81
ZFP62	0.58
	-1.66
CTGF	2.46
NCDN	-0.18
PLCG2	1.64
PLCG1	-0.7
MCCC2	3.26
MCCC1	1.92
RNF14	1.33
RNF17	-3.62
RNF10	-0.26
RNF13	-1.82
SRRT	-0.4
SRRD	0.1
ANKRD13C	-1.47
ANKRD13A	0.55
ZNF326	-0.6
FOXD3	-0.78
GGNBP2	0.61
DDRGK1	-1.49
SPATA2	-0.33
SPATA7	0.57
SPATA5	1.53
RAB3IP	-0.59
ESRP2	0.54
ESRP1	-1.52
SAMM50	0.36
MZT2A	0.46
CSNK1A1	-0.87
SESN2	-0.62
SESN3	-3.15
CD3EAP	-0.41
COX18	0.44
COX19	1.3
SSR2	-4.09
SSR3	-2.05
SSR4	-1.23
FOCAD	0.28
COX10	1.15
COX11	-0.51
COX14	0.13
COX15	-0.38
LAMP2	0.43
ETFDH	0.29
PFKP	-1.54
TOMM70A	-1.29
PFKL	-1.7
CDADC1	0.31
DYSF	3.76
OSGIN2	2.3
	-1.1
	-0.86
UNC13B	-1.06
UNC13A	0.09
	-2.83
	-1.77
	0.58
	0.46
	-0.55
	1.73
MSH2	-0.63
MSH3	-1.4
MCF2L	2.19
MSH6	-0.33
MAPKAPK3	-1.98
HIST2H2AC	1.72
	-1.25
CLDN12	-1.28
DIS3	2.69
ANXA5	1.58
ANXA4	3.86
ANXA7	2.42
ANXA6	-0.27
TMEM60	-1.25
ZC3H10	-0.35
	1.85
	-0.59
ZC3H14	0.77
ZC3H18	2.39
BAP1	-0.71
RIOK3	-1.78
RIOK1	0.2
MRPS18A	-0.69
BAX	-2.42
MRPS18C	1.62
DDX59	0.78
GEN1	-1.41
HMMR	0.11
TOE1	-0.43
NIPSNAP1	-1.17
PPP1R35	1.93
ZNF639	-0.77
FN1	-3.02
	-4.54
RC3H1	0.01
	1.01
SLAIN1	1.88
ENO3	4.96
DXO	0.61
ANKLE2	0.3
	-0.94
C8orf37	-0.6
SYNGR2	0.98
MBD4	0.65
MBD6	-1.24
MBD1	-0.79
MBD3	-1.81
GLMN	0.98
ARHGEF7	2.5
ARHGEF2	0.64
ARHGEF3	0.37
ARHGEF1	0.1
MIEF1	1.18
MIEF2	1.27
UNG	-3.77
POLRMT	1.16
UNK	0.08
DIDO1	-0.38
	1.2
MCM10	-1.7
PAIP2	-2.15
PAIP1	-0.26
BCAM	3.61
TYW5	0.85
BDH2	1.08
TYW1	-2.0
TYW3	-0.6
TRAF2	1.8
TRAF4	-1.7
ATP2A2	-1.63
ATP2A3	4.15
PNPT1	-2.45
ACIN1	1.97
PDE9A	1.6
	-0.83
PINK1	-2.26
MCU	1.0
SHFM1	-0.58
MUTYH	-0.44
PRKACA	-1.52
SLK	0.96
ZC3H7B	1.15
CCDC160	-1.32
CHD7	4.79
ZNF106	-0.82
TMEM97	-2.47
	2.1
FLOT1	2.41
PSRC1	0.36
DCAF5	0.3
AKR1E2	2.1
UPF1	2.24
UPF2	-0.55
ACTR6	1.61
ACTR5	0.84
ACTR3	0.09
ACTR2	-1.46
CCDC51	1.06
CCDC53	0.4
FAM43A	0.68
GALNT10	-0.33
GALNT11	0.16
CCDC58	-1.06
CCDC59	-0.21
ANKMY2	0.07
KIT	-3.72
ARAF	-0.04
KIN	1.26
NUCKS1	-5.29
PTTG1IP	-2.27
ATM	-1.17
ATR	-2.21
	-0.04
GJB3	-3.55
GJB5	-0.57
KTI12	-0.57
	1.41
ABCF3	0.61
ABCF2	1.18
ABCF1	0.96
ALMS1	3.91
MAGI3	-0.71
BLMH	1.86
MAGI1	2.1
CHEK2	-0.38
TDP1	1.7
SLC6A15	0.55
CHEK1	-1.27
	1.17
TFIP11	1.57
	-0.36
PPFIA1	-0.71
TSPAN31	-0.44
CCDC85C	-1.1
FRMD4A	-0.97
SET	1.68
OOEP	-1.7
OTX2	1.59
LRRC41	0.61
LRRC40	0.46
LRRC42	1.33
UTP23	0.27
UTP20	-0.92
ZBTB7A	0.42
LPIN3	1.41
LPIN1	1.32
AEN	0.89
CBX7	-0.59
CSE1L	-0.94
CBX5	0.18
NDUFB10	0.32
CBX2	-0.21
CBX1	-1.72
CDC73	-0.39
	-0.59
ZC3HAV1L	-1.77
TARS	0.94
UQCC2	0.88
GCFC2	2.89
SLC43A2	2.19
ENKD1	0.22
TMF1	1.2
	-0.74
SIGIRR	-2.34
CDCA7L	-0.82
PCYOX1L	0.6
UTP14A	3.42
UTP14C	-1.25
AP3D1	-1.07
NCKIPSD	0.37
IFI30	3.02
UBQLN4	-1.88
CREBRF	-0.77
MDM1	-1.51
MDM2	0.1
MDM4	-2.42
STRADA	0.0
AREL1	-0.57
CSRP2BP	0.15
CDAN1	1.22
SLC44A1	-0.69
SLC44A2	1.33
WDR53	0.65
LAPTM4B	0.65
PIK3CA	-0.85
PIK3CB	-2.5
PIK3CD	-0.45
ATRAID	-0.52
WDR59	2.63
LDHA	-0.03
SEC61A2	-0.95
FAM63A	1.25
NXF1	0.54
MAPKBP1	-0.82
GIPC1	2.2
ATXN7L3	-0.5
NCAPH2	-0.58
CIAO1	-0.56
ZSCAN18	2.44
TOX4	1.61
SCRN3	-1.54
SCRN2	1.23
PIK3C3	0.32
PLS1	2.4
PLS3	-0.77
PARD3	2.24
COPA	0.63
COPE	2.44
EIF2B4	1.58
EIF2B5	-0.49
EIF2B2	-0.01
EIF2B3	-0.39
RIBC1	0.98
EIF2B1	-0.76
PCF11	1.82
	0.75
	-1.81
RAD52	0.86
RAD51	-0.21
RAD50	0.02
RNF19B	-0.05
RNF19A	1.12
ANKRD52	0.42
PTPN3	1.7
	-1.74
ABHD17C	-0.59
ADIPOR2	-0.04
GDAP2	0.73
ANKRD54	-2.67
ADIPOR1	-2.61
FAHD1	1.13
TFCP2	-0.62
MCEE	0.23
PTPN2	-0.79
ALDH1B1	-1.02
CIRH1A	4.91
ZNF341	-0.92
KPNB1	-0.83
ZNF346	0.37
TAPBP	-3.58
	2.54
NMRAL1	1.6
NUBP2	-1.12
NUBP1	-0.3
DHX29	1.15
MYO5C	-0.44
MYO5A	-1.83
ZNF207	0.77
CDK18	0.02
ARID5B	-1.91
CDK12	-1.57
CDK13	0.16
CDK16	-0.27
CDK17	0.29
HGSNAT	0.95
CCNA2	-1.4
METAP1D	-0.27
CAB39	-2.1
PRPF4B	0.3
NUBPL	-0.5
	4.32
	3.66
CLDN4	0.53
HIST3H2A	1.57
CLDN7	1.08
CASP8AP2	-1.9
DCAKD	-0.84
PSMC3IP	1.05
NUDT12	0.53
RCOR2	-5.23
RCOR1	1.79
CLTA	-1.65
NUDT17	0.38
NUDT14	0.22
CLTB	0.38
SERPINI1	0.31
PRKRA	-0.45
PKN1	2.07
PKN3	-0.84
PKN2	-2.41
	0.33
LAPTM5	-0.12
GINM1	-0.81
RPS6KA1	-0.82
RPS6KA2	-0.18
RPS6KA3	1.15
RPS6KA4	-0.73
RPS6KA5	0.98
RPS6KA6	0.26
UQCR10	-0.42
UQCR11	1.19
THY1	-1.24
	0.93
	-1.54
BLOC1S6	1.46
SLC3A2	1.34
	-2.55
CEACAM1	3.97
PRKACB	0.73
MORC1	-5.06
	0.82
SHPRH	0.37
BMPR1A	2.73
PPP1R11	-2.09
PPP1R10	-0.92
ALKBH8	0.23
PPP1R18	2.37
ALKBH4	-0.72
ALKBH5	-1.7
ALKBH2	-1.91
ALKBH3	1.34
ALKBH1	0.89
PIK3C2B	1.64
PIK3C2A	-1.2
TOR1A	-0.52
RSL24D1	0.58
COMT	-0.1
DR1	-2.47
GADD45GIP1	2.93
GLCE	-1.13
EEF2K	-0.38
HAGH	-1.05
DNAJC30	-0.32
PUF60	-1.27
EIF4EBP1	0.81
EIF4EBP2	-2.76
ELMO2	-0.42
PAXBP1	1.79
CYC1	-1.14
SLC13A5	-1.36
PHKA2	-0.27
ABHD17B	-0.06
GDPGP1	-0.23
HSP90AA1	-0.16
ERO1L	1.37
ZNF598	-0.59
	0.98
EIF3I	0.93
PRKAA2	-0.77
ZNF592	1.1
ZNF593	-0.72
GRWD1	0.59
EIF3L	-0.83
TSC2	0.06
TSC1	0.21
TAF7	-2.19
TAF6	-1.02
TAF5	1.57
	0.61
TAF3	-1.86
TAF2	-2.05
TAF1	-2.11
ACTR10	-1.09
MAX	-1.69
SMC3	-0.18
MAZ	-1.55
SMC5	-0.35
SMC4	0.98
SLC33A1	-0.72
MAP2K3	0.5
MAP2K2	-0.98
MAP2K1	-0.54
GTSF1L	-1.48
MAP2K7	3.87
MAP2K4	1.25
CASK	-1.29
CAST	-2.49
INSIG1	-2.71
ATP8B2	-2.11
IL6ST	-1.32
ACTR1B	-1.99
ACTR1A	1.09
MORF4L2	0.78
MORF4L1	0.77
SMUG1	0.37
FANCD2	0.63
TBL2	-0.56
TBL3	-1.51
DISP1	-0.71
KDM5A	-0.98
C11orf24	0.09
KDM5C	-0.46
OTUD7B	0.08
C15orf57	-0.33
EPC2	-1.68
CSRNP1	0.81
CSRNP2	-1.15
EPC1	-2.0
GTF3C3	0.41
GTF3C1	0.25
GTF3C6	0.61
GTF3C5	0.11
GTF3C4	-0.46
TOPORS	-1.39
ENDOG	-0.65
SYCE1	1.04
SYCE2	1.36
MED6	-0.01
ABRACL	-1.74
MED4	2.27
MED8	0.64
MED9	-2.28
CXADR	0.68
TMEM248	-1.38
ATP5J2	0.72
TMEM245	-0.34
CPT2	1.17
MREG	-3.03
TMEM242	1.74
KXD1	1.12
LRRC47	-0.86
FASN	0.65
WIPF2	0.74
FAM3C	-1.52
BBS10	0.52
SPTY2D1	1.27
RBM15B	0.51
TDRP	0.43
UBIAD1	0.82
TFEB	-0.49
LSR	-0.19
LSS	-0.95
LEPROTL1	1.92
PIP5K1A	-0.92
KPTN	1.31
TMTC4	1.48
TMTC3	-2.1
EPM2AIP1	1.69
RNPC3	0.31
TERT	2.02
CDC16	0.68
NUAK2	0.51
TMEM259	-0.71
DFFA	-0.28
DFFB	-0.25
ZCWPW1	3.09
LUC7L3	-1.55
BCOR	0.28
NASP	-0.67
SF3B5	0.29
SF3B4	-0.02
	-0.6
SF3B1	0.39
SF3B3	3.82
SF3B2	-0.49
SYVN1	0.72
PHLDB1	0.1
SCLY	1.06
TIMM22	-0.53
TIMM21	-0.28
AP3B1	-0.18
PLA2G6	1.32
RDH11	0.73
RDH13	-0.93
CCDC127	0.59
GRHPR	-0.97
CCDC124	2.94
STX4	-1.47
VPS45	1.49
DHPS	0.31
VPS41	0.65
ODF2L	-0.25
GPI	0.39
PCYOX1	3.7
USF1	-0.28
MICU3	1.86
MICU2	2.01
MICU1	2.04
	-0.81
PYGO2	-0.98
STRA13	1.0
VPS4A	2.33
VPS4B	-0.64
TUT1	0.29
BCKDHB	0.13
	-1.44
	-2.15
BCKDHA	0.62
YLPM1	1.6
CHMP1B	-1.48
CHMP1A	0.31
CTCF	0.37
UBE2Q1	-3.19
MTRF1	1.06
	-0.69
	0.38
ILDR1	2.64
DHRS13	1.02
IQCC	2.53
IQCG	1.11
SUPV3L1	-0.26
CD320	-0.89
KIAA0586	2.21
KRI1	0.2
CTC1	0.44
DNPH1	-0.87
CDC14B	0.31
ALDH6A1	-2.6
	0.83
	-0.09
USP54	2.73
USP53	-0.8
SSBP1	0.07
SYF2	-1.2
GART	0.73
SSBP4	0.36
BPNT1	-3.7
NUP98	-2.75
MND1	-1.61
NUP93	3.51
PICK1	0.38
C14orf39	-0.41
ARID3A	0.17
ARID3B	0.21
PCCB	-0.41
PCCA	4.02
UBAC2	0.54
UBAC1	0.37
FDX1	1.33
	-0.91
TMED7	-3.32
TMED5	-1.33
TMED4	-1.01
TMED3	1.64
TFE3	-0.76
TMED1	-1.25
RAD54L	-1.1
NQO2	-0.78
TMED9	-0.06
NQO1	4.28
CACHD1	2.06
ADSS	-1.25
STAG2	1.77
STAG3	3.85
STAG1	2.07
IPP	2.97
SFSWAP	0.41
FDXR	0.13
	0.29
ADSL	1.43
EHHADH	-0.81
UHRF1	0.68
UHRF2	1.67
	1.92
TSG101	-1.0
MKI67	-1.76
PIEZO1	5.73
VPS33B	0.01
VPS33A	1.24
SPIN1	-0.86
PALD1	-0.02
MPND	-0.99
COASY	2.11
BMF	0.09
ABI2	-2.17
RPS6KC1	0.62
	1.18
CPOX	0.8
CREBBP	-0.05
GPATCH8	0.19
GPATCH4	-1.33
GPATCH2	0.42
GPATCH3	0.3
GPATCH1	0.91
RAB35	-0.58
HDDC2	0.08
C16orf91	-1.37
	-0.4
GRSF1	-3.62
NR2C2AP	1.91
TMEM50A	0.37
PPAN	-0.29
TOR3A	2.15
PPAT	-1.03
	1.28
ASB6	-0.86
	-1.05
PPWD1	3.77
	1.86
TFPT	0.28
RRAGA	0.56
DDI2	-1.48
RRAGC	0.35
RRAGB	-0.73
AP1M2	2.95
CELSR3	0.49
AP1M1	0.51
NIFK	-0.17
ENSA	1.21
PPA1	0.24
HP1BP3	-2.82
MTMR14	-1.2
RIPK1	1.02
RIPK3	0.82
RIPK4	3.07
SDC1	1.27
EHBP1	1.13
PRKAG1	-0.65
PRKAG2	-0.05
APBB1	-0.86
APBB2	2.57
NAV1	0.98
CABIN1	-0.72
MAF1	-1.8
OSTC	0.16
DNAJC16	0.47
DNAJC17	0.98
DNAJC14	0.01
DNAJC15	0.82
DNAJC13	-1.49
DNAJC10	-0.31
DNAJC11	-0.33
RHOC	2.8
RHOB	1.52
RHOA	0.61
GNAI2	-2.17
GNAI3	-1.85
LIG1	1.31
FAM195B	1.88
NELFA	-0.05
G6PC3	2.47
NELFE	0.65
HECTD4	-0.16
TMEM59	-2.13
TMEM57	-1.83
GCA	-0.88
CTNNA1	2.04
POU2F1	-1.07
PAPSS1	1.42
WDYHV1	0.23
MID1IP1	3.1
MAFG	0.47
	-2.19
CAMKMT	-1.56
ACTN1	1.01
ACTN4	0.01
PARP12	-2.58
EMC2	-1.39
CCDC14	0.28
CCDC15	1.46
SIAE	1.66
OLA1	1.08
CCDC12	-0.06
KDM3B	-1.19
KDM3A	0.94
CCDC18	0.03
MRFAP1	-2.24
EMC1	-0.76
ANPEP	1.81
ETHE1	-0.52
G2E3	-0.95
TCF7L1	1.17
TCF7L2	-0.18
TMEM261	-1.43
TMOD3	1.14
EMC7	-0.42
AKR1A1	1.1
KIFC3	2.87
KIFC1	1.63
TMEM199	-0.49
TRA2A	-0.93
TRA2B	-0.92
MFSD1	-1.74
TLDC1	2.22
MFSD3	-0.12
MFSD5	-1.16
C15orf40	0.16
DENR	-2.17
AHSA1	-2.32
	-0.84
NAA38	0.04
SPTA1	1.63
DIP2A	0.91
CORO7	0.9
CASP6	0.09
THAP1	-0.64
THAP3	-1.47
CASP2	1.73
CASP3	2.98
TRIOBP	1.17
THAP7	0.09
GNB4	-1.93
WRNIP1	-1.21
DET1	0.48
MAP1A	-0.86
MAP1B	-4.01
C14orf166	0.9
YY1	-0.35
AIMP2	-0.16
CLSTN1	-1.11
ALDH3A2	-0.43
MAP1S	2.21
ELP6	-0.25
ELP5	1.25
ELP4	0.39
ELP3	1.95
ELP2	-0.79
CDK5	-0.79
TRAPPC2L	1.02
ACVR2A	0.11
ACVR2B	1.2
NSMCE4A	-0.43
AKAP1	-1.22
TP53	-0.62
SEPHS2	0.94
SEPHS1	0.55
AKAP8	0.9
	-0.66
	0.85
ZBTB39	-0.27
ZBTB38	1.05
RNPEP	1.16
SEC23IP	-0.33
TRIP11	0.98
ZBTB33	-0.07
PHLPP1	-0.25
TIMM44	2.08
	0.33
CLMN	-0.21
CEP290	-0.72
MAP10	-0.65
AKAP8L	0.45
NDUFA2	-0.88
VAC14	1.64
PAFAH1B3	-1.64
PAFAH1B2	-0.3
NPR1	0.0
CCDC107	0.73
PIKFYVE	0.57
KIAA0922	-1.23
MOCS3	1.1
TM7SF3	-2.37
TM7SF2	0.42
VPS25	-0.64
WDR92	1.12
WDR91	-0.02
WDR90	1.4
NDUFAF7	1.3
EXOSC7	2.75
KIAA1468	-1.58
NDUFS4	-0.76
EXOSC5	-0.83
FAM98C	-1.78
WDR45B	-0.65
NDUFS6	0.36
FAM98B	1.79
NDUFAF2	-0.69
ARHGEF12	-1.44
EPCAM	0.43
DTX3L	1.21
SPG21	-2.2
	-0.57
MGAT1	-0.58
MGAT2	-1.12
G3BP1	0.27
G3BP2	-1.34
NT5C3A	0.64
NT5C2	0.46
TOR1AIP2	-0.33
TOR1AIP1	0.0
ROBO1	-1.4
ROBO4	0.09
TXNDC9	1.94
MPC2	-2.09
CDC123	0.74
GPKOW	-0.19
TXNDC5	-2.9
UFD1L	-0.33
	-1.59
SCYL2	0.85
SCYL3	0.21
MCAM	0.8
CBFA2T2	2.78
MCAT	-0.12
GBF1	-1.02
DHRS7B	-0.23
	0.66
	-3.02
ZNF384	-0.07
ZNF383	0.04
ZNF382	0.26
GALT	-0.74
MRPL24	0.58
MRPL27	0.46
MRPL21	-0.13
MRPL20	0.38
MRPL22	-0.54
RAD9B	-0.45
RAD9A	0.57
TATDN1	-0.68
RRP7A	0.46
TATDN3	-0.05
TATDN2	0.66
GALE	2.07
GALC	-1.33
GALM	1.08
SEC31A	-0.67
	-0.73
HCFC2	0.58
MTRF1L	2.3
ERLEC1	1.18
CSNK1G2	-0.77
CSNK1G3	2.44
CSNK1G1	-1.06
CRMP1	-1.11
TNKS	0.97
AP2M1	-2.25
CRAMP1L	-0.18
CLP1	0.69
ARID1B	1.92
ARID1A	2.11
ATRN	-1.39
MKRN2	1.27
UROD	-0.9
ATRX	0.24
CCNE2	1.56
DES	2.33
DEK	-2.36
AIFM2	1.64
AIFM1	0.02
IVD	0.68
TNK2	0.03
TNK1	0.6
CD63	0.06
SEH1L	-1.79
CLPP	0.16
CD68	-0.47
EIF4ENIF1	-2.73
ASRGL1	0.22
CLPB	-0.37
RYK	-1.31
TONSL	0.49
FBP2	-0.44
MTPAP	1.31
PCBD2	0.86
MYO19	-0.69
MYO10	-2.22
NUP133	3.93
ACD	1.81
CEP192	-2.37
RAD54L2	-0.89
QSER1	-0.58
MYO1G	2.47
MYO1F	0.58
MYO1E	2.79
MYO1D	-0.07
MYO1C	0.69
MYO1B	-1.21
BAZ2A	-2.26
BAZ2B	0.51
PC	-0.53
C5orf45	1.92
NMT2	-0.5
NMT1	0.41
KIAA2022	-3.11
RYBP	-0.25
PPCS	-2.75
SDE2	0.73
SOS1	-0.61
CACYBP	-4.39
SH3GL1	-0.89
SH3GL2	-2.49
BRI3BP	-2.67
STK40	-1.61
CIAPIN1	1.68
TK1	1.99
GLG1	3.18
AKT2	-1.15
TOP3A	0.92
TOP3B	-1.84
NAA16	3.16
NAA15	-1.15
NAA10	0.19
NAA11	1.05
FUBP3	-1.37
FUBP1	3.79
SLU7	1.12
EZR	1.84
	-0.47
RTEL1	-2.35
	-0.42
C2orf49	1.06
RBCK1	2.52
AGTRAP	-1.44
MAD2L2	-1.79
MAD2L1	4.15
TAB3	-1.33
TAB1	1.16
FAM222B	0.31
LETM1	0.26
MME	-4.86
PPP1R7	0.29
ADCY3	-1.14
CPD	-0.77
PPP1R8	0.2
KRTCAP2	-1.14
TMEM79	3.76
KANK4	1.26
NRDE2	0.76
KANK3	2.31
KANK1	0.25
TMEM70	0.28
	-3.91
TTC26	-0.29
SLC7A6	2.49
SLC7A7	1.17
SLC7A5	1.78
SLC7A3	-2.47
SLC7A1	0.75
GARNL3	-0.94
ZNHIT3	-0.29
SLC17A9	-3.35
STUB1	-3.39
PSMD9	-1.08
PSMD8	-1.49
PSMD5	0.66
PSMD4	0.54
PSMD7	2.3
JUNB	4.02
PSMD1	-0.18
JUND	1.92
PSMD3	-0.39
PSMD2	1.39
AGPAT5	0.47
AGPAT4	0.03
AGPAT3	0.44
IFRD1	0.07
AGPAT1	-2.23
NPRL3	2.47
NPRL2	1.16
SLC37A3	-0.37
SLC37A1	-2.38
NPC1	0.59
ITPRIPL1	-0.38
ERMP1	-0.1
TMEM201	0.15
NIPSNAP3A	-0.61
TMEM205	-0.76
TMEM206	0.77
TMEM208	0.92
TMEM209	-0.9
TEN1	0.28
ATP5F1	-1.28
ZNF446	-1.67
ZNF444	-0.78
ZNF445	0.3
MRAS	-1.01
ZNF449	-0.77
MCFD2	-0.6
MRPL9	-0.59
TOMM40L	-0.18
LARP4B	-1.03
RFC5	-1.02
RFC4	0.3
RFC1	-0.57
RFC3	0.72
RFC2	-1.03
SARS	1.81
BTBD11	1.67
	1.34
KLHL7	-1.64
KLHL2	1.91
EMP1	-1.6
KLHL8	2.53
KLHL9	1.09
SMAP1	0.51
SMAP2	-1.34
PAF1	-1.22
UACA	-1.54
ATF7IP	-0.48
UHRF1BP1L	-1.32
RLIM	0.26
KDM1A	-0.76
	-1.07
FIG4	-0.85
RIMKLB	-2.12
GCC2	0.6
GCC1	0.36
RIF1	-3.78
ANO9	-1.38
STAU1	-0.55
ITSN1	0.15
ANO6	-1.94
ITSN2	-1.19
KIF23	-1.38
KIF22	-0.11
NKX6-2	2.62
IRF3	0.77
IRF1	-2.17
SPCS1	2.67
SPCS2	-0.12
DSTN	0.37
IRF9	1.52
CLK1	-0.91
CLK2	0.62
CLK3	1.21
CLK4	0.47
HERPUD2	1.0
ZBTB11	-0.5
ZBTB10	-0.27
ZBTB17	-1.98
ZBTB14	2.53
FDXACB1	0.86
TSR1	0.82
PHGDH	1.54
AGFG2	-1.05
CTTNBP2NL	-1.14
AGFG1	-2.8
GTF2H3	-0.98
GTF2H2	-0.59
GTF2H1	-0.97
CDC42SE2	-0.55
ZFP36L1	-0.82
GTF2H5	0.02
CDC42SE1	0.3
ABHD2	-2.06
ERAL1	1.27
ABHD5	1.82
WDR7	-0.04
WDR6	1.26
WDR5	-1.96
WDR4	-0.58
WDR3	-0.76
WDR1	-0.87
	-0.5
MDC1	-0.79
MLXIP	-0.34
USB1	1.33
MINPP1	0.46
PTGFRN	-0.12
TROAP	-0.76
	0.39
C8orf58	2.03
LPAR5	1.05
	-0.86
VIM	-6.07
TYRO3	-2.74
GIN1	0.37
FECH	0.03
TSEN34	-0.69
NODAL	-3.19
BRMS1	-2.03
	2.06
BARD1	0.33
MKS1	1.28
SFXN1	-1.25
RRP12	-1.37
MIIP	-0.07
RRP15	-0.84
	-2.05
CLNS1A	-0.76
	-0.38
FAM179B	-1.96
USP10	1.87
USP11	3.7
USP16	-1.85
DSP	-0.99
USP14	1.27
USP15	-0.07
USP19	-2.28
FUK	5.3
PRPSAP1	-0.04
PRPSAP2	0.86
RRP1B	1.06
HS2ST1	-1.03
METTL17	0.24
METTL14	-1.21
MINA	0.99
METTL15	0.49
FAM185A	-1.15
NAPEPLD	0.87
RAMP3	-0.88
SLC4A1AP	0.59
SYK	-0.08
ADAMTS14	-1.47
OARD1	0.13
	1.16
FRS2	1.22
	0.69
	-0.08
PDRG1	1.68
MAN2B2	1.87
MAN2B1	1.54
URM1	1.2
RAP1B	-2.53
OXA1L	2.85
SMTN	2.08
L3MBTL2	-1.27
OCLN	1.8
EP300	-0.15
	0.84
GPRASP1	-1.95
NCOA2	2.06
NCOA3	0.49
NCOA1	-3.88
	1.65
NCOA5	1.22
NEFL	-2.46
NEFH	-1.2
REV1	2.93
CDR2L	-0.55
GABARAPL1	0.42
ATF6B	-1.73
C5orf34	-0.82
PIP5K1C	-1.85
BID	1.25
PPP4R1	1.48
CCNG1	-2.71
ARMC8	-0.79
ARMC9	0.08
ARMC6	2.21
ARMC5	1.01
ARMC1	-1.32
BCAP29	0.59
RELL1	-2.72
FBRS	-1.72
RNH1	-0.16
HJURP	0.69
C9orf116	0.44
SNIP1	-2.09
XRCC5	1.49
XRCC6	-0.25
GSK3A	-1.28
GSK3B	0.42
VARS2	0.32
DMWD	-1.32
INF2	1.21
HIRA	-0.76
PMF1	0.78
QDPR	-2.84
DYNLL2	0.83
SDC4	-1.7
MAPK14	-1.55
	-3.51
WFS1	1.06
CAMK1D	2.59
MGEA5	-3.85
ATP5J2-PTCD1	0.22
HNRNPUL2	0.56
HNRNPUL1	-1.04
GLE1	-0.13
SAP30	-0.67
GPBP1L1	-1.84
NAA35	-0.41
NAA30	0.05
METTL21A	-0.86
TRIP10	0.22
ALDH5A1	1.02
TRIP12	-0.81
TRIP13	-1.11
PDE1B	-0.94
ADAM9	0.67
AATF	0.59
DNM1L	-2.17
GAN	1.73
MKRN1	-1.84
SNRNP25	0.49
TOMM34	-0.67
SNRNP27	3.07
EDF1	0.85
TMEM11	-0.08
	0.62
TMEM19	0.63
ITPA	0.43
CRK	-2.21
ORAI1	-0.22
ZNF322	1.48
KIRREL	1.74
MTA1	-1.68
	-2.22
BDP1	-0.81
COX7A2	-2.23
TTC27	-0.79
ARL5B	-0.99
UFL1	0.01
ZNHIT2	-0.07
ZNHIT1	-0.92
ZNHIT6	0.05
ADAT3	2.3
ASCC2	1.75
NPM1	0.31
DUSP7	0.63
NPM3	-1.26
KANSL3	0.13
KANSL1	0.96
TRO	-0.75
KIF24	0.35
PSMF1	1.07
FN3KRP	0.58
	-0.4
ATMIN	-0.71
RSBN1L	0.04
PAPD7	0.68
MEN1	-0.38
KIAA1033	-3.49
TMEM222	-1.15
NABP2	-0.17
NABP1	1.03
ZNF462	0.64
ACAD11	-1.69
NSF	0.79
SPNS1	-2.62
KIF2A	-1.07
KIF2C	1.03
KIAA1522	2.39
YPEL3	0.24
	2.57
POGZ	0.33
GNG5	-2.38
UBE2J2	-1.08
ECH1	1.05
MIPEP	2.25
DPY30	-1.13
GCAT	-2.62
SAT1	1.24
ATG16L1	0.41
MYLPF	1.06
	-1.96
SULT4A1	0.28
PCYT2	-2.47
MTFP1	1.25
SRA1	-0.12
OXSR1	0.58
NSDHL	-0.61
KIF7	1.99
KIF4A	0.14
MNS1	-0.53
ZFAND6	-2.91
ZFAND5	-0.76
ZFAND3	-0.62
TIMM8B	-0.3
HR	1.92
PET117	0.52
LIFR	-1.49
AMOTL1	0.18
AMOTL2	0.42
PGM2	-0.95
TCTN3	-0.3
RBPMS2	0.85
BAMBI	1.05
TMEM185B	-0.76
	-0.69
SUGP2	1.1
SUGP1	1.95
SPAG9	-0.35
SPAG7	-0.13
SPAG5	0.62
YDJC	1.09
SPAG1	-1.13
WDSUB1	0.58
SMARCD3	1.05
SMARCD2	1.47
SMARCD1	0.28
NCAPH	0.64
NCAPG	0.11
FAIM	-2.42
PGM3	-0.73
BLZF1	0.95
ROCK1	-1.43
ROCK2	-2.66
GPC1	-1.66
GPC3	-2.58
GPC4	-1.53
	-1.54
BBS9	-0.17
TGFB1	-1.33
BBS2	2.6
BBS5	-0.68
BBS4	-1.64
PRKAR2A	-1.18
TARBP2	-0.37
	1.59
REPIN1	1.21
NR1H2	-1.66
	-0.7
	1.73
	2.97
ZNFX1	0.52
H6PD	2.22
ACBD3	0.42
ACBD6	-1.12
ACBD5	-0.93
HBS1L	0.92
ZMYM2	1.83
ZMYM3	-1.16
FAM160A2	-2.56
ZMYM1	-0.92
ZMYM6	0.84
ZMYM4	-1.74
AMACR	-1.36
AMPD2	-1.05
TOP1	2.89
MMACHC	-0.56
TGFBI	-3.7
NRF1	-0.88
DPM3	-0.94
DPM2	0.76
TWSG1	-2.42
LYPLA1	-3.35
BAHCC1	4.16
POLR3F	-0.03
POLR3G	-1.63
POLR3D	1.91
POLR3E	0.72
POLR3B	-1.7
POLR3C	-0.86
POLR3A	3.04
POLR3K	1.17
POLR3H	-1.37
ENOX1	2.63
RRP36	0.65
	-0.23
TENM3	2.39
TENM4	-0.52
MIOS	-0.23
GPALPP1	2.37
CPSF3L	-0.92
DLGAP5	2.51
USP38	1.6
USP39	4.65
GLT8D1	0.58
TPGS2	-0.67
USP32	-0.65
ACOT13	3.39
USP34	0.7
USP36	0.19
USP37	-0.19
PPP1R15B	0.99
COPZ1	-0.46
PABPN1	-1.73
SSH2	-1.39
SSH1	0.86
CTBP1	0.63
TST	-3.33
HEMK1	-0.03
CINP	1.1
NFX1	0.09
CIC	-0.49
	1.03
KCTD17	0.52
HMGCL	-0.36
NAP1L1	-2.75
PLRG1	1.19
NAP1L4	-0.17
CCDC66	0.65
HMGCR	-3.48
CIT	-2.24
FGF4	1.39
GET4	-1.73
EXOC6B	2.29
THAP4	-0.11
SETDB1	-2.27
PMEL	-0.47
DPYSL5	-0.27
DPYSL2	3.66
DPYSL3	-5.01
ARL6IP6	-1.93
ARL6IP5	2.87
ARL6IP4	-0.88
DAB2IP	0.51
ARL6IP1	-3.88
	-1.15
SLC35B1	-1.49
PES1	-0.71
FCHSD2	-0.51
SLC35B2	-1.72
SLC35B4	-1.84
CHPF	-0.55
UBR1	1.48
PSMB10	2.36
FPGT	-0.07
FPGS	-2.46
UBR5	-2.06
DENND5A	-1.69
PPP1R9A	2.03
PPP1R9B	-0.09
CCNB1IP1	-0.22
AGL	1.14
AGK	0.81
CHP1	-0.9
AGA	1.1
	-0.8
GGCX	1.56
TSEN2	-0.15
XYLB	0.42
PCYT1A	0.27
PGM2L1	-0.07
PCYT1B	0.06
MYEF2	0.03
QSOX2	-0.45
QSOX1	1.05
VAPB	-1.68
VAPA	-2.41
CALCB	2.91
DGKZ	2.88
PUS1	-0.57
PUS3	0.59
PUS7	-1.56
CSAD	3.91
DGKH	1.91
BMPR2	0.71
DGKA	2.64
DGKD	-0.24
DGKE	-1.78
OGT	-1.86
TCP1	-0.53
PWWP2B	0.91
PWWP2A	0.98
TAF11	-0.67
DNTTIP1	-0.92
DNTTIP2	-0.57
EVL	-0.43
EVC	0.09
UBN2	-0.37
UBN1	-0.93
HEATR5A	-0.9
NAA50	-1.92
CREB3	1.84
CREB1	-1.55
IMPA1	-1.38
IMPA2	-0.69
B4GALT1	-1.25
B4GALT3	1.59
FUT8	-0.12
B4GALT5	-0.93
B4GALT6	0.68
EHMT1	1.28
EHMT2	1.98
TRAP1	0.33
AARS	4.44
MAP1LC3A	-0.05
PDE7A	-0.4
	1.85
ASTE1	1.42
AARD	-6.05
AGGF1	-0.1
	-3.74
SFN	2.25
SERAC1	0.05
NCAM1	-0.61
UBOX5	0.74
ZC3HC1	0.34
TMEM37	-0.74
TMEM33	-2.12
CNEP1R1	0.18
CTH	-0.71
DDAH1	3.58
DDAH2	-3.39
SESN1	-1.39
PGD	-1.12
RPL37A	-2.77
CRYZ	1.11
	0.37
RABGGTB	-0.09
RABGGTA	2.09
C9orf64	1.17
PGP	-1.0
F2RL1	3.53
DNMT3B	-0.81
DNMT3A	0.95
	-0.81
DNMT3L	-3.35
SDCBP	0.55
MELK	0.81
RIMS2	-1.25
IGBP1	0.2
SSR1	-0.96
RANGAP1	0.8
CAAP1	-0.32
DDHD1	1.15
DDHD2	1.74
PDZD11	0.93
ZDHHC20	-0.26
ZNF407	0.54
CDK11A	-1.93
RBM26	1.47
RBM27	-1.6
	-1.79
RBM22	-0.62
ICMT	1.19
ENAH	-0.33
RBM28	-0.15
YKT6	-0.02
LPAR2	-0.85
SH2B1	-0.46
KIF20B	-2.43
IREB2	-1.64
GSPT2	1.25
GSPT1	-0.18
STMN1	-2.47
STMN3	-3.86
STMN2	-6.05
EIF2AK1	-0.32
EIF2AK3	2.83
EIF2AK2	-0.07
UBE2D3	0.01
UBE2D1	-2.42
FKBP1A	0.72
SLC25A17	0.74
SLC25A16	-2.52
SLC25A15	-0.77
SLC25A14	0.43
SLC25A13	-1.03
SLC25A12	1.96
SLC25A11	-0.54
NUDC	-2.45
CRBN	3.1
FKBP15	-1.67
FKBP10	4.79
FKBP11	-0.36
PFKM	1.41
NEDD4L	-0.15
C19orf43	1.22
MTFR1	-3.52
MTFR2	-2.35
C12orf57	0.55
IFITM2	-0.94
	-4.24
	-2.85
SLC12A2	-2.57
TUBG1	-0.24
COPG2	-0.49
COPG1	5.42
APAF1	1.16
C15orf41	1.38
CWC25	0.35
ZNF518A	-1.21
SPINT1	-2.0
ZNF518B	-1.17
SLC12A8	-0.19
SPECC1L	0.88
DCP1A	3.1
SUCO	2.16
IGSF9B	1.75
KIAA2026	-0.38
KEAP1	-1.4
UMPS	-0.51
TXNL1	0.53
PGPEP1	2.89
PCOLCE2	-2.36
SLC4A5	-1.16
CLGN	-1.07
ANK3	-2.66
MAN1A2	-1.0
SLC4A2	2.33
CUL5	-1.58
CUL7	2.05
SLC4A8	1.59
CUL2	-2.07
CUL3	0.07
HSPA4L	0.62
CRY1	0.97
OVCA2	-1.36
PTP4A2	-0.1
IGF2BP1	0.27
IGF2BP3	4.61
IGF2BP2	-5.03
PGAP1	-2.28
DCBLD2	-1.49
DCBLD1	-3.28
MFAP3	-0.3
RARS2	1.74
CDH1	4.09
CDH3	1.46
GPAM	-1.58
NT5C3B	2.26
	2.85
EEA1	-2.82
CEP57L1	-2.24
NEURL4	-0.78
EIF5B	3.23
EIF5A	-1.27
ENOPH1	-3.21
TXN2	-2.4
POLR1A	6.65
POLR1B	-0.34
POLR1C	-1.22
POLR1D	-1.88
POLR1E	-0.24
TGIF1	0.58
LGMN	1.11
FYN	0.67
CREB3L2	-1.35
CCNDBP1	-0.43
CREB3L1	-1.64
PLEC	4.25
FRA10AC1	-1.55
SNX27	1.47
CDKN3	0.97
QRICH1	0.74
MRPL43	1.64
MRPL42	-1.44
MRPL40	-0.7
MRPL47	0.18
MRPL46	0.15
MRPL45	-0.23
MRPL44	-0.16
MRPL49	-0.03
MRPL48	2.75
ZMYM5	2.26
GLTSCR1	-0.4
GLTSCR2	0.96
TIPRL	0.22
PPP1R13B	1.74
DPPA4	1.86
PPP1R13L	-1.1
SMPDL3B	0.61
RBPJ	-0.18
FAM110A	1.14
CIPC	0.92
C11orf68	2.35
MTBP	2.05
HIST2H2AB	1.02
MAPKAPK2	0.18
	-1.27
TNFRSF21	-0.55
C1orf131	2.94
TSTD2	1.55
	1.84
LAP3	-1.75
FGD6	-1.19
FGD1	-2.54
CKB	-5.81
GMFB	1.8
STXBP1	-1.66
SNAPC2	2.67
SNAPC1	1.06
STXBP2	4.43
STXBP4	-0.41
SNAPC5	-0.75
SNAPC4	-0.55
FMR1	-1.87
	0.17
URI1	-1.74
BHLHB9	0.04
FAM210A	-0.37
NT5C	1.12
	-0.12
KRAS	-2.28
NENF	1.1
RHPN2	-0.02
EZH1	1.37
EZH2	-0.98
ZMIZ2	0.7
SLC35D1	1.81
DDX19B	1.53
RAD51AP1	-0.61
VDAC3	0.98
VDAC2	1.62
VDAC1	2.06
RALGAPA1	0.04
RALGAPA2	0.07
	0.51
AES	-3.84
RCN3	-0.46
RCN2	-0.76
RCN1	-1.27
API5	-0.95
RRP8	0.96
RRP9	-0.21
NPEPL1	2.33
PHIP	-0.94
DTWD2	-0.3
GRAMD1A	0.54
DTWD1	-0.16
VARS	1.98
SIDT2	1.09
CDC37L1	-3.92
OAT	1.65
KIFAP3	1.85
NUDT16L1	0.03
PPIG	-1.83
PPIF	1.67
PPIE	0.56
PPID	1.1
PPIC	-0.93
PPIB	-0.42
IGF1R	1.08
NUP153	-0.11
C20orf27	-1.64
GRB2	-1.31
NUP155	-0.17
UBC	1.8
UBL5	-0.23
UBL7	-2.31
	-1.14
AQP3	-4.62
UBL3	-0.12
MRPS18B	1.78
NCBP1	-0.33
TAX1BP1	1.72
SMIM12	-0.63
SMIM15	-0.97
SMIM14	0.29
IK	0.86
COX6A1	-1.74
GPCPD1	0.76
PRKRIP1	-0.51
AHCTF1	-0.36
ACSL3	-0.35
HNRNPR	0.05
ACSL1	1.23
HNRNPU	1.04
ACSL4	-3.18
ACSL5	-1.37
ARL10	0.61
HNRNPK	1.21
ARL15	-1.1
HNRNPM	0.29
HNRNPC	0.56
HNRNPD	-1.86
HNRNPF	-0.6
	-0.29
KHSRP	-0.51
	1.11
STK25	-1.67
STK24	1.08
HELZ2	1.11
	-1.39
DDA1	-0.86
MARCKSL1	-3.41
WBSCR22	-0.16
MANF	-2.7
CAMLG	-0.84
PIN1	-0.75
FZD5	1.62
FZD7	-0.43
PLXNA3	0.3
HPDL	1.26
PLXNA1	4.65
RPL35A	-2.23
PIR	0.16
TJAP1	1.87
C5orf42	1.08
CCDC94	-1.13
PPP2R2D	-2.67
CCDC97	0.45
PPP2R2A	2.41
PQBP1	-1.59
CCDC93	-0.97
	0.37
PSMB7	0.71
PSMB6	0.76
PSMB5	2.81
PSMB4	-0.77
PSMB3	1.51
PSMB2	0.42
PSMB1	-1.16
ZNF799	1.21
ZNF791	-0.06
EEF1E1	-0.03
PGAM5	0.76
TRIB3	2.48
PREX2	-2.04
MRPS28	0.19
MRPS26	-0.12
MRPS27	0.92
MRPS24	-2.98
MRPS25	1.36
MRPS22	0.6
MRPS23	-1.18
MRPS21	-1.15
	5.88
HIST1H2AA	1.73
ZNF423	2.55
HIST1H2AL	0.53
HIST1H2AJ	3.92
ZNF428	-1.76
HIST1H2AK	2.14
NAT10	2.02
	3.43
RAB4B	-1.82
RAB4A	-0.72
C19orf66	0.82
DENND3	-0.54
SMOC1	-1.21
WFDC2	0.52
NDUFA6	-1.22
NDUFA7	1.71
NDUFA4	-0.23
NDUFA5	-1.14
DEPTOR	-0.27
NDUFA3	1.05
NUF2	-1.81
NDUFA8	-0.74
NDUFA9	2.06
CORO1B	-0.94
CORO1C	-0.72
ARHGAP32	-0.04
CORO1A	0.66
VEGFA	-0.8
LRCH1	1.48
VEGFC	2.02
LRCH3	0.53
ARHGAP39	1.5
SMAD3	0.99
TPGS1	-0.36
YES1	-3.47
CEP95	-1.97
USP33	-0.15
ECT2	-0.92
SSNA1	-0.21
HUWE1	2.02
SLC25A36	1.63
	0.82
GOLM1	0.4
SLC25A33	-2.36
SLC25A32	-1.72
SLC25A39	-0.48
HEATR6	0.42
HEATR3	1.05
HEATR1	-0.17
POC5	-1.05
C5orf15	-1.66
	2.89
DDX17	0.18
DEF6	3.11
DDX10	-1.09
DDX11	-1.18
CR1L	-0.81
DEF8	0.34
DDX18	-0.25
RC3H2	-1.03
IGHMBP2	1.32
GPR107	-1.9
NOC4L	-0.46
CMIP	1.74
IPPK	0.03
	-0.02
SRSF4	1.32
SRSF7	-0.11
SRSF6	-1.3
SRSF1	0.94
CDKN2D	-1.56
SRSF2	-1.07
SRSF9	-2.36
DHTKD1	-0.13
TUBE1	0.64
UTF1	0.74
SLC38A4	-1.18
SLC38A7	4.02
SLC38A1	1.48
NCK1	0.07
SLC38A2	-1.47
DARS	-1.9
ARVCF	-1.49
SLC38A9	0.05
LRRC1	1.23
LRRC2	0.44
LDLRAD3	-0.44
C6orf203	-0.64
PRKCI	1.57
DEGS1	-2.43
SUGT1	3.63
PRPS2	2.83
PRPS1	-1.02
PRKCD	1.35
PRKCG	0.38
TOM1L1	-1.62
MYO18A	1.47
ZIC5	0.16
ATG7	2.11
ATG5	-1.68
TSN	-0.84
PRDM14	-0.23
SNTA1	-1.41
CDV3	-1.19
	0.37
ARMCX4	-2.3
ARMCX2	2.38
ARMCX1	-2.87
KLF6	3.69
KLF5	1.67
KLF4	-1.32
KLF3	-0.48
KLF2	-1.64
KLF9	-1.61
KLF8	-0.89
ZC3H11A	-0.29
AURKB	1.24
NCAPD2	2.25
NCAPD3	-1.34
RRM2	0.62
RRM1	1.41
MFSD12	-0.55
HACL1	-0.31
REST	0.72
C12orf4	-1.34
TWISTNB	0.36
CCDC181	1.33
PATZ1	-1.32
	0.13
ZNF652	-0.38
ZNF655	-1.02
ZNF654	-2.32
TRMT1L	-0.8
CTBP2	-1.96
	-2.08
GATAD1	-0.21
RPAIN	1.51
AJUBA	3.34
TRMT11	0.29
TRMT13	0.74
PRRC2C	-1.44
PRRC2B	1.47
TNRC18	1.43
	0.42
PDCD6IP	-0.47
TXNL4A	-2.76
TCEAL8	1.61
NUMA1	-0.29
PARP1	1.7
PARP2	3.48
ZCCHC9	0.92
ZCCHC8	-0.36
SRSF11	0.52
SRSF10	1.17
ZCCHC3	1.39
ZCCHC2	1.07
ZCCHC7	1.74
ZCCHC6	0.08
ZCCHC4	0.69
LRP10	3.72
LRP11	-0.4
	-0.27
VTI1A	0.95
SND1	0.03
VTI1B	-1.99
BIVM	1.21
MYH7B	0.16
ACO2	1.39
THTPA	2.53
AVL9	0.33
GTF2IRD1	-1.3
TEAD2	-2.28
TEAD1	-2.01
MTDH	-3.6
TEAD4	1.93
HMGCS1	-2.96
	0.05
	1.39
THG1L	-0.71
STAM2	-2.57
AZIN1	-1.63
RAD1	0.47
CHID1	0.59
FAM134C	0.76
	1.52
SERPINE2	1.24
KMT2C	-1.03
KMT2B	1.57
FBXO18	-0.67
AHCYL1	2.07
KMT2D	-0.53
SEC61B	-2.21
C9orf78	-1.64
FBXO11	0.9
FBXO15	-1.69
RILPL1	0.51
MAPK8IP1	1.63
MAPK8IP3	2.75
SLC35F5	-0.45
KCTD13	0.09
SLC35F6	-0.06
SLC35F2	3.1
AK3	1.83
AK2	-0.32
AK1	-2.3
AK6	-0.8
KCTD10	-1.52
LZTS2	0.82
DMTF1	-0.21
VAT1	-0.29
C3orf38	-0.71
TSC22D1	5.37
TSC22D2	-0.97
DND1	-0.51
BSG	-2.2
HIRIP3	0.64
RPS11	-1.04
RPS10	-0.22
RPS15	0.3
RPS14	-0.24
GLA	1.37
RPS19	-0.32
RPS18	1.65
RCL1	-1.5
CERCAM	-0.66
PHKB	1.37
GLS	1.0
FRYL	0.28
CRLF3	-2.23
MPP1	-1.43
MPP7	2.06
TCEA3	-2.78
MPP5	-0.48
TCEA1	-0.96
ZXDC	2.33
DGCR8	0.87
LRPAP1	-3.2
MPV17	-1.54
SCAPER	-0.74
C19orf44	1.8
C16orf72	-2.6
CC2D2A	1.98
DCAF11	1.18
DCAF10	0.8
EMG1	0.12
DKC1	-2.31
BACE1	-1.41
TM2D2	0.63
TM2D3	-0.35
FBXL3	1.99
NR4A1	3.61
FBXL5	0.98
FBXL6	-2.11
ERF	2.04
INPP5B	0.53
LBR	-0.48
INPP5D	0.94
INPP5F	0.17
RAN	-0.78
INPP5K	2.18
CYP20A1	-1.77
ENY2	-1.46
MUT	-0.63
TBL1X	-1.66
PLEKHA5	-0.66
PLEKHA7	0.95
PLEKHA1	-0.92
PLEKHA2	0.87
RHEB	-1.33
OSBP	-1.76
AP2S1	-1.07
HIC2	-1.24
CAPSL	-1.5
AP1G1	2.11
SNRNP48	0.65
MYO6	0.7
IRS2	1.09
	-0.99
USP6NL	-1.22
BDH1	1.05
BRAT1	0.34
SYN1	0.17
PLA2G15	2.79
PLA2G16	-0.84
ISOC1	-2.79
	-0.09
FAM122B	0.68
C1orf198	1.01
HEXIM1	1.56
HNRNPLL	-1.42
FERMT2	1.1
TRAF6	-0.1
TRAF7	-1.8
PHF21A	-0.4
DCLK2	-2.95
	-0.38
SBF2	-0.61
MYOF	-3.49
PKM	-0.63
HECTD3	-1.08
OSGEP	2.12
IARS	0.27
RPP30	0.22
LACTB	0.28
PALB2	-0.35
SERTAD1	-0.77
MAD1L1	1.95
RBAK	0.53
PIK3R4	0.74
PIK3R2	-1.07
APLP1	-2.08
CHRNA9	2.17
TARS2	1.38
GNPNAT1	1.29
ZNF569	-1.58
RAB6A	-2.35
C18orf54	0.4
SHQ1	3.94
NDUFC1	0.37
NDUFC2	-0.41
ARHGAP17	0.53
ARHGAP12	-0.93
ARHGAP10	0.99
PDE12	0.78
ARHGAP19	0.52
DDX3X	0.29
SIK3	-0.31
SIK2	0.92
ADAM10	-1.03
ADAM15	0.73
ADAM17	-1.23
ADAM19	-0.66
DEDD	-1.28
MTHFD1L	2.57
HEBP1	-0.78
ZFC3H1	1.62
DDX39A	2.44
AFF4	-1.08
DDX31	0.6
AFF1	-6.38
PNPLA2	-1.79
PNPLA7	-1.33
PNPLA6	2.77
	-0.57
NBEAL1	-2.55
NBEAL2	-0.41
SLC39A10	-0.99
SLC39A11	0.18
DZIP3	3.37
SLC39A14	3.63
DZIP1	-0.06
NSUN2	-1.83
NSUN5	-0.29
NSUN4	1.33
NSUN6	-1.41
ADRM1	-1.95
	-0.29
PAN3	-1.5
PAN2	0.91
EEF1A1	2.26
TLN2	2.14
TLN1	-0.85
TRIM59	-1.08
MYBL2	-0.78
P4HB	-1.28
DENND5B	0.73
PANK1	-1.28
PANK3	1.05
PANK2	-0.49
PANK4	-0.59
DAP3	1.3
MBNL2	2.38
GAB1	3.51
GNL3	2.22
GNL2	0.95
GNL1	0.84
FBXW11	-0.08
SMARCB1	0.77
CASZ1	-1.27
GLIS2	0.56
TMEM39B	-1.98
PRR5	-1.43
TMEM39A	0.75
MTA2	-0.8
FNIP1	-1.09
FNIP2	0.42
PSPH	0.7
LIN37	-2.03
MMADHC	-1.25
WRAP73	0.42
C5orf24	0.34
ZNF354C	1.63
MUM1	-0.72
BUB1B	1.23
CDT1	1.7
CNKSR3	0.82
ZMAT2	-0.63
EXOG	1.13
EIF1B	0.16
EIF1AX	-0.46
MPG	1.08
NOM1	0.06
LARP7	-0.92
ELMSAN1	2.2
ITGB7	0.24
TADA2A	0.87
GORASP1	0.0
EXO1	-1.61
MAP7D2	0.11
MAP7D1	1.28
STK17B	-0.62
BSDC1	-1.22
PIGK	-0.63
QTRTD1	-0.59
PIGM	0.63
COBL	-1.09
PIGO	1.02
HSPA2	0.62
HSPA5	-1.24
RAB2A	-2.12
HSPA9	-0.42
DYRK3	4.12
DNAJB12	-0.68
DNAJB11	-0.24
FAM83H	2.09
PARVB	2.28
CAPRIN2	0.15
PLAA	-1.66
MOV10L1	2.77
FAM83D	0.43
EMD	0.91
EMB	0.0
PIGW	-0.19
MIA3	0.94
MIA2	-1.48
MAGEH1	-1.72
LYPLA2	-0.31
	-1.44
TPD52L1	0.01
HTRA1	-1.44
HTRA2	3.82
SASH1	-0.6
TSNAX	-1.24
ACTR8	1.35
TIPIN	-0.81
SNF8	-3.49
BTBD7	0.59
KLHL11	-1.47
KLHL12	0.78
KLHL13	-9.71
RNASEH2A	2.74
RNASEH2C	0.63
RNASEH2B	-1.29
SH3D19	0.77
BCLAF1	-1.53
SCAF4	3.04
DDX5	-0.13
DDX6	-0.66
	0.98
SCAF8	1.92
GTPBP10	0.09
LRRFIP1	1.58
	-1.86
ILK	1.32
SERPING1	-0.42
FBXO30	0.03
FBXO31	2.58
FBXO33	-1.57
FAM136A	0.92
RAF1	-0.59
SYNCRIP	1.54
MTF1	1.03
MTF2	-3.09
VKORC1	-0.49
CXXC1	-0.94
OPA3	-1.33
CXXC5	-0.41
OPA1	-0.25
DIMT1	-0.42
CD151	1.86
VAV2	0.11
LANCL2	2.91
LANCL1	-1.21
	0.81
	-0.76
NOP9	4.16
CENPN	1.07
CENPM	-0.38
CENPL	1.73
CENPK	2.21
CENPJ	0.13
CENPI	-0.38
CENPH	2.57
CENPF	-2.37
CENPE	-1.74
NOP2	0.73
CENPB	0.18
CENPA	-1.36
GNE	2.83
CKAP2	2.66
CENPV	-1.07
EPRS	1.76
CENPT	2.96
CKAP4	4.52
CKAP5	-0.52
NHLRC2	1.47
	0.93
ZNF226	1.32
NUDT2	-0.89
NUDT3	-1.24
NUDT4	-0.48
NUDT5	-0.23
SMPD4	1.09
SMPD1	-1.13
SMPD2	-0.88
	1.58
C2orf44	0.24
IDH2	-1.9
YTHDF3	-0.17
YTHDF2	0.85
YTHDF1	-1.07
SNRPN	-1.12
SNRPB	1.77
	0.98
	2.18
SNRPF	-1.65
	-2.42
SUDS3	-1.96
	-0.86
	-0.8
EME1	-0.35
C14orf169	3.29
POC1A	0.28
POC1B	1.05
ASNS	-0.57
ECSIT	0.11
LIPT2	0.84
LIPT1	2.29
MYSM1	-1.22
ZNF800	0.97
	-0.28
	-1.3
MSN	1.32
ETNK2	-0.07
ETNK1	-1.1
TTC39B	-2.77
DYNC2LI1	-0.02
PTOV1	-2.33
	-0.41
GPAT2	-0.05
LEO1	-0.53
DNMBP	1.2
H3F3A	-0.4
PHTF2	-2.51
SLC9A6	0.25
PTPN21	-0.4
SLC9A1	0.84
SLC9A8	0.1
AP3S2	1.28
EIF4E	0.58
AKNA	-1.16
C16orf87	1.56
INTS12	-0.64
SYPL1	0.46
NAB2	-1.89
	-1.23
FXR1	-0.98
FXR2	0.32
ZNF750	-0.49
	0.88
HOOK2	1.99
HOOK3	-1.28
HOOK1	-2.21
KHDC3L	-1.72
FCHO1	-0.02
OSTF1	-3.02
RBM4B	-0.1
SLC28A1	-3.11
SNAPC3	0.23
GLUD1	2.22
SSU72	-0.48
CRADD	2.26
LARP1	-1.06
RBM42	0.19
LARP4	-2.07
RBM45	1.1
RPS27L	-1.12
RBM47	-2.28
RBM48	-0.48
DPP8	-0.19
DPP9	-0.17
PRIMPOL	0.01
DPP3	-1.07
DPP4	1.07
UIMC1	0.9
DPP7	-0.56
NUB1	0.89
CEP57	1.26
AKTIP	-0.31
CEP55	-0.91
COL4A3BP	-0.79
HBP1	-1.19
SLC39A9	-0.96
SLC39A1	-1.18
SLC39A4	0.07
SLC39A6	0.23
SLC39A7	-1.19
SUMF2	-1.44
PTPN6	-1.31
SUMF1	2.41
GYS1	2.94
	-0.82
SURF1	-0.34
SURF2	-0.1
SURF4	-1.86
SURF6	0.07
DDX58	-1.94
NIPAL3	0.77
DDX52	-0.8
DDX50	-0.98
DDX51	-1.99
DDX56	-1.16
CXorf38	0.28
DDX54	-2.12
DDX55	-1.92
HNRNPA2B1	2.22
SIPA1L1	1.2
SIPA1L3	0.78
SIPA1L2	0.39
KIAA1161	0.29
FUNDC2	0.53
	2.03
HEXA	-0.3
HEXB	-3.94
DCAF7	0.66
DCAF6	0.81
KNOP1	-1.41
DCAF4	0.38
IQSEC1	1.4
DCAF8	0.55
PDCD2L	-0.24
TRAFD1	-0.93
TRIM71	1.44
RALGAPB	1.27
ARHGAP42	-0.98
RAB9A	-0.13
CTR9	-1.05
PCDHGC3	-0.19
CWC15	-1.64
ARFGAP3	1.32
THADA	-0.77
STAT6	1.24
STAT4	-1.77
STAT3	1.25
STAT2	-1.51
STAT1	0.61
CEP250	1.75
SEPSECS	-0.55
ZYG11B	-1.69
ZYG11A	-0.02
KIAA2013	-1.31
RPRD1A	-1.15
LIN9	1.15
KIF26A	-0.48
PALM	0.26
UBE4B	-0.04
UBE4A	0.98
TPRG1L	-2.09
PEX19	-0.58
TEX261	0.49
TEX264	-1.36
PEX10	0.3
PEX13	-0.01
PEX12	-0.44
PEX14	1.42
TUFM	-0.22
	1.26
MORC3	-2.28
	-1.99
	-0.09
BLOC1S3	-1.19
BLOC1S1	-2.4
SBDS	-0.69
CDR2	-1.98
CCNT1	2.34
RPP14	2.44
CCNT2	-0.01
BPTF	0.43
EIF3H	1.24
MINK1	-1.34
EIF3K	0.26
ZMYND8	1.58
EIF3M	0.97
KIAA1549	1.19
EIF3A	0.04
EIF3B	0.25
EIF3C	0.77
EIF3D	1.16
EIF3E	0.15
EIF3F	-0.6
EIF3G	-0.48
SLC30A5	0.34
C18orf8	-0.33
ADNP2	0.48
CFL2	1.91
CFL1	-0.8
WBSCR16	-1.45
	-1.09
ERLIN1	-0.95
ERLIN2	0.2
EFNA4	0.98
TRIAP1	-0.47
YEATS2	0.09
VPS8	-0.16
YEATS4	-0.9
PITRM1	0.44
TCF25	4.46
VWF	-0.82
TCF20	0.11
AKR7A2	-0.25
FAM50A	0.7
LPGAT1	-0.07
ASS1	2.2
PHACTR4	-0.65
PI4KB	0.48
PI4KA	1.83
TUSC3	-2.89
CRYZL1	2.16
HSPG2	-1.37
HSF1	-1.37
GRIPAP1	0.38
ALDH18A1	3.43
ELMOD2	2.59
OGFR	-0.43
TMA16	1.06
VPS13C	0.91
PRUNE2	-1.98
	-1.76
NGLY1	1.65
SZT2	-0.31
SMN1	1.98
OIP5	-1.28
PNPLA8	0.64
COQ10B	-1.76
SNAPIN	-0.35
HPS3	1.59
PMPCB	1.27
PMPCA	-1.26
KIAA1524	-1.81
DHCR7	-0.56
EI24	-2.34
DYM	-2.04
LAMB1	3.79
LAMB2	0.53
SSB	-0.94
ERBB2	0.81
INTS10	1.0
TAF6L	-0.9
CRELD2	-1.75
ADAR	0.67
CRELD1	0.8
CAT	1.62
LY75	-2.85
EXOSC8	1.49
EXOSC9	-0.78
ADAL	-2.73
EXOSC2	1.31
EXOSC3	0.77
EXOSC1	0.01
EXOSC6	1.76
SIGMAR1	-1.05
EXOSC4	-2.23
CAD	1.87
ZNF566	-1.44
SEMA3E	-2.15
	-3.6
	-0.25
FAM216A	1.16
RNF220	-2.58
PRX	0.92
TCAIM	-0.31
RALBP1	-3.92
RSRC1	-0.07
	-0.11
SYAP1	-1.74
PIAS2	-2.08
PIAS3	0.61
PIAS1	-0.39
PIAS4	-1.43
PTBP2	0.99
TMEM87B	1.56
TMEM87A	-1.45
FCHO2	-1.01
REC8	2.57
ITGB3BP	-0.47
TK2	1.18
JMJD1C	-0.64
MEX3D	1.68
MEX3C	-1.79
CDKAL1	1.82
MEX3A	-0.26
MRRF	0.27
PPP4C	-1.89
	0.63
RNF113A	1.86
PCNX	1.52
COMMD8	-1.53
COMMD9	-1.54
PPP1CB	-1.36
PPP1CA	-1.7
COMMD2	-1.53
COMMD3	2.8
COMMD1	0.65
	2.04
COMMD4	-1.31
COMMD5	-0.46
CNBP	2.46
TKT	2.7
NLN	1.52
HAUS8	3.18
HAUS6	-1.08
HAUS7	1.94
HAUS4	1.65
HAUS5	-0.09
HAUS2	-0.59
HAUS3	-0.53
APOOL	-1.53
HAUS1	0.26
ATXN2L	-0.66
	1.16
NHSL1	-0.25
ELMO1	2.25
RPP25L	1.49
METTL18	0.28
EMC8	1.31
NCKAP1	-0.3
NDEL1	0.09
EMC3	-0.8
METTL13	1.9
METTL10	1.15
METTL16	-0.58
EMC6	-3.49
FSCN1	-1.92
EMC4	-2.27
DPAGT1	-1.31
	-0.38
	0.38
DEDD2	-0.92
INPPL1	1.72
CYHR1	0.21
AMT	-0.28
MAGT1	0.64
SESTD1	2.94
ATG12	-1.7
ATG13	-3.53
ATG14	1.68
CBX6	0.09
DDB2	0.99
DAPK3	0.33
DAPK1	1.64
NADK	-1.83
UGDH	-1.49
NKRF	-0.63
GLS2	0.44
MYCN	0.48
AP4E1	-1.1
EIF4A1	0.7
EIF4A3	0.71
EIF4A2	1.84
POR	-2.81
CASC3	-0.37
PPOX	-0.47
HNRNPH1	-1.39
LUZP1	0.54
HNRNPH3	3.43
CASC4	-1.96
LASP1	-0.49
PAWR	-1.43
TAOK1	-0.41
TAOK2	-0.35
TAOK3	0.24
AXIN1	-2.58
CYP4F3	0.09
WBP11	0.82
ZNF770	0.86
ZNF771	-0.92
ZNF777	1.58
CPT1A	0.25
RAB21	-1.2
CPT1C	-1.64
RAB23	1.66
RAB24	-0.42
MTMR12	-1.18
MTMR10	1.1
GGCT	-0.56
MFN2	0.71
MFN1	-0.47
STEAP1	1.94
STEAP3	-4.6
STEAP2	0.94
BZW1	3.24
BZW2	2.76
SEC23A	0.54
SEC23B	0.85
CROCC	-0.12
	0.66
WBP1L	-1.71
UPP1	-2.61
IMPDH1	-0.65
	-1.23
PELP1	0.39
NPC2	-1.9
RAB2B	0.09
WHAMM	-0.05
JADE3	-0.43
JADE2	-0.72
JADE1	0.43
TXNDC16	1.05
APIP	1.04
H2AFY2	1.86
NOC2L	0.14
TIMELESS	-0.59
DDX19A	2.05
ZMIZ1	1.74
EPHB2	0.94
EPHB3	2.64
ZAK	1.14
EPHB4	0.74
PARS2	0.4
MFSD11	0.46
MFSD10	-2.15
CEP76	-0.59
TP53INP1	-1.36
CEP70	-0.25
CEP72	-1.24
CEP78	-1.59
VMP1	1.24
ACADS	1.13
	2.73
ACADL	2.3
ACADM	-2.33
TRIM11	1.41
TRIM13	0.96
TTC3	0.24
SMAD4	1.94
SMAD5	2.18
SMAD7	-1.1
ATP6AP1	-0.71
SMAD1	2.49
SMAD2	0.3
ATP6AP2	-1.15
TBC1D9B	-0.43
JUP	0.53
FOXM1	1.01
ATP6V0B	-1.61
BCS1L	0.57
ATP6V0E1	-2.11
ACAD8	-1.09
ACAD9	-1.3
MPRIP	-0.84
	-2.68
FBRSL1	-2.13
COX8A	-1.04
MPP6	0.26
ARNTL	-0.7
SUCLG2	3.28
CTPS1	-0.53
NUP62	0.02
ELOVL6	-3.44
ELOVL7	0.44
ELOVL5	0.66
ELOVL2	-0.71
ELOVL1	1.2
GARS	7.14
UBE2K	-2.22
UBE2M	-2.6
UBE2O	1.26
UBE2A	-2.64
PLAUR	1.89
UBE2C	-3.09
UBE2B	-1.09
UBE2Z	-1.41
KBTBD11	-0.25
PSTK	2.01
UBE2S	-1.33
UBE2T	-1.94
UBE2W	-0.68
GSTT2	2.67
LIN7C	-3.08
ACADVL	-0.23
TOPBP1	-1.56
TRAPPC6A	1.89
TUBA1C	-1.88
TUBA1B	-2.08
TUBA1A	-2.09
	0.6
DCAF13	-0.44
DCAF12	-0.49
LRFN1	1.55
SRBD1	2.54
DCAF17	-0.75
DCAF15	1.8
APP	0.78
SBF1	-0.21
FITM2	0.88
NUP50	-0.78
BRD8	-0.34
BRD9	-0.48
	0.13
BRD7	2.19
KNDC1	-0.07
BRD1	-0.87
BRD2	-0.26
BRD3	-0.14
ELOF1	2.41
PPRC1	-0.02
MCMBP	-1.14
TRPS1	1.2
SMDT1	-1.97
TBPL1	-0.94
	0.21
C6orf136	-0.88
TTC21B	1.12
RSBN1	2.58
HSPE1	-0.12
PHF20	2.2
PHF23	-0.26
	-1.76
FAH	1.39
RSL1D1	-1.23
DIABLO	-0.83
OGDH	0.44
ULK1	-4.38
MPZL2	0.78
ASUN	-0.33
MPZL1	-0.22
VEZF1	0.53
AARS2	1.08
MAGED1	-0.75
MAGED2	-1.19
VILL	-0.16
EFCAB7	1.52
MAU2	2.27
	3.53
FOXP4	2.84
HIP1	-1.33
ZER1	-0.1
DUS4L	1.67
KIAA0391	0.22
ATP11B	1.57
RAB7A	1.96
CD81	2.13
WDR55	0.04
CCS	-0.64
EGFL7	-1.44
TAF4B	-0.83
RPRD1B	0.72
LAPTM4A	-1.12
PFDN1	-1.23
ZC3H8	-1.01
PFDN2	1.67
PFDN5	0.01
PFDN4	2.68
PITHD1	-1.24
	0.77
ZC3H4	0.63
PIH1D1	-1.74
EPS15L1	3.29
HMBS	-1.52
KDSR	-1.2
RWDD1	-1.29
NEK7	0.05
GTSE1	1.28
EPN1	-1.79
EPN2	-1.45
ECHS1	0.1
CPE	4.03
RWDD2A	1.64
RWDD2B	-1.81
POLDIP3	-1.48
ABCB10	2.14
RANBP9	1.22
MMS19	-0.68
TAGLN2	1.71
RANBP6	0.51
RANBP1	-2.17
TBC1D10B	-0.09
TBC1D10A	-1.93
	-1.44
PHAX	0.13
IKBKB	-0.38
PPP6C	-0.3
IKBKG	1.62
ZNF613	0.47
ALPL	-3.35
SAMHD1	1.39
TXNDC15	-0.92
TXNDC17	-1.91
FAM118B	-1.22
TXNDC11	0.18
HPRT1	1.73
TXNDC12	-0.99
FHL1	-5.34
NBN	-1.76
DUS2	1.77
	-1.37
PSMD14	0.43
UAP1	-1.57
PSMD11	-0.5
PSMD10	1.13
PSMD13	0.84
PSMD12	-0.85
HIST1H4F	-1.11
HIST2H4A	-0.23
HIST2H4B	0.34
TMEM14C	-1.52
HIST1H4J	2.83
HIST1H4A	1.97
HIST4H4	-1.05
HIST1H4I	-1.34
RND3	2.11
IKBKAP	0.5
KIF20A	-0.45
CSPP1	-1.55
CNTROB	0.61
DECR2	1.18
DECR1	0.7
CEP350	0.59
BMP4	5.24
	-0.81
FCGRT	-1.98
	0.58
RXRB	1.55
TMEM147	0.32
TMEM143	2.88
TDGF1	-1.57
RFT1	0.87
