PLEKHG2	0.8
PLEKHG3	0.22
CERS5	-0.25
CERS2	0.03
PLEKHG5	1.07
NSA2	-0.78
NAMPT	2.89
MAN2A2	2.52
MAN2A1	0.75
BCKDK	-1.04
BPIFB4	0.25
KIAA0355	-0.13
SYT8	1.84
MIER1	-1.43
MIER3	0.82
CNPPD1	-1.26
	-2.45
	-0.83
DAG1	-0.24
MYADM	0.64
NAF1	-1.45
CEBPB	0.96
ACVR1	0.89
	-2.39
ERICH1	-0.53
CEBPZ	0.92
RBM8A	2.95
ZNF175	0.38
EDRF1	1.09
MLLT6	3.33
	1.63
	-2.37
	-0.31
RTF1	1.09
	-2.14
PRAMEF8	-0.94
NOSIP	-0.59
SNRPD3	0.21
SNRPD2	0.79
BTG1	2.22
ZSWIM4	0.34
CRTC2	-0.24
NUPL1	-2.1
NDRG1	1.4
ARL3	0.99
NDRG3	-2.21
NDRG4	0.11
NPAT	0.67
HM13	0.67
GGA1	1.31
GGA3	-1.82
GGA2	-2.45
	-1.03
SORBS1	-1.34
SORBS3	1.45
SORBS2	1.17
PER2	2.78
TSHZ1	-0.35
PGK1	-0.15
LRIF1	-0.66
	3.58
FAM104A	1.18
KIAA0368	-1.21
TRNT1	-2.08
ITM2B	-1.04
MKL1	-0.44
TEX2	3.03
LTA4H	-2.48
LMNA	-1.61
	-0.66
SUPT16H	0.47
CMAS	-0.93
UBFD1	-1.49
FKBP15	-0.04
MCL1	3.93
PTTG1	-1.66
	1.17
PREPL	0.53
SASS6	0.67
L1CAM	-1.0
SLC27A4	-0.72
SLC27A1	-0.03
SLC27A3	-0.31
IMP3	0.78
HMGXB3	-0.14
HMGXB4	1.63
LRRK1	1.17
LRRK2	0.08
CDHR5	0.8
	5.63
	0.31
TRIM39	2.36
TCOF1	1.73
TRIM33	-1.44
TRIM37	1.89
TRIM35	0.8
FOXO3	-0.44
DLAT	-1.66
CIRBP	-1.92
	1.17
THAP11	1.06
BTAF1	2.35
DBNL	-1.08
FAM114A1	-2.66
FAM114A2	-0.97
ALDOA	-0.18
ALDOC	-0.9
	0.29
	-1.08
COPE	1.19
TESK1	3.13
NSFL1C	-0.82
	0.96
USP8	2.71
C12orf57	-1.31
	0.11
IFITM2	0.75
USP1	0.8
USP4	1.82
USP5	1.54
USP7	1.46
RP9	1.23
IL1RAP	-0.46
MIS12	0.96
NR1D2	2.21
EIF2B1	-0.31
TPRKB	-0.05
CARD6	0.96
FARS2	-0.94
	-0.23
RPL38	-1.87
RPL39	-2.12
	-1.09
RPL37	-1.3
	-0.84
RPL35	-0.56
	-0.97
RPL31	-1.2
	-0.3
BCAS2	-0.74
BCAS3	0.8
	0.56
	1.84
	-0.03
	-1.58
	-1.14
TPP1	-0.91
TPP2	-1.25
RAD50	0.88
ZZEF1	1.94
CEBPG	-0.44
BRF1	0.82
SETX	0.35
	3.22
SGPP1	-0.72
MLYCD	-0.45
HIST1H4B	-2.42
	1.94
C1orf109	0.55
FARSB	-1.85
FARSA	-0.28
UAP1L1	-1.08
CCDC90B	-0.28
NCOR2	0.94
NCOR1	2.59
LYSMD3	1.53
METTL3	-0.94
PEBP1	-0.16
MAGOHB	-2.78
	0.96
	-1.17
PPME1	2.09
PCOLCE	-0.31
FLNA	-0.52
FLNB	1.49
FLNC	0.09
	-2.36
CEP164	1.96
	2.09
	0.76
	0.74
	0.96
TGM2	-0.43
CNNM4	-0.87
TINF2	-0.44
	0.89
KLC1	1.13
	0.1
RALY	-0.69
POLD1	-0.58
POLD2	-2.84
POLD3	-1.76
POLD4	-0.86
DUT	0.86
RALB	-1.56
RALA	0.07
HDAC1	-0.43
HDAC3	0.49
HDAC2	-1.57
HDAC5	0.13
HDAC4	0.48
HDAC7	1.31
HDAC6	0.67
HDAC8	-1.34
GSTCD	-0.53
GZF1	-0.82
GMPS	0.46
KARS	0.2
	-0.92
C20orf194	0.53
UPF3B	1.09
UPF3A	0.3
STRN	0.56
	0.94
	0.94
CORO1B	-3.33
	-1.03
CLCN3	1.03
CLCN7	0.29
LIX1L	-1.24
CLCN5	1.99
	2.55
CORO1C	0.04
ADM2	-2.08
	-1.2
H2AFV	-1.69
MBTD1	1.54
H2AFX	-1.11
H2AFY	-0.33
H2AFZ	-0.25
SGSH	2.88
H2AFJ	0.72
CNN3	-0.34
CNN2	-1.79
HADHB	-1.97
HADHA	-0.15
ARC	6.05
MGMT	0.8
CIZ1	2.71
ASL	0.46
SLC12A2	-1.21
IKBIP	-1.24
SKP1	-1.72
LMCD1	0.6
N4BP1	1.18
ANGEL1	1.17
DNLZ	0.39
SNRPD1	-0.6
BABAM1	-1.35
PHC3	2.57
PHC2	-3.1
SEC16A	2.13
GTF2H5	-0.14
	0.54
ZWINT	-0.18
GOLT1B	-1.21
	0.69
MED25	0.46
CSNK2A2	-0.38
CSNK2A1	-2.82
IER3IP1	-1.28
TERF2IP	-0.35
CHMP3	-0.2
RNF7	2.15
RNF4	0.25
RNF5	0.11
RNF2	-2.69
CHMP6	-0.72
CHMP5	-0.96
RECQL5	2.12
RECQL4	1.54
	-0.67
GCNT2	0.96
	1.46
MARK2	0.12
MARK3	1.85
SLC12A9	0.2
STRIP1	2.52
NMD3	3.26
	-1.17
	-0.8
ZSWIM8	0.17
EXTL2	-0.72
EXTL3	0.53
SERF2	1.44
TIA1	-1.03
TMEM160	-0.44
TMEM165	-0.93
TMEM167A	-3.69
TMEM168	1.02
TBC1D8	0.96
C12orf10	-2.31
TBC1D4	-0.25
UBAP1	-1.55
ANKRD11	0.28
TBC1D7	0.08
	5.04
HNRNPDL	-0.4
SDCCAG8	2.8
	-0.19
SLC4A7	1.53
ITGAV	-1.77
C18orf32	-1.91
SAE1	-2.82
	-2.36
	6.47
CUL9	-0.98
GTF2E1	0.28
EIF4E3	0.64
EIF4E2	0.29
AKIRIN2	-0.78
AKIRIN1	-1.34
AP3M1	-2.59
AP3M2	1.89
	-1.93
LIMD1	0.38
NOP58	1.88
ACSF2	-0.08
NOP56	-0.57
ITGA5	-1.01
	-0.42
ITGA7	-0.61
SARNP	2.51
FLII	-1.0
CUL3	-1.24
ZC3HC1	-0.62
TPCN1	-0.63
TPCN2	-1.46
LTBP4	-0.84
LTBP3	-0.41
LTBP2	-2.13
LTBP1	0.7
	0.75
	1.6
HBEGF	-0.13
CALR	-2.11
M6PR	-2.33
EBF3	-2.18
EBF1	2.28
NDUFS2	-1.53
SECISBP2	1.61
NDUFS3	-0.62
CACNA1H	1.89
CTDSPL2	-1.69
CACNA1A	-0.35
	0.46
IMPAD1	-0.53
CMC1	-1.31
CMC2	0.17
	2.04
ARHGEF40	0.25
KCNE4	0.35
SHROOM3	2.12
	-0.63
ARHGAP9	1.19
XRN2	-2.1
ARHGAP5	1.5
ARHGAP1	-1.9
	-0.88
DYNLRB1	-0.39
COL11A2	2.12
	3.33
TIPARP	2.78
DYNC1LI1	-0.13
DYNC1LI2	0.66
CXCL2	0.92
	-0.43
UTP3	-1.89
MTCH2	0.76
MTCH1	-0.15
ANKRD27	-2.23
ANKRD26	0.96
	-0.78
CNOT8	-1.33
TIAL1	3.71
CNOT3	-2.79
CNOT2	-1.13
CNOT1	0.8
CNOT7	2.27
ANKRD28	-0.98
IFT172	-0.06
UVRAG	2.93
	-1.77
NFIC	-0.13
NFIB	0.43
NFIA	0.39
LGR6	-0.13
TTF2	-2.02
TTYH2	0.57
TMUB1	-0.65
NFIX	0.32
FBXL20	1.8
EPDR1	-2.47
IGSF8	-1.19
IGSF5	0.8
	0.89
	0.96
IGSF3	0.46
CSNK1D	2.94
CSNK1E	0.7
	1.77
KLHDC1	1.73
ALDH16A1	1.59
C7orf26	-1.13
REM1	0.76
SYNRG	2.83
PKIG	3.26
U2SURP	-0.4
RPL14	-0.47
RPL15	-1.08
RPL10	-1.38
RPL11	-0.91
RPL12	-0.79
RPL13	-1.46
	-1.6
RPL18	-1.67
RPL19	-1.03
OGFOD1	-0.65
OGFOD3	-1.08
LYRM2	-1.14
LYRM5	0.11
LYRM4	0.48
LNPEP	0.08
GSS	-3.16
GSR	-2.58
CLTC	-1.51
	3.33
	-1.18
	0.62
GSN	-1.67
	0.96
PRKRA	2.08
HK2	-1.42
HK1	-0.31
MOB3C	-0.86
MOB3A	-1.5
	-0.69
	2.03
SOD2	-0.24
SOD3	-0.77
SOD1	0.45
C9orf40	-0.46
LSG1	-1.77
FES	2.92
SCOC	-1.69
COX7A2L	-2.24
GNAS	-1.23
CSTF2T	2.0
INSR	1.47
UQCRC2	0.79
TMED10	-2.31
DMXL1	1.8
MBIP	-1.31
TM4SF1	-0.5
IMPDH2	-1.69
NFATC2IP	0.3
EED	0.53
TPRN	0.33
C7orf50	0.98
AMIGO1	1.17
ATP1A2	0.38
ATP1A1	-1.18
ID2	-0.82
PGM2	-2.37
PGM1	1.1
ID1	-1.86
	-0.13
CHAF1A	-0.93
CHAF1B	-2.43
HMG20A	-0.16
RMND5B	0.04
RRNAD1	1.17
TPD52	1.08
WWC2	3.13
NIPA1	0.96
CHTF18	-1.08
QPCTL	1.13
	-0.66
KDM6B	2.8
CAMK1	-1.49
TRUB2	-1.44
ZNF503	0.48
ZNF507	0.02
	-0.13
IDE	-1.85
SNCG	-0.36
	-0.08
PXK	-0.97
PXN	-1.04
WDFY3	2.12
ACY3	-0.43
ACY1	-1.52
WDFY1	-0.5
FAM149A	0.96
HS1BP3	-0.38
MED30	-0.15
MED31	2.47
SPRYD3	0.18
SPRYD4	-0.28
NF2	1.26
NF1	0.11
	0.8
CUL2	-1.45
ISOC2	0.8
	-0.25
ENOPH1	-2.22
UTP15	-0.14
HIST1H3C	-0.69
HIST1H3G	-0.64
ANGPT2	0.48
	-1.14
EPS15	-0.51
ANGPT1	-1.47
PTPRS	2.71
PTPRF	1.89
PTPRE	2.7
TXN	-1.1
DPEP2	1.63
PTPRA	1.05
	-0.47
AACS	1.07
RASA1	1.21
RASA2	-0.86
RASA3	1.11
PPHLN1	-1.75
CBL	-0.03
KIF16B	0.01
	-0.22
SIX4	2.57
DHODH	2.04
SIX1	1.41
NPHP3	0.33
NPHP1	-1.34
NPHP4	-0.27
	-1.08
ANKRA2	-1.27
FAM172A	-2.42
MAP3K2	-0.25
LRRC14	1.63
MAP3K4	3.15
MAP3K5	-0.16
ABCA7	0.07
ABCA4	1.29
ABCA5	0.67
ABCA2	3.46
ABCA1	1.85
CHAMP1	2.93
FAM32A	-0.01
ZBTB1	-1.04
ZBTB6	1.04
RPF1	-0.64
RPF2	-1.42
RFX7	0.02
RFX1	2.69
RFX2	4.36
APOPT1	-0.44
TMEM109	0.94
TMEM101	-2.92
MYD88	0.89
TMEM107	-0.38
BORA	-0.28
TMEM104	-0.65
ASPSCR1	0.25
IFT52	-0.15
IFT57	1.14
KMT2A	1.85
NKTR	0.2
ETV1	-0.54
LRRN4CL	2.23
ETV3	0.7
ETV5	-0.57
IMP4	-2.28
ETV6	0.4
SH3BP4	-0.57
SH3BP5	0.94
POP1	0.01
POP7	0.96
SH3BP1	1.45
SH3BP2	-0.29
SERBP1	-0.58
EIF4G3	1.03
EIF4G2	-1.3
	-0.85
	-1.4
GDE1	-1.14
PTPN23	0.45
	1.49
C5orf63	3.33
GLUL	-2.49
AKAP13	-0.15
AKAP11	0.11
TMC4	1.19
SNAP47	-0.09
ANXA11	-1.05
EFHD2	0.66
MLF2	-0.14
NTAN1	0.7
TCN2	-0.06
HERC1	-1.07
HERC4	0.0
MDFIC	-0.35
	0.48
SOAT2	1.14
ZCCHC11	1.29
RAB8A	2.68
ZCCHC17	1.09
ZCCHC14	2.7
PCID2	0.21
ZFYVE9	1.63
ZBED3	-1.24
	0.64
DNAJA2	-1.92
DNAJA3	-2.26
DNAJA1	-1.46
PSMA3	-0.01
WDR26	-0.01
MRPL40	-0.82
PSMA7	-0.73
ACER3	-0.34
IGF1	-0.53
SMIM7	-0.21
LRBA	0.18
RAD21	0.24
ESF1	-1.05
RECQL	0.4
LACTB2	-0.4
BCL7B	-0.43
STARD9	0.33
SRP14	1.2
STARD3	-0.35
SRP19	1.23
STARD7	0.46
ANTXR1	-0.25
ANTXR2	-0.93
PDIK1L	0.96
CDK5RAP2	1.07
CDK5RAP3	0.29
CDK5RAP1	0.02
PBX1	1.66
	-1.8
DOCK8	-1.03
	0.11
DOCK1	2.51
DOCK6	0.48
DOCK7	-2.65
DOCK5	2.12
LPCAT4	1.29
LPCAT3	-1.44
LPCAT1	0.08
DLD	-1.46
RSL24D1	-2.09
MOB2	-0.28
ACOT9	-2.24
ALCAM	-1.44
RNF26	-0.53
RNF20	-0.7
HSD17B12	-0.58
ZNF317	3.69
HSD17B10	-0.51
HSD17B11	0.14
FOXK2	3.16
HSD17B14	0.2
PHLDA1	2.09
PRR14L	-1.91
MOB4	-1.21
RNF126	-0.87
RNF123	1.8
RNF121	-1.56
	-0.88
	2.52
	-1.07
TBC1D31	2.47
KATNA1	1.17
TFRC	-0.54
	-2.1
	-2.51
	-0.01
	-0.04
	5.41
DHX58	0.7
ZNF275	-1.92
DHX57	0.11
ZNF277	-0.25
ACOT13	-1.04
COX20	-0.34
NUP214	0.56
MINOS1	-1.28
PIP4K2C	-0.6
PIP4K2B	-1.04
NUPR1	-1.83
SYNPO	-1.55
NTNG2	0.48
SLC23A2	0.88
CYCS	-0.74
BBX	-1.02
	-0.38
	2.52
	5.85
	2.89
TFB1M	-0.66
DUSP11	-0.86
DUSP12	-0.87
MYH10	-1.26
SGPL1	0.46
RPL7A	-0.03
KRIT1	-0.91
NUFIP2	-0.72
GHDC	-0.82
	-1.06
GPS1	-2.33
SLC9A6	-0.45
PFKFB2	0.34
LGALS8	-1.24
	2.06
	7.71
	6.71
MOB1A	-0.72
MOB1B	-2.1
SLC20A2	-1.28
SLC20A1	3.03
FSTL3	-0.67
	0.04
TM9SF1	-1.15
TM9SF3	-1.29
TM9SF2	-0.94
CADM4	-1.23
NUP43	-0.65
LGALS1	-0.14
	-1.57
	-1.57
ECD	-2.05
	2.08
CEP120	1.69
CRYBG3	3.45
VEZT	7.25
	3.25
ATAD3A	0.41
PLK1	-3.11
PLK3	0.7
PLK2	2.47
PLK4	2.31
AKT1S1	-0.04
SPTBN1	1.17
DCK	-1.71
	6.92
NEMF	-2.05
	-0.36
	3.58
RRAS	-1.06
RPE	-1.92
	0.96
PDLIM5	-2.38
PDLIM7	-0.69
PDLIM2	0.81
PPFIBP1	2.16
GPAA1	0.22
FOPNL	-1.88
SKI	3.46
OCRL	-0.66
	1.61
PNRC1	-1.49
	-1.25
DDR2	2.12
MMGT1	-0.7
	-0.72
DDR1	-0.42
	-1.71
SPTLC2	-1.35
SPTLC1	2.09
FAM192A	1.07
TARDBP	-0.4
	-1.4
ZZZ3	1.78
RAB22A	1.14
CDK2AP1	0.17
CDK2AP2	1.29
ADI1	-1.53
	1.63
	1.61
RPS15A	-0.85
PDK3	-1.0
PDK2	-0.13
PDK4	0.7
RPRD2	0.46
FAM173A	-1.04
GRPEL1	-1.04
GRPEL2	0.38
C5orf22	-0.13
C22orf23	-0.23
PRKRIR	0.96
	3.16
	6.94
	-0.63
	3.5
	1.19
PECR	-0.43
DNAJC17	-1.45
	-2.03
CALR3	0.67
ARNT	-1.34
PTGR1	-0.03
PTGR2	-2.05
NRD1	-0.95
GOLGA2	-0.64
GOLGA3	3.01
GOLGA4	1.71
GOLGA5	-0.05
GOLGA7	0.01
	-0.25
CKLF	-0.62
LMNB2	-0.58
LMNB1	-3.53
	-1.01
RING1	-1.43
BMS1	0.88
CISD2	-2.11
CISD3	-1.6
AAAS	0.81
CISD1	-1.6
	-0.01
FAM49B	1.07
RBFA	-0.25
	-0.62
MED10	-1.02
MED11	-2.49
MED12	0.32
MED13	1.26
MED14	-0.4
	-0.64
MED16	-2.09
BOP1	-1.99
ECE1	-1.43
VPS13D	0.87
VPS13C	-0.98
VPS13B	-0.75
RPTOR	0.74
GJA1	-0.59
KIF18B	-1.34
CXorf56	-0.14
SGMS2	-0.34
SGMS1	1.89
LRRC32	0.26
PKMYT1	-0.21
ZNF592	0.38
ABCC5	-1.02
	-0.56
ABCC1	-0.8
FAM210A	1.73
TMEM127	-1.04
TMEM123	-1.53
DESI1	-0.5
WIPI2	-0.97
WIPI1	-1.52
TMEM129	-0.77
TACO1	-0.82
NUDCD2	0.19
NUDCD3	-2.27
NUDCD1	-0.91
IFT74	-1.21
PREB	-0.01
IGFBP6	0.49
IGFBP4	-0.37
RNASEK	-1.19
PREP	-3.65
L2HGDH	1.29
TARS2	1.03
POFUT2	2.41
HIGD1A	0.5
	-1.04
	5.64
	0.36
POFUT1	-0.86
MEMO1	-1.71
BRIX1	1.41
	-1.1
RNASE4	1.31
AP4M1	1.63
SSX2IP	2.08
C1D	-0.44
NOP10	-2.75
NOP14	-1.91
NOP16	-1.26
EFCAB11	1.07
	0.89
OCIAD1	0.83
CCDC88A	0.89
SCARA5	2.22
	-0.19
PLEKHM1	-1.34
PLEKHM3	2.04
CACFD1	-0.44
EYA3	-1.13
CDC45	-0.97
BNIP3	2.61
NT5DC3	-1.0
NT5DC1	0.42
SMC2	-0.86
TMA7	-1.76
PSAP	-0.25
MON2	1.07
BLVRB	-2.25
TRIP6	-0.04
TRIP4	-2.13
SMC6	-1.53
	-0.22
C16orf62	-0.21
UBQLN1	-0.67
UBQLN4	1.11
LTN1	-1.02
GTF2A1	0.89
GTF2A2	-1.76
FAM64A	0.4
	1.13
	1.63
	4.66
DNAJC19	-0.21
MAP2K4	-0.5
	1.19
CYB5B	-0.85
MDH2	-0.86
MDH1	0.58
	0.38
DDIT4	1.55
DIS3L	0.38
PACSIN2	-2.79
DNAJC8	-1.45
DNAJC9	-2.99
DNAJC4	1.63
DNAJC5	3.16
TCHP	-0.75
DNAJC1	-1.45
DNAJC2	-1.63
DNAJC3	-2.18
GPN3	-0.79
GPN2	0.59
GPN1	-2.48
TIMM8A	-1.12
MYC	3.58
	-0.29
ROGDI	0.4
	-0.61
DAAM1	1.07
RNASEH1	0.19
MOCOS	1.29
PCIF1	2.97
SRP72	-2.09
	-0.14
DUS1L	-0.93
NTMT1	-1.03
	3.36
GTF2B	-0.64
PLP2	-0.89
GTF2I	0.71
NBAS	-1.12
ZYX	-1.88
LUC7L2	-0.72
ABCD4	-1.6
C8orf59	-1.42
	9.04
DERA	-0.85
PLCD1	-1.04
NFU1	-0.82
SEC13	-1.93
	-0.84
KRR1	-2.08
EREG	0.66
GTF2F1	-0.09
XDH	1.54
ZNF330	-1.6
JMY	0.35
ZNF334	3.33
ZNF335	0.13
RNF149	-2.37
STBD1	-1.34
SUZ12	0.8
GMIP	1.85
RNF146	0.33
	-2.25
	0.02
TBC1D19	-0.66
TFPI	-0.8
TBC1D13	1.53
TBC1D17	-1.14
TBC1D15	-1.08
FAM102B	-0.65
DLG5	0.33
LTV1	-0.01
ODF2	-1.92
FASTKD2	1.07
RCN3	0.25
MMAB	-0.65
SLC45A4	-0.35
GBA	-0.42
PSPC1	-0.79
TRMT10A	-0.85
MPC2	-1.39
VLDLR	-1.69
	0.28
EFR3A	-0.05
CRNKL1	-0.73
FNBP4	1.78
ZFPM2	1.76
ZFPM1	0.11
SWI5	-0.13
	0.33
RBBP9	-0.98
RBBP8	2.52
CIAPIN1	-1.71
RBBP6	-0.23
RBBP4	0.12
HSD3B7	2.52
CEP104	0.11
	-1.43
IFFO2	2.82
TOB1	-0.18
TOB2	-0.16
MRPL4	-0.26
NEO1	-1.16
MRPL2	-1.04
	-2.22
MRPL1	2.08
NOA1	0.63
LMTK2	-0.27
CHST15	-0.91
	0.67
M1AP	-1.19
IL10RB	-0.86
RABAC1	0.58
MSRB1	-0.57
MSRB3	-0.64
EVI5	-0.22
	0.78
HIVEP3	1.19
ZNF385A	-0.45
CHKA	-0.29
CHKB	0.82
TSFM	0.4
	4.97
SMS	-0.15
AFTPH	0.96
SMO	1.31
	-2.19
MCM3AP	-0.6
PDHA1	-2.35
	-1.47
OXA1L	-0.51
KIAA0100	1.06
CAPG	0.39
DYNLL1	-0.41
HIRA	0.48
PRKAB1	-0.19
REPS1	1.46
WWOX	-0.35
	3.66
INTS3	-1.88
INTS2	0.64
INTS1	-0.5
INTS7	-0.35
INTS6	1.54
INTS5	0.1
INTS4	-0.25
INTS9	-1.83
INTS8	0.3
ADAT1	1.63
CAP1	-1.33
ADAT2	1.17
	0.33
FGFR1OP	-0.72
UBXN2B	3.15
UBXN2A	-0.34
PAPD5	-0.13
ATP2B1	0.26
USP47	2.87
AUH	-2.02
	4.0
JKAMP	0.75
HIF1A	-2.81
	3.21
TROVE2	-0.38
PHYH	-1.54
GINS2	0.1
GINS3	3.35
GINS1	-0.24
GINS4	0.04
	5.12
GGT1	0.67
FBF1	0.89
COQ6	-0.4
ASNA1	0.18
	2.69
	-0.19
COQ2	-0.52
DACT3	1.84
EBAG9	1.08
GALK1	-2.59
GALK2	-0.65
AMBRA1	0.33
PPIH	-0.82
RBMX2	0.8
ADPRH	-1.16
MRPS9	-0.6
MRPS7	-1.36
MRPS6	-0.85
MRPS5	-0.47
MRPS2	-0.57
HILPDA	3.15
WRNIP1	-2.26
	1.5
LRWD1	-1.14
TULP3	-1.61
TULP4	1.42
LPP	-0.44
SLC12A4	2.09
SLC12A7	-1.81
LPL	-1.45
JAGN1	-0.15
	-0.52
CWC27	0.33
ABCE1	-0.42
CWC22	-1.6
FEM1C	0.76
CRY1	-2.49
	2.08
VCPIP1	-0.66
ATP6V1C1	-4.24
	0.35
NUS1	2.8
PCGF1	0.11
PCGF3	-0.19
PCGF5	-0.76
LGMN	-0.87
PCGF6	0.96
	1.63
GOSR2	0.17
NANS	-2.2
	-1.43
	-2.29
DHX33	-1.76
DARS2	-0.91
LRRC57	-1.23
LRRC58	0.49
LRRC59	-1.78
HCCS	-0.28
SLC11A2	-0.82
ISY1-RAB43	-2.0
SLC11A1	-0.29
SNUPN	0.67
ZC3H12A	-0.13
GDI2	-2.32
PRC1	0.63
GDI1	0.0
HSD17B4	-0.03
CBY1	-0.81
COL8A1	-0.38
GPNMB	-0.36
POLG	-1.76
POLE	4.66
POLB	-1.26
PLEKHO2	2.52
PLEKHO1	-0.53
POLK	-1.92
DRAM2	0.2
RTN4	-1.33
RTN3	-0.96
TIMM13	-0.29
TIMM10	-0.45
	3.64
RNGTT	1.31
PA2G4	-2.34
CDC6	-0.75
CDC7	1.49
VRK2	-0.75
	-0.25
PRPF8	1.39
PRR11	-1.38
AEBP1	-0.15
AURKA	0.32
AURKB	3.9
AEBP2	0.19
PRPF3	1.95
PRPF4	-0.29
PRPF6	-0.32
SHC1	-1.64
TALDO1	-0.32
	-1.31
EIF2S3	-2.34
	0.11
PKP2	-0.06
RLIM	0.07
NINL	1.89
	-0.64
	0.62
MICAL1	-1.6
CLPTM1L	0.7
WDR62	-0.01
FEN1	-2.35
WDR60	-0.82
WDR61	0.83
WDR66	0.34
PET100	-0.03
FUCA1	-0.09
VPS72	-1.04
ABHD16A	1.42
C19orf44	0.8
ACOX2	-1.47
ACOX3	0.49
ACOX1	0.76
ERGIC2	-0.66
TFIP11	-2.8
ERGIC1	1.96
DERL1	0.61
DERL2	-0.59
ALDH9A1	-3.38
FUCA2	-1.5
CLIC4	-0.75
CLIC1	-0.27
GABARAP	-0.09
	-0.04
	0.33
APLP1	0.6
APLP2	-1.45
BTBD10	-1.58
LMF2	0.47
LMF1	-1.84
	-1.71
DUS3L	-0.57
TSSC4	-1.86
	0.87
BLM	0.35
TMCO1	-0.58
TMCO3	0.6
TMCO4	0.87
SREBF2	1.36
ZMAT3	2.44
SREBF1	1.59
ZMAT5	-1.31
UBE2V1	1.31
UBE2V2	0.46
ANKRD46	-1.64
	0.56
ANKRD40	0.9
ANKRD49	3.36
MEF2A	2.22
BTBD9	-0.29
MEF2D	0.8
ARID4A	2.35
CYB561D2	-1.35
BTBD1	0.16
BTBD3	0.48
CLUH	-0.96
RNF167	-1.04
RNF169	2.8
RNF168	1.17
KIAA0825	1.84
EAF1	-0.74
N4BP2L2	-1.81
RAD51D	0.02
RAD51B	0.42
DNPEP	-0.6
DDX39B	0.5
ERC1	0.89
CHMP2B	-0.97
CHMP2A	-0.38
DHX16	1.89
DHX15	-0.68
ARFIP1	0.0
MTHFD2	-2.09
MTHFD1	-2.75
KATNAL1	1.19
KATNAL2	-0.87
DBF4	1.08
STIP1	0.14
ALG8	1.56
ALG9	-0.43
ALG2	1.89
ALG3	1.31
ALG1	3.13
ALG6	1.85
ALG5	-0.17
NACC2	1.07
PRIM1	-1.01
PRIM2	-2.13
GYG1	-0.58
NACC1	1.76
HIF1AN	-1.81
	6.69
	1.96
	4.46
IRF2BPL	-0.23
KCNN4	-3.28
SLC30A9	0.49
OSGEP	2.29
ACSL3	-0.15
SLC30A5	-0.01
SLC30A4	-0.87
SLC30A7	0.08
SLC30A6	0.82
SLC30A1	-0.65
MSI2	0.67
MSI1	0.7
SLC16A11	2.01
CRLS1	-0.27
LYST	0.8
SERPINH1	-2.06
PCNA	-1.14
MCTS1	-0.71
SPAST	1.29
HELZ	1.04
HIPK3	1.62
PCNP	1.18
HIPK1	-0.21
IRF2BP1	1.89
	2.69
HELB	1.41
ARL15	1.63
B9D2	2.27
B9D1	-0.82
NFKB1	-0.14
LSM4	-1.11
EEF1G	-2.05
LSM6	0.72
LSM7	-1.93
LSM1	-0.18
LSM2	-0.25
CLCN6	-0.23
XRCC5	0.55
GUK1	-2.28
ZMYND11	1.42
MON1B	-1.51
TPX2	1.14
	-2.02
ZCRB1	-0.69
	1.63
	-0.07
	-0.36
	-0.31
	-0.07
	2.44
	-1.08
HIST2H2BF	0.09
TRAF3IP2	2.08
TRAF3IP1	0.96
SAC3D1	-0.54
	0.22
XRCC6	-0.96
DNAJC25	0.16
DNAJC24	0.22
DNAJC22	-0.45
DNAJC21	-2.02
	1.04
	0.0
MTMR9	-0.48
MTMR6	0.02
MTMR4	-0.53
MTMR3	1.07
	1.29
ISYNA1	-0.42
	0.4
CARS	-0.42
TRAIP	-0.82
CHURC1	-1.91
	3.31
C19orf70	-1.34
	0.46
AHDC1	0.01
ABCB1	-1.17
CA9	1.22
SCARF1	0.04
ACSS2	-1.13
CA6	1.63
RTN4IP1	0.96
PGK2	-2.33
HINT1	0.79
HINT2	-0.88
HINT3	0.02
	4.73
	5.65
HSF2	1.49
	-0.03
C18orf25	1.42
NAALAD2	-2.18
CTNND1	-0.31
DRAP1	2.3
TTK	1.07
FGFR1OP2	0.29
TNFRSF12A	0.28
PPIP5K1	-1.45
CDYL2	0.96
C19orf25	0.26
	-1.24
TOLLIP	-2.4
AAMP	-0.07
HYPK	0.74
NXN	-1.0
	-0.45
DPY19L1	-1.28
DPY19L3	1.53
CCDC47	-1.66
CCDC43	-0.88
SON	2.56
PGGT1B	-0.66
ACTL6A	-0.05
	2.22
PSEN2	3.29
PSEN1	-2.04
	1.63
MYLIP	3.3
GPATCH2L	2.8
XPNPEP1	-3.24
NRBP1	-1.16
	-1.92
TMEM259	3.88
TMEM258	-1.05
TMEM256	-0.94
REXO1	2.74
REXO2	-1.11
REXO4	0.72
NUMB	1.29
	-0.97
	-1.4
ABCG2	4.15
AP5M1	1.63
RPUSD4	-1.89
KDM4A	1.04
FAM178B	-1.57
FAM178A	2.21
DNAL1	0.21
	1.63
TMUB2	-0.49
LMAN2L	-0.62
LMAN1	-1.66
LMAN2	1.54
	0.05
	1.91
ARFIP2	-1.31
NECAP1	0.18
GNAQ	1.85
	0.42
NECAP2	0.62
HDGFRP2	0.87
NAPG	-1.85
ATP1A4	-0.25
ATP1A3	-2.08
NAPB	-0.03
NAPA	-0.69
GNAL	-0.44
OS9	0.94
PON3	-1.23
PON2	-0.74
	0.07
NSMCE1	-1.35
NSMCE2	-1.04
	-0.72
S100A10	0.22
S100A13	0.11
UTP18	-0.3
DPEP1	-1.75
ANGPT4	-1.9
S100A16	-2.06
HELLS	-1.34
FAAH	1.63
HYOU1	-1.73
PLOD2	-0.4
PLOD3	0.22
PLOD1	0.04
AGPAT2	-0.19
CYP39A1	0.3
SCO1	-0.69
GABBR1	3.74
	-2.2
UGP2	-2.75
CPPED1	-0.49
LEMD3	-0.7
SMYD4	0.82
SMYD5	-3.09
COX4I1	-0.03
SMYD2	-2.13
SMYD3	1.66
ENTPD7	0.08
ENTPD6	-0.76
TRIT1	-0.53
	-1.16
SNAP23	-0.57
SNAP29	1.18
ZBTB40	1.17
ZBTB41	-0.45
MAP1LC3A	-0.84
MAP1LC3B	1.6
DYNC2H1	1.84
PHLDA3	-1.34
GAPVD1	1.42
PRDX6	-0.99
PRDX5	0.34
PRDX4	-0.63
PRDX3	0.38
PRDX2	-1.22
PRDX1	-0.59
	0.15
	0.32
PITX2	0.33
DPF2	-1.34
NDUFB6	-0.22
VDR	0.59
PHYHD1	-0.16
CCDC91	0.34
P4HA2	2.11
P4HA1	-0.9
WDR41	-0.06
WDR43	-0.28
WDR44	-0.72
WDR46	2.31
WDR47	2.4
WDR48	-1.83
SERGEF	0.19
NKIRAS1	-1.47
USE1	-3.58
	0.01
VPS52	-1.41
VPS51	0.35
	-0.62
EGLN3	2.18
EGLN2	1.53
EGLN1	1.57
LNX2	0.1
ABHD14B	2.91
APEH	-1.36
FAM120B	1.53
FAM120C	0.19
FAM120A	0.7
MASTL	1.6
PLA1A	0.34
	-0.13
NAGPA	0.38
PRNP	0.44
PARK7	-0.65
	-1.61
TMEM161B	-0.53
STX5	1.31
	-0.66
ANAPC16	-2.27
ANAPC11	-0.27
ANAPC10	-0.5
ANAPC13	-0.04
MAST2	2.71
MAST3	-0.82
MAST4	0.16
GBE1	-1.94
PSIP1	0.76
CAND1	-2.15
RNF44	-2.53
	0.8
TRRAP	3.33
RNF40	-0.91
CYB5D1	0.39
KPNA6	-2.83
KPNA4	-2.24
KPNA3	-0.87
KPNA2	1.38
KPNA1	-0.6
S100A4	-0.88
FDFT1	-1.99
	1.42
	6.73
S100A6	0.14
RHEBL1	0.34
USP48	-0.85
	3.66
RNF185	-0.13
S100A1	0.34
RNF187	-0.27
CNOT10	0.92
RNF181	0.92
USP42	2.44
SKA1	-1.66
SKA2	0.82
COQ9	-0.49
COQ5	-0.19
COQ4	-1.04
COQ7	-0.09
OGDHL	0.87
ILF3	-0.11
ILF2	-1.75
TRIB3	2.32
SCP2	-1.45
DHX38	1.11
	2.3
ZNF213	1.29
ZNF212	0.96
DHX32	-2.04
GOSR1	0.46
ZNF217	-0.23
DHX35	-0.98
DHX36	-2.83
DHX37	-0.82
COPS8	-1.11
	1.6
SDAD1	0.87
	-0.17
COPS3	1.26
COPS6	-0.93
COPS4	-2.05
COPS5	-1.88
SENP6	0.28
FBXL15	-0.19
CCNB2	-1.72
CCNB1	0.86
	0.48
	1.85
COBLL1	0.94
BRCA1	2.09
BRCA2	0.7
ALAD	-1.08
ACAP3	0.38
BAZ1A	-0.04
PFN1	-1.02
BAZ1B	-0.6
EP400	0.18
ZNF469	0.48
URB2	-0.19
URB1	1.14
C15orf39	1.61
GSTZ1	-0.43
	-0.51
	0.08
	-1.04
LIPA	-1.97
LIPE	1.41
GM2A	0.08
RPS6KB1	-0.81
RPS6KB2	0.48
MGST2	2.06
MGST3	-0.25
MGST1	0.29
TRMT2A	-0.61
	0.44
	2.65
CLSPN	-1.28
CUL4A	-2.92
CUL4B	-1.76
TUBB2A	0.49
TUBB2B	-0.67
TJP2	-2.16
	0.29
TJP1	-1.05
NEK2	-1.8
NEK1	-1.04
SAMD8	0.02
B3GNT3	-1.96
NEK9	-0.23
HIST1H2AD	-0.69
	-1.14
SLC41A1	-0.34
TNFSF12	1.63
SLC41A2	0.66
CEP170B	1.07
	6.37
SETD1A	-0.49
RNF6	-1.42
	3.12
ARHGEF10L	-0.66
TIMP2	-0.07
TIMP1	-2.01
CHMP7	-0.75
STAMBP	2.51
SENP3	2.62
SENP2	-0.45
SENP1	2.08
	-1.76
	-0.27
IL6R	0.08
	-0.19
B3GNT9	1.29
NKAP	-1.13
RPL10A	-1.16
RPL10L	0.43
	0.22
SLX4	0.7
PNKP	0.42
SELENBP1	-0.23
	-0.05
	-1.74
CSF1	-1.48
GLB1	1.21
APPL1	-0.06
APPL2	0.85
PQLC3	-1.23
DCLRE1C	1.63
CRTAP	-2.34
GPR39	1.08
	-1.28
STX8	-1.56
TRAK2	1.54
TRAK1	2.16
STX7	-1.81
STX6	-2.32
	1.63
	5.84
	0.01
CTNNB1	-1.57
AAK1	2.12
EDC4	0.08
AVPI1	-1.92
NICN1	-0.75
ASAP1	0.52
ASAP2	1.49
KAT8	1.63
NDUFA1	-0.38
KAT5	1.08
KAT7	1.6
LUC7L	0.16
	-1.77
	0.33
	0.35
	0.38
ARHGAP31	0.01
CCDC22	-0.52
CCDC25	-2.16
PQLC2	1.63
FCF1	-2.49
	-0.5
UXS1	-0.72
ASXL1	-1.03
	0.48
LRCH3	3.7
SSR2	0.38
FIBP	-0.27
	-0.75
CCSAP	2.04
ARF3	-2.43
	-1.48
ARF1	0.01
ARF6	1.4
ARF5	1.13
ARF4	-1.53
AAGAB	-2.67
RPN2	-0.5
KDM2A	-0.13
PDCD7	2.08
PDCD4	0.45
KDM2B	0.7
NDUFV3	1.96
NDUFV2	-3.51
NDUFV1	-1.71
	0.14
DNASE1L1	-0.91
	-1.06
	4.79
ATP6V1G1	1.14
	-1.04
TXNRD2	-2.03
TXNRD1	-2.01
DNASE2	-1.08
NR1D1	4.28
ACVR1B	-0.03
INO80	0.11
NARS	-2.01
OXCT1	-1.64
DYNC1H1	2.68
NDUFA4L2	1.01
TTLL5	0.02
TTLL4	2.83
EXT1	-0.57
	-0.06
D2HGDH	-0.19
SAR1A	-2.61
SAR1B	0.61
WDHD1	0.48
GPA33	0.01
DAGLB	0.38
C11orf49	-1.31
	1.27
MANBA	0.63
CDC27	-0.13
COMTD1	-0.53
CDC23	-1.02
CDC20	0.47
CLN5	0.08
SARDH	-0.38
CLN3	0.67
MAPRE1	-1.15
NOL10	-2.19
MAPRE3	1.29
CLN8	-0.16
TCF4	0.01
AUP1	-1.42
MORN1	2.08
UCKL1	-2.13
SLC16A1	-1.08
RIF1	-0.69
SLC16A6	1.29
TTLL12	-2.47
TIMM50	-1.73
ZBTB21	2.12
ZBTB25	1.63
SSC5D	-0.49
	-2.82
BAG5	2.8
EIF1AY	-0.77
EIF1AD	1.83
SAP30BP	-0.64
MDN1	0.23
CCDC136	0.34
CCDC137	1.42
CCDC130	3.53
SLC1A4	0.0
SLC1A5	-1.76
SLC1A1	2.04
SLC1A3	1.63
VPS35	-1.59
VPS36	0.36
COL18A1	0.15
MAT2B	2.75
	-1.48
ZNF280C	1.54
TET3	1.54
SDCCAG3	-0.87
PDE4DIP	0.59
ANAPC1	1.03
ANAPC2	-0.3
ANAPC5	2.63
ANAPC4	1.07
ANAPC7	-2.18
SLC35E4	-0.79
C1QTNF6	0.42
IBTK	1.63
C11orf95	0.08
C8orf33	0.86
EEF2	-1.95
	4.17
	-0.98
RARRES2	-1.36
SLC2A1	3.54
KIAA1551	-0.44
CCNL2	4.73
DAXX	2.03
RAB3GAP2	-1.04
	-0.45
PLCB3	0.82
	0.02
SUPT6H	0.16
UBE2R2	-1.12
SCRIB	3.77
GAS8	0.18
SGSM3	-0.17
SGSM2	0.96
ACOT8	1.42
	-1.6
GAS1	-0.63
ACOT7	-1.7
ACOT2	-0.73
	-0.82
KIAA0196	-0.45
FEZ2	-0.31
PYURF	1.07
GTF2E2	-1.08
DDT	-1.53
ZNF398	2.7
OSER1	-0.43
ZNF397	1.63
ZNF395	1.78
MRPL36	-1.46
MRPL37	1.16
MRPL34	-1.12
MRPL35	0.67
MRPL32	1.35
MRPL33	-0.41
MRPL30	-1.91
MRPL38	1.78
NEK11	1.17
PPIL1	1.36
PPIL2	-0.3
PPIL3	-0.34
PPIL4	1.42
NUP88	0.23
CLASP2	1.25
CTBS	0.06
NUP85	-0.43
	6.33
MSRA	0.75
	-2.6
	-2.23
	-1.04
HMGN1	-3.05
NFS1	-1.69
SRSF4	-0.94
CCND1	-2.75
CCND3	-1.75
CCND2	0.39
	-0.63
SPECC1	0.08
PSMA2	1.17
	5.36
	7.03
CD74	0.38
	0.7
SRSF3	-1.45
BRCC3	0.1
NUDT22	-0.27
NUDT21	-1.49
	0.56
FAM162A	-2.17
	2.08
CETN3	-0.8
TEX10	-1.14
	-0.63
RALGDS	0.9
	-0.61
PEX3	-2.05
	0.19
PEX5	-2.1
PEX7	-1.97
PEX6	0.14
AZI2	0.35
TGFB1I1	0.11
	-1.16
HADH	-1.91
ITGA3	1.68
LRSAM1	1.73
CHRAC1	0.67
ARRDC4	0.1
ITGA6	0.2
ARRDC2	1.18
ARRDC3	-0.65
	0.04
GNPTAB	-0.82
SORD	-2.52
RHBDD2	1.49
RHBDD3	0.48
	-0.38
RHBDD1	-1.35
TGFBR3	-1.44
TGFBR2	-0.61
TGFBR1	-0.67
ACADSB	0.08
RPS7	-1.43
RPS6	-1.04
RPS5	-2.12
RPS3	-1.77
RPS2	-1.42
ALG12	-0.71
	0.03
ALG14	-1.5
RPS9	-0.95
RPS8	-2.03
DRG2	-2.71
DRG1	-1.04
SDF4	0.58
SDF2	0.23
EVC2	1.42
STRAP	-0.54
NFKBIB	-2.03
CAPZB	-2.44
HCN2	2.08
	-0.23
	-1.78
RSU1	-0.48
ARIH2	1.8
ARIH1	0.09
ARL8B	0.68
ARL8A	2.93
	-0.67
HSP90AB1	-1.6
MEGF8	0.89
PDCL	-0.01
ARHGDIB	0.14
	1.71
GSTO1	-2.48
CENPU	-1.04
ARHGDIA	-1.55
	1.84
	7.83
	7.7
BMP2K	1.07
CAV2	0.81
TOR2A	-0.44
PBK	-0.98
CAV1	0.5
	-1.99
	-1.4
SHCBP1	-0.38
RAD23A	0.0
SCARB2	-2.48
SCARB1	0.06
SERHL2	-1.33
RHOBTB2	1.73
RHOBTB3	0.8
APOBR	2.11
	1.63
TBCE	0.17
TBCD	-1.63
TBCC	0.7
TBCB	0.55
TBCA	-0.28
TRIM8	2.0
	-0.23
TRIM3	0.2
TRIM2	2.99
	-1.36
TMEM43	0.69
TMEM42	1.04
	0.21
COL5A2	-0.74
TTC14	0.19
TTC17	1.07
COL5A1	0.9
TTC13	-2.02
TTC12	-0.44
LMBRD2	-1.07
LMBRD1	-0.79
IDH3A	-0.88
	-2.13
IDH3B	0.39
IDH3G	0.37
	-0.45
	-1.36
SNRPB2	-0.01
SIPA1	-0.45
SSBP3	0.08
TRPC4AP	-1.18
	0.63
GADD45A	-1.44
GADD45B	-2.68
	-1.34
MNT	-0.82
GADD45G	-1.34
	-0.58
	0.78
	0.48
	0.0
	-0.8
	-0.38
	0.08
SLC25A40	-1.59
NDOR1	0.11
TOM1L1	-0.19
ECM1	0.79
TMEM216	1.42
TMEM214	-1.78
TMEM218	-0.87
	-1.27
KNSTRN	-1.4
PPM1F	-2.35
	-0.22
	0.48
PPM1B	-1.26
PPM1A	0.08
RPL9	-1.22
RPL6	-0.63
RPL7	-1.13
PPM1M	1.04
RPL5	-1.75
RPL3	-1.05
MECR	-0.38
ZHX2	0.76
ZHX1	-0.87
ATP6V1E1	-0.45
	0.33
TLE6	-0.82
	0.96
UTP11L	-0.15
ESPL1	0.32
IRGQ	3.31
	5.27
MYO18A	2.88
JAK3	-1.91
	1.32
PLXNA2	0.39
DNMT1	1.21
STXBP1	1.9
CCPG1	-0.55
ALDH7A1	-1.47
POMT1	-1.97
	0.33
POMT2	-0.16
SDR39U1	-1.03
FAT1	2.07
SETD3	1.04
SETD2	2.91
SETD5	1.35
SETD7	-1.04
SETD6	-0.87
WRB	-2.04
WRN	0.8
TSPAN3	-0.57
CYTH3	-0.57
TSPAN4	0.01
TSPAN9	-1.12
CSDE1	-1.62
ZFHX4	2.35
ZFHX3	2.95
HMHA1	-0.21
BRIP1	-0.67
BCL6	0.48
	0.11
CCDC117	-0.5
CCDC115	-0.25
CSTF1	-2.03
CSTF3	-1.56
CSTF2	-1.16
VHL	-0.18
WDR81	-0.17
WDR82	-1.45
WDR83	-0.64
	-2.33
	-1.34
R3HDM4	-1.68
VPS16	0.17
R3HDM1	-0.19
R3HDM2	-0.35
SF3A1	-0.31
	-1.68
SF3A3	-2.46
PITPNA	-0.77
PITPNB	-1.76
TGS1	-1.08
RPN1	-1.07
FTO	-1.88
	0.4
ERCC1	-1.83
ERCC2	0.42
ERCC3	-0.3
SCPEP1	0.19
FRRS1	0.33
GON4L	3.61
RPAP3	-2.48
RPAP1	-2.03
NSMAF	2.16
	-0.69
ZNF622	0.81
CIART	2.36
MBTPS2	-1.91
MBTPS1	1.31
PLCL2	-1.38
AMFR	0.25
STX12	-0.36
STX16	2.7
STX18	-2.17
	1.26
	1.62
TSTA3	0.36
PDCD6	0.14
TMEM189	1.54
MRPL10	1.58
MRPL11	-1.85
MRPL12	-1.42
PDXK	0.2
MRPL14	-0.72
MRPL15	-2.18
MRPL16	-0.09
MRPL17	-1.3
MRPL18	0.35
MRPL19	-1.66
CALHM2	0.11
IER3	4.95
AAED1	0.9
DTNB	-1.21
PDXP	0.48
GABPA	-0.8
STAM	-1.13
PRPF19	-1.42
PRPF18	-1.36
	-0.61
GSTP1	-0.88
	4.12
EVA1B	0.42
STAG2	1.21
HTATSF1	-1.0
PLTP	0.53
CDCA7	-0.29
CYFIP1	-1.52
ZNF512	1.57
CDCA5	0.39
HGS	1.22
ACAT1	0.56
ABR	0.07
ACAT2	-0.36
TCTEX1D2	0.17
KCTD20	-1.7
ARAP2	1.29
CTNNAL1	-0.65
SNX5	-0.73
AHNAK	-0.76
SMCR8	2.74
GNB2	-0.5
MTO1	2.94
GCSH	-1.95
CELA1	-1.07
MMP14	1.01
MMP11	0.51
TEX30	0.48
MMP19	-1.38
	1.19
TPR	1.8
ARGLU1	0.99
	4.56
GPSM2	-1.35
	-0.91
PEAK1	0.01
PPEF1	-0.88
SLC29A3	1.38
SLC29A2	1.53
SLC29A1	-3.3
TWIST2	0.14
NUP107	0.18
CDKN2AIP	-2.53
ADPGK	0.03
ULBP1	-0.92
UQCC1	-1.14
	0.11
UQCC2	0.28
BOD1L1	0.51
RHBDF1	5.4
ING4	0.67
VANGL1	0.14
ING1	-1.34
ING2	2.04
	0.38
SNRNP200	-1.0
CANX	-0.42
	3.12
MAEA	-1.27
	-0.96
	2.99
CSK	-1.06
MED28	1.69
KALRN	2.44
DMP1	-1.42
UBA6	-1.83
UBA7	0.08
UBA5	-1.73
	-0.13
CXorf38	-0.47
UBA1	0.27
	-2.31
PWP1	-0.86
	-1.19
CREG1	-1.5
NAA25	-1.96
SIN3B	1.43
ERCC6L	-0.91
WARS	-3.27
MED21	-1.55
CLINT1	-1.11
MED23	0.22
	-0.82
HAT1	-0.79
SLTM	1.13
GSTM5	0.88
GSTM1	-1.1
	0.61
GSTM4	-0.48
GSTM3	-1.59
	-1.49
GSTM2	0.89
	-0.99
DMPK	-0.44
TOR4A	-0.9
PNO1	-0.3
ABHD17A	2.08
SNRNP35	1.38
HIST1H4C	0.04
LAMP1	-1.48
TMEM67	-0.82
TMEM65	0.28
RPS6KC1	1.84
SH3BGRL3	0.81
CD276	-0.34
FIGNL1	-2.56
FOXRED2	-1.04
FOXRED1	0.49
	-1.96
C12orf29	-0.87
H1F0	0.69
NRM	-2.82
PIM1	1.04
	0.11
TTC33	0.11
TTC37	1.73
ST6GALNAC6	0.48
ST6GALNAC4	0.63
RARA	-1.23
RARG	-0.4
UFM1	-0.66
BTRC	-0.16
FBN1	0.16
RARS	-1.53
WNT5B	-0.53
MLX	-0.31
TADA1	-1.34
TADA3	0.13
	0.34
SET	0.2
PSME4	0.63
PSME2	-2.11
PSME3	3.58
NDUFB11	0.88
NDUFB10	-1.44
INO80E	-1.23
INO80C	0.3
PROSC	-0.81
CRAT	-1.21
ING5	-1.08
GNPDA2	1.05
PCDH1	-0.3
C1orf159	0.67
TMEM238	-0.21
TMEM234	-1.71
TMEM237	0.49
ATP5G1	-1.47
TMEM230	-0.65
ATP5G3	-0.82
ATP5G2	-2.22
SCFD1	-1.83
ZNF451	0.8
REV3L	0.67
AKR1B1	-0.03
LXN	-1.31
	-0.82
THUMPD1	0.31
THUMPD3	0.33
THUMPD2	2.7
MAML3	0.96
MAML1	4.08
	6.75
BMPR1A	1.07
RCBTB1	1.49
QKI	-0.77
NADK2	-1.08
SERP1	-1.73
PPP2R5D	-1.49
PPP2R5E	-1.39
PPP2R5A	2.55
	-0.04
UTP6	-2.52
	1.09
ATIC	-1.9
TMEM184A	0.96
TMEM184B	-1.26
TFDP2	-0.91
TFDP1	1.89
PSME1	-0.88
	-2.76
SUMO1	0.09
SUMO3	0.29
SUMO2	0.99
PDS5A	-0.35
PDS5B	2.64
RB1CC1	-1.43
ATPAF1	-0.81
SMNDC1	-0.25
C12orf66	0.11
F2R	0.72
TRAPPC11	-1.55
TRAPPC10	1.42
TRAPPC13	1.03
TRAPPC12	-1.56
TUBB6	-0.55
TUBB	-0.59
TUBB3	-1.38
TUBB1	-0.34
TBX15	-0.45
TFE3	0.28
FGFR1	-3.15
TCERG1	0.4
NR2C2AP	-0.15
IRAK2	2.52
IRAK1	3.33
	-0.28
NIFK	-0.04
NGDN	0.16
	-1.47
	1.38
NAV1	1.11
GNG7	1.63
NAV3	2.99
NAV2	1.26
LIG1	-0.12
LIG3	0.06
FAR1	-3.16
CNOT4	1.8
PRRC2A	1.86
VPS26A	-2.19
TSPYL1	1.13
TSPYL2	-0.13
VPS26B	-0.64
KDELC1	-1.07
KDELC2	-2.2
CCDC174	1.54
GPD2	-1.6
	-0.17
PLBD2	-1.34
DIP2A	0.21
DIP2B	-0.38
	-1.36
CARS2	-1.7
CDK1	-0.15
CDK2	2.99
CDK4	-3.8
SACM1L	-2.38
CDK6	0.56
CDK7	-0.82
CDK8	2.95
CDK9	-2.62
	-2.96
SREK1	0.63
	-0.82
PSMC1	0.51
TXNL4B	-0.94
SQSTM1	-1.34
MXD4	-0.78
PPP3R1	-0.94
MXD3	-1.69
MORN2	0.11
SAAL1	0.64
PPAN	2.22
SPPL2A	-1.91
PAPOLG	0.76
PPP1R14B	0.39
PAPOLA	-0.16
AMD1	-1.94
DROSHA	3.3
	-0.91
	-0.72
ZNF608	0.33
ZNF609	4.08
	0.35
PPAT	-2.04
PRKAR1A	-0.93
WWP2	-0.14
USP28	-0.25
USP24	-1.03
USP22	-1.22
USP21	1.84
USP20	-0.8
KIAA0895L	0.96
	3.66
	1.63
DSTN	-0.98
ATXN2L	0.06
PRPF39	-0.21
PRPF31	-1.68
ALAS1	1.55
BRWD1	4.0
	5.56
	-1.74
HMGB2	-0.74
	-0.46
SPARCL1	1.13
SMU1	-2.83
FYCO1	0.34
SYT13	-0.69
SLC5A3	-0.95
ADAMTS14	-0.94
RENBP	-0.22
OTUD4	0.94
DCTD	-1.43
SLC19A2	-0.26
	2.04
UBALD2	1.09
SLC19A1	-2.64
MAN2C1	0.01
CALCOCO1	0.17
C10orf88	0.11
GAN	1.53
TMEM55B	0.11
GAK	0.1
CITED2	6.72
MTA1	0.39
GAA	1.46
MTA3	-1.33
NCEH1	0.26
ARL2	-2.74
CYR61	4.09
EHD2	-0.31
EHD1	-1.7
TRMT61A	-1.51
ZC2HC1A	-0.43
FGGY	-0.03
	0.92
SLC35A3	0.11
ABL1	2.68
ATXN2	2.25
ATXN1	0.76
PLSCR4	0.96
	-0.87
SLC6A6	-1.72
PLSCR1	-0.67
SLC6A9	-0.04
SLC6A8	-1.52
EML2	0.15
	1.63
	0.21
BCAP31	-1.52
MAPK1IP1L	-2.86
CAMK2D	-0.4
NUP160	-1.91
CAMK2G	-0.64
CAMK2A	-0.98
NEK6	-1.48
HAUS8	0.9
UBXN8	-1.5
ANKHD1	-1.5
UBXN4	-1.6
UBXN6	-1.31
UBXN7	-0.13
UBXN1	0.58
	-1.06
TTPAL	1.85
PIBF1	1.35
FILIP1L	0.09
HSD17B8	-0.94
NEK7	-0.27
RAI14	-0.82
RINT1	-0.82
NIN	-0.29
SETDB1	-0.36
TMEM41B	0.19
GRAP	-1.7
HAX1	-0.32
RDX	0.44
BANF1	-0.51
GUSB	-1.23
	-1.55
BHLHE40	3.77
	0.23
PRRC2C	1.15
F11R	0.38
ENSA	-0.71
FBXW8	-2.55
FBXW9	-0.93
DDOST	-1.37
	3.05
ANKIB1	0.74
FBXW2	-0.13
LPAR1	-0.93
FBXW5	-0.05
FBXW7	0.76
C1orf123	0.48
ARID2	0.96
COL4A5	-0.57
COL4A2	-0.69
COL4A1	-0.59
SMIM20	-1.07
	-0.49
	-2.19
PGS1	0.75
ST7L	1.42
AHCY	-1.7
	-0.34
	-1.17
NUTF2	0.71
TUBB4B	-1.01
TUBB4A	-0.34
AFMID	1.55
VPS39	-0.72
TOMM20	-2.14
TOMM22	1.18
AP1B1	-1.04
IGF2R	0.13
AS3MT	0.74
AOC3	0.8
RAB33B	1.84
	-1.41
MAP3K11	2.27
MAP3K14	3.15
GALNT7	0.47
GALNT2	2.51
PLXNB2	-0.15
NCBP1	-0.48
NCBP2	-0.64
SLC9A3R2	1.29
SLC9A3R1	-0.96
SHISA5	-1.36
LIMS1	-0.85
KIF3B	1.31
KIF3A	-0.35
FAM45A	0.07
	-1.53
PPP2R3A	1.38
	-1.84
UFC1	-0.91
PSMG4	-1.24
PSMG1	-1.91
PSMG2	-0.86
PSMG3	-1.27
TRPV2	0.08
XPO1	0.15
	-0.12
XPO7	-0.96
XPO6	0.99
DOHH	-1.36
	-1.34
	-1.34
PRDM14	1.63
KCNH2	-0.86
CPNE3	-0.17
CPNE2	-1.02
CPNE1	0.17
CPNE7	0.96
	-1.21
	-0.19
FNTA	-2.63
FNTB	-1.41
	0.5
RBM34	1.23
SEPT9	-0.39
SEPT8	-1.31
GIT2	1.31
SEPT5	3.46
SEC61G	-1.71
SEPT7	-0.01
CYTH2	-0.83
SEC61B	0.9
	2.06
SEPT2	-3.08
TACC1	-0.64
TACC2	1.42
TACC3	-1.91
SGCB	2.87
TECR	0.37
DCTPP1	-2.24
COL1A1	-0.84
	-0.63
KMT2D	6.15
CYP4B1	1.26
	0.4
ECI2	-0.14
ECI1	0.09
IPO8	0.35
IPO9	-1.16
IPO7	-1.45
IPO4	-1.66
IPO5	-1.31
YRDC	-2.11
	-1.3
	-0.8
	-0.34
PRMT8	-0.53
	0.02
EMILIN1	-2.05
PRMT2	0.64
PRMT3	-2.66
	-0.44
PRMT1	0.93
PRMT6	-0.48
PRMT7	-1.52
PRMT5	-1.4
	-0.77
	-0.19
SCG5	-0.66
HUS1	2.3
TUBGCP2	-3.08
TUBGCP4	0.32
TUBGCP5	2.46
TUBGCP6	0.6
STIM2	0.67
	0.11
FAM188A	-1.22
PAK4	-1.34
PAK1	-0.39
PAK2	-1.61
ELF1	0.33
YIPF3	-1.47
PMP22	0.75
ELF2	1.41
RUVBL1	-1.5
TTI2	0.48
TTI1	-1.43
SUB1	0.38
SS18	-1.76
DNAJC15	0.74
HIST2H3C	-0.61
SMARCE1	-2.53
	-0.64
TNS3	0.71
	0.48
TNS1	2.6
PATL1	1.54
EIF4B	-1.13
VWA5A	-0.44
RHOC	-0.73
MAT2A	-1.87
	1.84
RHOG	-0.52
	0.89
	-2.12
KIAA0907	2.0
BCHE	2.94
RHOD	1.47
VPS8	-0.75
SYDE1	2.12
AMZ1	0.01
AMZ2	1.63
	-0.64
COQ10B	-0.78
	-2.14
	-0.46
COQ10A	0.76
E4F1	2.36
FAM195B	-1.43
PPP1R12A	-0.69
PPP1R12C	1.14
	-0.87
DDX23	2.79
EFEMP2	-0.54
JMJD6	-0.15
JMJD8	-1.27
	-1.11
	1.18
SFR1	-1.8
SECISBP2L	-1.76
TMEM38B	-0.67
DDX27	0.84
ZBTB8OS	-1.53
	0.57
CAPZA2	-1.54
CAPZA1	0.36
AGPS	-1.72
SERINC1	0.27
SERINC3	-0.51
MAGOH	0.18
RADIL	-0.13
DIRC2	0.64
CDH17	1.09
DLST	-1.39
	2.99
CHM	-2.2
MRPL54	1.98
MRPL55	-1.46
	-0.97
MRPL50	-0.69
MRPL51	-0.66
MRPL52	-0.66
MRPL53	3.38
ACLY	0.07
	-0.63
	1.63
PLD2	-0.65
PLD3	0.3
	7.62
NFYC	0.53
NFYB	-0.48
NFYA	1.55
	3.64
C11orf54	-1.03
SCAMP4	-0.88
SCAMP5	-0.38
SCAMP2	0.7
SCAMP3	0.36
	-0.97
SCAMP1	0.26
PRRC1	-2.48
UNC45A	0.57
POLR2E	1.73
POLR2D	0.95
POLR2G	-1.53
POLR2F	-0.8
POLR2A	1.26
POLR2C	0.7
POLR2B	-0.98
POLR2M	-0.65
POLR2L	1.04
POLR2I	0.29
POLR2H	-0.25
POLR2K	1.08
POLR2J	-0.53
SUPT5H	-1.66
ATP11A	0.08
HOXB13	0.11
HIBCH	-1.28
GABPB2	2.83
GABPB1	0.38
	-0.58
POLDIP2	-1.35
CLEC16A	2.94
THRA	0.9
CD14	-1.03
AFP	-0.98
VASN	1.23
	0.0
ERI2	1.94
ERI3	-0.95
NDC1	-2.19
ERI1	-1.21
	0.49
BAIAP2	0.27
VASP	0.03
MLST8	-0.74
XAB2	-0.78
CHD1L	0.86
	9.06
TBX3	1.63
PER1	0.22
	0.48
PTGES	0.54
SLC35C2	0.01
ENTHD2	1.63
DBI	-0.48
	-2.49
	1.95
	-0.45
WSB1	2.53
WSB2	1.63
DBT	1.41
VSIG10	-0.91
CENPC	0.7
RB1	2.21
PURB	2.16
PURA	-0.48
LDB1	-0.08
	-0.11
	-0.53
DCP2	0.08
LONP2	-2.03
LONP1	-0.55
TBC1D22A	-0.01
LZIC	-0.57
UFSP2	-1.12
ARSA	0.32
ARSB	-3.05
	-0.69
	-0.84
YTHDC1	-0.4
IVNS1ABP	2.7
PAQR4	0.11
PAQR7	-1.03
BTD	-2.55
DENND4B	-0.71
DENND4C	1.41
	-0.24
UQCRC1	-1.14
TPT1	-2.28
STK19	-0.46
STK10	0.8
STK11	3.64
STK16	-0.98
CALU	-0.37
	-0.79
CBFB	1.75
LSM11	0.02
	0.01
	-0.62
	-0.12
BCL2L13	-0.35
PHB	-2.88
ST3GAL4	1.5
CCDC6	1.42
CCDC9	-1.27
GUCA1A	2.21
SLPI	-1.8
HYAL1	-0.78
CYLD	-0.87
ADHFE1	0.33
SAMD4B	0.96
SHKBP1	0.35
MYH9	1.57
TP53BP1	2.5
SNRNP70	-1.33
OSTM1	-1.43
SLC52A2	-1.28
	-1.7
KIF1B	3.62
KIF1C	2.47
MITD1	-0.78
PRDM4	1.63
PRDM2	-1.56
MRPL39	0.5
	1.73
TMPO	-0.62
RAB5A	-1.7
RAB5C	-0.86
RAB5B	-0.15
UNC119B	0.81
	-0.72
G6PD	-0.96
RGS2	1.84
RGS3	0.8
NVL	0.46
	-0.45
GNPTG	-1.61
	0.7
KIF14	0.7
KIF15	0.96
PSMA1	0.33
PSMA6	-1.24
KIF11	-0.4
PSMA4	-0.91
PSMA5	-0.8
MSTO1	-1.96
TMIGD1	1.63
RPL18A	-1.02
	-0.64
	-1.12
CNDP2	-0.58
ATP5C1	-2.05
ZDHHC17	-0.53
ZDHHC16	2.03
ZDHHC13	1.27
NBR1	0.16
ZDHHC18	-0.66
LGALS9B	-1.22
	0.48
FOSL1	2.97
FOSL2	3.24
LGALS3	-0.03
LGALS2	2.67
KAT6A	0.43
	-0.79
ZNF410	-0.23
ZNF414	-0.19
RBM12	-1.76
RBM10	-0.74
RBM17	-0.72
RBM15	-1.17
RBM14	-1.94
RBM19	1.71
RBM18	-1.23
PPP2R1A	-1.34
PPP2R1B	-1.86
ZFX	0.34
LGALSL	-1.86
ZFR	1.71
TCP11L2	1.03
CEP89	-1.59
TCF7L2	2.04
GFPT1	-4.11
	2.03
CEP85	-0.35
TWF1	-0.32
TWF2	-0.01
AGMO	0.55
PRPF38A	-0.62
PRPF38B	1.87
UBE2E1	-0.44
UBE2E3	-1.25
SLC25A22	-1.81
RGL1	1.18
SLC25A20	-2.43
TNKS1BP1	0.37
SLC25A24	-2.95
SLC25A25	2.94
SLC25A28	0.08
BNIP1	-2.56
BNIP2	-0.99
	-1.72
SUN1	-0.85
	3.45
ETFA	0.99
ETFB	-1.06
TFAM	-0.57
LAS1L	-0.4
SCAF11	-0.95
PDIA6	-1.15
CTDP1	0.64
HIBADH	0.93
	-1.58
CAPN15	1.69
ESYT1	-0.8
ESYT2	-0.65
MYBBP1A	-0.69
PRRX1	0.49
PGM3	-0.03
KIF21A	3.69
ATF7	-0.91
MAD2L1BP	0.11
BET1	-2.45
TLK1	-0.57
TLK2	0.11
ATF1	-0.6
CGGBP1	1.14
ETF1	-1.71
GCDH	-1.56
MRE11A	-1.0
TM2D1	1.71
IL17RC	-0.64
IL17RA	-0.93
MECOM	-0.19
HMG20B	1.99
THOC3	-1.56
THOC2	-1.08
THOC1	-2.7
THOC7	-0.01
THOC6	1.8
THOC5	-1.61
B3GALT6	-0.03
FBXL2	1.17
ACACA	-0.35
VRK3	-1.04
ACACB	0.11
WNK1	-0.09
	0.35
USO1	-0.51
NCSTN	0.29
	3.71
TMEM63A	0.72
TMEM63B	-0.64
SNTB2	-0.71
AIDA	1.63
NIPA2	0.7
RER1	-1.09
EPS8L2	1.54
OSBP2	1.19
NCAPG2	2.74
	-1.43
DMAP1	-0.53
FAM160B1	-0.7
	2.04
DPH1	0.71
DPH3	0.8
DPH6	-0.28
TBRG1	0.63
	5.45
TBRG4	-0.48
MSX1	1.17
C6orf106	-1.26
ZNF644	-1.13
ZNF646	1.63
PUM2	3.33
	1.35
PUM1	-0.5
TNKS2	2.14
NPEPPS	-1.72
SNX17	0.15
SNX14	0.48
SNX12	-0.61
SNX11	-2.01
SNX10	0.29
SNX19	-1.35
SNX18	-0.65
AGRN	-0.01
LOC102288414	-1.05
	2.12
MALSU1	0.43
	0.35
	0.8
	-0.86
MARS	-1.47
ITPRIP	-0.79
NDC80	0.79
	-1.34
TNFRSF1B	-1.04
TNFRSF1A	-1.35
MIB1	-1.13
MIB2	2.04
PABPC1	-0.4
	-1.14
PABPC4	0.04
	-1.09
SAMD4A	-0.19
DTD1	0.16
DTD2	-0.67
STK3	-0.82
TNRC6C	0.01
SAMD1	0.11
TNRC6A	1.54
STT3B	-0.22
GMPPB	-1.17
SEMA6B	-2.8
DBR1	0.49
	4.63
	2.24
	0.82
	-1.13
DCPS	-0.52
PEPD	-0.17
	-0.57
RAE1	0.6
ADA	-0.38
ARMC10	-1.14
ADM	3.85
ADK	-1.41
LRPPRC	-2.47
ADPRHL2	-1.96
GPBP1	2.61
	0.02
BAG3	-1.13
BAG1	0.16
BAG6	-0.66
TNR	0.01
INSL6	2.8
	-1.55
SLC35E1	-2.03
SLC35E3	2.3
LZTR1	-1.64
SAP130	1.07
FAM111A	-1.58
CCNL1	1.62
GGACT	2.87
NUSAP1	0.8
RAB3GAP1	-2.24
ENDOD1	0.59
YME1L1	3.29
TMEM9	1.6
RABEP2	-1.14
NPTXR	1.48
RABEP1	-0.14
TMEM2	-0.94
TMEM5	1.8
RPS26	-0.92
	-0.79
RPS24	-1.56
RPS25	0.25
RPS23	-1.79
RPS20	-2.12
RPS21	-1.14
RPS28	-0.11
RPS29	-1.01
	-0.75
ESD	0.88
LCP1	-0.57
	2.04
	0.48
	4.57
NFKBIA	1.96
CHUK	1.14
NFKBIZ	0.48
YIF1B	-1.66
YIF1A	-0.45
FMNL2	-0.43
FMNL3	-1.04
AP2S1	0.34
CETN2	-0.96
RNMT	-0.11
CXorf23	0.48
LSM14B	-2.13
LSM14A	-1.64
CFLAR	0.02
FANCE	-1.34
FANCB	-0.03
FANCA	-0.17
JAK1	-1.95
BRE	-1.45
FANCL	-1.59
DENND6B	2.31
FANCI	0.48
APPBP2	-0.14
MYO6	2.95
MAOA	-0.15
ATP4A	-0.66
HLA-G	-0.04
	-0.85
ATG4B	-1.56
ATG4A	-0.19
MPDU1	2.7
COX6B1	-0.48
XPA	2.31
SNX3	0.73
SNX2	1.59
SNX1	-0.15
SNX7	-1.12
SNX6	0.4
ARAP1	-1.6
SNX4	-0.22
SNX9	0.39
SNX8	-1.41
CKS1B	0.89
PEX2	-0.35
FNDC3A	0.9
FNDC3B	1.57
IFT80	-1.43
TCF19	0.48
TNIP1	-2.4
STK35	1.07
STK38	0.39
DEPDC1	-1.03
DDB1	-0.86
SHMT2	-0.17
SHMT1	-1.65
	0.33
PIM2	1.84
PIM3	3.08
	0.21
METTL13	-0.54
	1.63
	1.07
	-1.0
SEC24D	-0.33
SEC24A	-1.02
SEC24C	-1.05
SEC24B	0.74
	-0.74
SPC25	1.29
SPC24	1.63
MVP	-0.92
CCDC80	-0.25
CCDC86	-0.62
CCDC84	0.7
OSMR	-2.57
MVD	0.71
TANGO2	-0.45
PDE4A	2.7
PSMC2	-1.35
PSMC3	-0.15
PSMC4	-1.15
PSMC5	-0.52
PSMC6	-1.4
DOLK	-0.01
TRMT6	-1.36
NAAA	0.46
METTL16	-0.75
AQR	-0.14
HSP90B1	-1.33
AGTPBP1	1.96
TTC9C	2.52
	-0.53
KCMF1	0.3
IARS2	-0.77
METTL17	0.35
ARL1	-0.38
MRPS34	-2.26
ATP5A1	-1.23
MRPS36	-1.91
MRPS31	-1.28
MRPS30	-2.3
MRPS33	-1.44
ARL6	-2.48
CLIP2	-0.91
CLIP1	0.27
CRIPT	-0.04
GCHFR	-1.34
SEL1L	-0.05
ACTG1	-1.58
ACTG2	-0.33
CHRNB1	-0.16
	-1.07
NLRC5	0.67
LARS2	-1.97
NLRC3	0.96
SIRT3	0.34
VBP1	1.21
HSPB7	0.49
PPP2R3C	1.5
	-1.89
	0.67
C1QBP	0.89
ARHGAP23	1.09
	-0.82
ARHGAP21	2.91
	-0.19
UBE2G2	0.78
C8orf76	-1.14
MSANTD4	2.5
AIM2	-0.69
	-0.14
	-0.64
CA5B	-1.79
DHFR	0.01
FXYD1	-0.66
	-0.92
	-2.41
ZC3HAV1	-1.02
	-1.19
GIPR	-0.54
ERRFI1	3.64
MTHFSD	-1.21
	0.96
	0.11
MCPH1	0.9
DDX21	1.04
DDX20	-1.47
SKP2	-1.76
DDX24	-2.59
DDX28	2.44
JDP2	0.21
TAMM41	0.69
	1.05
GLYR1	-2.33
MXRA8	1.75
MAP1A	-0.23
IWS1	1.83
COPB1	0.23
COPB2	-2.57
APBB1IP	0.9
BIRC6	0.57
BIRC5	-0.43
LSM12	1.9
BIRC2	0.96
LSM10	3.04
EEF1B2	-1.72
CTU2	-1.66
APRT	-1.36
	-0.74
TRIM47	0.34
GYPC	-0.82
CAB39L	-1.47
NFAT5	0.38
AIMP2	0.57
ACAA2	-1.02
TRPS1	-0.14
	-2.17
TUBA4A	-0.05
NFKB2	0.59
AIMP1	-0.54
SUN2	-0.49
RGL3	0.35
RGL2	0.11
MTX3	0.48
MTX2	0.85
MTX1	0.55
ATF5	-0.55
ATF4	0.5
SMARCA2	2.24
ATF6	-1.54
SMARCA4	0.61
SMARCA5	-0.58
PCBP2	-1.15
PCBP1	-0.74
CMTM3	-1.46
CMTM6	0.17
CMTM7	1.36
LIAS	0.53
GFM1	0.09
GFM2	-0.34
CARM1	-2.98
CPSF7	1.32
CPSF6	0.54
STT3A	-1.19
MUL1	-0.44
CPSF3	-1.88
CPSF2	0.53
CPSF1	-0.86
KIAA0930	0.17
ENG	-0.27
ASPM	0.67
ASPN	-0.25
ASPH	-1.51
RRN3	-2.96
TPI1	-1.46
BECN1	1.8
TCF12	-0.93
SYNE1	-1.59
SYNE2	0.88
SYNE3	-1.64
YBX1	-1.17
YBX3	-3.05
NONO	-3.36
NR2C2	0.01
TRMT5	-0.88
	-1.03
TRMT1	-1.75
HSPB6	-1.36
SIRT2	-1.0
SIRT1	-0.87
FXYD5	-0.45
SIRT7	2.7
BROX	1.08
SIRT5	1.89
SIRT4	1.63
HSPB8	0.76
RGS19	1.63
EBNA1BP2	0.74
TAF1B	0.49
TAF1A	1.06
TAF1D	-0.08
	0.7
PDPN	-0.82
PDPR	-0.94
	4.35
CLU	0.22
FAM135A	0.7
PHPT1	-2.03
	-0.72
DAZAP2	0.86
PHLPP1	0.21
LRP6	2.03
RFWD3	-0.79
LRP5	2.33
	-1.33
MVK	-1.14
ADD3	-2.05
ACP1	-1.28
ACP2	1.08
WWTR1	-0.4
TAF13	1.25
PDP1	0.33
PDP2	-0.75
TAF10	-2.31
TAF15	0.84
SEMA4B	1.32
SEMA4C	3.16
LENG8	4.34
COPS7A	-1.88
KLHL25	3.15
KLHL24	1.14
AGPAT1	0.7
KLHL21	0.14
KLHL20	0.89
PTEN	2.04
PHRF1	0.87
KLHL28	-0.38
FAM53C	0.67
DIS3L2	-0.67
	-0.12
HMOX1	4.09
	-1.31
SPRED2	0.7
HMOX2	-0.96
	2.16
FAM168B	-0.52
ADD1	-0.23
ADAMTSL4	-0.93
FAM168A	0.32
RPLP2	-0.73
	0.14
RPLP0	-1.54
MTG1	-0.38
MTUS1	0.96
FADS1	-1.78
FADS3	-1.79
	-0.94
	0.4
	-0.05
PTGIS	-0.88
PTGIR	2.29
EPS8	1.68
FAM117B	0.11
ITM2C	-0.97
	0.7
TAF12	-1.51
VAC14	0.14
MECP2	3.33
TAF11	-1.34
	-0.03
STK11IP	-1.07
ZW10	0.09
MAP4	0.7
	0.58
RRS1	0.3
OXR1	-1.9
EAPP	-2.17
IQGAP3	0.66
PDXDC1	-2.1
ALDH1L2	-1.08
TCEB1	-0.06
	3.85
MATR3	0.17
IDI1	-0.67
MPST	-1.03
SOX9	2.82
	-0.36
	-1.44
CD2BP2	-3.23
KLHL22	-1.88
NUP188	0.0
METTL22	-0.19
	-0.28
	2.74
MYLK	0.04
MUS81	1.09
PARG	-1.48
PARN	-1.82
PARL	-1.71
FIS1	-1.06
ATG2A	-0.38
ATG2B	-1.04
KNTC1	1.19
GRAMD1B	0.69
MYL6	0.12
PLEKHB2	-0.17
DNAAF2	0.9
	-1.59
MYL9	-0.15
TOMM40	-0.84
FUOM	3.59
	-0.23
TLR2	-0.43
ST13	-1.71
TLR4	0.1
UBA52	-1.82
HARS	-3.31
BICD2	-0.38
ADAMTS5	0.17
ADAMTS7	0.33
VPS29	-0.22
ADAMTS2	-0.5
	2.41
	1.17
KIF5B	1.08
	0.73
WAC	1.85
HIST1H2BF	1.73
HIST1H2BB	-0.34
HIST1H2BI	0.46
SLC9B1	-0.23
HIST1H2BN	0.18
	-1.69
	-2.5
RAB1B	-0.69
KIAA1468	0.38
HIP1R	-2.03
MTR	-2.45
PLA2G2E	0.57
PDCL3	-0.48
NACA	-0.05
CUTA	-0.09
S1PR3	0.48
S1PR2	2.78
	1.1
RAB18	-1.66
RHOT1	0.53
RHOT2	2.64
GOT2	-0.24
RAB10	-1.15
PTPN1	1.21
GOT1	-2.16
RAB14	0.25
CUEDC1	-0.82
CUEDC2	-1.66
ORC6	1.1
ORC4	-1.17
ORC5	-1.08
ORC2	-0.13
ORC3	-2.51
ORC1	0.96
NPLOC4	0.53
ACTA2	-2.22
ACTA1	-1.67
	0.55
ASH2L	-0.28
NDUFB9	-1.41
NDUFB8	-1.41
NDUFB7	-0.64
SPTAN1	1.13
NDUFB5	-1.07
NDUFB4	-0.57
NDUFB3	-0.01
NDUFB2	-0.54
SMARCAL1	2.83
DCUN1D1	-0.91
DCUN1D2	1.89
DCUN1D5	-2.36
DDX3X	-0.11
SIL1	-2.33
ADAMTSL5	1.14
NXT2	0.89
MRPS16	1.75
MRPS15	-1.42
MRPS14	-0.73
MRPS12	-0.28
MRPS11	-0.25
MRPS10	-3.47
SYCP3	4.27
PLGRKT	-0.11
DDX49	-0.32
CTSK	0.88
CTSV	0.27
C12orf49	0.33
CTSO	-1.81
DDX41	-1.2
CTSA	-0.18
CTSB	-0.37
GCH1	0.28
CTSD	0.22
KIDINS220	1.48
DDX47	1.13
DDX46	1.24
CTSZ	-0.76
GANAB	0.13
MICALL1	-0.66
MICALL2	0.03
ATAD1	-2.19
	-0.98
ATAD2	1.31
MAPK3	0.87
MAPK1	-1.3
MAPK6	-0.48
RAD23B	-2.12
MAPK9	-0.57
URGCP	-0.98
SAFB	2.83
	-1.76
PTGES2	-1.64
KAT2A	0.14
FBLN2	-0.75
TRIM65	-0.82
TRIM66	0.21
SOCS5	2.09
TRNAU1AP	-2.65
	-0.98
PARPBP	1.48
DHRS7	-3.28
DHRS4	0.04
EIF2D	-0.38
EIF2A	-0.74
DHRS1	0.07
	-1.31
NEIL3	-0.76
	0.89
	1.62
	5.76
SMARCC2	2.18
SMARCC1	-1.0
	-0.71
GNA15	-1.95
GNA12	1.07
GNA13	-0.36
	-1.37
GNA11	-0.21
CARKD	-2.2
DHRSX	-1.42
CDKN1B	1.11
CDKN1A	2.06
TSEN54	0.34
CHPT1	1.63
TXNIP	-0.28
ETV4	-1.0
SCAI	0.96
INCENP	1.42
CDS2	0.4
	-0.24
SCAP	-0.38
KLC2	2.09
NUCB1	-0.2
NUCB2	-1.48
TOMM6	2.42
SBNO2	2.74
SBNO1	2.0
	0.8
ELL	2.16
HSPA14	-1.05
	-0.93
NOL9	-1.73
NOL8	-1.33
TPK1	0.96
NOL7	0.14
NOL6	-1.76
NOL3	-2.5
EFNB2	-0.65
EFNB1	-0.64
BRI3	-0.73
	-1.58
MST1	-2.33
	-1.71
POP5	0.53
POMGNT1	2.03
POP4	1.96
EBPL	-0.53
	1.63
HSPA1A	1.63
GDPD1	-0.03
MCOLN1	0.55
HSPA1L	0.76
TXNDC9	0.11
	-0.05
CRABP2	-1.25
HTT	-0.7
AVIL	-0.2
RSF1	1.78
BRAP	1.9
TEFM	3.04
CTNNBL1	0.7
TG	2.04
MPPE1	0.8
MAVS	-0.22
TMEM47	-1.67
C9orf114	0.11
MAP4K3	3.04
MAP4K2	1.62
ISG20L2	-1.9
E2F1	0.87
	2.04
	-0.22
UFD1L	-2.05
ENC1	-0.88
EIF4G1	-1.25
DTX4	1.29
BYSL	0.06
IL23A	2.52
	-0.78
HDLBP	-0.17
EIF5	-0.99
EIF6	-1.57
POLA2	-0.27
POLA1	-1.26
	-1.5
CYB5R1	-4.25
RAPGEF6	0.13
	-0.53
RAPGEF1	0.23
RAPGEF2	2.62
RAPGEF3	0.04
VTA1	0.0
BTF3L4	-0.29
FBL	0.36
RBM7	-0.93
RBM6	2.24
RBM5	-0.16
RBM4	0.11
RBM3	-0.82
CNIH4	0.91
ADCK3	2.78
ADCK1	-0.13
FBXO22	-0.14
FBXO21	-1.43
TIMM9	0.35
SERPINF1	-1.26
FBXO25	-2.13
NDE1	-0.57
RPL36AL	-0.61
ATPIF1	1.1
MSLN	2.0
ASF1B	-2.13
COL5A3	-0.25
SP1	-0.93
SP3	0.86
	-1.61
PRPF40A	-2.32
COL20A1	0.96
RNF215	-1.53
RNF217	0.7
RNF216	1.8
PXMP4	1.18
RNF213	0.88
	1.39
NSUN2	-3.22
	0.8
	0.7
RBMX	-1.64
TRPM4	2.89
TRPM7	0.1
	2.21
SPR	-1.61
DXO	-0.35
SPN	0.33
KIAA0556	2.94
	-0.61
	-0.28
IFNAR2	0.24
ZNF106	1.9
IFNAR1	0.55
GPRC5A	0.42
	-0.4
GPRC5B	1.31
	-0.54
RLF	1.38
IQGAP1	-0.11
MYCBP2	-0.98
	0.38
ECHDC3	-2.02
ECHDC1	-1.76
PMM2	2.2
HOXD8	0.96
PMM1	0.08
SEPT11	-1.01
SEPT10	-1.67
SEC61A2	-1.24
	-0.66
YARS2	-0.35
RBMS1	0.18
RBMS2	-0.77
ALDH1L1	0.86
CHST13	0.48
CHST12	-0.34
BNIP3L	-1.48
CHST14	-2.78
TMEM183A	1.5
ARCN1	-0.8
BCCIP	1.31
	9.44
MCRS1	0.5
UGGT1	-2.68
	1.63
MKNK2	-0.48
	-2.1
PNN	1.17
ZNF496	3.26
NSL1	-0.79
LRRC8D	-0.28
LRRC8A	0.33
RIT1	-1.17
	-0.3
TRIM56	2.62
EARS2	-1.2
	1.26
CKAP2L	0.29
C2CD5	0.42
FBXO3	0.06
FBXO4	-0.38
MROH8	-0.28
FBXO6	-2.85
FBXO7	-1.8
FBXO8	0.33
FBXO9	0.33
SWAP70	-1.34
MROH1	0.4
SSBP4	0.72
CAPNS1	-1.0
	-0.18
MRPL28	-1.66
TERF2	1.07
	-0.8
TERF1	0.22
	-2.16
PANK4	-1.18
LIMK2	0.48
LIMK1	0.14
RBPMS	0.86
RAB3D	-0.25
RAB3A	0.76
NAE1	0.06
GALC	-1.44
GAPDH	-1.2
RAB11A	1.55
OSBPL9	-0.73
CFDP1	-2.55
OSBPL2	-0.62
OSBPL3	0.06
PLA2G4A	-1.49
	1.18
	-0.49
OSBPL5	0.39
CBLB	0.02
RAB35	0.29
RAB32	-0.82
RAB31	-0.99
HAPLN4	0.49
SAPCD2	-1.59
TSPO	-0.03
APMAP	1.92
SLC22A18	0.19
TNFAIP1	-1.28
TNFAIP2	-0.64
MTRF1L	1.42
ACTC1	-0.66
TDP2	2.0
CA13	-1.45
ARV1	-0.23
ATOX1	-1.78
CEP63	-1.92
ALDH3A1	0.47
CTTN	1.3
DOT1L	2.55
ARHGEF10	1.05
FAM98B	-2.56
ARHGEF12	1.55
	7.87
ARHGEF18	-0.75
ENPP4	-2.23
ENPP5	-0.18
ENPP2	-0.73
	-2.68
PJA1	1.47
PJA2	-0.96
ZBTB7B	0.67
ATP6V1D	-0.19
ATP6V1F	0.48
ATP6V1A	-1.94
KIAA0319L	0.2
ATP6V1H	0.1
	-1.73
IMMT	-0.49
JTB	-0.52
ARL2BP	1.07
KIAA0232	2.12
HOXA7	-1.21
SH3PXD2B	1.11
PDPK1	0.4
REEP3	-0.57
SH3PXD2A	1.05
REEP5	-0.31
REEP4	0.28
HOXA9	3.39
APBA3	0.87
CRKL	1.57
KIAA1217	1.04
NDUFB1	0.09
GTPBP1	0.75
IFT122	-0.29
	2.25
PDGFA	0.87
	1.83
HEG1	0.57
	1.94
AP2A2	0.66
	-1.49
UROS	0.11
BIN1	-0.29
BIN3	-2.08
SUCLA2	-1.13
	-0.9
PDCD10	-1.76
PDCD11	1.56
KREMEN1	2.77
XBP1	-0.13
PACS1	1.6
PACS2	2.16
NIP7	-0.64
TBL1XR1	0.42
	0.47
AGAP1	0.89
AGAP3	4.22
TBC1D8B	1.73
ZWILCH	-1.92
HTATIP2	-2.48
PPM1G	-1.04
BRK1	-0.77
DUSP9	-0.72
ASCC3	-1.03
EEFSEC	-1.58
DUSP7	1.09
DUSP6	2.74
DUSP1	1.96
RPL8	-1.95
MFGE8	-0.01
IRAK1BP1	-0.19
RPL4	-1.67
ACYP1	0.59
ACYP2	0.78
	2.55
	4.56
	0.89
CNIH1	0.32
STOM	0.1
CC2D1A	0.37
DLGAP4	-0.93
DLGAP5	-0.65
HSCB	1.07
ITFG2	-2.01
ITFG1	1.39
COA5	0.35
SEC11C	-1.23
COA3	-2.12
LTC4S	0.9
PAK1IP1	-2.1
TARS	0.55
UBR2	-1.21
ACTB	-1.61
TAF5L	0.21
MID2	1.19
	-0.08
UBR5	4.79
MID1	3.07
VCPKMT	-0.26
	0.56
	-0.57
MSH6	0.43
NIF3L1	-1.71
EIF2S1	-1.36
FAM219A	1.42
EIF2S2	-1.16
MIDN	-0.97
	-1.12
TNK2	2.43
DSN1	0.9
SNED1	0.03
	-2.28
YARS	-2.01
CANT1	-1.86
SDF2L1	-1.9
MGRN1	-1.34
	-0.9
UXT	-0.91
SLC25A3	-1.22
	-0.82
SCCPDH	-0.14
SLC25A5	-0.42
SLC25A4	-1.42
	-0.87
CLPP	-0.72
LAMC2	2.8
LAMC1	-0.11
	-0.3
	-0.74
	0.18
RAC2	-0.85
RAC1	-0.93
PPP5C	0.56
CD93	-0.23
ANGPTL6	-0.75
ANGPTL4	-0.52
LYAR	-0.14
ANGPTL2	-0.37
	2.12
C11orf58	-0.63
CLCC1	-1.81
	0.72
TDG	-1.14
C6orf120	1.14
EID1	-0.16
PYCR2	0.07
PYCR1	-0.81
SRC	1.54
LY6E	0.46
SRF	2.09
	-2.58
NFE2L2	-0.79
LAP3	-2.54
SRI	1.02
	-0.91
SRM	-1.07
GNPAT	-1.14
PYCRL	-1.82
	-0.45
EMC10	1.49
KIF13B	2.44
	-1.66
SDHA	-2.21
SDHC	-1.24
SDHB	1.48
SDHD	-0.63
EPM2A	3.26
	-0.86
ROPN1L	1.49
TLE3	0.03
ZFP37	2.04
TMPRSS15	0.7
RPS4Y1	-1.83
	5.82
ETAA1	-0.19
ANKS1A	0.02
	-0.19
TMEM86A	-0.72
GRK6	2.55
	-1.71
ANKH	0.63
ATP9A	0.42
TADA2A	0.8
DCTN2	-0.41
DCTN3	-0.36
DCTN1	-1.18
DCTN6	-0.77
TADA2B	1.63
DCTN4	-1.04
DCTN5	-2.05
DHDDS	-1.34
ZNRF2	2.8
SLC38A10	-0.44
	0.9
C1orf54	-0.65
PDDC1	1.29
GLRX	-0.57
ATXN10	-1.12
CARHSP1	-1.55
C1orf52	1.23
PLEKHF1	0.48
DUSP4	5.08
LAMP2	-0.86
	-0.93
ATXN1L	2.52
SYS1	-0.5
ETS2	2.13
ETS1	-2.74
	9.52
SUV420H1	1.63
SEC22B	-1.76
	0.64
P4HB	-1.78
PTPN14	-1.61
	3.99
	2.04
UBE2D2	-1.25
CDIP1	0.01
ITGB1	-0.69
MPG	-0.01
PIGC	1.63
ITGB5	1.35
ITGB7	0.33
TSR1	-1.23
TSR3	-0.03
PIGK	-0.31
MMS22L	2.27
PIGN	0.22
PIGO	0.13
PIGP	-0.45
PIGQ	-1.5
PIGS	1.49
PIGT	0.15
PIGU	-0.64
PIGV	0.48
CAPRIN1	-1.56
OPTN	-1.02
GOPC	1.07
GNL3L	-1.83
ACAA1	-1.69
ZNF768	3.15
TMX4	0.19
TMX1	-2.76
TMX3	-1.8
TMX2	-1.49
CDIPT	-0.24
	0.56
	1.38
BTF3	-1.11
PPP2CA	-1.8
PPP2CB	0.89
KITLG	-1.8
NAGA	-3.23
MYO10	1.67
NAGK	-0.19
KRT75	0.96
KRT73	-0.94
LLGL1	1.06
NOC3L	-1.8
C1orf35	-0.87
	0.7
RBFOX2	-0.15
PTAR1	0.9
XYLT2	-1.92
CBLL1	-1.19
KDELR2	-0.92
KDELR3	-2.11
KDELR1	0.27
	0.32
RAB11FIP1	-0.13
LRIG3	-0.66
RAB11FIP5	1.31
ARHGAP42	0.48
MORC2	2.22
	4.07
THYN1	-1.91
	0.04
FAM96A	-1.26
ANXA4	-0.02
ARHGEF39	0.48
AGO2	2.25
PPP3CA	-0.27
PPP3CB	1.42
PPP3CC	0.96
	5.66
NCLN	-1.79
ARFRP1	1.63
PTBP3	-1.76
PTBP2	-0.05
PTBP1	-0.14
	0.07
CHCHD3	-2.53
CHCHD1	-1.28
CHCHD6	-1.99
CHCHD4	-1.04
LMO4	-1.08
EPHA2	5.52
PBXIP1	-0.86
GCLM	-1.28
GCLC	-0.75
ALDH2	0.15
	3.74
	-1.1
NHP2	-0.19
EFEMP1	0.07
CGRRF1	1.66
IFT140	-0.43
TRIM28	0.07
TRIM25	-2.31
TANC1	1.27
TRIM23	0.69
FABP4	-0.92
FABP5	-1.17
	-2.35
SART3	-1.26
SART1	0.98
TTC5	0.43
TTC4	-0.22
TTC1	-0.14
STON1	-0.35
TTC3	1.25
SUCLG2	-0.41
SUCLG1	-1.71
	-1.82
GATAD2B	0.32
VGLL3	1.66
	0.64
GATAD2A	-1.08
VGLL4	-0.18
LCMT1	1.57
UBE2D3	-1.62
NUP50	0.88
RAVER1	1.09
NUP54	-2.31
ATL3	-0.42
ATL2	0.28
ATL1	0.7
LDLRAP1	-1.13
ZNF316	1.66
	1.63
DSCC1	-0.93
	-0.94
FARP2	-1.8
RPL28	-1.64
	-3.14
RPL24	-0.69
RPL27	-1.11
RPL26	-1.23
RPL21	-0.96
RPL23	-2.6
RPL22	2.1
BCAR1	0.04
STRN4	-1.04
SDSL	1.9
STRN3	0.92
ATP13A1	2.19
TOM1	-1.37
ATP13A3	0.67
ATP13A2	0.56
PMVK	-1.02
	2.04
PKNOX1	-0.67
PKD2	1.04
PKD1	3.69
GPX1	0.28
B2M	0.7
GPX4	0.75
GPX7	-0.6
GPX8	0.2
THEM6	0.25
THEM5	2.83
SPG7	-1.9
UBE3B	2.44
UBE3C	-0.3
UQCRQ	1.33
HSPD1	-0.32
UQCRHL	-1.7
UQCRB	0.19
RMI2	-0.54
METTL9	-1.34
CEP170	-0.34
UNC5B	1.08
METTL1	0.25
METTL2A	0.08
UNC5A	-0.13
METTL5	2.83
METTL6	0.7
PHF3	-0.23
FASTK	5.16
CCAR1	-1.97
CCAR2	-0.78
PHF1	2.24
UBP1	0.64
COG8	0.4
AVEN	0.67
	-1.24
PTRHD1	-1.03
COG2	0.63
COG1	-2.02
SZRD1	-0.98
COG7	0.08
COG6	-0.67
COG5	-0.08
COG4	-1.35
SC5D	-0.52
ACTBL2	-2.49
YAP1	0.54
	-0.85
	-0.9
TPD52L2	-1.23
TAP1	2.24
UBAP2	-0.72
	-1.28
TAP2	1.13
	0.37
PTPN3	1.63
POLE4	0.33
POLE3	-0.11
POLE2	-1.04
	-1.14
CCZ1	0.23
	-0.34
RAB13	-0.64
	2.78
LAMA1	2.52
RAB12	0.57
LAMA5	1.58
SIKE1	-1.14
GNG10	-1.35
GNG11	-0.16
GNG12	0.38
UTRN	0.92
ARHGAP11A	-0.98
WDPCP	-0.03
MIEN1	-1.3
	-2.31
HPSE	-1.34
PLA2G5	-1.81
ST5	0.48
GOLIM4	-0.53
ST7	-1.13
P2RX1	-1.84
P2RX5	2.25
P2RX7	1.27
MPHOSPH9	0.34
MPHOSPH8	0.28
KLF10	0.03
	-0.38
TFG	-2.79
MPHOSPH6	-2.05
NCL	-1.86
UNKL	3.16
KCTD3	1.94
DTL	-1.68
PHB2	-0.32
HPS5	-0.05
HPS1	-1.19
HPS3	-0.35
MANEA	0.01
LAMTOR4	-1.16
LAMTOR5	-1.88
LAMTOR1	-2.95
LAMTOR2	-1.5
LAMTOR3	1.18
KCTD5	-1.05
FAM133B	0.68
SERPINB6	-1.94
	-0.25
	-1.28
KCTD9	0.67
SNF8	1.09
UCK1	-1.96
UCK2	0.43
	-1.81
APEX1	-1.56
ZNF148	2.52
TMEM176A	0.49
TMEM176B	-0.08
ALDH1B1	1.07
SYF2	1.9
ZNF146	1.17
PUS7L	0.48
SOAT1	-1.12
	-0.12
IAH1	-0.96
C17orf49	-0.9
LDLR	2.17
ILVBL	-0.78
	-1.03
	0.46
	0.0
PPTC7	1.17
SLC7A6OS	-0.33
KBTBD4	1.04
KBTBD2	0.19
AKT1	1.09
RNASEH2B	0.32
PRELID1	-1.25
RCE1	-0.67
ATP7A	1.5
NEU1	-1.71
ZNRD1	-0.62
SLC8B1	0.89
PTGES3	-1.4
GPD1L	-1.04
IP6K2	0.22
IP6K1	-0.15
NME4	-0.35
NME6	-0.86
NME7	-1.02
NME1	-0.59
NME2	-1.2
CSTB	0.85
ARPC5L	-1.52
SFPQ	0.68
TMEM159	1.04
	-1.99
PGRMC2	-1.05
PGRMC1	2.43
PLEKHH2	0.96
HID1	-2.73
	1.09
	-1.06
	-1.73
LRRCC1	-0.23
BLVRA	-1.61
ZDHHC3	-1.58
DDIT3	-0.05
ZDHHC5	0.48
NAA10	-2.35
ZDHHC6	0.28
ZDHHC9	3.33
HDHD2	-0.26
RAP1GDS1	0.28
CST3	-0.68
CST6	0.45
	1.63
	0.08
FUBP1	0.39
USMG5	2.4
PDCD5	0.33
GTF2F2	-1.9
VPS11	-1.08
AP4B1	-1.07
RBL1	0.64
	0.08
MLEC	-1.72
	0.33
CEP44	-0.44
HIVEP1	3.53
DONSON	-0.19
	-1.28
ZNF706	1.58
SUFU	1.07
ABHD10	0.19
ABHD12	-0.57
KCNAB2	-2.49
	5.96
	0.22
	-0.01
CCT8	-1.46
CCT2	-0.16
CCT3	-0.81
CCT7	-0.93
CCT4	-1.9
CCT5	-0.99
DTYMK	-1.41
DEPDC7	0.67
GLTP	-1.24
	4.54
CHTF8	-2.12
	4.34
PDIA5	-1.23
CREBZF	1.73
CMBL	0.8
PTPN12	0.94
FAM129A	-0.22
FAM129B	-1.29
PTPN11	1.78
RAF1	-0.29
NOTCH1	0.19
NOTCH2	2.86
SKIV2L	-1.62
BPHL	-0.45
	-0.19
	0.57
VAMP3	-2.26
VAMP2	1.31
VAMP7	-2.64
VAMP8	-1.6
TMEM110-MUSTN1	-0.19
DCAKD	0.25
SEC14L1	-0.77
TOR1B	-1.69
	2.52
	-1.71
MTF2	1.04
MYL12A	-0.49
MYL12B	-0.25
	3.58
MCM7	-0.25
MCM6	-1.45
MCM5	-0.98
MCM4	-0.32
MCM3	-0.69
MCM2	0.13
FADD	1.5
COX7B	0.04
	-1.42
MRPS17	-1.0
SPRY2	2.21
NXT1	1.17
SPRY4	3.33
TMEM30A	-1.93
COL2A1	0.76
DALRD3	1.63
FAM107B	1.17
	-1.04
MEPCE	-0.18
CBFA2T2	1.14
CROT	-2.05
RNF114	-1.61
RNF115	1.85
RNF111	1.71
FOXN2	-2.74
PCMTD2	-0.06
GFER	-1.33
PCMTD1	0.11
CHORDC1	1.46
	0.04
CYP51A1	-0.04
NAA40	-1.33
	-0.53
PBDC1	1.26
FBXL12	2.67
ATN1	2.32
FBXL17	1.49
FBXL16	0.48
FBXL18	1.08
ZNF282	-0.05
KATNB1	0.19
NUP35	-1.6
NUP37	-1.85
NDFIP2	-0.73
NDFIP1	1.81
	1.84
NIT1	-0.34
PTK2	-0.61
GLOD4	-1.77
CD2AP	0.04
PYGB	-2.3
HECA	2.12
PYGL	-0.07
PYGM	-0.87
PFAS	-0.69
GBAS	-1.44
MTPN	-2.48
DGUOK	0.33
	1.17
PDAP1	-1.66
	0.8
HACE1	1.84
LONRF3	0.64
EXT2	-0.39
LONRF1	0.7
DGAT1	-0.81
TMPPE	0.8
PPP1R7	-1.01
STOML2	-1.6
SPEN	-0.04
SPEG	1.17
KDM8	-1.31
MDP1	-0.79
ORMDL2	-2.98
ORMDL3	0.32
ORMDL1	0.4
GEMIN2	-1.02
PPP1R2	-1.52
GEMIN4	-1.34
GEMIN5	-1.25
	0.42
SPSB3	0.56
SPTSSA	-1.02
CMSS1	0.49
PHF14	-0.35
CTSH	-0.98
PHF10	2.74
PHF12	0.9
PHF19	0.67
BGN	-1.65
PPP1R8	2.5
MOSPD3	-0.34
MOSPD2	-1.99
CSRP1	-1.36
CSRP2	-1.42
MPDZ	2.82
CEP152	1.63
	-1.52
	-0.93
FKBP4	-1.69
FKBP5	-2.95
FKBP7	-0.75
FKBP2	-1.36
FKBP3	-0.47
FKBP8	1.86
FKBP9	-4.52
PDHX	-1.28
TRAPPC9	1.31
DDX42	-0.72
WASF2	0.53
TCEANC2	-0.48
SRGAP2	2.51
PSAT1	-1.15
PBRM1	2.0
TAF9B	0.89
PDHB	-1.38
TARBP1	1.66
NIPBL	4.42
PRKCSH	-1.57
C3	-0.03
C2	-0.95
TRAPPC3	0.43
MCUR1	-0.06
CCHCR1	-0.15
	0.36
VCL	-0.74
AP1S1	0.0
	1.63
	2.21
	-0.54
TM9SF4	-0.85
	0.38
CS	-1.34
MBOAT7	-1.34
	0.11
CP	-0.33
CENPO	2.3
CENPN	-1.17
BLCAP	1.78
CENPM	-2.03
CDCA3	-2.22
ZNF516	-0.82
ZNF511	-0.82
CDCA4	1.41
ZNF513	0.48
	-0.61
CDCA8	-2.53
	4.07
CENPI	0.35
FZR1	0.82
MED29	-0.29
RASSF8	2.31
MRM1	1.84
RASSF1	0.21
RASSF3	-0.03
MED22	0.24
NRAS	-3.07
MED24	-0.03
MED27	-1.03
CENPB	0.39
DNM1	1.41
DNM2	0.03
SPHK2	0.38
SPHK1	2.07
CDA	-0.17
	-0.85
DVL2	0.55
DVL3	1.96
DVL1	4.1
LEPROT	-1.63
	-0.76
BDNF	0.4
KLHDC10	2.74
UCHL3	-0.43
MEAF6	0.33
	-0.91
CDC42EP1	-1.86
CENPW	0.18
TMBIM6	-1.64
TMBIM4	0.24
EPRS	-0.37
TMBIM1	-0.64
COMMD10	-1.76
TVP23B	-1.75
PEF1	-2.27
NDUFAB1	-0.8
NUDT8	-0.65
NHLRC2	-0.13
	-0.19
GCN1L1	-2.07
SCAND1	0.52
IST1	2.87
CASKIN2	1.89
	1.19
ZMPSTE24	-0.41
RCC1	-2.26
RCC2	-0.9
	0.56
TYMS	-0.23
AURKAIP1	-0.67
EML3	-1.55
EML1	-1.5
EML4	3.63
	-0.09
ATP5J	-1.05
ATP5H	-1.38
ATP5O	-0.28
ATP5L	0.56
ATP5B	-1.08
	0.93
ATP5D	-0.04
CEPT1	0.71
TXLNA	-0.85
	-0.09
HSPBP1	0.41
RPA1	-1.53
RPA3	1.44
RPA2	-2.72
PROSER1	2.7
TMEM175	0.67
TMEM173	3.98
TMEM171	0.18
C2CD3	-0.53
IFT27	0.03
IFT20	0.07
EMILIN2	-0.69
	-0.69
PLEKHJ1	1.31
	-1.04
RAP2A	1.84
YIPF1	-1.56
ZKSCAN3	2.7
YIPF2	2.52
YIPF5	-1.08
YIPF4	-1.46
YIPF6	-1.39
PPT1	0.77
PPT2	-0.9
SQLE	0.49
FBLN5	-1.25
	2.8
IER5	1.63
HIST1H1D	0.73
	0.33
	1.67
	0.67
HIST1H1C	1.22
	-1.44
FTSJ3	-0.58
FTSJ1	-2.51
DAD1	0.45
	-2.13
DHRS9	-0.98
CBR1	-2.69
CBR3	-2.64
THOP1	-2.55
	-0.57
VCAM1	0.29
KSR1	2.27
	-1.45
PROCR	-0.97
EXOC2	-1.62
EXOC3	1.39
ST3GAL1	1.89
EXOC1	1.25
EXOC6	2.8
EXOC7	-2.39
EXOC4	-0.51
EXOC5	-1.21
EXOC8	0.19
	0.96
	1.63
RRM2B	-1.2
UQCRFS1	-2.12
NFXL1	0.82
	0.02
VCAN	-2.69
SNRPA1	-0.62
DHX8	-1.07
DHX9	0.28
METAP1	-1.17
METAP2	-0.25
COTL1	-2.42
CX3CL1	1.47
	0.64
	-2.28
	0.4
WDR35	-2.38
WDR34	-1.8
WDR36	-2.16
WDR33	2.24
	3.54
MRPS18B	0.71
VWA8	-0.43
GMPPA	1.62
VWA1	-0.7
PTCH1	0.76
TMEM201	-1.05
FAM92A1	0.9
FAM69A	0.87
NIPSNAP3A	0.74
ATP6V0E2	1.84
WIZ	0.49
SHARPIN	-1.72
FDPS	0.46
CMPK1	-1.7
CD109	-1.01
TNFRSF10A	1.6
ATP6V0D1	-1.08
	0.39
	0.57
TEN1	-1.43
	-1.23
CNOT6L	-1.04
SUPT4H1	-1.14
SPDL1	0.1
C5orf51	0.35
BFAR	1.63
SMARCAD1	0.8
	2.16
FAF1	-1.42
FAF2	-1.36
TIAM2	3.61
	2.12
GTF3A	-0.95
	8.66
RNF138	0.48
RNF139	0.96
ITGB1BP1	-0.93
PCK2	-1.47
RPP40	-0.28
PTER	-0.53
TBC1D23	1.31
RAPH1	0.42
TBC1D20	-0.75
TBC1D24	1.17
GRN	-0.67
RELA	-1.71
ZNF266	-1.7
	0.96
DHX40	-3.06
AFAP1	0.11
C9orf16	0.71
	1.77
	-0.79
	-0.21
MTRR	0.42
	-0.19
	0.67
RMDN3	-1.34
FRG1	1.18
WTAP	0.4
COX5A	-0.92
	0.09
FRMD8	0.66
MPV17L2	-1.47
FRMD6	-0.79
MSL3	-0.67
	1.84
	0.22
GPT2	-3.21
CHFR	2.51
RCHY1	-0.54
E2F4	2.29
E2F3	0.96
TMEM126A	-0.19
TMEM126B	0.22
TOP1MT	-0.57
E2F8	0.13
BRAF	0.33
BOLA1	-1.53
BOLA3	-0.65
	0.53
	1.63
KATNBL1	-0.19
GUF1	0.13
RABGAP1	-0.94
	0.47
PALLD	0.59
ARRB2	0.4
ARRB1	-1.43
GMEB2	-0.72
GMEB1	1.63
APH1A	-1.83
	-1.86
PGLS	-0.59
	-0.74
PNPO	-1.31
BUB1	-2.5
CNOT11	-1.43
PI4K2A	0.4
GAB1	1.29
	0.38
PNP	-1.71
GTPBP4	0.4
GTPBP6	1.07
AP2A1	-2.49
GTPBP3	1.5
GTPBP2	2.94
KLHDC4	-0.78
KLHDC2	-2.05
KLHDC3	-2.07
	-1.43
TRIO	1.33
TPST2	-0.93
TPST1	-1.13
	-0.57
KLC4	0.7
	-2.09
	-0.18
SEC11A	-2.37
HSPA13	0.12
NGF	-2.17
	0.16
TOMM7	0.44
ARPP19	-0.33
ILKAP	1.42
MGA	-0.18
SVIL	-2.27
	-1.04
TBP	3.25
	1.63
	2.08
FAM118A	-1.04
EMP2	0.0
	0.8
	-1.83
DPT	0.13
ARL14EP	0.16
MRGBP	-1.5
SHB	0.48
	6.62
SMC1A	-0.08
PTGS2	0.1
PTGS1	-0.21
ADNP	1.07
TRABD	-0.49
SLMAP	0.46
RAI1	2.67
OBFC1	-0.03
GOLGB1	0.45
CDC25B	1.42
SMEK1	0.01
	0.48
FAM173B	-0.93
	-1.38
	2.27
CDC42BPG	0.8
CDC42BPA	1.17
CDC42BPB	0.23
PDZD8	-0.52
	-1.24
BAK1	-1.53
ALG10	1.04
PHF6	-1.04
PHF2	0.34
HSDL1	-0.28
	-0.66
	1.42
TNPO2	0.06
TNPO3	-1.35
TNPO1	-1.95
	-1.24
FBLIM1	0.82
CDKN2AIPNL	-1.34
GREM1	-1.18
	7.16
	0.94
APP	0.5
DIXDC1	1.42
APC	1.54
	-1.28
ADORA2B	0.11
HOXA10	-1.04
	-1.08
ABCB7	-0.66
ABCB6	4.83
DHX30	0.43
ABCB9	2.7
ABCB8	-0.47
CMTR1	-2.13
EPHX1	-1.18
SLBP	0.92
ARPC3	-1.19
ARPC2	-1.08
ARPC1A	-1.64
PDIA4	-1.98
PDIA3	-1.21
ARPC5	-0.01
ARPC4	-0.38
VPS28	-2.12
ITPR2	1.83
ITPR3	2.47
	-0.65
IFT43	-1.49
IFT46	-1.78
RUNDC1	-0.65
SFT2D2	2.44
SFT2D1	-0.17
DAPP1	0.9
	-0.93
MPHOSPH10	-0.66
MRPL42	-0.32
FLYWCH1	-1.39
	-1.42
U2AF2	-0.64
BAHD1	-0.66
STOML1	3.33
HIST1H3H	1.19
HIST2H3D	1.49
HIST2H3A	0.48
HIST1H3E	0.49
PAIP2B	-0.14
LEMD2	-0.04
	3.85
	1.84
TRAPPC8	1.41
SLC9A5	0.96
TRAPPC1	-2.49
RTCB	-0.57
RTCA	1.48
TRAPPC5	0.45
TRAPPC4	1.27
VCP	-1.5
CAPN6	-1.7
CAPN5	1.06
MUM1L1	1.63
CAPN2	0.23
CAPN1	-0.72
DAB2	0.74
	0.98
	-1.49
C1orf50	0.01
	-2.02
	-0.69
MOCS2	-2.13
	-0.19
	-1.76
CHAC2	1.29
	-0.65
TIMM17B	-2.03
NSMF	0.35
TIMM17A	-0.5
GLRX5	-1.13
GLRX2	-0.44
GLRX3	-1.1
ARFGEF2	0.04
TMEM167B	-2.12
GID4	0.48
CERS6	-1.26
PELI2	1.54
SYMPK	1.94
GID8	0.72
MAPKAP1	0.7
GMPR2	-1.85
	-2.18
GATC	-1.6
GOLGA1	1.57
LITAF	0.46
RWDD4	-1.54
WDR13	0.67
WDR12	0.75
WDR11	1.25
WRAP53	0.7
WDR19	1.18
WDR18	2.3
MOGS	-0.49
C17orf53	2.04
RAD17	-0.93
BUB3	4.09
	-1.17
RAD18	1.54
ABLIM1	-0.54
ATXN7L3B	-0.75
APOA1BP	0.29
CDC25A	-1.25
FAM207A	-1.14
	2.94
ZGPAT	0.01
SLC10A3	0.82
CD164	-0.23
SRP9	-0.85
CD40	0.56
ACSBG1	-1.86
ZFYVE27	2.4
TOP2B	-1.66
GOLPH3L	1.71
EFTUD2	-0.52
TOP2A	2.23
SRPK1	-1.63
CSNK2B	-0.72
ABRACL	-0.88
SRPK2	-1.0
NEDD8	0.04
NEDD9	-0.85
SRPR	-1.45
NEDD1	-1.6
GRINA	-0.71
	-2.13
SEC62	0.79
SEC63	-1.31
SYPL1	-1.6
	-0.03
	4.8
ANKRD17	-0.69
RNF34	0.96
HDGF	-0.25
RNF31	3.5
YWHAZ	-1.38
FOXJ3	2.21
YWHAQ	-0.08
YWHAH	-1.19
YWHAB	-1.94
BCL9L	0.17
CWF19L1	2.09
	-1.28
YWHAE	-0.46
TMEM106B	-0.87
TMEM106C	-0.75
GIGYF2	-0.62
TMEM106A	-0.91
RPP21	-0.04
PCM1	4.42
NGRN	0.89
PI15	-0.16
GOLPH3	1.47
RPL36	-0.81
	-1.11
HARS2	-0.49
	-1.71
NUP205	-1.03
PEAR1	-1.26
SH3GLB1	0.82
SH3GLB2	-2.05
	-1.12
	1.84
	4.32
TBK1	0.42
BCAT2	-1.92
BCAT1	-2.16
CIB1	-2.47
DUSP22	-0.66
	-0.35
	5.66
C1orf43	0.87
PHF5A	-1.68
ZFPL1	-0.65
KHDRBS1	-1.09
	-1.06
MTFR1L	0.87
COLEC12	-0.9
PLIN4	-0.59
PLIN2	2.08
PLIN3	-2.0
TFB2M	-0.23
SAFB2	1.78
MKLN1	-1.83
MAP4K5	-0.29
MAP4K4	4.8
CHD1	2.71
SPIDR	-1.6
CHD3	0.26
CHD2	3.3
CHD4	1.66
ZC3H7A	0.8
CHD6	-0.94
CHD9	2.36
CHD8	-1.99
YWHAG	0.16
NOB1	0.24
PPP6R2	0.34
PPP6R3	0.24
PPP6R1	-0.95
CWF19L2	1.57
	-1.06
	-0.48
IPO11	-1.69
IPO13	-2.33
	-1.47
ERP44	-2.29
APCDD1	0.48
FYTTD1	-0.41
FH	-1.38
GIGYF1	0.0
FLCN	0.02
MAK16	-0.46
COIL	0.08
	1.07
THRAP3	1.37
TECPR1	-0.18
TECPR2	-0.67
PRAF2	-1.24
	0.48
AARSD1	-0.14
TMEM120A	-1.3
EBP	-2.54
GLO1	-1.44
MYO9B	1.33
RACGAP1	-0.06
CNPY4	0.26
CNPY3	-1.81
CNPY2	0.8
	-1.07
	-1.08
GTF2H4	-1.21
SMG5	2.97
SMG7	0.53
SMG6	-0.74
SMG1	1.85
ADH5	-1.36
ANKFY1	-0.7
KIAA1109	1.07
SMG9	-0.57
SMG8	2.89
EDEM2	-0.88
EDEM1	-0.9
ODC1	-0.68
ATP2C1	-1.43
SLMO2	0.17
	-1.04
UBTF	-2.05
	8.28
	3.36
	6.13
SHOC2	-0.88
	0.1
XXYLT1	0.09
EGR1	6.91
TRADD	-1.44
	-1.35
UHRF1BP1	2.51
ME1	-0.61
ERAL1	-0.4
ME2	-1.99
FAM193A	-0.66
HSBP1	0.1
C12orf45	-2.95
	1.07
BRMS1L	0.01
SRXN1	-2.86
AASDHPPT	1.18
CCDC77	1.49
	-0.13
SGTA	-2.07
EPG5	-0.45
NFATC1	-0.15
RSPRY1	0.48
B3GALNT2	0.87
TSPAN14	-2.68
TSPAN17	0.11
FOLR1	0.33
ANKRD1	1.59
FLAD1	-0.65
NDUFA10	-1.43
NDUFA11	-1.98
NDUFA12	0.19
NDUFA13	-0.87
UBA2	-0.01
THBD	-0.56
UBA3	-1.17
	-1.51
ABCD3	-1.96
CLSTN1	-1.09
TMEM131	-0.93
POMP	-0.17
SLIRP	-1.74
TMEM135	-1.76
TMEM138	0.64
NDUFS1	-0.53
NDUFAF7	-1.53
AR	0.69
NDUFS4	1.0
	-1.01
NDUFAF3	-1.17
NDUFAF2	0.63
NDUFS8	-1.28
PSENEN	0.39
ATP6V1B2	-0.32
	-0.38
POMK	0.96
ATP1B3	-2.41
RPL7L1	-1.68
LRRC27	2.83
ARFGAP2	-0.01
ARFGAP3	-0.43
ARFGAP1	0.23
MVB12A	-0.47
LRRC28	1.63
LARS	-0.39
GAS2L1	-0.23
	0.01
GAS2L3	-1.46
MED13L	1.14
LIMA1	-1.31
	1.78
CCNF	0.01
CCNC	-1.97
CCNH	-2.09
	6.11
	-1.86
HNRNPA0	0.72
	-0.21
RIN1	-0.38
SIVA1	0.4
RIN2	1.25
FAM73B	0.02
MLKL	0.52
WBP2	1.88
CACTIN	3.13
PLEKHN1	2.67
WBP4	-1.92
PTDSS2	2.46
ASAH1	-1.72
C1GALT1C1	0.41
	-0.6
PICALM	-1.51
CDC5L	-2.21
ROMO1	1.87
HIGD2A	3.34
PTGFRN	0.18
HIST1H3B	-0.52
HNRNPAB	0.52
IMPACT	-0.5
PTRH2	-0.01
PTRH1	-2.34
GULP1	-1.96
ZCCHC24	1.57
TMEM128	-0.82
PTRF	-1.34
	-1.27
	8.13
DNAJB9	-1.45
FBXO28	-0.34
DNAJB2	-0.29
DNAJB1	2.48
DNAJB6	2.43
CDR2L	0.46
DNAJB4	1.76
XRCC1	0.47
WDR70	0.53
WDR73	-0.34
WRAP73	-0.57
WDR74	-0.61
WDR77	-1.99
WDR76	1.17
HMCES	-1.89
FAM65A	0.04
CAMSAP2	0.8
CAMSAP3	0.89
CAMSAP1	3.21
PTCD2	1.5
PTCD3	-2.56
ATP5J2-PTCD1	0.22
HS6ST1	-1.2
AMOT	1.38
	-0.8
TDRD7	-2.05
SRP68	-1.56
ATP6V0A1	-2.48
ATP6V0A2	1.78
	2.04
B3GAT3	-1.27
ZFP64	-1.19
ISCU	-3.29
NCDN	-0.42
DYRK1A	0.01
GFOD2	1.84
GFOD1	2.52
	-0.54
	1.06
USP9X	-1.66
MCCC2	0.04
MCCC1	-1.76
RNF14	2.33
RNF10	-0.59
RNF11	1.55
RNF13	-0.19
SRRT	1.09
	-0.16
RNF170	1.63
ANKRD13C	0.38
ANKRD13A	-0.03
ZNF326	-0.12
BAHCC1	1.78
SLC39A6	-0.28
DDRGK1	-0.8
SPATA2	-0.29
SPATA6	-0.23
PRCC	1.17
RAB3IP	-0.75
	2.83
VIM	-1.49
MYO7A	1.08
SESN1	1.54
SESN2	0.58
COX18	1.48
COX19	2.44
SPARC	-0.42
SSR3	-1.69
SSR4	-1.46
COX10	1.09
	4.12
COX14	-2.13
COX15	-0.48
COX16	0.4
ICMT	-1.04
ETFDH	-0.14
PFKP	-2.23
TOMM70A	-2.13
PFKL	-1.12
STAC2	1.96
DYSF	-1.55
	2.62
OSGIN1	-0.88
	1.78
	3.36
UNC13D	-0.62
SNAI2	1.53
SNAI1	1.89
	7.04
	-0.74
BOD1	0.67
MSH2	0.06
VPS37B	3.33
VPS37A	-1.27
	-0.83
MAPKAPK5	1.53
HIST2H2AB	-1.31
MAPKAPK2	-1.71
	0.4
ANXA1	-1.27
ANXA3	-0.29
DIS3	-1.71
ANXA5	-0.09
SMCHD1	-1.76
ANXA7	-2.09
CLDN15	1.14
NENF	-0.63
	-0.65
	-0.19
ZC3H14	3.3
ZC3H18	3.22
BAP1	0.4
	-1.49
RIOK2	-0.54
RIOK3	-1.98
RIOK1	-1.58
BBIP1	1.5
	-2.48
MRPS18A	0.34
ZADH2	-2.43
MRPS18C	-1.17
BAD	1.42
TMEM68	0.38
HMMR	-0.8
TOE1	-1.47
NIPSNAP1	0.2
LCN2	1.02
EOGT	0.34
PPP1R37	1.57
PPP1R35	-0.23
	0.69
FN1	-1.26
	-2.27
NAIP	-1.71
RC3H1	3.15
SLAIN2	-1.71
ENO2	-0.16
ENO3	-1.19
ANKLE1	0.48
GSE1	0.49
ANKLE2	-2.26
	2.0
C8orf37	0.89
	-1.59
SYNGR2	1.09
MBD6	-0.19
MBD1	0.1
MBD3	2.98
MBD2	2.93
GLMN	1.3
ARHGEF6	-1.08
ARHGEF7	-1.43
ARHGEF2	1.51
ARHGEF1	0.47
MIEF1	0.33
MIEF2	0.96
UNG	-1.75
POLRMT	-1.03
	0.8
CCT6A	-0.69
DIDO1	0.87
MCM10	1.62
PAIP2	-0.25
PAIP1	-1.24
FUNDC1	-0.47
BDH2	-0.75
TYW1	-0.5
TYW3	2.83
TRAF2	-1.16
ATP2A2	-0.37
ATP2A3	-0.25
PNPT1	-1.46
ACIN1	1.69
ASIC1	1.78
EFCAB14	0.07
PINK1	-1.76
MCU	-1.38
	5.46
	5.64
	4.93
KIAA1191	0.7
PRKACA	-1.49
PRKACB	-1.28
ZC3H7B	0.32
CHD7	1.19
TMEM97	-1.96
	2.24
MIIP	1.07
SCMH1	-0.53
DCAF6	1.84
QTRTD1	1.53
DCAF5	0.48
LCLAT1	-0.09
RNPEPL1	1.49
AKR1E2	-2.71
	0.76
UPF1	-0.33
UPF2	2.87
ACTR6	2.64
ACTR5	1.14
ACTR3	-2.4
ACTR2	-3.66
COL7A1	0.48
	1.8
CCDC51	-0.28
	0.48
CCDC53	-1.91
GALNT12	-0.96
CCDC57	2.46
CCDC58	-1.8
CCDC59	-2.12
ARAF	-1.16
KIN	-1.71
NUCKS1	0.87
PRELP	-0.18
PTTG1IP	-0.81
ATM	0.38
ATR	-0.96
RUNX2	-0.19
PDE2A	-0.8
KTI12	-0.18
CDC40	0.14
RALGAPB	-0.05
	-1.24
	-0.97
ABCF3	-1.03
ABCF2	-1.7
ABCF1	-0.04
BLMH	-1.66
CWC15	-0.77
CHEK1	0.05
	1.63
PPFIA1	-0.54
	0.98
TSPAN32	-1.06
PAM16	-1.81
TSPAN31	-0.47
CCDC85B	0.89
TLCD2	-1.19
TNNT2	0.51
FRMD4A	0.56
	-0.12
C1RL	-0.5
	0.28
	0.33
LRRC41	0.9
LRRC40	-1.68
LRRC42	-1.07
LRRC45	1.62
UTP23	2.74
UTP20	0.44
ZBTB7A	2.16
LPIN3	-2.71
LPIN1	0.38
VGF	0.11
CBX6	-2.55
CBX5	0.05
CBX4	0.8
CBX3	-0.42
CBX2	1.94
CBX1	-0.64
FURIN	4.12
	4.66
CDC73	-2.08
SDCBP2	0.11
SLC43A3	-0.62
CCL13	-0.23
	-1.35
TMF1	2.78
	-2.25
	0.33
SIGIRR	-0.19
CDCA7L	-0.93
PCYOX1L	-1.73
UTP14A	1.03
UTP14C	-1.46
AP3D1	0.8
	0.12
MEA1	0.59
	4.77
NCKIPSD	-1.38
TSEN15	-1.07
IFI35	0.14
CRYAB	1.83
IFI30	-0.72
	1.3
MLH1	-0.66
CREBRF	-0.19
MDM2	-0.4
STRADA	0.02
AREL1	1.29
SLC44A2	-2.03
LAPTM4A	-0.29
LAPTM4B	-0.83
PIK3CA	1.17
ATRAID	-0.32
WDR59	2.44
SEC61A1	-2.53
LDHB	-0.96
	-0.08
GNPDA1	1.54
	0.52
NXF1	-0.72
	-0.16
GIPC1	-1.84
ATXN7L3	0.67
ATXN7L1	3.85
NCAPH2	1.35
	-1.31
UEVLD	-0.43
CIAO1	-1.04
TOX4	-1.58
SCRN3	-0.98
SCRN2	0.35
PIK3C3	0.35
PLS3	-0.4
PARD3	-0.01
	0.3
LRG1	0.33
	0.89
ELAVL1	-2.73
COPA	-1.23
IL4R	-1.28
	0.86
TMEM231	-1.89
EIF2B4	-2.23
EIF2B5	-1.34
EIF2B2	0.64
EIF2B3	-1.76
	1.64
PCF11	0.9
CD302	-0.36
	1.22
RAD51	-1.99
	-1.71
RNF19B	2.87
	-0.21
	-0.21
RNF19A	2.36
ANKRD52	2.31
NKIRAS2	0.87
ABHD17B	1.18
ABHD17C	-0.66
ADIPOR2	1.85
GDAP2	0.8
ANKRD54	-0.94
ADIPOR1	1.16
PLA2G12A	-1.43
FAHD1	1.49
	-1.48
MPC1	0.57
PTPN2	-0.98
KPNB1	-1.67
ZNF346	3.04
TAPBP	-0.58
	1.63
	1.7
NMRAL1	-0.29
NUBP2	-1.23
NUBP1	-0.24
DHX29	-0.82
	-1.76
MYO5A	-0.98
ZNF207	1.38
	-1.9
CDK18	-1.13
CDK19	0.11
ARID5B	3.5
AGL	-1.97
CDK12	1.47
UNC119	-2.08
CDK10	-1.07
CDK16	0.11
CDK17	-0.13
CDK14	-1.36
TCIRG1	1.76
AKR1B10	-1.8
HGSNAT	-0.98
CCNA2	-2.07
CAB39	-1.04
PRPF4B	-0.77
	4.1
	-0.28
	5.01
COPRS	0.8
VRK1	0.29
PSMC3IP	-0.44
RCOR1	0.11
CLTA	-0.7
NUDT17	1.38
NUDT14	-0.25
CLTB	2.25
NUDT19	-1.12
ACCS	0.76
DNAJC7	0.13
PKN1	0.01
NAGLU	0.42
PKN2	-0.21
GINM1	-1.21
	-1.06
RPS6KA1	-0.53
RPS6KA3	-0.6
RPS6KA4	-1.04
RPS6KA5	0.11
UQCR10	-1.86
UQCR11	0.55
	2.52
	1.63
SLC3A2	-0.23
RFXANK	0.01
	-2.09
BLOC1S4	-0.5
SHPRH	1.31
SLC14A1	-0.35
PPP1R11	1.32
PPP1R10	3.58
ALKBH6	1.08
PPP1R18	0.71
ALKBH5	1.23
ALKBH3	-2.37
ALKBH1	0.33
PIK3C2A	3.41
TOR1A	-2.3
SYBU	0.33
	1.63
COMT	-0.31
MRGPRF	0.22
DR1	0.04
GADD45GIP1	0.05
GLCE	-1.8
EEF2K	-1.21
LOXL1	-1.8
LOXL2	0.69
LOXL3	0.48
LOXL4	-0.68
HAGH	0.05
PUF60	0.47
EIF4EBP1	-0.77
	-0.3
NAPSA	1.61
PAXBP1	1.41
MBOAT2	1.57
MAN2B1	-2.59
CYC1	-0.09
PCDHB16	-1.12
PCDHB8	1.29
PCDHB7	1.53
HSP90AA1	-1.17
	0.89
	-1.08
YPEL5	-0.52
ERO1L	2.01
ZNF598	1.09
MINK1	0.04
PRKAA1	0.99
ZNF593	1.04
GRWD1	-1.98
MOV10	-0.87
	-0.34
TSC2	3.77
TSC1	0.7
TAF7	1.14
TAF6	-1.28
SNW1	-0.58
TAF2	-0.44
TAF1	-1.25
ACTR10	0.04
MAX	0.38
SMC3	1.62
MAZ	-0.74
SMC5	-0.34
SMC4	0.88
TAF9	-1.11
SLC33A1	1.5
MAP2K3	-1.62
MAP2K2	-1.02
MAP2K1	-1.66
MAP2K7	1.85
MAP2K6	0.7
MAP2K5	-0.87
MEDAG	-0.01
	5.66
	5.72
	3.43
CAST	-0.99
INSIG1	1.16
ADH7	0.17
	-1.66
ATP8B2	0.89
TINAGL1	2.56
IL6ST	0.89
ACTR1B	1.24
ACTR1A	-1.84
MORF4L2	-1.24
MORF4L1	1.16
CFL1	-0.59
ISLR	-1.34
OLFML3	1.02
GALNS	-0.86
TBL2	0.67
TBL3	-1.46
DISP1	0.35
KDM5A	-0.03
FAM179B	2.27
KDM5C	0.82
OTUD7B	-2.19
EPC2	2.21
CCDC34	-2.19
EPC1	1.17
GTF3C3	1.62
GTF3C2	0.5
GTF3C1	0.56
GTF3C6	1.77
GTF3C5	-2.3
GTF3C4	-1.33
TOPORS	0.14
	-1.01
ENDOG	0.2
MED1	1.83
MED7	-0.67
MED4	0.21
MED8	1.83
MED9	-1.86
TMEM248	-1.58
ATP5J2	-0.27
TMEM245	1.06
CPT2	-1.18
FCHO2	-0.35
TMEM242	-0.78
TMEM243	-0.25
	-1.0
	-0.09
LRRC47	-0.53
	2.52
	0.8
	-0.78
	-1.13
PPARG	0.48
PPARD	-0.75
FASN	-0.5
WIPF2	0.76
WIPF1	-1.07
TRIAP1	-1.95
	0.01
FAM3A	-0.35
FAM3C	-1.18
UBE2L6	-1.67
HOXC10	0.17
BBS12	2.08
UBE2L3	-1.04
	0.4
SPTY2D1	0.89
RBM15B	1.18
SLC36A1	0.11
RPIA	0.8
BMPER	-1.8
FICD	-1.6
IL1R1	1.19
SRPRB	-2.87
	-1.21
LSS	0.86
LEPROTL1	-0.4
BID	-1.09
KPTN	0.33
PISD	1.07
	-1.52
ZNF143	0.76
TMTC3	-0.23
EPM2AIP1	0.01
CDC16	-1.62
NUAK1	1.08
DFFA	1.04
LUC7L3	0.0
BCOR	1.04
NASP	0.96
TBC1D10A	0.03
SF3B5	0.24
SF3B4	-0.31
	2.38
SF3B1	-0.99
SF3B3	-1.44
SF3B2	0.39
SYVN1	-0.55
	-0.5
PHLDB1	-1.34
SCLY	-0.77
TIMM23	-1.87
TIMM22	-0.81
TIMM21	0.11
AP3B1	-1.35
PLA2G6	-0.57
F3	1.66
	0.67
RDH11	-1.26
RDH13	2.87
CCDC127	0.18
CCDC126	-1.19
GRHPR	-0.95
CCDC124	-2.64
	7.93
	-0.65
	-0.29
UVSSA	0.7
	-0.12
STX4	1.66
DHPS	-1.31
VPS41	0.36
ODF2L	-0.13
GPI	-1.42
PCYOX1	0.44
CTAGE5	-0.57
USF2	1.3
USF1	0.14
MICU2	-0.91
MICU1	-0.75
	0.29
NDST1	-2.9
	0.38
PYGO2	0.32
RPL27A	-1.43
PSD3	0.02
STRA13	-0.5
VPS4A	-1.43
VPS4B	-1.54
MGAT4B	-1.18
TUT1	0.7
BCKDHB	0.63
	-0.13
	-1.81
	0.96
	0.11
	2.74
BCKDHA	1.02
YLPM1	-1.54
CHMP1B	-1.14
CHMP1A	-0.29
CTCF	0.88
UBE2Q1	-1.09
	0.02
DHRS11	-0.19
DHRS13	-1.89
SPP1	0.02
IQCE	3.42
SUPV3L1	-1.48
	6.4
CD320	-0.36
FGFRL1	-1.03
KRI1	0.9
CTC1	0.59
DNPH1	-1.23
THBS2	0.34
THBS3	2.64
ALDH6A1	-0.65
ZNF367	-1.68
TRAM1	-2.48
	0.11
ZEB2	0.14
	-1.56
	0.96
USP54	0.67
SSBP1	1.56
GART	-0.46
GARS	-1.65
BPNT1	-0.76
NUP98	-0.15
MND1	-0.35
NUP93	1.13
PCCB	-0.28
TRAM2	3.63
UBAC2	3.67
UBAC1	-0.86
FDX1	-0.15
TMED7	-2.71
TMED5	-0.1
TMED4	-0.02
TMED3	-2.11
TMED2	0.09
TMED1	-0.15
NQO2	-0.88
TMED9	0.01
NQO1	-1.09
	7.51
	2.36
ADSS	-2.1
SSRP1	-0.52
STAG1	0.1
RAB11B	-0.74
SFSWAP	2.71
GMNN	-2.75
	0.29
ADSL	-2.82
	0.09
UHRF1	-1.82
UHRF2	0.72
TSG101	-1.4
MKI67	4.8
	-0.93
PIEZO1	0.19
VPS33B	1.18
VPS33A	-1.07
MMP28	1.42
SPIN1	-0.03
MMP23B	0.96
PALD1	-0.23
MPND	-0.67
COASY	-0.01
ABI2	0.76
MRPL13	-2.15
ABI1	0.39
CPOX	0.5
OGFR	-0.48
GPATCH8	0.8
GPATCH4	-0.87
	-1.69
UGCG	-0.43
HDDC2	-1.89
HDDC3	-0.34
	1.63
GRSF1	0.81
TMEM50B	-0.61
TMEM50A	1.85
	1.09
ERP27	0.48
ERP29	-0.19
TOR3A	-1.34
NFATC3	1.04
PAM	0.2
	0.96
ASB1	1.63
ASB6	-1.26
ASB8	0.11
METRNL	0.49
	1.84
PPWD1	0.64
CHMP4B	-0.74
RRAGA	0.87
RRAGC	-0.24
AP1M1	0.06
GHITM	-1.05
FOXK1	-0.4
CHERP	1.15
PPA1	-0.3
	1.23
HP1BP3	-1.5
RIPK1	1.14
RIPK3	0.04
RIPK2	-1.19
QDPR	-1.15
PRKAG1	-3.66
PRKAG2	0.48
APBB2	-1.34
CABIN1	-0.03
MAF1	1.8
OSTC	-1.27
DNAJC16	-0.5
RHOJ	2.12
DNAJC14	1.96
GNG5	-0.63
DNAJC13	3.26
DNAJC10	-2.51
DNAJC11	-1.98
	-1.08
RHOB	-0.78
RHOA	-1.71
GNAI2	-0.41
GNAI3	-1.56
GNAI1	0.7
DLG1	3.42
NELFB	-2.13
FAM195A	1.63
G6PC3	0.14
NELFE	-0.77
RPL13A	-1.42
TMEM59	1.0
CTNNA1	-0.56
PAPSS1	-0.76
MAFK	0.56
	-0.17
WDYHV1	0.2
MAFF	1.55
MAFG	0.34
DBNDD2	0.12
ACTN2	0.89
ACTN1	-1.08
ACTN4	1.13
PARP16	1.41
NLE1	-1.82
SIAE	0.3
OLA1	-0.3
	5.52
CCDC12	1.08
KDM3B	-0.66
KDM3A	0.49
NFRKB	-1.33
MRFAP1	0.03
MRC2	0.12
	1.26
ETHE1	0.11
G2E3	-1.26
TCF7L1	0.7
	1.18
	1.63
	-0.81
AXL	-1.83
	7.33
PMPCA	-2.39
	2.31
AKR1A1	-1.33
KIFC3	1.5
KIFC1	0.94
TMEM192	-0.65
	1.78
TMEM199	-1.95
TRA2A	0.72
TRA2B	-1.35
	0.13
MFSD1	-1.84
MFSD3	0.8
MFSD5	2.61
DENR	-2.08
NCS1	0.7
AHSA1	-1.42
	0.88
SLIT2	-0.73
SLIT1	-1.13
SAP30	1.69
	6.88
	0.34
CORO6	-0.43
CORO7	-0.53
CASP6	-0.52
CASP7	1.32
CASP4	-2.39
CASP2	-0.66
CASP3	-1.75
TRIOBP	0.17
CASP1	-1.42
GNB1	0.94
CASP8	0.01
CASP9	0.01
MAN1B1	-2.84
MAP1B	1.0
YY1	0.17
CDC34	-0.61
CDC37	-1.0
ALDH3A2	-1.36
	-1.4
MAP1S	-0.05
TMEM161A	-1.98
ELP6	-1.71
ELP5	-0.93
ELP4	-1.12
ELP3	-1.02
ELP2	-1.51
	-1.49
CDK5	-1.23
TRAPPC2L	1.02
AKAP7	-2.01
NSMCE4A	-0.11
AKAP1	-1.04
AKAP2	-0.78
TP53	0.85
SEPHS2	-0.51
SEPHS1	-2.52
AKAP8	1.62
	2.01
ZBTB38	4.09
RNPEP	-0.03
SEC23IP	-0.92
ZBTB33	2.44
	-1.66
TIMM44	-0.91
PEA15	-1.75
	-0.82
CEP290	0.26
AKAP8L	2.61
PAFAH1B1	-0.86
PAFAH1B3	-2.49
PAFAH1B2	-1.93
NPR2	-0.45
CCDC107	1.05
PIKFYVE	0.9
KIAA0922	0.34
TM7SF3	-1.91
VPS25	-0.77
WDR93	1.38
WDR92	-1.19
WDR91	0.67
WDR90	0.6
	-2.12
EXOSC7	0.53
GUCD1	0.33
EXOSC5	-1.18
FAM98C	-0.65
WDR45B	-0.17
NDUFS6	-0.24
ARHGEF11	0.89
	-1.81
NDUFS7	-0.31
FAM98A	1.62
ACTR8	1.14
SPG21	-0.92
	-1.69
ARHGEF17	0.82
RTKN	0.48
	0.66
MGAT1	0.84
MGAT2	-1.91
G3BP1	0.29
MGAT5	1.5
G3BP2	-0.17
A4GALT	0.96
NT5C3A	-1.26
NT5C2	-1.13
TOR1AIP2	-0.87
TOR1AIP1	-1.92
	-0.56
	0.33
CDC123	0.16
TXNDC5	-1.3
BCL10	-0.65
NXPH4	0.17
HCFC1R1	-2.19
SCYL2	-1.6
MCAM	-1.6
SCYL1	0.98
FAM216A	0.49
MCAT	0.67
GBF1	0.78
DHRS7B	-1.21
	-1.12
ZNF384	2.21
FAM89B	-2.12
GALT	1.04
MRPL24	-0.12
MRPL27	-1.71
MRPL21	-0.8
MRPL20	0.45
	1.34
MRPL22	-1.44
RAD9A	1.03
TATDN1	0.08
RRP7A	-0.07
	3.81
TATDN2	2.12
GALE	1.71
	1.49
	0.11
QTRT1	0.82
SEC31A	-2.48
	-2.13
	-1.55
HCFC2	0.67
HCFC1	0.23
ERLEC1	0.17
CSNK1G2	2.93
CSNK1G3	0.8
TNKS	2.63
MKRN1	-0.87
CRAMP1L	0.08
ARID1B	1.31
ARID1A	-1.07
ATRN	2.67
UROD	0.08
ATRX	-0.04
CCNE2	-0.53
DES	-0.49
DEK	1.48
	-1.35
AIFM1	-0.74
	-0.44
IVD	0.75
CLPX	-1.46
SPPL2B	0.04
CD63	-0.16
SEH1L	-0.87
	-1.94
CD68	1.17
EIF4ENIF1	0.38
ASRGL1	1.09
CLPB	-1.98
ERN1	1.91
TONSL	0.32
RUSC2	2.74
	-1.42
	0.48
PCBD2	-0.97
PCBD1	-1.49
NELFA	-0.38
CLPTM1	-1.85
	-1.59
NUP133	-1.8
ACD	2.23
CEP192	-1.35
HFE	-0.44
QSER1	0.48
MYO1H	0.01
MYO1E	-1.91
MYO1D	-1.45
MYO1C	-1.42
BAZ2A	1.96
BAZ2B	0.1
	2.94
PC	-0.65
CYGB	0.76
NMT2	2.6
NMT1	-0.75
CRK	1.63
PPCS	0.14
SDE2	1.89
SOS1	2.04
CACYBP	-1.35
SH3GL1	-0.91
BRI3BP	-0.77
RBBP7	-0.9
JMJD1C	-0.88
GLG1	-1.53
AKT2	-1.29
TOP3B	-1.04
NAA15	-1.68
E2F2	2.31
	0.99
FUBP3	-2.42
	-1.16
SLU7	1.36
EZR	0.56
SAP18	1.19
TMEM179B	1.17
RTEL1	0.89
	-0.22
C19orf12	-1.21
PDE3B	0.42
MARCH5	-1.45
MARCH7	-0.27
MARCH6	-2.15
RBCK1	-0.9
AGTRAP	0.67
MAD2L2	1.96
NPDC1	-1.04
TAB2	0.11
TAB1	-0.29
FAM222B	2.31
LETM1	-0.18
ADCY6	0.9
ADCY7	2.35
ADCY3	0.76
CPD	-3.12
CPE	0.3
KRTCAP2	-0.09
	-0.5
KANK2	0.78
H3F3C	-0.53
TMEM70	-1.52
CPQ	0.6
	1.08
COX7A2	1.03
SLC7A6	-0.72
SLC7A5	-2.25
DZIP1L	0.89
SLC7A3	0.36
SLC7A1	-0.19
COL16A1	0.27
ZNHIT3	-0.4
	6.99
STUB1	0.68
SLC17A5	0.48
PSMD9	-2.46
PSMD8	-1.74
PSMD5	1.74
PSMD4	0.03
PSMD7	-1.92
PSMD6	-1.52
PSMD1	-4.19
JUND	-0.34
PSMD3	0.72
PSMD2	0.91
AGPAT5	-1.02
AGPAT4	-0.46
AGPAT3	0.04
IFRD1	-1.05
IFRD2	-1.69
MRPL3	-1.23
SLC25A51	1.07
ITPRIPL2	1.11
	0.95
	-0.73
ITPRIPL1	-0.19
	3.53
ERMP1	-1.4
	-0.63
TMEM203	0.48
TMEM205	-0.84
TMEM208	-0.62
TMEM209	-0.26
ADSSL1	-0.14
	7.88
	7.88
ATP5F1	-0.66
	0.33
ZNF445	0.03
	-0.94
	-1.2
COMMD3	-1.83
MCFD2	-1.06
MRPL9	-0.53
	-0.19
TOMM40L	1.49
LARP4B	0.4
RFC5	-1.58
RFC4	-1.83
RFC1	1.62
RFC3	-1.24
RFC2	0.53
SARS	-1.76
	-0.57
KLHL7	0.38
KLHL5	2.55
KLHL2	0.11
EMP3	-2.07
EMP1	0.29
KLHL9	-0.33
SMAP1	-1.07
SMAP2	0.11
ZMYND8	-1.44
PAF1	0.51
UACA	2.09
ATF7IP	0.6
PPA2	0.66
	-0.54
KDM1A	-2.79
	-0.72
FIG4	-1.61
GCC2	-0.57
GCC1	3.74
ANO8	1.05
STAU1	1.62
ITSN1	0.32
ANO6	0.98
ITSN2	4.37
	-1.14
IRF3	2.51
IRF2	-0.19
SPCS1	0.0
SPCS2	-1.12
SPCS3	-2.25
	6.39
CLK1	-0.31
CLK2	0.21
CLK3	-0.53
CLK4	-1.2
HERPUD1	-0.54
ZBTB17	0.34
	-2.64
PHGDH	-2.48
	-0.85
AGFG2	1.09
CTTNBP2NL	1.96
AGFG1	-1.25
GTF2H3	-0.61
GTF2H2	-0.45
ZFP36L1	0.4
ZFP36L2	2.4
CDC42SE1	-1.26
ABHD2	-0.4
	-1.71
ABHD6	-1.6
ABHD4	-0.23
ABHD5	0.86
WDR7	0.67
WDR6	-0.71
WDR5	-1.01
WDR4	-2.56
WDR3	-2.0
WDR1	-2.45
MDC1	0.86
CCDC167	1.66
MLXIP	2.92
	8.16
	-0.66
	0.1
	-0.45
DPCD	0.51
MAN1C1	-1.17
MINPP1	-2.12
C6orf89	-1.42
TROAP	3.42
	0.13
GGPS1	1.07
SAMM50	-0.38
FECH	-1.44
TSEN34	-0.55
	-0.79
	-2.2
BRMS1	0.01
ATHL1	-0.28
HCLS1	-0.23
BARD1	-0.54
MKS1	0.35
EMC8	-1.94
SFXN3	-0.72
SFXN1	-1.75
RRP12	-1.69
	2.12
SH3KBP1	0.92
RRP15	-2.76
	-1.0
CLNS1A	-1.97
	-0.05
NDEL1	-0.97
USP12	1.84
USP10	0.57
USP16	-1.31
USP14	-2.62
USP15	1.68
USP19	-0.6
C12orf43	1.27
C21orf2	-0.13
PRPSAP1	-0.48
PRPSAP2	1.17
RRP1B	0.02
HS2ST1	1.29
EMC6	-1.02
METTL14	-2.13
MINA	0.64
	2.52
BSCL2	0.05
FAM185A	0.89
FAM167B	-0.57
NAPEPLD	1.78
PPP1CC	0.07
SLC4A1AP	2.95
	-0.86
	-0.58
AFG3L2	-0.01
C16orf58	-1.8
OARD1	-1.44
	2.36
	0.33
PDRG1	1.51
WLS	-0.96
MAN2B2	-0.1
	1.47
CD44	-0.72
CD47	-1.8
URM1	1.19
RAP1B	-2.42
RAP1A	0.0
SKAP2	-1.56
SMTN	-0.4
L3MBTL2	0.59
EP300	0.82
NCOA2	2.95
NCOA3	0.08
NCOA1	-1.03
	0.28
NCOA4	-2.33
NCOA5	-0.93
ATF6B	3.34
PIP5K1C	1.63
PIP5K1A	1.35
PPP4R1	1.62
PPP4R2	-3.39
CCNG1	-0.72
CCNG2	3.33
	-0.73
ARMC8	-1.2
ARMC9	0.19
ARMC6	-1.52
ARMC5	-0.72
ARMC1	0.46
BCAP29	-2.8
RELL1	2.36
FBRS	2.87
RNH1	-0.82
HJURP	0.64
WDR75	-0.03
XRCC4	-1.55
	1.02
	0.12
	2.78
	1.19
SYCE2	2.06
GSK3A	-1.64
GSK3B	0.03
VARS2	1.29
PRKAB2	1.17
DMWD	0.35
INF2	-1.04
	-0.03
ISCA1	-0.49
TFAP4	1.08
PMF1	-0.45
ISCA2	0.28
SDC1	-2.93
SDC2	-0.24
SDC3	-0.06
SDC4	1.31
UBALD1	0.08
MAPK14	-0.98
	3.67
	-0.61
MGEA5	1.09
HNRNPUL2	0.34
HNRNPUL1	2.23
GLE1	-1.63
NAA38	0.46
NAA35	-0.57
NAA30	-1.04
METTL21A	0.64
TRIP10	0.32
TRIP11	3.13
TRIP12	-0.67
TRIP13	-1.56
	3.31
KIAA1143	0.48
MANBAL	-1.68
AIF1L	0.64
ADAM9	-2.75
AATF	-1.78
DNM1L	0.51
	1.04
AP2M1	-1.56
TOMM34	0.49
SNRNP27	-2.85
EDF1	-1.2
TMEM11	-0.19
TMEM17	1.17
	-0.91
TMEM19	-0.66
ITPA	-0.97
PDE12	-0.41
ORAI2	-1.14
PDGFRB	-0.99
PDGFRA	-0.99
ORAI1	0.48
KIRREL	-1.88
TTC28	2.83
MTA2	-0.53
BDP1	1.95
COX7A1	1.26
TTC26	-1.69
TTC27	-1.84
AP1AR	0.64
TTC23	2.8
UFL1	-0.8
ZNHIT2	0.67
ZNHIT1	2.25
ZNHIT6	-0.61
CKS2	-1.01
NFIL3	2.67
EHD4	-2.25
ASCC2	-0.77
PCDH19	-0.77
NPM1	-1.06
NPM3	-0.63
	2.67
KANSL3	-1.34
KANSL2	3.88
KANSL1	0.82
	-0.57
MXI1	2.31
PSMF1	-2.13
KIF23	0.79
KIF22	-0.32
	-1.35
ATMIN	1.63
RSBN1L	-1.47
PAPD7	-0.86
	5.06
	9.28
MEN1	-0.53
KIAA1033	-0.4
TMEM222	-0.33
NABP2	0.14
ACAD11	1.27
	0.76
NSF	0.24
SPNS1	-0.65
KIF2A	-1.28
KIF2C	1.29
SLC35A1	-3.18
KIAA1522	2.09
GABARAPL1	-0.5
GABARAPL2	-0.77
MEGF10	-0.66
	-0.26
POGZ	0.9
UBE2J1	-0.03
UBE2J2	0.11
LY9	-1.43
ECH1	0.74
DPY30	-0.85
GCAT	-1.58
SAT1	0.82
ATG16L1	1.06
ATG16L2	0.48
LFNG	-1.69
PCYT2	-1.08
MTFP1	-2.02
	-0.62
SRA1	1.46
OXSR1	1.25
	-0.09
LYN	0.01
NSDHL	1.5
KIF9	0.67
KIF4A	-1.26
MNS1	-1.28
AMACR	-2.04
ZFAND5	-0.4
ZFAND3	-1.15
PRKG2	-0.08
TIMM8B	-1.3
TUBA8	0.67
LIFR	1.5
C5	1.71
AMOTL1	2.57
AMOTL2	1.9
FAM20A	-1.03
FAM20B	1.09
FAM20C	-0.52
	0.02
SUGP1	1.8
SPAG9	-0.93
SPAG7	-1.72
SPAG5	2.68
SPAG1	0.48
WDSUB1	0.76
SMARCD3	0.08
SMARCD2	-1.24
SMARCD1	-1.36
NCAPH	2.99
NCAPG	-1.55
	-1.46
	5.67
BLZF1	-0.66
ROCK1	-1.21
ROCK2	4.25
GPC1	-0.28
	2.31
BBS9	-0.87
TGFB1	-1.55
BBS1	-1.56
BBS2	-0.44
PLCG1	-2.45
PRKAR2A	-1.14
TARBP2	2.19
	1.14
PRKAR2B	-0.57
EIF4A2	-0.08
NR1H2	-1.0
NR1H3	0.01
	-0.67
	-0.24
	-0.44
	-1.43
ZNFX1	-0.57
H6PD	-0.25
ACBD3	1.54
	-0.24
ACBD6	-0.18
ACBD5	0.94
HBS1L	-2.37
ZMYM2	-0.75
ZMYM3	-0.94
FAM160A2	3.15
ZMYM1	0.01
ZMYM4	1.42
ZFAND6	2.47
AMPD3	2.16
AMPD2	-1.71
TOP1	-2.09
	3.71
TGFBI	-0.66
DPM3	0.02
	4.8
SLC50A1	-0.91
TWSG1	-2.26
LYPLA1	1.4
LYPLA2	1.48
CHCHD2	0.07
POLR3D	-0.01
POLR3E	-1.71
POLR3B	-0.77
POLR3C	-0.85
DTNBP1	-1.56
CD99L2	-0.57
POLR3K	-2.05
POLR3H	-0.66
RRP36	0.23
NR2F6	-1.24
NR2F1	0.76
NR2F2	0.82
TENM4	0.68
MIOS	1.63
GPALPP1	-0.54
CPSF3L	-2.62
STARD13	2.93
CASC5	-0.27
CC2D1B	-0.06
USP38	0.87
USP39	0.57
	-0.17
GLT8D2	0.06
GLT8D1	0.43
USP30	-0.45
USP31	2.21
TPGS1	-1.76
USP33	-0.13
USP34	0.89
USP36	0.56
USP37	1.53
PPP1R15A	-1.23
PPP1R15B	0.46
	8.11
	0.96
TSN	-2.63
PABPN1	1.34
COPZ2	-1.59
SSH2	0.48
SSH3	-0.35
CTBP1	-0.93
TST	-0.87
HEMK1	-0.03
	-1.28
CINP	-1.23
NFX1	0.19
RDH5	1.63
	-1.31
DAP	-0.75
	-1.99
CIC	1.78
	0.46
KCTD17	0.4
HMGCL	1.35
NAP1L1	-0.91
PLRG1	-0.02
NAP1L4	-1.94
GMDS	0.93
WBP11	2.09
HMGCR	1.42
CIT	0.53
FGF7	-0.93
ANKRD13B	0.38
GET4	-2.42
UBLCP1	-0.91
EXOC6B	1.07
	-1.26
THAP4	-0.72
	-0.87
	-2.75
	-1.04
DPYSL2	-1.94
ARL6IP6	-1.64
ARL6IP5	0.15
ARL6IP4	0.7
DAB2IP	-0.19
ARL6IP1	0.67
	0.0
SLC35B1	-0.9
PES1	-0.67
SLC35B3	-1.31
SLC35B2	-1.04
SLC35B4	0.2
CHPF	1.0
UBR1	1.55
PSMB10	0.72
UBR7	0.63
	0.39
FPGS	-1.69
DENND5A	1.55
PPP1R9B	0.89
TCTN1	0.29
C5orf24	-0.29
LAYN	-1.99
CHP1	-2.09
AGA	-1.46
CLEC11A	-1.05
MTMR14	0.11
	-1.63
TSEN2	0.34
	-1.83
SPRR1A	1.07
	-0.56
MYEF2	-1.52
QSOX2	-1.49
QSOX1	1.87
VAPB	-3.62
VAPA	1.6
DGKZ	2.97
PUS1	0.17
PUS3	-0.65
PUS7	-2.26
CSAD	-2.03
NOL11	-0.17
	-0.56
DGKD	0.48
DGKE	-1.13
OGT	2.8
MFN1	0.28
OGN	0.46
PWWP2A	2.99
DNTTIP1	0.92
DNTTIP2	-0.62
CYP11A1	-0.62
	5.53
UBN2	2.89
UBN1	-0.62
HEATR5A	0.22
NAA50	-2.49
CREB3	-1.26
IMPA1	-0.7
IMPA2	0.57
B4GALT1	-0.91
B4GALT3	0.21
B4GALT5	4.67
B4GALT7	-0.5
EHMT1	3.85
EHMT2	1.13
TRAP1	-0.49
AARS	-0.07
MIF	0.11
	-1.23
	-0.63
AGGF1	-0.87
	4.4
GNAO1	-0.49
ELK3	0.36
ELK4	1.63
TANK	2.53
AAR2	-0.91
TMEM37	-1.33
	-1.02
TMEM33	-1.93
CNEP1R1	-0.45
FAIM	0.38
CTH	-0.04
ELMO1	0.89
NCKAP1	4.58
CSNK1A1	-1.04
PGD	-0.12
RPL37A	-1.74
CRYZ	-2.45
	-1.17
RABGGTB	2.85
DOK1	0.53
DOK4	-0.53
	2.08
	4.53
	5.91
MELK	0.74
	3.31
IGBP1	-0.84
	-0.75
SSR1	-1.63
RANGAP1	0.73
CAAP1	-1.6
DDHD1	1.53
DDHD2	-2.42
PDZD11	-0.92
ZDHHC20	0.71
ZDHHC21	0.48
ZDHHC24	-0.53
ZNF408	0.34
	-1.26
CDK11A	2.79
RBM26	-1.09
RBM27	-1.43
STAT5A	0.05
	4.58
RBM22	-1.09
COX17	0.5
RBM28	-0.01
CLOCK	2.8
WISP2	-0.75
WISP1	-1.3
YKT6	-1.42
LPAR2	1.5
SH2B2	0.48
SH2B3	2.16
SH2B1	-1.81
KIF20B	-1.39
KIF20A	1.23
GSPT2	0.4
GSPT1	-1.23
STMN1	-0.67
STMN2	-0.91
EIF2AK1	-2.19
EIF2AK3	0.3
EIF2AK2	5.01
EIF2AK4	-1.27
UBE2D1	0.11
CAMKK2	-1.81
	3.46
FKBP1A	-1.13
SLC25A17	-0.99
	1.29
SLC25A13	2.12
SLC25A12	-1.58
SLC25A11	-3.34
SLC25A10	-2.57
CSPG4	0.97
NUP155	-1.48
NUDC	0.65
SAV1	0.34
PITPNM1	0.49
PITPNM2	2.08
KIAA1462	-0.28
FTH1	-0.75
FKBP10	-0.36
FKBP11	-0.71
PFKM	-0.53
JADE2	1.73
NEDD4L	0.21
SLC12A6	0.7
	0.34
C19orf43	0.08
IFITM3	0.79
EPOR	1.53
	-0.13
	-1.07
	0.26
	0.54
SCD	-0.47
	0.96
TUBG1	-1.73
TUBG2	-0.19
COPG2	-1.83
COPG1	-0.17
APAF1	0.04
FEM1B	-0.67
SLC12A8	1.63
SPECC1L	1.5
DCP1A	1.8
SUCO	-0.45
KIAA2026	2.04
KEAP1	-1.8
	-0.85
ERAP1	-0.97
	-1.84
UMPS	-2.13
TXNL1	-0.43
PGPEP1	-0.19
PCOLCE2	-2.49
ANK1	0.66
	1.87
MAN1A2	-0.36
SLC4A2	-0.8
	0.34
CUL5	-2.06
CUL7	0.4
CUL1	-2.56
AIG1	-1.6
TMLHE	-0.21
SYNJ2BP	-0.67
HSPA4L	-2.93
PTP4A1	-1.28
PTP4A2	2.55
IGF2BP1	0.38
IGF2BP3	-0.18
IGF2BP2	1.05
DCBLD2	-0.82
	-1.09
MAATS1	2.25
	-0.12
MFAP3	-1.82
RARS2	-0.49
	0.89
CDH4	3.04
NT5C3B	-0.15
COL6A1	-1.04
COL6A3	0.12
COL6A2	-0.29
DYNLL2	-0.62
GHRH	0.48
EEA1	6.7
NEURL4	2.09
DMTF1	2.19
EIF5B	-1.15
EIF5A	-1.0
	2.21
TXN2	-2.38
POLR1A	-0.52
POLR1B	-0.79
POLR1C	1.37
POLR1D	0.7
POLR1E	0.04
	0.46
	0.16
TGIF1	2.97
	-0.23
CREB3L2	-0.95
CCNDBP1	-1.26
CREB3L1	0.85
PLEC	1.6
SNX21	1.62
PLEK	2.31
SNX27	-1.03
SNX24	-1.56
SNX25	3.33
CDKN3	-1.02
QRICH1	0.96
	0.34
	0.64
MRPL41	-2.03
	-0.53
	0.94
MRPL46	0.49
MRPL45	-0.96
MRPL44	1.18
MRPL49	-1.74
MRPL48	-1.83
BCL7C	-1.6
	3.47
BCL7A	0.38
OAZ2	-2.33
OAZ1	-0.71
DPPA2	0.03
TIPRL	-0.96
SH3BGRL	-2.49
PPP1R13L	0.89
SMPDL3B	0.84
CTDNEP1	-1.34
RBPJ	0.83
C11orf68	-0.75
	-1.06
PRCP	-1.35
MTBP	-1.71
HIST2H2AC	-0.36
	-0.3
PAICS	-0.81
	-0.78
UBR3	0.26
C1orf131	2.5
NFE2L1	-0.29
CLDN12	0.8
FGD1	-2.16
FGD3	-0.48
GMFB	-3.73
	-0.44
SNAPC3	-0.45
SNAPC2	-0.52
SNAPC1	-1.34
ANXA2	-0.94
SNAPC5	-1.52
SNAPC4	0.89
FMR1	-0.2
URI1	0.42
	1.96
OSCP1	-1.04
FAM210B	-1.04
NT5C	1.6
ANXA6	-0.58
CELF2	-0.85
	-0.27
DPM2	-1.07
	-2.13
DPM1	-1.83
	0.48
EZH1	-0.75
EZH2	0.04
DDX19A	-1.96
SLC35D1	-0.19
RNLS	1.49
DDX19B	-1.48
VDAC3	-1.38
VDAC2	-1.05
VDAC1	-0.91
RALGAPA1	0.01
	-0.25
AES	2.79
	-2.06
RCN2	-0.38
RCN1	-0.78
EPHB3	0.89
RRP8	-0.66
RRP9	-1.98
NPEPL1	0.96
	-1.13
PHIP	1.03
GRAMD1A	-0.35
AEN	-0.87
VARS	-1.04
	0.09
SIDT2	3.33
CDC37L1	-1.0
OAF	-0.08
PKLR	-1.58
UBR4	4.12
POLR3A	-0.94
OAT	-0.89
KIFAP3	-1.6
NUDT16L1	-1.48
PPIG	1.66
PPIF	0.88
PPIE	1.32
PPID	-0.77
PPIC	-1.15
PPIB	-0.77
PPIA	-1.04
PLVAP	0.38
TP53INP2	1.63
IGF1R	0.57
	-3.07
NUP153	-0.5
C20orf27	-0.18
GRB2	1.05
NRP2	-1.18
	-0.28
UBC	1.94
	-0.17
	3.15
UBL5	0.17
UBL7	-1.98
AQP5	1.84
UBL3	0.11
AQP1	1.51
PLXND1	0.17
BAX	2.01
LHFPL2	-1.36
XPOT	0.37
TAX1BP1	0.46
SMIM12	-0.67
TAX1BP3	-2.08
SMIM15	1.02
SMIM14	2.73
UBE4B	0.55
SPOPL	-0.53
IK	1.51
COX6A1	-0.12
PRKRIP1	-0.7
AHCTF1	0.05
TYSND1	3.03
HNRNPR	-2.51
ACSL1	-1.0
HNRNPU	-0.74
ACSL4	0.75
ACSL5	-1.7
ARL11	0.8
ARL10	-1.43
HNRNPK	-0.17
HNRNPL	0.34
HNRNPM	-0.45
HNRNPC	-0.57
HNRNPD	-0.46
HNRNPF	-0.05
	0.88
KHSRP	-0.83
STK25	-0.26
	-1.26
HELZ2	2.71
DDA1	-1.66
WBSCR22	-0.28
	-1.34
MANF	-0.44
CAMLG	0.38
PIN1	-0.68
PIN4	0.29
FZD4	1.38
FZD7	0.48
SIMC1	0.96
NINJ1	-1.59
PLXNA1	1.42
RPL35A	-2.25
C11orf52	1.49
	-1.2
TJAP1	0.32
C5orf42	0.21
	1.63
CCDC97	1.61
PPP2R2A	0.8
PQBP1	0.59
CCDC93	2.97
PSMB9	-0.86
PSMB8	-0.34
PSMB7	0.21
PSMB6	-0.35
PSMB5	-0.16
PSMB4	-0.43
PSMB3	0.01
PSMB2	-0.96
PSMB1	-0.73
LDHA	-1.74
ACADM	0.57
PGAM5	-0.74
PGAM2	1.69
RAB43	1.41
PGAM1	-0.6
CAPN7	0.33
	-0.57
MRPS28	1.7
MRPS26	-2.27
MRPS27	-2.42
MRPS24	-1.48
MRPS25	2.95
MRPS22	-2.48
MRPS23	-0.58
MRPS21	0.98
	-1.12
HIST1H2AE	-0.19
HIST1H2AA	-0.35
HIST1H2AK	1.17
NAT10	-2.08
RAB4A	3.53
SMAD5	2.09
NDUFA6	-0.54
NDUFA7	-0.52
NDUFA4	-0.71
NDUFA5	-1.62
NDUFA2	0.24
NDUFA3	-1.03
NUF2	-2.14
ATP6AP1	0.52
NDUFA8	-0.37
NDUFA9	-0.09
LRCH4	1.38
	0.38
VEGFA	4.91
LRCH1	0.21
VEGFB	0.89
FDXR	2.36
SMAD3	1.96
	-0.25
	0.92
ECT2	-1.17
SSNA1	-1.13
HUWE1	1.34
	0.97
SLC25A37	1.8
SLC25A36	-0.19
GOLM1	-0.08
SLC25A32	-0.08
YAE1D1	-0.13
SLC25A39	0.15
HEATR6	-1.03
HEATR3	-0.25
HEATR1	-1.85
POC5	2.51
C5orf15	0.44
XPO5	-1.49
	7.17
DDX17	-0.84
DEF6	1.6
DDX10	0.74
TIPIN	-0.61
CR1L	1.43
DEF8	-0.45
DDX18	-1.87
RC3H2	0.48
GPR107	-0.28
GPR108	-2.08
NOC4L	-1.68
CMIP	-0.97
	-0.91
CDKN2C	1.69
SRSF7	-0.4
SRSF6	-1.56
SRSF1	-0.58
CDKN2D	-0.78
SRSF2	0.55
SRSF9	-1.35
C1orf53	0.19
SLC38A4	-1.23
SLC38A7	-0.19
SLC38A6	-0.98
SLC38A2	3.32
DARS	-0.61
ATP6V0E1	0.15
RAPSN	-1.76
LDLRAD3	-1.31
RGMA	1.63
PRKCI	1.09
DEGS1	-0.17
SUGT1	-0.76
	-0.75
PRPS1	-2.06
PRKCA	1.09
PRKCD	0.87
TOM1L2	0.08
TMEM181	-0.88
MNAT1	-1.84
ATG3	-0.36
ATG5	0.49
COPZ1	-2.12
CRCP	-0.62
	0.96
	7.09
PRR12	1.35
CDV3	-0.62
	1.36
NOVA1	0.49
ARMCX3	0.13
ARMCX2	-1.92
KLF6	-0.33
KLF5	2.78
KLF9	3.53
ZC3H11A	0.49
PRR14	3.21
NCAPD2	2.92
NCAPD3	-0.81
RRM2	-1.98
RRM1	-2.23
REST	-0.04
TWISTNB	1.71
CCDC181	0.9
	-1.13
	0.48
ZNF655	-1.13
	-2.51
SEMA7A	-0.38
CTBP2	2.53
GATAD1	-0.85
AJUBA	0.46
	0.64
TRMT11	-1.34
SPATS2	1.07
	1.88
PRRC2B	2.2
TNRC18	1.59
	2.92
PDCD6IP	-0.97
TXNL4A	-1.83
	1.23
TCEAL8	0.4
	1.48
NUMA1	-1.78
PARP6	-0.28
	-0.28
PARP1	-0.46
PARP2	-0.13
PARP3	-0.79
ZCCHC9	-1.03
ZCCHC8	1.18
SRSF11	1.88
SRSF10	-0.58
NRBF2	0.7
ZCCHC2	0.7
ZCCHC6	0.11
LRP10	-0.9
LRP11	-1.33
VTI1A	-0.29
SND1	-0.51
VTI1B	0.4
ACO1	-0.22
ACO2	-0.5
THTPA	0.08
C11orf73	-0.57
AVL9	1.04
	0.34
GTF2IRD1	1.17
KLHL38	0.02
TEAD2	0.38
TEAD1	-1.2
MTDH	-0.43
GIT1	0.9
HMGCS1	0.29
CIR1	-0.22
	-0.78
	0.35
THG1L	-2.08
STAM2	-1.53
AZIN1	-0.24
RAD1	1.84
SERPINB1	-0.54
CHID1	-2.05
	0.11
	1.31
KMT2C	1.23
KMT2B	3.25
FBXO18	-0.19
SEPT6	-0.69
AHCYL1	-1.24
KMT2E	2.82
AHCYL2	0.34
RBM39	1.69
C9orf78	-0.72
FBXO11	-0.06
FBXO17	-0.67
RBM38	1.42
	6.74
CLCF1	-0.29
CTIF	2.12
RILPL2	1.66
MAPK8IP1	3.13
MAPK8IP3	0.1
SLC35F5	-0.34
KCTD13	-0.19
SLC35F6	-0.43
AK3	-0.98
AK2	1.37
AK1	-0.49
AK6	-1.55
AK4	-0.67
KCTD10	-0.78
LZTS2	0.56
UBE2S	1.03
VAT1	-0.85
TSC22D1	4.22
TSC22D3	-0.43
TSC22D2	0.12
MICAL2	0.06
DENND1A	-0.67
BSG	-0.36
HIRIP3	-0.11
RPS13	-0.99
RPS12	-0.68
RPS11	-0.71
RPS10	-1.34
RPS17	-0.23
RPS16	-1.03
RPS15	-0.84
RPS14	-0.74
GLA	-1.24
RPS19	-2.83
RPS18	-0.95
RCL1	0.66
CERCAM	-0.04
PHKB	1.29
GLS	2.48
	-0.44
CRLF2	0.67
CRLF3	-0.94
	1.94
MPP2	1.8
MPP1	-0.03
MPP6	0.69
MPP5	0.48
TCEA1	0.29
TUBA1B	-0.93
COL1A2	-0.91
DGCR8	-1.76
	0.04
LRPAP1	-0.88
MPV17	2.5
DGCR2	-0.91
	-1.43
TEP1	-1.45
C16orf72	1.57
DCAF12	1.06
DCAF10	1.49
EMG1	-0.74
DKC1	0.21
BACE1	-1.76
TM2D2	1.13
TM2D3	0.47
FBXL3	0.23
	-2.47
FBXL5	-1.55
TMEM185A	0.34
FBXL6	-0.96
ERF	-0.46
ERH	-1.01
LBP	-2.05
INPP5B	-1.21
LBR	-2.84
RAN	-1.37
INPP5K	-0.01
DZANK1	3.45
CYP20A1	-3.01
ENY2	-0.94
LBH	6.83
S100B	-1.69
MARC2	-2.61
LTBR	1.65
MUT	-1.12
TBL1X	-0.19
	0.53
	-0.4
PLEKHA5	2.8
PLEKHA2	2.47
PLEKHA3	-0.66
RHEB	-1.33
OSBP	-1.85
SNRNP40	-1.3
RPSA	-1.45
AP1G1	-0.31
SNRNP48	-0.25
IRS1	1.85
IRS2	-0.27
USP6NL	2.21
PLA2G15	-0.91
PLA2G16	-1.97
KAZALD1	-0.23
ISOC1	-2.04
SDHAF2	-1.83
C1orf198	0.71
RTN4R	-1.04
HEXIM1	-0.38
HNRNPLL	0.52
FERMT2	-1.42
SAMD9L	0.96
	1.31
TRAF7	-1.99
DCLK1	-1.47
PASK	-0.88
	-0.52
	-0.27
	-0.14
	0.19
RGP1	-0.93
MYOF	-0.57
	0.72
PKM	-0.84
HECTD2	1.89
HECTD3	2.74
HECTD1	-0.86
MCC	2.19
IARS	-1.03
RPP30	-2.56
MAD2L1	-1.82
LACTB	0.46
	1.17
SERTAD1	4.27
SERTAD2	-2.13
SERTAD3	1.63
MAD1L1	-1.05
TMEM9B	-2.78
PIK3R4	0.45
PIK3R2	1.78
PIK3R1	2.55
ZFP91	-0.65
CYHR1	-0.44
	-1.38
MATN2	-0.94
GNPNAT1	-0.35
RAB6A	-1.08
	0.2
SQRDL	-0.93
NME1-NME2	-1.67
NDUFC1	0.32
NDUFC2	-0.51
ARHGAP17	1.06
ARHGAP12	0.89
ARHGAP10	1.23
ARHGAP18	0.67
	0.8
DDX3Y	-0.08
SIK3	1.42
ADAM10	-1.84
	-0.48
LHFP	1.07
ADAM15	-2.09
ADAM17	-1.81
	-0.02
ADAM19	3.35
MTHFD1L	0.24
HEBP1	-1.43
ZFC3H1	3.25
ASH1L	0.45
DDX39A	-0.16
AFF4	2.89
AFF1	-1.45
PNPLA2	0.25
	2.14
	0.85
SLC39A13	-0.28
SLC39A10	0.38
SLC39A11	-1.76
SLC39A14	-1.21
SLK	0.32
NSUN5	0.53
ADRM1	-2.85
PAN3	0.6
PAN2	-0.62
ERGIC3	-0.54
EEF1A1	-1.59
EEF1A2	-1.04
TLN2	1.14
TLN1	1.08
TRIM59	-1.26
	-0.98
MYBL2	-0.64
	-1.98
PANK3	-0.38
PANK2	0.48
	-0.77
DAP3	-1.36
MBNL1	0.51
MBNL2	-1.45
MBNL3	-1.54
	1.66
	0.48
GNL3	-0.3
GNL2	1.48
GNL1	1.62
FBXW11	0.89
SMARCB1	0.27
	0.33
GLIS2	2.09
TMEM39B	0.64
TMEM39A	3.03
FNIP1	2.12
FNIP2	-0.05
PSPH	-0.02
ZFYVE16	2.16
MMADHC	-2.16
UBTD2	0.01
UBTD1	-1.92
	2.24
AGK	0.33
BUB1B	-0.32
CDT1	-2.43
ZMAT2	0.63
	-0.65
EIF1B	-0.57
EIF1AX	-1.03
	4.85
	-2.71
NOM1	-2.74
	-1.39
ELMSAN1	0.96
	0.35
GORASP2	-1.8
GORASP1	0.01
MAP7D1	-0.09
BSDC1	-0.27
TSR2	-0.09
PSRC1	-1.48
	3.12
MPI	-1.24
HSPA5	-0.89
HSPA4	-1.5
RCAN1	5.04
HSPA9	-1.97
HSPA8	0.39
PLAT	-0.64
DNAJB12	0.51
DNAJB11	-3.07
	-0.02
PARVB	-1.28
PLAA	-1.34
PARVA	-3.53
CTDSP1	-0.74
CTDSP2	-0.28
EMD	-1.29
RAB2B	0.48
MIA3	1.35
MIA2	-1.21
CTDSPL	2.08
C11orf74	0.22
	-0.52
HTRA1	-0.41
HTRA2	0.62
SASH1	2.48
TSNAX	-0.51
KDM7A	0.96
RPS19BP1	-1.98
KLHL11	-0.91
RNASEH2A	1.24
RNASEH2C	-1.36
KLHL17	-0.23
SH3D19	-1.2
BCLAF1	-1.04
	0.76
SCAF4	-1.13
DDX5	-1.26
DDX6	-0.92
DDX1	-3.69
SCAF8	-2.01
GTPBP10	-1.01
LRRFIP1	0.1
	0.32
	2.36
ILK	-1.52
FBXO34	2.8
FBXO30	1.14
FBXO31	-0.93
FBXO33	0.67
	1.14
SYNCRIP	-1.56
SEMA5A	0.24
	-0.67
SKIDA1	1.63
GALNT11	3.45
VKORC1	-1.28
PPL	2.31
FOXG1	0.82
DLX3	1.63
	0.82
	0.33
	-1.88
NRIP1	0.8
CXXC1	-0.87
OPA3	-1.6
OPA1	-0.48
CD151	0.42
LANCL2	-1.29
LANCL1	0.17
NOP9	-1.34
GNS	-1.53
NR3C1	-1.36
CENPK	-0.57
PEMT	0.48
CENPH	-0.53
CENPF	3.61
CENPE	-0.25
NOP2	-1.28
AIP	0.69
CENPA	-0.03
GNE	1.71
CKAP2	0.65
	-0.5
CENPT	-0.29
	0.69
CENPQ	0.25
CKAP5	0.5
NHLRC3	-1.27
NUDT9	1.05
	0.9
NUDT2	-0.03
NUDT3	1.71
NUDT4	3.01
NUDT5	-1.29
SMPD4	-2.3
SMPD1	-0.69
BMPR2	1.09
	-2.48
	-2.37
IDH2	-0.15
IDH1	-0.6
YTHDF2	-3.07
YTHDF1	-0.57
SNRPB	0.77
	-1.38
	0.3
SNRPF	0.94
	0.68
	0.07
SUDS3	1.05
	0.33
TPGS2	1.63
	2.78
ASNS	-2.11
ECSIT	-1.26
RUVBL2	-0.67
	-2.65
MYSM1	-0.67
ZNF800	-0.82
MSN	-2.1
ETNK1	-1.76
TTC39B	0.43
DYNC2LI1	1.57
	3.93
PTOV1	-1.96
	-2.86
LEO1	0.68
	2.08
EIF4H	0.48
PHTF2	0.38
PHTF1	2.03
PTPN21	0.35
SLC9A1	-0.25
SLC9A8	-1.77
SLC9A9	2.3
AP3S2	-2.25
EIF4E	-0.28
AP3S1	-1.35
IFNGR1	-0.72
IFNGR2	-1.86
	0.96
C16orf87	-0.86
INTS12	0.67
PML	0.24
NAB1	0.11
NAB2	1.9
	2.21
FXR1	-1.66
FXR2	-0.5
	0.96
HOOK2	1.71
HOOK3	-0.66
	2.0
OSTF1	-1.62
PHOSPHO1	1.17
SRCAP	6.49
	-0.15
GLUD1	-0.25
SSU72	-0.92
PODNL1	1.5
LARP1	-0.69
RBM42	-0.76
LARP4	-2.07
RBM45	-0.77
RPS27L	1.31
LARP7	-2.75
RBM48	2.08
RPS27A	-1.55
DPP9	0.4
	-2.05
DPP3	-0.04
UIMC1	0.33
DPP7	-2.03
NUB1	0.53
CEP57	1.05
PTPMT1	0.67
CEP55	-2.02
TMCC1	2.31
COL4A3BP	-0.01
HBP1	0.41
MACROD1	-1.03
SLC39A1	-1.14
SLC39A3	-1.33
GGNBP2	-2.86
SLC39A7	-0.37
SUMF2	0.06
SUMF1	-1.91
GLIPR2	-2.47
GLIPR1	0.88
GYS1	-0.97
SURF1	1.05
SURF2	-1.71
SURF4	-1.2
SURF6	-0.26
DDX58	0.11
FCGRT	-0.88
	0.9
BPGM	1.78
DDX52	-1.54
DDX50	-0.57
DDX51	1.55
DDX56	0.54
GPR149	0.02
DDX54	-1.0
DDX55	0.56
HNRNPA2B1	-0.47
SIPA1L1	-0.36
SIPA1L3	0.48
SIPA1L2	0.67
HEATR5B	-2.48
FUNDC2	-0.31
ANLN	-0.44
	7.56
HEXA	-3.27
HEXB	0.44
DCAF7	-2.1
FLOT1	0.22
FLOT2	-1.77
DCAF4	2.3
IQSEC1	0.56
DCAF8	-1.15
PDCD2L	1.04
HOXB9	2.31
TRAFD1	1.8
LRIG1	-0.17
HOXB2	1.29
HOXB6	-0.45
RAB9A	1.96
CTR9	-1.12
PCDHGC3	0.69
CPED1	0.7
THADA	-0.43
STAT6	-0.72
RAB2A	-0.67
STAT3	-0.42
STAT2	0.21
STAT1	-0.87
CEP250	0.46
SEPSECS	-1.04
ZYG11B	-1.6
KIAA2013	-0.01
LIN9	-0.82
PALM	0.72
	2.95
UBE4A	-0.36
TPRG1L	2.72
PEX19	-1.15
TEX261	-1.29
	2.91
TEX264	0.2
PEX13	0.76
PEX12	0.8
PEX14	2.23
TUFM	-1.94
	1.99
BLOC1S6	-1.14
BLOC1S5	0.48
	0.88
BLOC1S2	-2.28
BLOC1S1	-0.41
SBDS	1.19
CDR2	1.14
	2.78
PAGR1	0.56
CCNT1	2.16
RPP14	-0.19
BPTF	0.82
EIF3H	-0.6
EIF3I	-1.71
EIF3K	-1.59
EIF3L	-0.57
EIF3M	-1.86
YPEL3	1.09
EIF3A	0.8
EIF3B	-0.81
EIF3C	-0.79
EIF3D	-0.43
EIF3E	-0.49
EIF3F	-0.87
EIF3G	-3.47
RABL6	0.29
C18orf8	-0.19
CFL2	-1.61
FANCD2	0.7
	4.06
	4.86
WBSCR16	-0.13
C19orf24	-0.53
	5.27
ERLIN1	-0.62
ERLIN2	-1.63
RABL2A	-0.49
EFNA5	0.08
EFNA4	-0.54
EFNA1	0.46
	-1.13
FXN	-1.04
YEATS4	1.09
PITRM1	0.43
TCF25	0.27
TCF20	0.16
FAM50A	0.75
	0.08
	2.3
	1.17
RERE	0.47
LPGAT1	2.44
ASS1	-0.05
PHACTR4	3.67
PI4KB	0.01
PI4KA	-0.03
TUSC3	-0.9
CRYZL1	0.31
HSPG2	2.52
HSF1	2.91
GRIPAP1	1.26
PACRGL	-0.03
ALDH18A1	-1.76
NUGGC	2.21
NOL12	-0.78
LGALS3BP	0.04
ELMOD2	-0.96
	0.48
	-2.1
CREBBP	1.24
TMA16	-1.85
PRUNE2	0.3
	-0.25
LZTFL1	-1.81
SZT2	2.44
SMN1	0.28
TPM3	-0.56
	-2.22
RFXAP	-0.16
SNAPIN	1.19
LPIN2	-0.27
PMPCB	0.14
TMOD3	-1.83
KIAA1524	-0.91
DHCR7	0.53
EI24	-0.94
LAMB1	0.01
LAMB2	-0.55
SSB	-0.74
ERBB2	-0.93
	-2.22
INTS10	1.24
TAF6L	0.11
	0.49
CRELD2	-1.9
ADAR	0.04
CAT	-1.58
LY75	-0.86
EXOSC8	0.69
EXOSC9	-1.73
TRMT112	-1.78
EXOSC2	-0.09
EXOSC3	-1.26
EXOSC1	0.22
EXOSC6	-0.13
SIGMAR1	-2.77
EXOSC4	-2.05
CAD	-1.18
SEMA3A	-0.26
SEMA3C	0.19
SEMA3B	0.19
SEMA3F	1.23
	0.48
	-1.17
	0.67
ANO10	-1.52
	2.67
ARPC1B	0.62
TCAIM	-0.19
RALBP1	0.69
RSRC1	-0.72
	1.21
SYAP1	-1.62
PIAS2	1.78
PIAS3	-0.14
	-0.94
PIAS1	1.54
NEXN	1.9
PIAS4	-0.46
SPICE1	-0.03
TMEM87B	-0.38
	0.81
IRF2BP2	-0.15
	-1.24
HIPK2	-0.65
ITGB3BP	-0.45
	1.53
TK1	-1.22
MEX3C	2.82
MEX3A	2.04
MRRF	-1.12
GHR	-0.19
PPP4C	0.17
COMMD8	-1.17
COMMD9	-1.35
PPP1CB	2.69
	0.07
PPP1CA	-0.49
COMMD2	-1.43
	-0.55
COMMD1	1.31
	2.51
COMMD7	-1.77
COMMD4	-2.55
CNBP	-1.78
TKT	-0.74
NLN	-1.43
ELAC2	-2.84
HAUS6	-0.35
HAUS7	-1.58
HAUS4	-2.05
HAUS5	-1.36
HAUS2	-0.48
HAUS3	-0.57
APOOL	-0.25
HAUS1	-0.61
	-0.78
LSM8	0.19
SPON2	0.89
	0.48
	-0.51
	0.16
LATS2	3.42
CYP4V2	-0.48
RPP25L	-0.03
	-0.87
ELMO2	0.88
LSM5	-0.12
EMC3	-2.69
EMC2	0.31
EMC1	-0.59
ELMO3	2.04
EMC7	0.78
EEF1D	-1.07
FSCN1	-1.04
EMC4	-0.53
DPAGT1	-0.29
	2.5
LSM3	-1.17
DEDD2	0.76
INPPL1	0.75
MAGT1	-3.43
FKRP	0.87
	-0.87
SESTD1	-0.72
	0.11
CCDC109B	-0.66
ATG10	1.29
ATG12	-1.97
ATG13	-0.29
ATG14	1.63
CSE1L	-1.7
DAPK3	-0.49
NADK	-0.08
	-0.66
UGDH	-1.06
NKRF	0.76
	-1.83
RABGGTA	-1.73
	0.67
LRP1	1.46
GLS2	2.04
PGP	-0.86
AP4E1	-1.17
TIMM10B	1.46
EIF4A1	-0.8
EIF4A3	-0.8
REPIN1	0.38
PHYKPL	0.2
POR	1.05
CASC3	-0.27
PPOX	1.25
HNRNPH1	-0.1
LUZP1	-0.06
HNRNPH3	-2.2
HNRNPH2	-3.01
LASP1	0.18
TAOK1	0.82
TAOK2	0.33
	0.11
AXIN1	1.8
CYP4F12	1.63
TNFRSF9	1.17
ZNF777	0.48
CPT1A	-0.62
RAB21	-2.31
GGCX	-3.37
RAB24	-0.97
MTMR10	-1.19
RAB28	3.67
MFN2	-0.14
TCP1	-2.05
STEAP1	0.82
STEAP3	-0.24
STEAP2	1.64
BZW1	-1.26
	-0.61
BZW2	-1.97
SEC23A	-1.32
SEC23B	1.75
WBP1L	2.7
LLPH	-1.61
SDCBP	-3.37
UPP1	1.73
HSPH1	-0.38
IMPDH1	-1.52
	-1.72
PELP1	-1.18
NPC2	-0.17
NPC1	0.88
WHAMM	-0.62
SERPINE1	-0.35
C16orf54	0.01
JADE1	-0.23
ENKD1	1.07
LRP8	0.16
	-1.03
HPRT1	-0.78
	0.22
	-0.27
ITPKB	0.11
NOC2L	-1.3
TIMELESS	0.4
ZMIZ2	0.6
ZMIZ1	2.06
API5	-2.99
ITIH2	1.49
EPHB4	0.92
MFSD11	0.56
MFSD10	0.1
CEP76	-1.71
MFSD12	-1.13
VMP1	-3.04
ACADS	-0.18
TNXB	1.16
NNMT	-1.34
ACADL	0.18
EEF1E1	0.8
TRIM11	1.66
NELFCD	0.47
SMAD4	3.16
	-1.53
JUN	-0.38
SMAD1	1.63
SMAD2	-1.34
ATP6AP2	-1.66
TBC1D9B	-1.26
JUP	-0.65
FOXM1	2.94
GDF15	3.63
ATP6V0B	0.02
ATP6V0C	-1.38
ARVCF	1.09
ACAD8	-3.03
ACAD9	-1.15
SLC48A1	-0.8
MPRIP	3.97
	-0.88
FBRSL1	0.8
COX8A	0.19
ARNTL	-1.31
CTPS1	-3.62
NUP62	0.88
RNPS1	-1.62
ELOVL6	-0.87
ELOVL5	-1.06
ELOVL1	-0.72
UBE2I	0.51
UBE2H	4.0
UBE2K	-1.42
UBE2M	0.62
UBE2O	-1.67
UBE2N	-0.99
UBE2A	-1.5
PLAUR	-0.49
UBE2C	1.9
UBE2B	1.17
UBE2F	0.34
UBE2Z	-1.33
FDX1L	0.22
PSTK	-0.29
	1.17
	-0.73
UBE2T	1.17
LIN7C	-3.17
ACADVL	-0.92
TOPBP1	2.68
TRAPPC6A	2.19
TUBA1C	-1.3
SLC31A1	-1.43
TUBA1A	-1.34
DCAF13	-0.39
CC2D2A	1.17
DCAF11	-1.28
SRBD1	1.04
DCAF15	-1.34
LRFN4	-1.34
SLC31A2	1.07
EXOSC10	-1.47
SBF1	1.57
FITM2	-2.25
BRD8	-1.35
BRD9	-0.85
	2.22
BRD7	2.53
BRD2	2.44
BRD3	0.67
ELOF1	-3.15
	-1.48
PPRC1	1.55
	-1.99
MCMBP	-2.12
SMDT1	0.14
	0.82
H3F3A	0.18
TTC21B	1.73
RSBN1	1.78
HSPE1	-0.74
JUNB	4.89
PHF20	0.49
PHF23	1.8
FAU	-0.93
FAH	-1.28
RND3	2.04
DIABLO	-0.53
COL3A1	-0.07
ULK3	1.63
OGDH	-0.42
ULK1	-1.38
ULK4	0.34
MPZL1	0.56
VEZF1	0.67
AARS2	-0.44
SLC26A11	-0.82
MAGED1	0.71
MAGED2	0.57
SHOX2	0.13
MAU2	0.4
FAM198B	0.7
FOXP4	-0.35
STAT5B	0.95
ZER1	-1.81
MTMR2	-0.86
PKNOX2	1.94
KIAA0391	2.8
RAB7A	-0.26
CD81	-1.03
CD82	-0.03
WDR55	1.04
CCS	0.07
TAF4B	0.34
RPRD1B	-1.6
PFDN1	-0.28
ZC3H8	1.18
PFDN2	-0.79
PFDN5	1.72
PFDN4	-1.43
PITHD1	1.76
	-0.78
DYNLT3	-2.69
ZC3H6	1.63
PIH1D2	2.95
C19orf53	-1.46
PIH1D1	-1.02
FETUB	0.75
EPS15L1	-0.93
PTS	-0.96
HMBS	-0.52
KDSR	-1.09
RWDD1	-1.56
GTSE1	-1.14
EPN1	-0.3
EPN3	1.18
	0.1
ECHS1	0.54
POLDIP3	-0.51
LATS1	-0.16
RANBP9	0.37
C11orf57	-0.28
TAGLN2	-0.41
RANBP1	-0.94
TBC1D10B	3.26
RANBP3	-0.7
	-1.62
PHAX	-0.77
IKBKB	1.23
	0.37
	-1.07
PPP6C	-0.79
IKBKG	-0.4
	0.96
ALDH1A1	2.95
	1.49
SAMHD1	-0.58
TXNDC15	1.09
TXNDC17	1.6
FAM118B	1.73
TXNDC11	-2.28
TEF	1.84
TXNDC12	-0.66
FHL2	-0.12
FHL3	1.27
NBN	1.91
	-1.91
TES	-1.52
DUS2	1.41
PSMD14	0.62
UAP1	-3.43
PSMD11	-2.02
PSMD10	-2.01
PSMD13	-0.27
PSMD12	-2.58
HIST1H4F	0.59
HIST2H4A	0.05
HIST2H4B	-1.17
TMEM14C	-0.12
HIST1H4J	0.68
TMEM14A	0.33
HIST1H4A	-1.55
HIST1H4H	-0.46
HIST1H4K	0.71
HIST4H4	0.8
HIST1H4I	-0.93
HIST1H4L	0.01
HIST1H4D	0.87
RND1	0.17
RSL1D1	-0.07
TMEM143	-0.66
JOSD2	-1.03
CSPP1	2.31
SSSCA1	-1.84
DECR2	0.34
MMS19	-1.36
HHAT	0.28
BMP1	1.99
RXRA	-0.16
RXRB	-0.53
TMEM147	-0.22
IKBKAP	-1.6
TMEM140	0.11
RFT1	-0.75
	0.01
