HIST1H4C	0.37
HSPA5	2.58
HIST1H4D	0.24
	0.16
HSPA9	2.365
HSPA8	1.215
	-0.465
	0.16
NELFE	0.025
MZT2A	-0.685
	-0.455
PDCD10	1.22
PDCD11	-0.085
	-1.28
SPECC1	0.36
	-0.5
UCHL1	1.46
	0.98
	-0.51
RNF114	-0.7
RPSA	-0.05
	-0.555
	2.46
	-0.295
	0.815
	0.655
ABCD3	2.77
	1.86
ZSWIM8	-0.055
	-1.37
DHX9	1.72
TCOF1	-0.85
NSRP1	-2.01
C2CD5	0.18
	0.17
XPC	0.025
SP1	1.08
XPA	-1.89
PPP2R2A	-0.29
	-1.36
	0.94
	-1.93
OPA1	-0.31
CEP83	-0.05
	-1.6
HNRNPDL	1.855
TRAPPC2	0.27
TRAPPC5	-0.86
MTMR10	-0.01
ACLY	1.86
NTHL1	-0.645
MTMR2	1.38
EIF2AK2	2.71
ATP2A2	0.655
PNISR	-2.09
	-1.53
NOP2	1.53
ITGA4	1.62
ITGA6	0.015
EIF2AK4	1.86
	0.84
DENND4A	1.08
	-3.1
	0.98
	-0.5
XPO1	-0.6
ARHGAP11A	-1.46
ZNF451	0.84
	-0.515
XPO5	0.72
CSDE1	-0.3
BACH1	0.16
	0.28
TTK	3.06
PAM16	0.285
TTN	1.65
PSMG2	-1.495
	-0.41
	-0.5
	0.53
	1.505
LIN28B	0.315
ZNF408	-2.14
GART	0.45
ANAPC5	1.94
GARS	0.395
SNRPB2	-0.845
	-2.47
ATAD5	0.495
PSMD14	-0.76
ATAD1	-0.815
IBTK	0.06
TOP1	0.36
PSMD12	1.22
UTP20	-2.23
SERBP1	-1.795
RPF2	-1.355
	0.11
ZNF292	-0.74
C12orf29	-1.31
NUP133	-0.445
LIN37	0.665
NDUFAF5	0.18
NDUFAF6	0.18
MTIF3	-0.225
MTIF2	-0.47
NDUFAF2	-1.14
HMGXB4	-0.035
	-0.8
IGF2R	0.27
	-3.855
EXOSC10	-4.8
	-0.15
	-1.295
	-1.21
	1.32
SKIV2L	-1.595
	-0.85
	0.18
AP3D1	0.825
	-3.19
ERICH1	-0.425
	0.08
	0.655
	-0.465
	-0.715
	-0.075
	0.36
	0.505
TCEA1	-0.335
COX4I1	-1.1
NOL8	0.285
ZC3H18	1.65
SAR1A	-1.495
NOL7	0.975
SRPK1	1.03
	9.98
SRPK2	-0.125
	1.51
	-1.34
RLF	-0.41
CCDC112	-0.765
	4.005
LKAAEAR1	-1.37
	0.36
ATP1A1	-1.28
	1.22
	-1.365
	0.75
CDC40	-0.36
	-0.26
AGGF1	1.225
	-1.33
MDH1	-1.47
HMGB2	1.065
	0.21
RAB2A	1.385
SRBD1	-0.51
CHAF1A	0.825
	0.36
ZNF780B	-1.28
	-0.19
NFX1	1.65
WDR45B	-1.26
IFT81	1.825
EEA1	1.1
RBBP4	-2.45
BRIX1	1.4
KIF4A	-0.855
	-0.68
CDCA2	0.145
	0.495
	-0.51
PPP2R2D	-1.37
	-1.31
CDCA8	-1.99
PIN4	2.88
HEXDC	0.25
ERMARD	0.705
	0.03
MCM10	-0.785
	-0.51
	1.005
CD46	0.84
RSF1	0.06
	-1.17
	-4.35
	-0.47
SNW1	0.34
TBL1X	-0.76
	1.62
	-0.41
CALR	1.005
CALU	2.51
	0.66
	-1.82
	1.1
CREBBP	0.34
ACTR1A	1.82
PNN	0.175
SPG11	1.14
WDR75	-1.18
WDR74	-1.385
	-1.32
WDR76	-0.76
	-1.28
AAAS	0.855
AMHR2	0.34
SYTL1	-0.53
	1.65
NAP1L4	-1.18
MRPL32	0.84
PRPF8	-1.01
	-2.47
FAU	0.04
TMEM126A	1.86
MAPKAP1	2.45
PIK3C3	1.86
	1.055
	-1.1
	0.98
	-0.24
SLC16A10	0.18
	0.46
	0.84
MRPL30	-0.04
ARL14EP	-1.71
SCYL2	-1.89
	0.46
ARRDC4	1.85
	0.18
	0.19
TBL3	-1.39
THOC2	1.02
THOC1	-0.74
THOC7	0.75
	0.36
	-0.305
RHBDL1	0.365
	1.795
	-1.37
	-2.65
APC	-0.48
ABCE1	-1.165
PAK2	-0.14
	0.155
NUP88	2.04
	0.965
MAZ	0.805
MSL1	2.04
ZNHIT2	-1.89
ERI2	1.65
	0.24
SYAP1	0.19
	0.65
MED1	1.54
PINK1	-0.66
ZNF598	2.04
	0.18
	-2.28
PARPBP	-0.36
	-0.465
ZNF608	0.575
POP1	1.86
TKT	-0.25
	0.925
	-0.675
	0.1
	-0.655
	0.61
HIF1A	-0.85
	-0.31
	-0.51
SET	0.74
BOP1	-1.265
	-2.37
ARGLU1	-0.46
CKLF	0.925
	-0.76
	-1.89
LARS	-0.395
	-0.055
ZSWIM6	0.77
	-2.01
	0.31
	-0.51
DHX40	-0.85
	-0.35
	0.16
NUBP1	-0.41
CTCF	1.08
RSL24D1	-0.51
NUDCD1	0.36
RPL17-C18orf32	0.325
KDM3A	0.36
	-0.585
COX16	0.705
SSB	1.02
MDN1	-1.365
APIP	-0.85
ZNF330	0.36
ANKRD13A	-0.5
TEX15	-1.34
RPLP2	-0.925
	0.525
RPLP0	-0.68
OXSM	0.275
	-1.315
PRKAR2B	0.355
PPA2	-0.64
PPA1	1.84
EPCAM	-0.31
	0.98
MCTP1	0.46
	1.11
BET1	0.395
ECD	1.1
	-1.18
	-0.41
PRPF40A	-0.935
ETF1	0.56
NDFIP1	-0.41
TRIO	0.72
ETFB	-0.475
NUP107	0.18
SMNDC1	1.28
PDS5A	0.455
	0.185
	3.04
	1.46
	0.31
BBX	2.56
	-0.035
PDS5B	0.72
PKIB	-1.33
PPP1CC	-0.605
	0.75
	1.26
	-1.185
SUGP2	-0.79
	-5.13
	1.14
	0.31
	-3.17
	-0.19
PPAT	1.65
	-0.41
	0.525
GKAP1	0.335
	-1.355
	-0.965
ITM2B	1.46
XAB2	0.45
	0.05
	-0.03
DCXR	0.33
	1.14
PRDX4	0.535
PRDX1	0.79
	-0.21
	0.73
ZMAT2	0.86
	1.08
BAZ2A	-0.41
RABL6	0.86
	-0.065
SMARCA4	-2.025
	-1.615
	0.98
ZNF7	-0.51
	-1.37
	1.765
	-3.655
	-0.51
CCT6A	1.83
	-0.85
CFDP1	2.18
CDC5L	-0.51
RAC1	0.875
SBDS	0.18
VCL	-1.89
OLA1	-1.52
BAZ1B	-3.17
CYTH1	-0.41
	-0.275
PAPOLA	-1.2
	1.155
ENO1	1.32
SLC16A1	-1.09
	-1.46
	1.08
	-0.17
DCAF6	-0.84
DCAF5	-0.51
	0.79
	-1.315
DCAF8	1.22
TIMM44	1.575
	0.7
	-3.69
ZFR	-0.99
SPAG9	0.23
	-0.735
	-0.765
HECTD1	-0.195
	0.77
	-0.74
	-1.43
UQCRB	-0.685
UBTF	-0.74
TOPORS	2.77
UXT	-0.88
	1.155
	1.9
ACSM3	-0.595
DNMT1	-0.65
SYCP3	-0.51
CYP51A1	0.27
TUT1	-0.565
GLO1	1.51
CUL7	-1.18
CUL1	-1.46
	-0.84
WSB2	-0.47
PNKP	-0.935
CLCN3	1.22
	-0.8
CREB5	0.925
TRIM27	2.77
	-2.405
	0.12
BRD8	-0.475
BRD9	0.71
	-0.725
	-0.625
BRD7	1.505
BRD2	1.04
BRD3	-0.67
	-0.5
	-0.29
PTPN11	0.16
KIF5C	2.57
	0.27
ARCN1	-1.46
TTC17	0.57
	-0.815
	-2.005
TTC13	-0.575
DIS3L	1.51
TTC19	-3.17
MRPL24	-0.5
	-0.5
MRPL21	-2.14
MRPL20	0.59
PNRC2	0.84
MRPL22	-2.54
GAPDH	0.56
	-0.705
	-0.445
ARHGAP5	0.95
SLU7	-0.85
ACADM	-0.915
SUCO	0.16
	0.055
SRSF4	-0.12
SRSF7	-2.56
SRSF6	0.16
NOL10	0.36
CHD1L	-1.43
ABCF1	2.2
	-2.49
USP40	-0.41
USP42	1.32
DNAJB12	1.055
	-0.51
SIRT7	-0.41
	-0.08
PJA2	1.85
ZNF226	2.19
	-0.93
CISD2	-1.37
CISD1	0.46
CLNS1A	0.72
	1.65
	0.565
HSPA4L	0.095
CDK11A	-0.295
	0.08
	-1.43
	-0.675
PAX6	-2.13
MRPL2	0.825
MRPL3	0.36
	-0.5
GCFC2	-1.71
	0.49
	-0.505
BTF3	0.95
	-0.805
ZNF618	2.04
	-0.31
	2.55
	-1.54
	0.215
	-0.36
BAG2	0.77
BAG6	2.71
YBEY	-0.5
RPS7	-0.15
RPS6	0.22
RPS5	-0.63
RPS3	-1.065
RPS2	0.3
	0.365
RPL36AL	0.605
	-0.385
RPS9	-0.865
	1.225
	-2.76
CTPS1	-0.72
PGBD1	1.08
ZNF385B	1.53
	-1.87
	0.22
PSMA2	-0.41
AKAP8L	1.305
PSMA1	1.23
PSMA6	0.305
TMEM205	0.575
PSMA4	-0.39
	0.72
SLC39A7	-0.41
NEMF	0.5
USP3	0.14
COL4A3BP	0.84
FBXO42	-1.89
EVI5	-1.28
	1.86
MSH6	0.26
PSIP1	0.045
LGALS1	-0.51
USP7	2.055
SFRP1	-0.51
AKIRIN2	-2.13
	0.815
G2E3	-1.28
EIF2AK1	0.1
	-0.555
TDG	-1.82
	0.99
AGPAT5	0.34
AGPAT3	-1.46
FAM136A	-1.82
TMPO	-0.19
MCM3AP	0.465
VARS	-1.745
MRPS10	-2.14
	0.625
FMR1	-1.04
FNDC3A	-0.305
ATAD2	0.805
AP3B1	-2.01
	1.85
	0.71
NAP1L1	-0.955
RPL27	-0.89
RPL26	-0.875
RPL21	0.365
	1.65
RPL23	-0.485
RPL22	-0.58
	-0.04
LPCAT2	1.08
FAM192A	0.18
	-0.335
	0.98
	0.8
	-0.285
	-0.51
	1.09
	0.36
	-1.18
WRAP53	1.32
CEBPG	1.38
	1.245
KIAA1143	-0.76
TAX1BP1	-1.645
ANKLE2	-0.51
	0.98
	0.27
ZNF358	-0.84
	0.505
CCDC174	0.095
	-2.405
	-0.05
	0.545
	1.71
VEZT	0.41
WBP4	1.18
	-1.21
	-1.18
	1.645
ZFAND6	0.405
ZFAND5	-0.51
	0.885
	-0.79
SMAP1	-1.03
SLC39A10	-0.155
RBPJ	-0.555
EIF1AX	-0.78
	0.38
HSP90AB1	1.49
ARHGAP21	-1.05
	0.735
SAP18	-2.04
PTP4A2	1.65
URI1	1.28
	0.34
NOXA1	1.11
SOCS4	2.45
MRPS5	0.06
SEPT2	1.22
NKRF	1.15
MED19	1.08
UBR2	0.36
UBR1	-0.51
NANS	1.325
UBR5	-1.77
UBR4	-0.765
	0.215
	-1.31
WDR54	-2.225
TMA16	2.43
	1.65
EIF4G3	1.58
EIF4G2	0.29
EIF4G1	1.48
C1orf35	0.34
ACSL4	0.84
TERF2	0.84
	0.345
	-2.1
	-1.5
EEF1G	-0.015
AMD1	0.94
EEF1D	0.155
CCNK	1.235
RPL8	-0.555
RPL9	0.665
RPL6	-0.6
PCM1	2.24
RPL4	-1.245
RPL5	0.125
	6.39
	1.65
	-1.28
MLEC	-0.41
	0.71
LUC7L	-0.41
	0.425
	2.81
CHD1	2.27
CHD3	-0.14
JMY	0.99
CHD4	-0.07
CHD7	-0.125
CHD6	-1.265
CHD9	2.41
CHD8	-0.585
NPC2	2.77
TERF1	-0.185
	0.065
	-0.105
RBMX2	0.13
	0.0
	0.845
PSME4	0.69
	1.46
RAB3GAP2	2.45
	-0.48
TTC3	0.935
	4.0
	-1.75
ARPC2	0.43
RHOQ	0.485
	-0.51
ANKRD26	2.735
DYNC1LI1	0.395
CKAP5	0.6
ITPR2	2.645
EFHC1	-1.89
LSM3	-0.41
TPRKB	-0.07
PBK	-1.37
	-1.37
MPG	0.14
	-0.76
	-2.47
USP53	-0.41
GTF3A	2.43
KLHL42	2.19
SLC25A3	3.76
SPC25	0.965
POLRMT	-0.85
AIFM1	2.48
IL17RC	2.09
MCPH1	-2.01
KDM1A	0.84
CIR1	1.32
VBP1	-1.47
LAP3	-0.185
	-0.45
	-1.28
CKS1B	-0.285
	-0.42
	-0.465
	-0.41
TGFBR3L	-0.31
PAXBP1	0.14
NCOR1	0.255
SCAPER	-0.76
DNAJC9	0.86
BTG3	-1.99
	-2.525
TRIM33	1.18
GPN3	-0.51
NBN	0.34
RPL7	0.855
TES	-0.17
	-0.905
ATE1	1.62
HELLS	0.84
ASH1L	-0.045
	-1.205
FAM49B	0.77
NSA2	-0.305
TRIM37	0.75
	-0.825
RPL3	0.79
USO1	-1.03
ZNF518A	1.815
ADK	-1.75
ADH5	-1.085
	0.255
	-2.83
TACC3	-1.46
	-3.66
	1.08
DEK	0.635
	-0.125
PSMB9	-0.51
PSMB6	0.54
KIF20B	-2.115
MKI67	-1.44
	-1.84
	0.75
ZNF318	0.02
	-1.225
	-1.46
	0.18
RPL3L	0.27
ANKHD1	0.75
RMI1	0.46
HSPBP1	-2.76
	0.71
BCL2L13	0.98
ESCO2	-0.76
HADHA	-0.4
MLH3	-0.12
LTN1	0.17
	-2.65
FAM71E1	-0.705
GOLGB1	0.255
ZCCHC7	-1.47
VPS13A	2.18
SH3KBP1	1.85
VPS13C	1.535
	1.04
	-0.41
ISYNA1	1.1
SCAF11	-0.4
GTF2H3	-0.76
	0.98
HOOK1	-2.105
	-0.41
	0.46
TMEM160	0.495
ESD	-1.195
	-0.5
RTF1	-1.55
	-0.5
	1.46
	1.08
	0.36
	-0.85
DIS3	-0.6
	2.19
RPL38	0.145
RPL39	0.585
RPL36	-0.48
RPL37	-1.04
RPL34	-0.695
RPL35	-0.04
RPL32	-0.845
RPL30	-1.335
RPL31	-0.835
	1.08
TARBP1	-2.71
	0.11
DKC1	1.025
	-1.03
ATF4	0.075
ATF6	1.65
ATF1	0.77
SLC4A1AP	-1.37
ATF3	1.33
	-2.82
SMARCC2	0.59
	0.63
	0.06
ZCCHC17	-0.6
ZCCHC14	-0.05
TMCO1	2.56
	1.3
	-0.285
	-0.76
	-1.77
SF3B3	0.98
	-1.195
SMG7	-0.73
	-0.76
SMG1	1.86
ADD1	-0.85
	0.46
SMG8	-2.37
MIB2	-0.335
	-1.015
METTL18	-0.635
FAM114A2	1.65
	-0.465
NGRN	1.85
ZMYM2	0.18
SLC38A6	0.77
SLC38A1	-1.335
ZMYM4	0.075
SRFBP1	-1.37
	-1.06
	-1.845
OSBPL8	2.34
OSBPL9	2.04
	-1.1
OSBPL2	1.46
RSU1	-1.75
GBA2	1.46
	1.85
UBE4A	0.84
GTF2F1	1.03
GTF2F2	-0.56
CD3EAP	-0.39
	-0.6
	1.375
EIF2A	-1.19
	0.73
	2.18
	2.48
PSTK	1.025
YBX1	1.76
YBX3	0.755
ARHGAP19	-0.51
	-0.29
	-0.19
RRP1B	-1.175
	-0.56
HSP90B1	0.995
	-1.99
KRR1	0.965
	1.62
STIP1	0.77
	-0.285
PEG10	-1.46
RCN2	-0.51
WDR41	-0.67
	-0.5
WDR43	-1.63
RCN1	0.77
WDR46	-3.06
	0.46
RAB3GAP1	-1.89
CETN2	1.65
UACA	-0.785
	1.045
TBC1D23	-0.605
PCLO	3.155
H3F3A	0.05
	1.19
	-0.51
	-0.41
	-0.745
SENP7	1.38
SENP6	-1.52
	-0.12
SENP2	-0.11
DSP	3.285
	-0.74
	-0.51
GLMN	-0.88
DSE	-1.75
DCDC2	1.62
PDAP1	-0.1
GSTO1	-0.12
DNAJC8	0.305
CSNK1A1	1.125
	-0.5
CAMSAP2	-2.49
DNAJC7	0.66
MAGOHB	1.35
DNAJC1	-0.44
DNAJC2	0.135
TTC32	1.86
TTC37	1.655
HS3ST3B1	-0.5
	-0.41
	-2.47
	-0.65
	-0.76
	-0.96
RRP15	-0.89
	2.27
ACP6	0.17
	0.31
	1.55
RALBP1	-1.34
	-0.205
GLA	-0.5
POLR2B	0.635
	1.04
RAP1B	1.86
PRKDC	1.505
	-0.475
	-0.875
HSPA4	0.025
	0.255
NCOA4	0.565
POLR2I	-0.965
	0.19
ACAT1	-0.955
	-0.225
EEF1A1	1.93
	0.84
	-1.18
KIF21A	0.095
RIF1	-1.035
	-0.41
	-0.5
	-0.76
TPGS2	1.68
	0.03
	-0.325
CAPZA2	-0.82
ZNF638	-1.605
	-0.51
	1.17
SLC7A6	-0.41
GEMIN6	0.84
TBCA	0.415
	0.625
PBRM1	1.16
CDK5RAP2	0.955
SARS	-1.59
	0.595
	2.37
ITCH	1.485
	2.35
	0.84
	-1.37
ZMYND8	-0.85
EIF2S2	0.3
DDX17	1.52
TOB1	2.18
DDX10	-0.66
TOB2	-0.7
CDK12	-0.815
CDK13	1.62
DDX18	0.585
	0.49
	-0.5
	0.54
	0.28
	0.33
PSMC4	1.46
PSMC5	-1.53
N4BP2	0.965
HEATR6	-0.51
HEATR1	-0.27
	-1.145
	0.03
SLC24A5	1.155
KIF18A	0.16
	-0.985
	0.71
FAM216A	-3.07
SFSWAP	0.97
	-1.36
TRIP11	0.66
TRIP12	1.345
TRIP13	-0.165
CPVL	0.71
RPL14	0.755
	-0.14
	0.51
	-0.41
	0.015
ZNF546	-0.31
NCL	1.78
	0.45
PET100	1.44
RPL10	-0.085
FUCA2	2.915
SYCP2L	-0.51
ATP13A2	-1.035
	-0.05
GRPEL1	0.94
OSBPL1A	0.535
MARCH7	-0.525
	1.165
	1.13
	-0.41
	0.25
	-0.5
UBXN11	-3.43
	-1.65
GNL2	-1.695
DNTTIP2	-0.06
EIF3K	-1.12
EIF3M	-0.26
	0.37
	0.22
EIF3B	0.265
EIF3C	0.445
EIF3D	-1.18
EIF3E	-0.96
DOCK7	-1.43
RARS	-0.255
	-0.7
	0.46
	0.36
	-0.3
NOL11	1.385
	-0.19
	1.895
CCNL1	2.71
CCNL2	0.065
	-0.41
	-0.51
BAZ1A	-0.185
CCDC153	-1.71
CCDC150	-0.41
	0.18
EDEM3	1.62
NMT1	-0.615
YIF1A	-0.105
	-2.485
	-0.21
	1.08
MTCH2	-0.5
PTGES3	0.175
ECHS1	1.53
UBA52	-1.59
	-0.385
ME1	2.135
	-0.29
	0.115
RPL37A	0.015
	-0.5
	-1.67
	-0.795
EXOSC8	0.61
EXOSC9	1.64
CEP104	-1.385
CCAR1	-0.275
MTDH	1.225
EXOSC4	-0.445
	0.18
	-0.07
	-0.755
EXO1	-0.12
	-0.69
	0.98
	1.08
	-1.16
FARP1	-0.93
	-1.5
	-1.09
NCAPG	2.7
	0.83
	-0.555
	0.84
	1.32
MRPS35	-1.37
DEPDC1	1.59
	-0.51
	-1.42
ALKBH2	-0.78
	-0.85
RALA	0.75
	-0.99
	1.94
C8orf59	-1.85
TMEM126B	1.62
TBC1D4	1.53
	-0.77
ATM	0.08
	-2.23
BZW1	-3.19
STXBP3	1.62
STXBP2	-1.42
	0.57
	-0.89
SMPD2	-1.115
BRIP1	-0.5
	1.67
	-0.36
INF2	3.225
	0.25
SKP2	-0.41
	-1.405
	0.355
H1FX	-1.065
	-1.48
DNAJB6	0.27
NRP1	-1.89
	1.12
HYPK	0.075
HNRNPAB	-1.71
	-1.41
FANCI	1.89
DMXL2	0.98
	0.49
	-0.585
HNRNPA0	0.16
PHIP	-1.615
U2SURP	-0.2
MRPS18C	-0.76
	-1.325
ENO4	0.36
CLU	0.16
	-0.7
SYCP2	2.48
TAOK1	0.84
	-0.26
	0.01
	-0.31
CHAMP1	-0.14
LRRFIP1	0.72
SLC22A18	-1.47
	0.285
QRFPR	-1.285
	-0.05
	-0.51
	-0.31
	-0.43
CDK1	-1.47
SH3RF1	-0.51
	1.11
	-2.14
	-2.14
	0.71
	-0.5
CEP57	0.0
MSH2	-0.7
MSH3	0.49
SF3B1	0.945
SERGEF	0.88
SF3B2	1.295
ITGB3BP	0.07
	1.42
	0.27
	0.32
WLS	-0.5
ACBD3	1.9
NSMCE4A	0.72
	-0.76
	0.98
	-1.99
HSPD1	2.56
	1.37
DNAJC10	-0.14
ARHGDIA	0.87
EPRS	0.295
DNAJC19	-1.18
SUMF2	-1.37
SLC25A16	-0.51
SUPT16H	1.475
LMAN1	0.6
	-1.765
AGTPBP1	0.505
	-0.42
	0.275
DDX21	-1.575
DDX27	-1.61
	0.74
DDX24	0.3
	-0.55
EDRF1	-1.99
	-3.1
	1.32
TWISTNB	0.4
	0.66
	0.415
ADD3	-1.62
ACTG1	1.62
	-0.25
FKBP11	-0.225
	-0.5
	-0.51
TRIM13	-1.28
PPP4R2	0.77
ATF7IP	1.08
	0.18
	-0.41
PPIL4	-0.28
GGPS1	0.23
CWC27	0.625
CWC25	0.36
MNAT1	1.1
PRPF39	-0.31
OCIAD1	0.555
	0.175
BCLAF1	1.765
PLA2G7	1.65
PET117	-1.18
	-2.725
NUP214	-1.375
ZNF579	-0.805
	0.56
LUC7L3	-1.31
IARS	-1.02
	1.62
ERLEC1	-1.32
	-0.255
SH3GLB1	0.275
KIAA1551	-0.095
PPP1R37	5.47
RPL15	-0.945
PPP1R35	-0.34
RPL17	-0.64
	-0.4
RPL11	-0.985
RPL12	0.205
RPL13	-0.725
TMEM102	0.84
GPATCH4	2.28
SETD2	0.12
SETD5	0.05
RPL19	-0.815
GPATCH1	1.55
	-0.895
GHITM	-0.665
TRPM7	0.18
DZIP3	0.31
DZIP1	0.275
	-1.28
	-0.31
RAI14	-1.39
SPEN	0.135
	-0.85
	-2.39
	-1.37
	-1.18
	-0.85
	-0.85
	3.09
	1.32
EPB41	-1.37
MATR3	-0.59
STIL	1.08
CDC16	1.455
	-0.41
ARHGEF28	0.46
	-0.11
	-0.85
SUB1	0.69
	-1.46
PNPLA8	0.31
	1.09
	-0.785
	-0.175
MAP1B	-1.78
	-1.71
PHKA2	1.62
	1.67
ATG12	1.05
	-2.34
UBA2	1.38
	1.55
PWP1	-0.045
	0.71
PHF20	0.71
	-0.48
NAA16	1.14
HERC1	-1.37
UBE2K	0.46
NAA15	-0.76
NAA10	2.135
GNAS	-1.37
	0.43
PSMB3	1.585
UBE2B	1.62
SFPQ	0.255
	0.07
	4.27
	-1.33
	0.145
HERC2	3.09
	0.3
HLTF	-0.49
AMOT	0.175
UBE2T	0.84
	1.355
OXNAD1	-2.37
RPL18A	-0.115
RPS15A	-0.625
UPF2	-0.455
	0.36
TMA7	2.4
	-0.345
PHTF1	-0.51
	0.98
RBM8A	1.185
	0.005
	0.77
BCAP29	0.355
MASTL	-1.14
CAST	1.865
	-0.5
RABEP1	-0.7
DUS3L	0.145
RPS19	-0.99
MORF4L1	-0.785
COCH	1.655
NDUFA6	-1.575
EPB41L2	0.27
NDUFA3	1.43
THRAP3	-1.09
WAC	-0.195
	-0.41
	-2.86
MAST2	-0.01
FLT3LG	-1.37
VPS4A	0.36
	-0.975
CDH2	0.435
	0.75
EFTUD2	0.36
	0.92
PALLD	-0.3
PPP1R15B	-0.76
	-1.605
	-0.41
	0.575
SAT1	0.27
	-0.76
	0.94
RRM1	-1.64
	0.93
BIRC5	-0.26
	-0.51
TTF2	1.22
EIF5	-0.335
	0.41
ATP11C	1.365
	-1.105
LTA4H	0.44
ANKRD17	1.59
RB1CC1	-0.535
SAFB2	1.22
ANKRD12	1.83
SPTBN1	0.925
ANKRD11	-0.455
	-0.53
	0.415
	0.49
GDF1	1.14
	-0.645
CBR3	-1.22
	0.715
	0.48
STK33	-1.47
	0.385
ZBTB7A	-1.585
ANXA7	0.16
CEP63	-0.74
	-0.41
IK	0.07
MCM4	-0.075
MCM3	0.55
	1.62
POLR3A	-1.47
	0.115
NOC3L	-0.305
ADNP2	-2.49
RPA3	1.51
RPA2	-1.535
REC8	0.36
SECISBP2	0.36
NDUFS6	0.95
NDUFS8	0.07
	-0.44
	0.065
ILF3	0.05
ILF2	0.71
	-1.83
	-0.975
	-0.895
ZFYVE9	-1.71
CHMP2A	-2.03
KIFAP3	-0.26
	-1.6
NHLRC3	-1.37
TPX2	1.275
	0.77
BCS1L	1.055
WWC2	0.325
CXorf57	-1.99
DSC2	-1.28
DDX31	0.18
NDUFB10	-0.445
TSACC	0.18
GOT2	0.92
	-0.41
	-1.23
BRICD5	-0.51
DDX3X	1.65
SOD1	-0.185
TMF1	1.62
	-0.545
SAFB	-0.41
	-0.31
VPS13D	2.04
PMS1	-1.0
HNRNPLL	-0.27
CWC15	-1.685
	-1.28
	0.49
ROBO1	1.14
	0.83
H2AFY	-0.64
	-0.51
DDX5	-0.005
CTR9	-0.6
DDX1	-0.1
RNF8	1.22
ZNF567	-0.7
FBXO21	0.36
NDC80	-0.395
NUP205	-0.74
	0.07
ZFHX3	-0.5
NCAPG2	0.46
STMN1	0.245
	0.46
NFKBIB	0.765
	0.41
	0.23
EP400	1.38
TOMM20	-0.8
CLTC	1.07
	0.18
ARID4B	-0.96
	-2.82
	0.98
	1.42
ARNTL2	-1.28
	-0.26
PLEKHA5	0.98
HAUS6	-1.105
	0.15
UBE3A	-1.32
	-0.41
	-0.51
	0.84
PCOLCE	1.355
	0.72
	1.83
TOP2B	0.6
TOP2A	0.7
EHMT1	-0.51
NACA	0.96
	-4.665
SDAD1	0.16
	0.46
FAF1	0.36
SLC26A2	2.77
RECQL	0.745
MIA3	0.31
	1.23
SART3	0.84
ADIPOR2	-0.41
SART1	-1.97
KIAA1109	-1.47
CMSS1	0.31
SSSCA1	2.79
	-1.32
CDC27	0.955
RNF145	-0.85
TAF11	0.98
CEP162	-0.51
CDC20	1.4
NUP153	-2.23
ECI2	0.085
ECI1	-1.99
TOX4	2.51
ELOVL2	0.46
IPO8	-0.17
RNPC3	-1.28
IPO7	2.42
IPO5	1.02
ACTR3	1.65
MALSU1	0.76
	0.0
PDZD8	0.44
	0.96
	1.08
SMCHD1	1.105
RECQL4	-1.89
	-1.99
	-0.31
RPL35A	-0.625
CARS2	0.79
	1.68
	-0.36
	0.48
	-0.51
ADNP	1.86
	0.13
NAA25	0.535
POLDIP2	-1.37
	0.885
MAPK6	1.47
PPP1R12A	1.025
	0.8
NIFK	-1.245
	0.46
RBL2	-1.055
PCDH9	-0.21
	-0.485
	0.88
PITPNB	-1.71
	-2.635
NUP85	-0.85
FERMT2	0.185
	-0.84
BCOR	-1.285
	-0.41
CRNKL1	2.56
SIL1	0.98
	0.94
VPS35	0.665
	1.08
	0.99
	-1.295
	1.46
	0.385
GLB1	0.18
MORF4L2	0.27
	0.98
	1.65
	1.09
CSE1L	-0.87
GPATCH8	2.78
	-1.33
FBL	-1.6
BIRC6	-0.44
	-0.87
	-4.905
	-0.26
ACSL3	-0.385
	0.51
	-0.6
DHX30	0.095
NDUFA5	-0.5
	-0.825
	0.435
	-1.99
	0.86
CPNE8	0.84
	-0.065
	0.245
CPNE3	-0.51
	0.36
CPNE1	-0.265
	0.08
HS3ST3A1	-0.76
	-0.05
C5orf24	0.395
PXK	-0.05
	-0.615
ZZZ3	-1.47
CCDC88A	-3.07
	-1.18
	-1.48
UFL1	-1.77
ESF1	-0.93
RAD21	-2.36
	0.51
	-1.28
USP13	0.77
USP10	-0.36
USP11	-0.23
USP16	0.795
	-3.95
	-0.355
USP15	-0.51
SSBP1	1.65
SNRPF	0.34
NEK3	1.38
SBNO1	0.64
USPL1	0.98
NEK1	0.71
PLEKHM2	1.19
DXO	-0.625
UPF3B	0.78
UPF3A	-0.6
	1.46
	-2.58
ADAR	0.84
SCFD1	0.8
	1.14
	0.13
IQCB1	0.36
ZCCHC11	-2.46
	0.65
	0.9
UBAC1	-0.38
	-1.015
	0.46
HBQ1	0.075
RPF1	1.325
	1.86
BTAF1	0.005
RPL18	1.475
MRPL55	-0.11
MRPL52	0.37
	2.1
	0.27
CDC42BPA	0.25
LARP1	1.11
POLG2	-0.345
LARP4	1.59
	0.21
LARP7	0.47
	-0.74
FXR1	-0.77
	0.98
DHX29	-0.705
LRP6	-0.14
	-1.025
STRBP	-0.635
	-1.77
FDFT1	0.455
EDIL3	1.09
DDX42	1.5
	0.26
DDX47	-0.5
DDX46	-0.075
PTEN	0.36
GADD45GIP1	0.805
	2.415
KLC3	-0.31
	-1.75
LGR5	0.98
NUDT8	-2.385
SEC23IP	0.95
	0.46
LSM14A	-0.51
	-0.74
UBE2D2	-2.06
	0.81
UBE2D1	-0.265
MFSD3	0.785
MYO18A	0.36
	-0.14
	-0.31
TPT1	-0.045
DAP3	1.35
RPL7A	-0.18
	-0.41
	0.36
TADA2A	-0.28
	0.23
NR2C2AP	0.26
SNX17	-0.41
	-1.37
PAICS	1.1
	-1.28
NF1	-0.865
	-2.01
TRPT1	-0.05
	-1.045
PUS7L	-0.7
	0.36
STX17	-0.74
TSPYL2	0.77
	-1.39
FAM133B	-0.01
CCDC59	-2.485
	-0.5
NCAPD2	-0.32
ZC2HC1A	1.62
BLM	0.49
PPP1R10	-1.75
VEGFA	-0.05
NUFIP1	0.72
	0.17
	-0.165
	0.03
MTHFD1L	-0.53
	-0.5
EMC9	-0.82
	-1.205
USE1	-0.54
	0.46
ATXN2	0.84
MYH10	1.31
KIF23	0.49
PELP1	-1.1
	0.985
MBOAT2	-1.99
SERHL2	-2.37
	-0.35
AKAP12	-0.04
AKAP13	1.38
AKAP11	0.985
	-3.515
	-1.1
NEDD1	1.62
SMC3	0.31
SMC2	-0.74
SMC5	0.625
SMC4	0.95
SMC6	-0.42
	1.655
PTTG1	-1.23
BRWD1	-0.255
CTNNAL1	-1.47
	0.515
GJA1	-0.41
JARID2	-3.46
	-0.78
	0.98
	0.295
HEBP2	-1.72
	-1.34
RIOK1	0.635
NAA38	-0.825
APBA3	0.94
LTV1	-1.46
	0.84
NAA35	-0.525
	-0.14
	1.65
	-1.585
PPP5C	-1.37
	1.51
	-1.585
	0.95
RBM6	0.84
TAOK3	0.61
	-1.855
MORC4	1.815
	-0.41
	-0.685
	-1.22
ANKRD16	0.46
AP1S2	0.885
	-0.21
	-1.47
SMARCC1	1.23
CAMLG	1.575
KAZN	1.62
	-0.21
VPS29	-1.43
AARSD1	1.23
IMPDH2	1.755
	0.295
	-1.31
	-1.955
PGP	0.05
	2.46
	0.415
	-3.135
	-2.86
PDCD2L	-2.26
	-1.31
KDM3B	0.36
ZNF512B	0.125
	-0.395
	-0.31
	-1.455
E2F7	1.86
EXOC1	-1.99
EXOC6	1.2
OGT	-0.5
	-0.665
	-3.135
ACBD6	-0.7
	-1.37
	0.59
	0.165
EEF2	-1.39
	-1.77
	-0.76
BRI3BP	0.31
	0.005
	0.31
RAD18	-0.17
	0.18
	-0.76
TMEM131	0.36
	-0.385
	-1.915
ADAMTS1	-1.615
HYOU1	-0.41
DYNLT3	-0.74
	-0.51
GMCL1	-2.37
	-0.45
	-1.37
	-0.01
EIF2B4	-0.415
	-1.99
AIDA	0.44
CENPK	2.71
CENPJ	0.16
CENPH	-0.5
	1.53
CENPF	2.26
CENPE	-0.29
	-0.04
HAGHL	-0.5
PUF60	-0.51
REV3L	-0.915
TERF2IP	-0.73
	-1.47
	-2.24
CENPU	1.285
PAFAH1B3	0.5
SLC41A3	-0.895
	3.17
	1.08
	2.48
MRPL41	2.615
MRPL47	2.39
	-0.26
PLEKHA3	-0.51
NETO2	3.02
	-0.305
MAGT1	-1.46
	1.62
	-2.01
SEC62	-0.695
SEC63	0.15
	0.94
	-0.585
ARFGAP3	-1.655
	1.54
LAMB1	0.22
ANXA5	-1.82
DHX36	0.975
	-1.28
MPHOSPH8	0.95
DDX59	0.36
RUVBL1	1.93
	0.525
CABIN1	-0.72
RUVBL2	-2.9
DDX52	-0.5
DENR	-1.43
DDX50	0.44
DDX56	-2.23
DDX54	0.93
MPHOSPH6	1.635
VN1R2	-1.33
SF3A1	-0.53
CDC42BPB	0.77
	-0.96
	-2.625
TNKS2	0.86
	-3.69
TXNRD1	0.98
BUB1	0.285
RNPS1	-1.175
BUB3	1.45
RPP21	1.54
	-1.905
UBE2E1	2.0
	-3.63
UBE2E3	1.86
DYNC2H1	-1.28
	0.36
	-0.525
SUPT6H	-0.51
MTHFD1	0.77
	-1.25
DOPEY1	0.98
NSD1	0.755
	-0.41
	-0.36
ZNF507	1.83
SASS6	1.39
NUDCD2	1.85
	0.36
ADSS	-0.53
CCDC47	-0.54
	0.27
	-0.51
TCERG1	0.115
	-1.37
GPBP1	-1.505
	1.42
SDCCAG8	-1.37
	-2.2
GMNN	-0.735
MPLKIP	2.145
	1.31
	-1.35
TIMMDC1	0.46
INTS10	-2.01
HMGN1	-0.5
GAS2L3	-1.28
	-3.07
	-1.42
FBXO22	1.11
	1.71
SMAP2	2.04
	0.72
NAE1	0.36
RANBP6	-1.89
RANBP1	-0.49
	0.71
	0.36
	0.16
	-0.51
	1.86
	0.49
	-1.71
	0.405
	1.08
	-0.34
CSPP1	1.14
	1.655
TRAM1	1.85
	-0.62
MYO9A	-0.17
	0.77
ZBTB8OS	-1.635
	-0.5
	-0.28
	0.45
POLA1	-0.05
SMN1	-0.28
PHF10	0.105
	0.185
	-0.31
	-0.52
	-0.85
KIAA0232	0.98
CLIC4	-0.51
EBPL	0.98
EZH2	1.35
CCNB1IP1	2.45
GTF2A2	-3.47
	-1.33
C1D	-1.89
IQGAP1	-1.25
IQGAP2	1.55
IQGAP3	-1.46
YWHAZ	-0.26
NOP58	1.815
C6orf106	1.1
YWHAQ	0.77
NOP56	-0.515
RB1	0.95
TET1	-2.82
YWHAH	-0.51
	-1.28
AURKA	-0.53
	3.94
YWHAB	-0.045
	-0.485
YWHAE	-0.44
TNNT1	-0.7
	-0.245
	1.425
RP9	0.56
	-0.51
BMS1	1.14
DYNC1H1	1.68
PXMP2	1.325
	-0.34
	0.94
	0.165
TMEM147	1.68
CCNB1	-1.045
	0.165
	-0.5
FEZ2	-0.41
	0.96
ROCK2	1.62
	1.46
NKTR	-1.66
	-1.67
	-1.665
IMMT	-0.09
	-1.28
BPTF	-0.84
	-0.05
NDUFB9	-2.37
RAB4A	2.48
NDUFB7	0.345
NDUFB4	-1.975
NDUFB1	-0.34
	-1.37
	0.645
CAPRIN2	0.79
	1.94
	-0.205
CCNT1	-0.41
	0.16
	-0.25
KIF2A	-0.7
	-0.57
KIF2C	0.27
	1.08
C12orf57	1.135
SUGT1	-1.89
	1.94
	0.98
CLINT1	0.865
	-0.5
BRCA1	0.51
BRCA2	0.395
VRK1	-1.855
DMAP1	-1.94
VRK3	-0.51
WNK1	0.88
	1.67
	0.46
	0.77
USP33	2.1
USP34	0.44
USP36	1.31
RBBP8	0.705
	0.11
UXS1	-0.51
LIMA1	-1.03
KIF27	0.31
	0.49
RBBP7	0.03
RBBP6	0.355
TCF7L2	-0.53
KIF22	1.15
	-0.345
	-1.11
	0.845
PNPO	1.62
	-0.945
NUCKS1	0.175
	1.42
RNF216	0.84
	1.57
	1.305
RNF213	-0.7
	-2.165
MED29	-0.5
	-3.54
FAM208A	-0.5
FAM208B	0.37
RTKN2	-0.41
MED23	-0.17
DOCK1	1.85
	-1.37
	0.235
SAAL1	-1.45
XRCC1	0.39
	0.325
SEPT7	0.695
	-1.99
XRCC5	1.05
	-0.95
	-0.41
	-0.825
HSPH1	1.12
	-0.8
	0.575
TNRC18	-0.51
JUN	-0.285
TCP1	0.71
NARS	-0.15
CLDND2	0.34
RBM34	0.76
YARS	0.41
	-0.5
	-0.815
	1.71
JMJD1C	0.795
RBM39	-0.305
FAM98C	0.46
FAM98B	3.78
GSPT1	1.2
	-1.01
EHBP1	-3.85
PARP1	1.915
PARP2	-2.67
	1.46
BCCIP	1.585
RSL1D1	-0.78
REV1	0.385
	1.94
LAMC1	1.38
FAM32A	0.83
	-0.315
	0.03
	1.15
RWDD4	0.975
CAAP1	0.46
MRPS28	0.46
RWDD1	-0.845
CD276	-1.89
MRPS22	0.12
	0.84
ZNF148	-1.71
	0.515
PPP2R5E	-1.28
	0.18
NVL	-0.84
PHF3	-1.125
	-0.95
	0.36
	-0.93
YY1	0.95
	-0.36
	-0.85
RPP30	1.62
NAMPT	1.08
	0.07
FBXO5	0.79
FBXO9	0.055
	0.315
	1.08
	0.34
OPTN	-0.355
	-0.555
ZHX1	1.65
	-0.475
	1.245
PRDX6	2.46
UGGT2	-1.73
	2.94
LIG1	-1.28
RPS26	-1.025
	-0.255
RPS24	0.605
RPS25	-0.8
RPS23	-0.75
RPS20	0.19
RPS21	0.18
	-0.74
	-1.02
	2.64
CCDC34	-2.39
APPL1	0.16
CEP57L1	-0.05
	-0.135
ALDH7A1	0.88
UCHL5	0.265
ATRX	0.285
NT5DC2	-1.545
	-0.05
	0.4
	0.36
CEP55	-0.51
	1.305
	0.03
	0.165
PPIG	1.37
	-0.39
CYFIP1	-0.98
CYFIP2	0.31
	-2.045
DIP2A	-0.575
	-0.76
AIMP1	1.225
SVIP	1.65
	-0.41
PRELID1	0.86
	0.46
	-0.48
SMARCA1	1.93
TRIM24	0.155
	-3.19
THUMPD1	-0.51
DNA2	0.98
CHORDC1	-0.41
WASF2	0.44
	0.36
SMARCA5	0.525
ZCCHC9	1.71
	1.225
HNRNPA2B1	0.19
	-0.5
	-1.82
	-1.24
RENBP	-0.5
DCP2	-0.31
ZNHIT1	1.405
	0.61
	1.64
	-1.37
GTPBP4	-0.37
PPP6R3	-0.51
	-1.47
TP53BP2	2.04
ENPP1	-0.41
GTPBP8	0.34
SLIRP	-1.195
UPP1	0.44
	-0.91
	2.18
SNRNP48	0.72
EPM2AIP1	3.02
	-0.41
PIBF1	0.84
HECTD4	0.18
DARS	-0.085
	0.75
PLK4	-0.76
GLRX3	1.725
GLG1	0.66
PIH1D1	1.85
	0.585
	-0.28
	0.42
	0.66
TRMT11	-0.7
NOSIP	-0.13
TRMT13	1.47
	-0.995
	1.08
ZP3	-0.44
CDYL	-1.37
CAPN2	-0.21
	-1.33
	0.315
	1.46
SEPT11	-0.74
	-0.41
	0.36
NUF2	-0.41
PRRC2C	-0.92
COG2	-1.99
COG1	-1.99
	1.62
SDCCAG3	-0.51
SNAPC1	-0.9
KLHL5	0.98
IGHMBP2	-0.1
RAE1	-0.76
	-1.28
C12orf45	-1.81
	1.07
	-0.41
	0.34
	-1.22
UBC	0.1
	0.98
	2.53
	-0.85
ELP2	0.275
	-0.11
	-3.89
	0.71
	-0.12
METAP1	-0.41
METAP2	0.265
AKR1A1	-2.33
	-0.41
ST13	-0.23
SPRYD7	1.62
	1.96
	-1.35
KBTBD4	-0.51
ASXL1	-2.5
	-0.41
TCTN1	0.16
HDDC2	0.36
	0.32
	-0.07
PCBP2	-0.57
	-1.31
SRP14	-0.425
C1orf131	0.7
SRP19	0.455
SMC1A	1.11
	-1.1
SIRT1	-0.51
	0.085
	-0.17
SIRT5	1.62
	-1.64
TAB2	-1.46
	-2.455
TMEM97	1.61
NCAPD3	-0.76
PAK1IP1	-0.14
	-0.76
PEX1	-0.74
	-0.67
	-0.22
RBM26	1.65
RBM27	1.85
	-0.275
	0.515
RBM22	-0.14
ASPM	-0.4
	0.405
	0.18
	0.845
RBM28	0.035
FNBP1	-0.53
ACD	0.29
ATP5S	1.08
ASPH	-0.725
TNIK	-1.18
	-0.115
	-0.125
MUTYH	0.245
ECHDC1	-0.51
HNRNPH1	0.675
HNRNPH3	0.045
ME2	0.055
	1.62
	-0.51
MPZL1	1.94
AURKAIP1	1.83
MRPS34	0.165
MRPS31	-0.485
TBC1D5	0.31
IKBIP	1.62
	-2.01
	2.64
MLLT3	-1.18
	-0.74
TRMT1	-0.535
	-0.51
RBM17	0.615
	-0.445
	-1.665
PFDN1	0.235
PFDN2	0.285
POMP	-1.46
PFDN4	0.025
SLC20A1	-0.41
SYNE2	0.4
GOPC	0.13
HNRNPUL1	-1.47
C18orf54	-1.18
DEGS1	0.07
	-0.76
ZCRB1	-0.165
	-0.74
CNTLN	0.16
	-1.37
SETX	0.32
PAIP1	-0.045
MET	-0.76
	1.49
EMP3	-0.125
	0.315
RPS13	-0.91
RPS12	-0.29
RPS11	0.31
RPS10	-0.49
RPS17	0.145
RPS15	-0.285
RPS14	0.68
ARL3	-1.305
RPS18	0.625
CCDC25	1.55
FIBP	2.085
RIPK2	1.55
	-1.7
	-0.25
	0.405
PUSL1	1.66
	-0.04
	-0.07
TSR1	0.84
	-0.285
TMEM183A	0.18
	-0.76
	0.18
	0.36
TRMT10C	-2.37
	0.46
FAM161A	1.51
PABPN1	-0.96
IGFLR1	0.01
TFAM	-0.655
	2.19
	2.18
TRAM1L1	-0.41
	0.475
MAP7D3	-1.91
TARS	2.81
MAP7D1	0.46
TMX3	-0.575
GPATCH2	-0.17
RASA1	-0.05
	0.36
ACTN1	1.46
	-1.25
	-0.05
PRPF38B	0.11
EZR	1.65
PTPRG	0.84
	-0.31
PTPRA	-0.515
	-0.41
STK11	-0.07
GPAT2	-0.225
IFNAR2	0.57
	1.55
SRSF11	1.42
RARS2	-1.765
	-1.26
FKBP3	0.615
DYNLL1	-0.51
	-1.89
	1.08
	-0.51
GAPVD1	-1.37
	0.31
	-0.51
	-1.775
	-1.24
OFD1	-0.785
HBS1L	0.095
CLGN	0.66
	0.995
	0.85
WDR3	-0.74
DIAPH1	2.425
DIAPH3	-0.125
WRN	0.65
	1.38
IWS1	0.46
UBXN4	1.11
	0.27
SMARCD1	0.935
	-0.89
UBXN6	1.075
	0.84
	-2.23
FKBPL	0.46
	-0.475
	-0.5
CEP290	-0.825
	0.46
SCNM1	-0.04
	0.84
	0.77
OS9	-2.23
	0.025
	0.84
	0.45
CLPSL2	1.67
	2.48
RPS27A	-0.81
TM9SF4	-1.46
	1.51
	0.81
	1.15
	0.36
	-1.33
UROD	0.18
	-3.83
	1.575
	-0.51
CCT8	0.7
	-0.01
RWDD2B	-0.85
CCT2	0.385
CCT3	0.55
	1.65
CCT4	0.14
CCT5	0.64
	-0.01
TIMM13	-1.135
	0.55
	1.14
HMMR	2.18
	-1.415
TICRR	-0.17
HEATR5A	-0.41
	-0.895
GDI2	1.605
	-1.28
	-1.345
GGCT	-0.76
TUBGCP2	0.71
	0.05
PLXNC1	1.62
	1.08
	-0.76
ZDHHC4	1.6
	-0.18
SPDL1	-0.07
GFM2	0.46
ZC3H4	3.41
PRDM4	-1.99
WDR34	-0.385
WDR36	0.18
PRDM2	1.62
MYBBP1A	-0.49
FLNB	1.65
	-0.855
KRT18	-0.28
RPL24	-0.57
	1.85
	1.08
GIGYF2	0.385
	-0.89
SMS	0.615
	-1.155
SLC4A7	0.85
TAF10	-0.09
HGSNAT	0.77
TAF15	2.56
	0.23
FH	0.595
POLK	1.1
CDC6	1.14
CDC7	0.36
NDUFV3	-0.765
NDUFV2	1.035
NDUFV1	-2.49
	-0.51
CRYZL1	0.84
TFPT	-2.17
SERF2	0.68
KNTC1	1.07
	1.62
RAD51AP1	-0.5
	-1.825
RBM10	-0.695
SAP30BP	1.62
TM9SF3	-0.14
TM9SF2	-0.535
MVP	-0.21
	0.125
DLGAP5	-0.74
NMT2	-0.51
EIF4ENIF1	0.98
	0.75
	0.905
	-0.835
CWF19L2	-0.51
TAF1B	-0.51
	-0.14
TAF1D	0.855
	1.83
	-2.46
KRTCAP2	-1.525
ABCA5	-2.47
CUL2	0.36
MARS	-0.13
	1.08
	-0.74
TUBGCP3	-1.37
TUBGCP5	-0.195
TUBGCP6	-1.705
	0.23
PSMD8	0.345
	-0.89
PSMD7	0.255
FLAD1	-1.18
PSMD1	-0.18
PSMD2	1.825
KIAA2026	0.31
PRC1	0.83
	-0.02
CPSF3	2.01
	-0.36
CPSF1	2.04
PPFIA1	0.94
	1.65
ACAA2	-1.0
CNOT2	1.46
ZNF644	-0.055
DYNLRB1	1.08
CNOT6	-1.28
ITGB1	2.01
NUP155	-1.275
TTLL3	0.135
MIS18BP1	0.33
KPNB1	1.4
	-1.8
	0.71
YARS2	-0.41
	-0.095
LCP1	0.16
	-1.18
POT1	-1.46
	-2.14
	-0.16
	1.07
DDX11	-0.51
MYO6	-1.08
IER3	0.16
MBD4	0.96
CMTM8	-0.17
RABGGTA	0.58
SUPV3L1	-0.46
EAPP	2.1
	1.155
CCDC43	1.81
MPC1	-0.51
GNPDA1	0.84
PKP4	1.65
	-0.41
REXO4	1.27
NASP	0.195
NUDT22	-1.63
SLC25A13	-0.065
LBR	0.88
VAX1	0.46
NFE2L2	0.77
RAD23A	-2.5
TIAL1	-0.125
FAM173A	1.34
CCDC14	0.46
	-0.425
	0.49
NDUFA13	0.74
CCDC18	-0.85
	-0.51
IFT57	-0.565
	0.105
ACIN1	-0.11
RBM42	0.23
CEP192	0.46
	-0.74
	1.62
PSMC1	-0.83
	0.15
	0.075
	0.935
CNOT1	-2.76
CEP350	0.96
PLD1	-0.51
	0.49
SYNCRIP	-0.845
CCDC136	-0.515
TSEN15	0.36
	1.26
	-0.605
PTPN13	-0.115
DBF4	-0.7
YEATS4	-0.05
	1.37
OSBP	0.8
KIF5B	-0.19
	1.14
NOA1	0.84
ALG8	0.28
	-0.875
	-1.89
SNX6	0.985
SNX5	1.935
RNF181	-1.33
RPL27A	-0.41
SNX8	-1.37
PQBP1	-1.405
PIGP	-0.985
SMARCE1	1.445
	0.63
LTBP1	0.015
	3.02
TIMELESS	0.525
NKAP	-1.32
SREK1	-0.59
RAB11A	0.965
	0.415
	0.96
C11orf58	-0.11
GCC2	-0.945
	-2.37
MGEA5	0.27
	-1.33
PRR22	-1.99
	0.46
	0.405
	1.88
MDC1	-0.51
	0.14
FRA10AC1	-0.49
	-0.87
MLLT10	1.65
	1.365
	-2.57
	0.36
ZWILCH	-0.365
GALNT1	1.35
	-0.21
EIF4B	0.22
IRF3	1.44
	-1.13
RNASEH2A	2.175
	1.14
RNASEH2B	-2.005
GBF1	-0.51
	1.345
	-1.93
	0.3
HDAC1	-0.41
HDAC2	-1.455
ZFHX4	1.51
	0.27
RFC1	-0.255
AHI1	0.28
RFC3	1.795
KIF14	-1.28
KIF15	0.155
FABP5	-1.28
FANCD2	2.125
GNL3	0.535
CBX5	1.62
	-1.47
CBX3	1.395
	-0.34
FASTKD2	-0.41
FASTKD1	0.45
SPDYA	0.75
	-2.89
	-0.635
C1QBP	1.12
POLD3	0.49
	0.29
	-1.14
	-0.26
	0.46
	1.675
SRP72	0.055
LYST	0.84
ENAH	0.545
	0.16
ACVR2B	-0.125
KLHL15	0.77
CSTB	0.79
CKS2	-0.14
	-1.22
KAT2B	1.65
	-0.085
	0.4
DNAJC21	0.835
UNG	1.65
DUT	-1.525
PDCD5	0.23
KIF1A	-2.065
	-2.895
HNRNPD	0.35
PROCA1	0.36
PRCC	0.84
RPL10A	-0.3
	0.52
RAD50	2.83
RPL10L	0.04
USP8	-0.21
USP1	1.03
ERCC2	0.48
	0.18
LCAT	0.54
ERCC5	1.62
	-1.03
MRPS15	-0.8
	0.49
	0.23
	0.335
SOX4	1.55
RNF31	-0.31
	-1.705
	-1.89
	0.175
	-0.025
	0.08
	0.125
	-0.805
	-0.675
	-0.65
PFKP	-2.01
	-0.51
KDM4A	0.46
MED13	3.91
ABCB7	2.31
SUZ12	1.385
ABCB4	-0.51
CEBPZ	-2.065
XRCC6	1.585
	-0.41
PPM1G	1.57
	-1.37
ARL6IP4	1.51
ZC3H7A	-0.5
TPP2	1.37
PSME2	-2.165
IARS2	0.805
	-4.455
RDX	0.22
	0.94
SLK	0.83
EEF1B2	-0.27
USP48	-2.37
	4.55
SRSF3	0.5
TOPBP1	-0.01
MEAF6	1.87
	0.84
SSR2	-0.855
ATF5	-2.84
SSR4	-0.29
	0.49
	0.49
	-0.51
CNTRL	-0.74
	-1.37
	1.005
ARFGEF1	-3.1
	0.915
ARFGEF2	-0.51
	0.36
PRPF4B	0.97
IST1	0.965
N4BP2L2	0.77
RAPGEF1	-0.41
	-1.06
SLC30A5	-0.44
	-0.14
	-1.28
PA2G4	-0.07
SNRNP200	3.22
	-2.47
	0.98
POC1B	0.36
	-1.37
	0.545
PARK7	-0.565
	-0.41
MPP6	0.31
EML4	-0.05
ZDHHC17	-0.74
COX20	0.16
MAGI3	-1.46
	1.325
TAGLN2	0.84
DMTF1	0.98
HUWE1	1.595
	-1.235
GPI	-3.78
PRRC2B	-0.21
EXTL2	-0.5
	0.695
	1.46
SLC25A27	0.36
NUPL2	-0.3
DICER1	0.43
MDM4	0.46
MAN1A2	0.545
GMPS	-1.72
ATIC	1.975
	-1.25
SNRPD2	-1.87
SLTM	0.39
	-1.385
KPNA4	2.04
KPNA3	-0.5
KPNA2	-1.85
RABEPK	0.34
NCAPH	-0.85
COPB1	-0.01
	1.46
MTF2	-1.28
ISG20L2	0.84
PLCB1	-0.41
	1.46
	0.435
	-0.23
	0.44
	-1.68
NOP14	0.475
	0.69
NOP16	-0.105
EIF5B	-2.475
EIF5A	0.36
	-0.475
	-1.055
	0.71
	-0.41
	1.09
	0.735
SURF2	-2.17
ZFAND2B	-2.37
SURF6	2.23
EIF3H	-1.01
ROMO1	1.23
METRN	-1.31
	0.04
TRRAP	0.27
	-0.375
FAN1	1.65
	1.38
HERC4	-0.5
	0.46
	1.14
ARV1	0.975
	0.035
	-1.645
	1.08
ASPSCR1	1.065
	-0.785
RPAP2	1.22
RPAP3	0.95
	0.36
APOPT1	-2.14
	-3.19
POLE3	-1.78
KNOP1	-1.95
EIF3A	3.445
PHF5A	0.22
TFDP2	-1.14
GGNBP2	0.82
	2.45
	0.46
MRPL1	0.36
C12orf10	-1.275
HP1BP3	-1.18
KIAA0100	-0.67
BCAS3	-0.05
	-1.015
CEP164	-0.31
NUSAP1	0.595
SNX10	0.95
	2.02
	0.905
ERCC3	0.18
	0.635
	-0.49
RPL13A	-0.17
	0.46
	-1.18
	-1.595
MARK3	-1.3
DPM3	0.72
BCL7A	0.625
MARCKSL1	1.62
NUP54	-1.37
CD63	0.515
ZBED5	0.07
SPCS2	-0.965
SLC12A2	-1.37
NUCB2	0.965
EBNA1BP2	3.01
TYW3	-0.905
LRP3	-0.335
	2.035
	-0.07
GALNT11	-0.51
	0.895
	2.48
CHURC1	-0.265
BOD1L1	0.44
	-4.055
TMTC4	-1.28
	-3.46
	-0.925
WDR19	-0.53
	-1.82
LMF1	-0.29
MAP4K5	2.18
	1.08
FAM204A	-1.15
CYCS	0.015
USP9X	0.525
	0.49
MAP4	-0.45
ZMYND11	-0.51
NOC4L	-0.705
MAP9	0.705
MCUR1	-2.095
	0.1
UTRN	-0.05
NEFL	1.46
SON	-0.25
NIPBL	0.695
	0.3
ASNSD1	-0.05
	-0.145
KMT2C	1.65
KMT2A	2.01
KMT2E	-1.5
PKN1	1.77
PKN2	0.645
	-0.895
HSPB9	-0.76
SUCLG1	0.94
RHOBTB3	-0.84
	1.14
	2.27
	-1.55
IMPA1	-1.37
CYC1	-1.04
ZNF711	1.0
PSAT1	0.62
MRPL33	-1.31
	1.415
	0.945
CKAP2	-0.33
ABCC5	-0.51
COL20A1	-0.51
TPR	-1.19
DNAH14	1.435
GSR	2.04
	0.29
LRPPRC	1.11
	-0.045
	-1.37
AFG3L2	0.49
TXLNG	1.27
SCO2	-0.135
GDAP1L1	1.67
	-0.74
APLP2	-0.41
	0.22
TROVE2	1.62
	-1.37
	0.71
ITSN1	1.08
RYR2	0.98
MMADHC	-0.25
CSNK1E	1.305
GOLGA4	0.45
MYCBP2	-2.36
BDP1	1.525
APEH	-0.51
PTBP2	-0.76
IREB2	0.36
ISCU	0.46
	0.77
HK1	1.65
	-0.74
ATP2B1	-1.95
	0.49
	-0.305
CSNK2A1	-0.305
FDPS	-1.185
	0.175
GPR160	-0.41
	0.33
MEGF11	2.04
CD2AP	1.96
PPIP5K2	-0.865
	-2.76
	1.175
	-1.82
XRN2	2.135
	1.15
PLCE1	-0.51
KDM5A	0.98
KDM5B	0.11
	0.285
PABPC1	0.7
	1.77
PABPC4	0.39
FNBP4	0.77
	-1.28
SLC25A36	1.05
CCDC15	-0.51
	0.135
VIM	0.905
VDAC1	0.54
	2.165
	-0.05
TRAP1	0.79
	1.62
	0.84
ZNF287	1.62
PDHB	-0.93
RPS8	0.975
ZFC3H1	-2.1
	0.66
ANLN	0.36
	-1.265
LNX1	1.65
STAG2	-1.58
IFT74	0.315
	-2.985
DSTN	-0.185
	0.94
	-0.77
	-0.065
	0.98
TAF7	0.55
TAF2	-0.44
E2F3	2.04
	0.83
	-1.01
TAF9	2.04
	0.77
	-1.89
	-1.615
	3.04
AGPS	-0.51
	1.85
	-0.41
	0.845
PREPL	-1.99
POMGNT1	0.12
CCNG1	0.93
	-3.8
GON4L	1.65
	3.065
	0.53
IDE	-0.85
	-0.11
	-0.14
SMIM1	1.09
DROSHA	-1.18
	-0.5
	-4.36
NPM1	-0.165
HNRNPR	1.56
HNRNPU	1.97
AP2M1	1.46
POLD1	1.225
POLD2	-0.165
	1.74
FUBP3	-0.41
TCF25	0.18
REEP3	-0.325
HNRNPC	1.03
REEP5	2.48
HNRNPF	1.62
PSMA7	-1.62
SPATS2	0.66
	-1.33
NUB1	-0.045
	-0.01
HDLBP	-3.69
ARL6IP1	-0.005
HMGA1	1.65
CHRNA5	1.105
ERP44	1.62
CHD2	0.52
	2.28
	0.31
SUDS3	0.025
STAU1	6.13
CEP152	1.22
	-0.235
VPS26A	0.005
	0.14
	-2.225
SMU1	1.51
	-0.41
HSP90AA1	0.945
PHF20L1	0.27
	-0.635
	-0.85
UTP3	-1.28
	-0.575
SSRP1	-1.955
VCAN	-1.395
	-0.82
MSN	0.77
	0.66
CACYBP	0.285
ELF2	1.86
SEC31A	-1.785
STAM	-1.37
HJURP	0.245
TAF6L	0.43
PRPS1	2.685
TATDN1	0.34
DAP	-0.125
	0.71
	0.575
LDHB	-1.835
TMEM123	-1.37
	-0.74
PLS3	-0.185
CLASP2	0.72
ODF2L	0.24
	-0.41
ORC6	1.08
PDIA6	-0.115
PDIA3	-0.555
ORC3	1.95
SNF8	0.51
MDK	1.14
MPHOSPH10	0.45
	-0.475
	0.295
	-0.41
	0.745
BBS7	1.51
CLIP1	2.46
ACTL6A	-1.99
DNM1L	0.77
SPATA7	-0.05
SPATA6	1.65
	1.62
